{
	"start":	{
		"connected":	[{
				"socket":	5,
				"local_host":	"172.20.171.186",
				"local_port":	43048,
				"remote_host":	"54.227.41.78",
				"remote_port":	5201
			}],
		"version":	"iperf 3.16",
		"system_info":	"Linux DESKTOP-OR35M89 6.18.33.1-microsoft-standard-WSL2 #1 SMP PREEMPT_DYNAMIC Fri Jun  5 01:12:21 UTC 2026 x86_64",
		"timestamp":	{
			"time":	"Thu, 25 Jun 2026 21:46:20 GMT",
			"timesecs":	1782423980
		},
		"connecting_to":	{
			"host":	"54.227.41.78",
			"port":	5201
		},
		"cookie":	"fv4feezjpyzfzzvcg7btnmwzrcofmvwqs723",
		"tcp_mss_default":	1448,
		"target_bitrate":	100000000,
		"fq_rate":	0,
		"sock_bufsize":	0,
		"sndbuf_actual":	16384,
		"rcvbuf_actual":	131072,
		"test_start":	{
			"protocol":	"TCP",
			"num_streams":	1,
			"blksize":	131072,
			"omit":	0,
			"duration":	30,
			"bytes":	0,
			"blocks":	0,
			"reverse":	0,
			"tos":	0,
			"target_bitrate":	100000000,
			"bidir":	0,
			"fqrate":	0
		}
	},
	"intervals":	[{
			"streams":	[{
					"socket":	5,
					"start":	0,
					"end":	1.000304,
					"seconds":	1.0003039836883545,
					"bytes":	1572864,
					"bits_per_second":	12579088.162384262,
					"retransmits":	7,
					"snd_cwnd":	98464,
					"snd_wnd":	1924864,
					"rtt":	104771,
					"rttvar":	4292,
					"pmtu":	1500,
					"omitted":	false,
					"sender":	true
				}],
			"sum":	{
				"start":	0,
				"end":	1.000304,
				"seconds":	1.0003039836883545,
				"bytes":	1572864,
				"bits_per_second":	12579088.162384262,
				"retransmits":	7,
				"omitted":	false,
				"sender":	true
			}
		}, {
			"streams":	[{
					"socket":	5,
					"start":	1.000304,
					"end":	2.000546,
					"seconds":	1.0002419948577881,
					"bytes":	1048576,
					"bits_per_second":	8386578.49113071,
					"retransmits":	4,
					"snd_cwnd":	79640,
					"snd_wnd":	4598656,
					"rtt":	105188,
					"rttvar":	808,
					"pmtu":	1500,
					"omitted":	false,
					"sender":	true
				}],
			"sum":	{
				"start":	1.000304,
				"end":	2.000546,
				"seconds":	1.0002419948577881,
				"bytes":	1048576,
				"bits_per_second":	8386578.49113071,
				"retransmits":	4,
				"omitted":	false,
				"sender":	true
			}
		}, {
			"streams":	[{
					"socket":	5,
					"start":	2.000546,
					"end":	3.000546,
					"seconds":	1,
					"bytes":	393216,
					"bits_per_second":	3145728,
					"retransmits":	0,
					"snd_cwnd":	85432,
					"snd_wnd":	4598656,
					"rtt":	99577,
					"rttvar":	361,
					"pmtu":	1500,
					"omitted":	false,
					"sender":	true
				}],
			"sum":	{
				"start":	2.000546,
				"end":	3.000546,
				"seconds":	1,
				"bytes":	393216,
				"bits_per_second":	3145728,
				"retransmits":	0,
				"omitted":	false,
				"sender":	true
			}
		}, {
			"streams":	[{
					"socket":	5,
					"start":	3.000546,
					"end":	4.000566,
					"seconds":	1.0000200271606445,
					"bytes":	917504,
					"bits_per_second":	7339885.0029439339,
					"retransmits":	0,
					"snd_cwnd":	89776,
					"snd_wnd":	4598656,
					"rtt":	98231,
					"rttvar":	1302,
					"pmtu":	1500,
					"omitted":	false,
					"sender":	true
				}],
			"sum":	{
				"start":	3.000546,
				"end":	4.000566,
				"seconds":	1.0000200271606445,
				"bytes":	917504,
				"bits_per_second":	7339885.0029439339,
				"retransmits":	0,
				"omitted":	false,
				"sender":	true
			}
		}, {
			"streams":	[{
					"socket":	5,
					"start":	4.000566,
					"end":	5.00056,
					"seconds":	0.99999397993087769,
					"bytes":	917504,
					"bits_per_second":	7340076.1877660137,
					"retransmits":	10,
					"snd_cwnd":	26064,
					"snd_wnd":	4590976,
					"rtt":	98779,
					"rttvar":	439,
					"pmtu":	1500,
					"omitted":	false,
					"sender":	true
				}],
			"sum":	{
				"start":	4.000566,
				"end":	5.00056,
				"seconds":	0.99999397993087769,
				"bytes":	917504,
				"bits_per_second":	7340076.1877660137,
				"retransmits":	10,
				"omitted":	false,
				"sender":	true
			}
		}, {
			"streams":	[{
					"socket":	5,
					"start":	5.00056,
					"end":	6.000552,
					"seconds":	0.9999920129776,
					"bytes":	0,
					"bits_per_second":	0,
					"retransmits":	1,
					"snd_cwnd":	21720,
					"snd_wnd":	4600064,
					"rtt":	100784,
					"rttvar":	2727,
					"pmtu":	1500,
					"omitted":	false,
					"sender":	true
				}],
			"sum":	{
				"start":	5.00056,
				"end":	6.000552,
				"seconds":	0.9999920129776,
				"bytes":	0,
				"bits_per_second":	0,
				"retransmits":	1,
				"omitted":	false,
				"sender":	true
			}
		}, {
			"streams":	[{
					"socket":	5,
					"start":	6.000552,
					"end":	7.000561,
					"seconds":	1.0000089406967163,
					"bytes":	393216,
					"bits_per_second":	3145699.8752514548,
					"retransmits":	0,
					"snd_cwnd":	28960,
					"snd_wnd":	4600064,
					"rtt":	102546,
					"rttvar":	4555,
					"pmtu":	1500,
					"omitted":	false,
					"sender":	true
				}],
			"sum":	{
				"start":	6.000552,
				"end":	7.000561,
				"seconds":	1.0000089406967163,
				"bytes":	393216,
				"bits_per_second":	3145699.8752514548,
				"retransmits":	0,
				"omitted":	false,
				"sender":	true
			}
		}, {
			"streams":	[{
					"socket":	5,
					"start":	7.000561,
					"end":	8.000551,
					"seconds":	0.99998998641967773,
					"bytes":	0,
					"bits_per_second":	0,
					"retransmits":	2,
					"snd_cwnd":	27512,
					"snd_wnd":	4600064,
					"rtt":	101251,
					"rttvar":	3904,
					"pmtu":	1500,
					"omitted":	false,
					"sender":	true
				}],
			"sum":	{
				"start":	7.000561,
				"end":	8.000551,
				"seconds":	0.99998998641967773,
				"bytes":	0,
				"bits_per_second":	0,
				"retransmits":	2,
				"omitted":	false,
				"sender":	true
			}
		}, {
			"streams":	[{
					"socket":	5,
					"start":	8.000551,
					"end":	9.000545,
					"seconds":	0.99999397993087769,
					"bytes":	393216,
					"bits_per_second":	3145746.9376140055,
					"retransmits":	2,
					"snd_cwnd":	26064,
					"snd_wnd":	4600064,
					"rtt":	102558,
					"rttvar":	5116,
					"pmtu":	1500,
					"omitted":	false,
					"sender":	true
				}],
			"sum":	{
				"start":	8.000551,
				"end":	9.000545,
				"seconds":	0.99999397993087769,
				"bytes":	393216,
				"bits_per_second":	3145746.9376140055,
				"retransmits":	2,
				"omitted":	false,
				"sender":	true
			}
		}, {
			"streams":	[{
					"socket":	5,
					"start":	9.000545,
					"end":	10.000527,
					"seconds":	0.99998199939727783,
					"bytes":	0,
					"bits_per_second":	0,
					"retransmits":	0,
					"snd_cwnd":	30408,
					"snd_wnd":	4598656,
					"rtt":	101370,
					"rttvar":	4018,
					"pmtu":	1500,
					"omitted":	false,
					"sender":	true
				}],
			"sum":	{
				"start":	9.000545,
				"end":	10.000527,
				"seconds":	0.99998199939727783,
				"bytes":	0,
				"bits_per_second":	0,
				"retransmits":	0,
				"omitted":	false,
				"sender":	true
			}
		}, {
			"streams":	[{
					"socket":	5,
					"start":	10.000527,
					"end":	11.000375,
					"seconds":	0.99984800815582275,
					"bytes":	524288,
					"bits_per_second":	4194941.59690953,
					"retransmits":	0,
					"snd_cwnd":	37648,
					"snd_wnd":	4600064,
					"rtt":	100023,
					"rttvar":	1706,
					"pmtu":	1500,
					"omitted":	false,
					"sender":	true
				}],
			"sum":	{
				"start":	10.000527,
				"end":	11.000375,
				"seconds":	0.99984800815582275,
				"bytes":	524288,
				"bits_per_second":	4194941.59690953,
				"retransmits":	0,
				"omitted":	false,
				"sender":	true
			}
		}, {
			"streams":	[{
					"socket":	5,
					"start":	11.000375,
					"end":	12.000104,
					"seconds":	0.9997289776802063,
					"bytes":	393216,
					"bits_per_second":	3146580.7936261068,
					"retransmits":	4,
					"snd_cwnd":	30408,
					"snd_wnd":	4600064,
					"rtt":	99814,
					"rttvar":	2300,
					"pmtu":	1500,
					"omitted":	false,
					"sender":	true
				}],
			"sum":	{
				"start":	11.000375,
				"end":	12.000104,
				"seconds":	0.9997289776802063,
				"bytes":	393216,
				"bits_per_second":	3146580.7936261068,
				"retransmits":	4,
				"omitted":	false,
				"sender":	true
			}
		}, {
			"streams":	[{
					"socket":	5,
					"start":	12.000104,
					"end":	13.00054,