{
	"start":	{
		"connected":	[{
				"socket":	5,
				"local_host":	"172.20.171.186",
				"local_port":	52902,
				"remote_host":	"54.227.41.78",
				"remote_port":	5201
			}],
		"version":	"iperf 3.16",
		"system_info":	"Linux DESKTOP-OR35M89 6.18.33.1-microsoft-standard-WSL2 #1 SMP PREEMPT_DYNAMIC Fri Jun  5 01:12:21 UTC 2026 x86_64",
		"timestamp":	{
			"time":	"Thu, 25 Jun 2026 22:57:16 GMT",
			"timesecs":	1782428236
		},
		"connecting_to":	{
			"host":	"54.227.41.78",
			"port":	5201
		},
		"cookie":	"b7qf6wnqnys36jpwty7kcizjtq3tspcg5q42",
		"tcp_mss_default":	1448,
		"target_bitrate":	100000000,
		"fq_rate":	0,
		"sock_bufsize":	0,
		"sndbuf_actual":	16384,
		"rcvbuf_actual":	131072,
		"test_start":	{
			"protocol":	"TCP",
			"num_streams":	1,
			"blksize":	131072,
			"omit":	0,
			"duration":	30,
			"bytes":	0,
			"blocks":	0,
			"reverse":	0,
			"tos":	0,
			"target_bitrate":	100000000,
			"bidir":	0,
			"fqrate":	0
		}
	},
	"intervals":	[{
			"streams":	[{
					"socket":	5,
					"start":	0,
					"end":	1.000382,
					"seconds":	1.0003819465637207,
					"bytes":	524288,
					"bits_per_second":	4192702.61164478,
					"retransmits":	11,
					"snd_cwnd":	13032,
					"snd_wnd":	318848,
					"rtt":	99145,
					"rttvar":	1413,
					"pmtu":	1500,
					"omitted":	false,
					"sender":	true
				}],
			"sum":	{
				"start":	0,
				"end":	1.000382,
				"seconds":	1.0003819465637207,
				"bytes":	524288,
				"bits_per_second":	4192702.61164478,
				"retransmits":	11,
				"omitted":	false,
				"sender":	true
			}
		}, {
			"streams":	[{
					"socket":	5,
					"start":	1.000382,
					"end":	2.000125,
					"seconds":	0.99974298477172852,
					"bytes":	131072,
					"bits_per_second":	1048845.5692834109,
					"retransmits":	5,
					"snd_cwnd":	10136,
					"snd_wnd":	339328,
					"rtt":	104130,
					"rttvar":	8879,
					"pmtu":	1500,
					"omitted":	false,
					"sender":	true
				}],
			"sum":	{
				"start":	1.000382,
				"end":	2.000125,
				"seconds":	0.99974298477172852,
				"bytes":	131072,
				"bits_per_second":	1048845.5692834109,
				"retransmits":	5,
				"omitted":	false,
				"sender":	true
			}
		}, {
			"streams":	[{
					"socket":	5,
					"start":	2.000125,
					"end":	3.000499,
					"seconds":	1.0003739595413208,
					"bytes":	131072,
					"bits_per_second":	1048184.0215840687,
					"retransmits":	0,
					"snd_cwnd":	15928,
					"snd_wnd":	339328,
					"rtt":	99613,
					"rttvar":	666,
					"pmtu":	1500,
					"omitted":	false,
					"sender":	true
				}],
			"sum":	{
				"start":	2.000125,
				"end":	3.000499,
				"seconds":	1.0003739595413208,
				"bytes":	131072,
				"bits_per_second":	1048184.0215840687,
				"retransmits":	0,
				"omitted":	false,
				"sender":	true
			}
		}, {
			"streams":	[{
					"socket":	5,
					"start":	3.000499,
					"end":	4.000581,
					"seconds":	1.0000820159912109,
					"bytes":	0,
					"bits_per_second":	0,
					"retransmits":	9,
					"snd_cwnd":	7240,
					"snd_wnd":	337792,
					"rtt":	98183,
					"rttvar":	554,
					"pmtu":	1500,
					"omitted":	false,
					"sender":	true
				}],
			"sum":	{
				"start":	3.000499,
				"end":	4.000581,
				"seconds":	1.0000820159912109,
				"bytes":	0,
				"bits_per_second":	0,
				"retransmits":	9,
				"omitted":	false,
				"sender":	true
			}
		}, {
			"streams":	[{
					"socket":	5,
					"start":	4.000581,
					"end":	5.000505,
					"seconds":	0.99992400407791138,
					"bytes":	131072,
					"bits_per_second":	1048655.6935563853,
					"retransmits":	3,
					"snd_cwnd":	5792,
					"snd_wnd":	339328,
					"rtt":	116526,
					"rttvar":	28609,
					"pmtu":	1500,
					"omitted":	false,
					"sender":	true
				}],
			"sum":	{
				"start":	4.000581,
				"end":	5.000505,
				"seconds":	0.99992400407791138,
				"bytes":	131072,
				"bits_per_second":	1048655.6935563853,
				"retransmits":	3,
				"omitted":	false,
				"sender":	true
			}
		}, {
			"streams":	[{
					"socket":	5,
					"start":	5.000505,
					"end":	6.000541,
					"seconds":	1.0000360012054443,
					"bytes":	0,
					"bits_per_second":	0,
					"retransmits":	2,
					"snd_cwnd":	7240,
					"snd_wnd":	328320,
					"rtt":	102323,
					"rttvar":	6980,
					"pmtu":	1500,
					"omitted":	false,
					"sender":	true
				}],
			"sum":	{
				"start":	5.000505,
				"end":	6.000541,
				"seconds":	1.0000360012054443,
				"bytes":	0,
				"bits_per_second":	0,
				"retransmits":	2,
				"omitted":	false,
				"sender":	true
			}
		}, {
			"streams":	[{
					"socket":	5,
					"start":	6.000541,
					"end":	7.000449,
					"seconds":	0.9999079704284668,
					"bytes":	131072,
					"bits_per_second":	1048672.5088816711,
					"retransmits":	2,
					"snd_cwnd":	8688,
					"snd_wnd":	339328,
					"rtt":	100488,
					"rttvar":	1564,
					"pmtu":	1500,
					"omitted":	false,
					"sender":	true
				}],
			"sum":	{
				"start":	6.000541,
				"end":	7.000449,
				"seconds":	0.9999079704284668,
				"bytes":	131072,
				"bits_per_second":	1048672.5088816711,
				"retransmits":	2,
				"omitted":	false,
				"sender":	true
			}
		}, {
			"streams":	[{
					"socket":	5,
					"start":	7.000449,
					"end":	8.000392,
					"seconds":	0.99994301795959473,
					"bytes":	131072,
					"bits_per_second":	1048635.7534048709,
					"retransmits":	3,
					"snd_cwnd":	8688,
					"snd_wnd":	339328,
					"rtt":	102099,
					"rttvar":	7996,
					"pmtu":	1500,
					"omitted":	false,
					"sender":	true
				}],
			"sum":	{
				"start":	7.000449,
				"end":	8.000392,
				"seconds":	0.99994301795959473,
				"bytes":	131072,
				"bits_per_second":	1048635.7534048709,
				"retransmits":	3,
				"omitted":	false,
				"sender":	true
			}
		}, {
			"streams":	[{
					"socket":	5,
					"start":	8.000392,
					"end":	9.000525,
					"seconds":	1.0001330375671387,
					"bytes":	0,
					"bits_per_second":	0,
					"retransmits":	0,
					"snd_cwnd":	14480,
					"snd_wnd":	339328,
					"rtt":	103349,
					"rttvar":	6622,
					"pmtu":	1500,
					"omitted":	false,
					"sender":	true
				}],
			"sum":	{
				"start":	8.000392,
				"end":	9.000525,
				"seconds":	1.0001330375671387,
				"bytes":	0,
				"bits_per_second":	0,
				"retransmits":	0,
				"omitted":	false,
				"sender":	true
			}
		}, {
			"streams":	[{
					"socket":	5,
					"start":	9.000525,
					"end":	10.000135,
					"seconds":	0.99961000680923462,
					"bytes":	131072,
					"bits_per_second":	1048985.0970450619,
					"retransmits":	1,
					"snd_cwnd":	14480,
					"snd_wnd":	339328,
					"rtt":	101477,
					"rttvar":	2663,
					"pmtu":	1500,
					"omitted":	false,
					"sender":	true
				}],
			"sum":	{
				"start":	9.000525,
				"end":	10.000135,
				"seconds":	0.99961000680923462,
				"bytes":	131072,
				"bits_per_second":	1048985.0970450619,
				"retransmits":	1,
				"omitted":	false,
				"sender":	true
			}
		}, {
			"streams":	[{
					"socket":	5,
					"start":	10.000135,
					"end":	11.000541,
					"seconds":	1.00040602684021,
					"bytes":	0,
					"bits_per_second":	0,
					"retransmits":	4,
					"snd_cwnd":	10136,
					"snd_wnd":	339328,
					"rtt":	101795,
					"rttvar":	4607,
					"pmtu":	1500,
					"omitted":	false,
					"sender":	true
				}],
			"sum":	{
				"start":	10.000135,
				"end":	11.000541,
				"seconds":	1.00040602684021,
				"bytes":	0,
				"bits_per_second":	0,
				"retransmits":	4,
				"omitted":	false,
				"sender":	true
			}
		}, {
			"streams":	[{
					"socket":	5,
					"start":	11.000541,
					"end":	12.000528,
					"seconds":	0.999987006187439,
					"bytes":	262144,
					"bits_per_second":	2097179.250354086,
					"retransmits":	4,
					"snd_cwnd":	5792,
					"snd_wnd":	337792,
					"rtt":	116110,
					"rttvar":	25412,
					"pmtu":	1500,
					"omitted":	false,
					"sender":	true
				}],
			"sum":	{
				"start":	11.000541,
				"end":	12.000528,
				"seconds":	0.999987006187439,
				"bytes":	262144,
				"bits_per_second":	2097179.250354086,
				"retransmits":	4,
				"omitted":	false,
				"sender":	true
			}
		}, {
			"streams":	[{
					"socket":	5,
					"start":	12.000528,
					"end":	13.000558,