{
	"start":	{
		"connected":	[{
				"socket":	5,
				"local_host":	"172.20.171.186",
				"local_port":	40748,
				"remote_host":	"54.227.41.78",
				"remote_port":	5201
			}],
		"version":	"iperf 3.16",
		"system_info":	"Linux DESKTOP-OR35M89 6.18.33.1-microsoft-standard-WSL2 #1 SMP PREEMPT_DYNAMIC Fri Jun  5 01:12:21 UTC 2026 x86_64",
		"timestamp":	{
			"time":	"Thu, 25 Jun 2026 21:59:25 GMT",
			"timesecs":	1782424765
		},
		"connecting_to":	{
			"host":	"54.227.41.78",
			"port":	5201
		},
		"cookie":	"zabqeqn3lmnnpte6yqvrshrmmh74fz5lre4s",
		"tcp_mss_default":	1448,
		"target_bitrate":	100000000,
		"fq_rate":	0,
		"sock_bufsize":	0,
		"sndbuf_actual":	16384,
		"rcvbuf_actual":	131072,
		"test_start":	{
			"protocol":	"TCP",
			"num_streams":	1,
			"blksize":	131072,
			"omit":	0,
			"duration":	30,
			"bytes":	0,
			"blocks":	0,
			"reverse":	0,
			"tos":	0,
			"target_bitrate":	100000000,
			"bidir":	0,
			"fqrate":	0
		}
	},
	"intervals":	[{
			"streams":	[{
					"socket":	5,
					"start":	0,
					"end":	1.000503,
					"seconds":	1.0005029439926147,
					"bytes":	2490368,
					"bits_per_second":	19912928.912028331,
					"retransmits":	6,
					"snd_cwnd":	153488,
					"snd_wnd":	4289536,
					"rtt":	91831,
					"rttvar":	1073,
					"pmtu":	1500,
					"omitted":	false,
					"sender":	true
				}],
			"sum":	{
				"start":	0,
				"end":	1.000503,
				"seconds":	1.0005029439926147,
				"bytes":	2490368,
				"bits_per_second":	19912928.912028331,
				"retransmits":	6,
				"omitted":	false,
				"sender":	true
			}
		}, {
			"streams":	[{
					"socket":	5,
					"start":	1.000503,
					"end":	2.000121,
					"seconds":	0.99961799383163452,
					"bytes":	1441792,
					"bits_per_second":	11538743.871334039,
					"retransmits":	8,
					"snd_cwnd":	57920,
					"snd_wnd":	4291072,
					"rtt":	89050,
					"rttvar":	881,
					"pmtu":	1500,
					"omitted":	false,
					"sender":	true
				}],
			"sum":	{
				"start":	1.000503,
				"end":	2.000121,
				"seconds":	0.99961799383163452,
				"bytes":	1441792,
				"bits_per_second":	11538743.871334039,
				"retransmits":	8,
				"omitted":	false,
				"sender":	true
			}
		}, {
			"streams":	[{
					"socket":	5,
					"start":	2.000121,
					"end":	3.000213,
					"seconds":	1.0000920295715332,
					"bytes":	524288,
					"bits_per_second":	4193918.0355201457,
					"retransmits":	2,
					"snd_cwnd":	46336,
					"snd_wnd":	4289536,
					"rtt":	90651,
					"rttvar":	3759,
					"pmtu":	1500,
					"omitted":	false,
					"sender":	true
				}],
			"sum":	{
				"start":	2.000121,
				"end":	3.000213,
				"seconds":	1.0000920295715332,
				"bytes":	524288,
				"bits_per_second":	4193918.0355201457,
				"retransmits":	2,
				"omitted":	false,
				"sender":	true
			}
		}, {
			"streams":	[{
					"socket":	5,
					"start":	3.000213,
					"end":	4.000542,
					"seconds":	1.00032901763916,
					"bytes":	655360,
					"bits_per_second":	5241155.5673687533,
					"retransmits":	2,
					"snd_cwnd":	31856,
					"snd_wnd":	4289536,
					"rtt":	89303,
					"rttvar":	486,
					"pmtu":	1500,
					"omitted":	false,
					"sender":	true
				}],
			"sum":	{
				"start":	3.000213,
				"end":	4.000542,
				"seconds":	1.00032901763916,
				"bytes":	655360,
				"bits_per_second":	5241155.5673687533,
				"retransmits":	2,
				"omitted":	false,
				"sender":	true
			}
		}, {
			"streams":	[{
					"socket":	5,
					"start":	4.000542,
					"end":	5.000659,
					"seconds":	1.0001169443130493,
					"bytes":	0,
					"bits_per_second":	0,
					"retransmits":	1,
					"snd_cwnd":	24616,
					"snd_wnd":	4289536,
					"rtt":	89669,
					"rttvar":	956,
					"pmtu":	1500,
					"omitted":	false,
					"sender":	true
				}],
			"sum":	{
				"start":	4.000542,
				"end":	5.000659,
				"seconds":	1.0001169443130493,
				"bytes":	0,
				"bits_per_second":	0,
				"retransmits":	1,
				"omitted":	false,
				"sender":	true
			}
		}, {
			"streams":	[{
					"socket":	5,
					"start":	5.000659,
					"end":	6.00058,
					"seconds":	0.99992102384567261,
					"bytes":	0,
					"bits_per_second":	0,
					"retransmits":	2,
					"snd_cwnd":	23168,
					"snd_wnd":	4291072,
					"rtt":	89027,
					"rttvar":	339,
					"pmtu":	1500,
					"omitted":	false,
					"sender":	true
				}],
			"sum":	{
				"start":	5.000659,
				"end":	6.00058,
				"seconds":	0.99992102384567261,
				"bytes":	0,
				"bits_per_second":	0,
				"retransmits":	2,
				"omitted":	false,
				"sender":	true
			}
		}, {
			"streams":	[{
					"socket":	5,
					"start":	6.00058,
					"end":	7.000471,
					"seconds":	0.99989098310470581,
					"bytes":	655360,
					"bits_per_second":	5243451.6248167632,
					"retransmits":	2,
					"snd_cwnd":	20272,
					"snd_wnd":	4291072,
					"rtt":	90752,
					"rttvar":	3266,
					"pmtu":	1500,
					"omitted":	false,
					"sender":	true
				}],
			"sum":	{
				"start":	6.00058,
				"end":	7.000471,
				"seconds":	0.99989098310470581,
				"bytes":	655360,
				"bits_per_second":	5243451.6248167632,
				"retransmits":	2,
				"omitted":	false,
				"sender":	true
			}
		}, {
			"streams":	[{
					"socket":	5,
					"start":	7.000471,
					"end":	8.000502,
					"seconds":	1.0000309944152832,
					"bytes":	0,
					"bits_per_second":	0,
					"retransmits":	0,
					"snd_cwnd":	26064,
					"snd_wnd":	4291072,
					"rtt":	89797,
					"rttvar":	1490,
					"pmtu":	1500,
					"omitted":	false,
					"sender":	true
				}],
			"sum":	{
				"start":	7.000471,
				"end":	8.000502,
				"seconds":	1.0000309944152832,
				"bytes":	0,
				"bits_per_second":	0,
				"retransmits":	0,
				"omitted":	false,
				"sender":	true
			}
		}, {
			"streams":	[{
					"socket":	5,
					"start":	8.000502,
					"end":	9.00062,
					"seconds":	1.0001180171966553,
					"bytes":	655360,
					"bits_per_second":	5242261.3230145238,
					"retransmits":	4,
					"snd_cwnd":	17376,
					"snd_wnd":	4291072,
					"rtt":	89143,
					"rttvar":	716,
					"pmtu":	1500,
					"omitted":	false,
					"sender":	true
				}],
			"sum":	{
				"start":	8.000502,
				"end":	9.00062,
				"seconds":	1.0001180171966553,
				"bytes":	655360,
				"bits_per_second":	5242261.3230145238,
				"retransmits":	4,
				"omitted":	false,
				"sender":	true
			}
		}, {
			"streams":	[{
					"socket":	5,
					"start":	9.00062,
					"end":	10.000617,
					"seconds":	0.99999701976776123,
					"bytes":	0,
					"bits_per_second":	0,
					"retransmits":	0,
					"snd_cwnd":	24616,
					"snd_wnd":	4291072,
					"rtt":	93667,
					"rttvar":	7368,
					"pmtu":	1500,
					"omitted":	false,
					"sender":	true
				}],
			"sum":	{
				"start":	9.00062,
				"end":	10.000617,
				"seconds":	0.99999701976776123,
				"bytes":	0,
				"bits_per_second":	0,
				"retransmits":	0,
				"omitted":	false,
				"sender":	true
			}
		}, {
			"streams":	[{
					"socket":	5,
					"start":	10.000617,
					"end":	11.000223,
					"seconds":	0.99960601329803467,
					"bytes":	0,
					"bits_per_second":	0,
					"retransmits":	4,
					"snd_cwnd":	14480,
					"snd_wnd":	4291072,
					"rtt":	92199,
					"rttvar":	5776,
					"pmtu":	1500,
					"omitted":	false,
					"sender":	true
				}],
			"sum":	{
				"start":	10.000617,
				"end":	11.000223,
				"seconds":	0.99960601329803467,
				"bytes":	0,
				"bits_per_second":	0,
				"retransmits":	4,
				"omitted":	false,
				"sender":	true
			}
		}, {
			"streams":	[{
					"socket":	5,
					"start":	11.000223,
					"end":	12.000507,
					"seconds":	1.00028395652771,
					"bytes":	524288,
					"bits_per_second":	4193113.33809622,
					"retransmits":	3,
					"snd_cwnd":	15928,
					"snd_wnd":	4291072,
					"rtt":	94090,
					"rttvar":	9478,
					"pmtu":	1500,
					"omitted":	false,
					"sender":	true
				}],
			"sum":	{
				"start":	11.000223,
				"end":	12.000507,
				"seconds":	1.00028395652771,
				"bytes":	524288,
				"bits_per_second":	4193113.33809622,
				"retransmits":	3,
				"omitted":	false,
				"sender":	true
			}
		}, {
			"streams":	[{
					"socket":	5,
					"start":	12.000507,
					"end":	13.000529,
					"seconds":	1.0000220537185669,