{
	"start":	{
		"connected":	[{
				"socket":	5,
				"local_host":	"172.20.171.186",
				"local_port":	40202,
				"remote_host":	"54.227.41.78",
				"remote_port":	5201
			}],
		"version":	"iperf 3.16",
		"system_info":	"Linux DESKTOP-OR35M89 6.18.33.1-microsoft-standard-WSL2 #1 SMP PREEMPT_DYNAMIC Fri Jun  5 01:12:21 UTC 2026 x86_64",
		"timestamp":	{
			"time":	"Thu, 25 Jun 2026 22:55:05 GMT",
			"timesecs":	1782428105
		},
		"connecting_to":	{
			"host":	"54.227.41.78",
			"port":	5201
		},
		"cookie":	"hwbljefzgtg7xmikjox4enmjf7ugkxgun2d4",
		"tcp_mss_default":	1448,
		"target_bitrate":	100000000,
		"fq_rate":	0,
		"sock_bufsize":	0,
		"sndbuf_actual":	16384,
		"rcvbuf_actual":	131072,
		"test_start":	{
			"protocol":	"TCP",
			"num_streams":	1,
			"blksize":	131072,
			"omit":	0,
			"duration":	30,
			"bytes":	0,
			"blocks":	0,
			"reverse":	0,
			"tos":	0,
			"target_bitrate":	100000000,
			"bidir":	0,
			"fqrate":	0
		}
	},
	"intervals":	[{
			"streams":	[{
					"socket":	5,
					"start":	0,
					"end":	1.000512,
					"seconds":	1.0005120038986206,
					"bytes":	655360,
					"bits_per_second":	5240196.9987071222,
					"retransmits":	10,
					"snd_cwnd":	13032,
					"snd_wnd":	241536,
					"rtt":	89127,
					"rttvar":	1414,
					"pmtu":	1500,
					"omitted":	false,
					"sender":	true
				}],
			"sum":	{
				"start":	0,
				"end":	1.000512,
				"seconds":	1.0005120038986206,
				"bytes":	655360,
				"bits_per_second":	5240196.9987071222,
				"retransmits":	10,
				"omitted":	false,
				"sender":	true
			}
		}, {
			"streams":	[{
					"socket":	5,
					"start":	1.000512,
					"end":	2.000117,
					"seconds":	0.99960500001907349,
					"bytes":	131072,
					"bits_per_second":	1048990.3511687038,
					"retransmits":	0,
					"snd_cwnd":	20272,
					"snd_wnd":	241536,
					"rtt":	92880,
					"rttvar":	5609,
					"pmtu":	1500,
					"omitted":	false,
					"sender":	true
				}],
			"sum":	{
				"start":	1.000512,
				"end":	2.000117,
				"seconds":	0.99960500001907349,
				"bytes":	131072,
				"bits_per_second":	1048990.3511687038,
				"retransmits":	0,
				"omitted":	false,
				"sender":	true
			}
		}, {
			"streams":	[{
					"socket":	5,
					"start":	2.000117,
					"end":	3.000568,
					"seconds":	1.0004509687423706,
					"bytes":	262144,
					"bits_per_second":	2096206.6763114349,
					"retransmits":	10,
					"snd_cwnd":	2896,
					"snd_wnd":	241536,
					"rtt":	89011,
					"rttvar":	1356,
					"pmtu":	1500,
					"omitted":	false,
					"sender":	true
				}],
			"sum":	{
				"start":	2.000117,
				"end":	3.000568,
				"seconds":	1.0004509687423706,
				"bytes":	262144,
				"bits_per_second":	2096206.6763114349,
				"retransmits":	10,
				"omitted":	false,
				"sender":	true
			}
		}, {
			"streams":	[{
					"socket":	5,
					"start":	3.000568,
					"end":	4.000566,
					"seconds":	0.99999797344207764,
					"bytes":	0,
					"bits_per_second":	0,
					"retransmits":	7,
					"snd_cwnd":	2896,
					"snd_wnd":	241536,
					"rtt":	103795,
					"rttvar":	25752,
					"pmtu":	1500,
					"omitted":	false,
					"sender":	true
				}],
			"sum":	{
				"start":	3.000568,
				"end":	4.000566,
				"seconds":	0.99999797344207764,
				"bytes":	0,
				"bits_per_second":	0,
				"retransmits":	7,
				"omitted":	false,
				"sender":	true
			}
		}, {
			"streams":	[{
					"socket":	5,
					"start":	4.000566,
					"end":	5.00012,
					"seconds":	0.99955397844314575,
					"bytes":	0,
					"bits_per_second":	0,
					"retransmits":	3,
					"snd_cwnd":	4344,
					"snd_wnd":	242944,
					"rtt":	99431,
					"rttvar":	17110,
					"pmtu":	1500,
					"omitted":	false,
					"sender":	true
				}],
			"sum":	{
				"start":	4.000566,
				"end":	5.00012,
				"seconds":	0.99955397844314575,
				"bytes":	0,
				"bits_per_second":	0,
				"retransmits":	3,
				"omitted":	false,
				"sender":	true
			}
		}, {
			"streams":	[{
					"socket":	5,
					"start":	5.00012,
					"end":	6.000121,
					"seconds":	1.0000009536743164,
					"bytes":	131072,
					"bits_per_second":	1048575.0000009537,
					"retransmits":	3,
					"snd_cwnd":	2896,
					"snd_wnd":	236416,
					"rtt":	96273,
					"rttvar":	14441,
					"pmtu":	1500,
					"omitted":	false,
					"sender":	true
				}],
			"sum":	{
				"start":	5.00012,
				"end":	6.000121,
				"seconds":	1.0000009536743164,
				"bytes":	131072,
				"bits_per_second":	1048575.0000009537,
				"retransmits":	3,
				"omitted":	false,
				"sender":	true
			}
		}, {
			"streams":	[{
					"socket":	5,
					"start":	6.000121,
					"end":	7.00056,
					"seconds":	1.0004390478134155,
					"bytes":	0,
					"bits_per_second":	0,
					"retransmits":	1,
					"snd_cwnd":	8688,
					"snd_wnd":	242944,
					"rtt":	93648,
					"rttvar":	7153,
					"pmtu":	1500,
					"omitted":	false,
					"sender":	true
				}],
			"sum":	{
				"start":	6.000121,
				"end":	7.00056,
				"seconds":	1.0004390478134155,
				"bytes":	0,
				"bits_per_second":	0,
				"retransmits":	1,
				"omitted":	false,
				"sender":	true
			}
		}, {
			"streams":	[{
					"socket":	5,
					"start":	7.00056,
					"end":	8.000112,
					"seconds":	0.999552011489868,
					"bytes":	0,
					"bits_per_second":	0,
					"retransmits":	4,
					"snd_cwnd":	5792,
					"snd_wnd":	241536,
					"rtt":	90591,
					"rttvar":	4042,
					"pmtu":	1500,
					"omitted":	false,
					"sender":	true
				}],
			"sum":	{
				"start":	7.00056,
				"end":	8.000112,
				"seconds":	0.999552011489868,
				"bytes":	0,
				"bits_per_second":	0,
				"retransmits":	4,
				"omitted":	false,
				"sender":	true
			}
		}, {
			"streams":	[{
					"socket":	5,
					"start":	8.000112,
					"end":	9.000132,
					"seconds":	1.0000200271606445,
					"bytes":	262144,
					"bits_per_second":	2097110.000841124,
					"retransmits":	2,
					"snd_cwnd":	8688,
					"snd_wnd":	242944,
					"rtt":	91525,
					"rttvar":	3622,
					"pmtu":	1500,
					"omitted":	false,
					"sender":	true
				}],
			"sum":	{
				"start":	8.000112,
				"end":	9.000132,
				"seconds":	1.0000200271606445,
				"bytes":	262144,
				"bits_per_second":	2097110.000841124,
				"retransmits":	2,
				"omitted":	false,
				"sender":	true
			}
		}, {
			"streams":	[{
					"socket":	5,
					"start":	9.000132,
					"end":	10.00012,
					"seconds":	0.9999880194664,
					"bytes":	0,
					"bits_per_second":	0,
					"retransmits":	1,
					"snd_cwnd":	10136,
					"snd_wnd":	242944,
					"rtt":	96489,
					"rttvar":	11898,
					"pmtu":	1500,
					"omitted":	false,
					"sender":	true
				}],
			"sum":	{
				"start":	9.000132,
				"end":	10.00012,
				"seconds":	0.9999880194664,
				"bytes":	0,
				"bits_per_second":	0,
				"retransmits":	1,
				"omitted":	false,
				"sender":	true
			}
		}, {
			"streams":	[{
					"socket":	5,
					"start":	10.00012,
					"end":	11.00012,
					"seconds":	1,
					"bytes":	131072,
					"bits_per_second":	1048576,
					"retransmits":	0,
					"snd_cwnd":	18824,
					"snd_wnd":	242944,
					"rtt":	93961,
					"rttvar":	4658,
					"pmtu":	1500,
					"omitted":	false,
					"sender":	true
				}],
			"sum":	{
				"start":	10.00012,
				"end":	11.00012,
				"seconds":	1,
				"bytes":	131072,
				"bits_per_second":	1048576,
				"retransmits":	0,
				"omitted":	false,
				"sender":	true
			}
		}, {
			"streams":	[{
					"socket":	5,
					"start":	11.00012,
					"end":	12.000118,
					"seconds":	0.99999797344207764,
					"bytes":	131072,
					"bits_per_second":	1048578.1250043064,
					"retransmits":	5,
					"snd_cwnd":	8688,
					"snd_wnd":	242944,
					"rtt":	95972,
					"rttvar":	9391,
					"pmtu":	1500,
					"omitted":	false,
					"sender":	true
				}],
			"sum":	{
				"start":	11.00012,
				"end":	12.000118,
				"seconds":	0.99999797344207764,
				"bytes":	131072,
				"bits_per_second":	1048578.1250043064,
				"retransmits":	5,
				"omitted":	false,
				"sender":	true
			}
		}, {
			"streams":	[{
					"socket":	5,
					"start":	12.000118,
					"end":	13.000076,
					"seconds":	0.99995797872543335,
					"bytes":	0,
					"bits_per_second":	0,
					"retransmits":	7,