{
	"start":	{
		"connected":	[{
				"socket":	5,
				"local_host":	"172.20.171.186",
				"local_port":	50734,
				"remote_host":	"54.227.41.78",
				"remote_port":	5201
			}],
		"version":	"iperf 3.16",
		"system_info":	"Linux DESKTOP-OR35M89 6.18.33.1-microsoft-standard-WSL2 #1 SMP PREEMPT_DYNAMIC Fri Jun  5 01:12:21 UTC 2026 x86_64",
		"timestamp":	{
			"time":	"Thu, 25 Jun 2026 21:51:47 GMT",
			"timesecs":	1782424307
		},
		"connecting_to":	{
			"host":	"54.227.41.78",
			"port":	5201
		},
		"cookie":	"wyfdiax23zgbunn65kzisr6b7pkuu7wzcagl",
		"tcp_mss_default":	1448,
		"target_bitrate":	100000000,
		"fq_rate":	0,
		"sock_bufsize":	0,
		"sndbuf_actual":	16384,
		"rcvbuf_actual":	131072,
		"test_start":	{
			"protocol":	"TCP",
			"num_streams":	1,
			"blksize":	131072,
			"omit":	0,
			"duration":	30,
			"bytes":	0,
			"blocks":	0,
			"reverse":	0,
			"tos":	0,
			"target_bitrate":	100000000,
			"bidir":	0,
			"fqrate":	0
		}
	},
	"intervals":	[{
			"streams":	[{
					"socket":	5,
					"start":	0,
					"end":	1.000219,
					"seconds":	1.0002189874649048,
					"bytes":	1703936,
					"bits_per_second":	13628503.528561834,
					"retransmits":	4,
					"snd_cwnd":	143352,
					"snd_wnd":	3451904,
					"rtt":	86701,
					"rttvar":	1218,
					"pmtu":	1500,
					"omitted":	false,
					"sender":	true
				}],
			"sum":	{
				"start":	0,
				"end":	1.000219,
				"seconds":	1.0002189874649048,
				"bytes":	1703936,
				"bits_per_second":	13628503.528561834,
				"retransmits":	4,
				"omitted":	false,
				"sender":	true
			}
		}, {
			"streams":	[{
					"socket":	5,
					"start":	1.000219,
					"end":	2.000338,
					"seconds":	1.0001189708709717,
					"bytes":	1179648,
					"bits_per_second":	9436061.3835586552,
					"retransmits":	10,
					"snd_cwnd":	23168,
					"snd_wnd":	3453312,
					"rtt":	89607,
					"rttvar":	1932,
					"pmtu":	1500,
					"omitted":	false,
					"sender":	true
				}],
			"sum":	{
				"start":	1.000219,
				"end":	2.000338,
				"seconds":	1.0001189708709717,
				"bytes":	1179648,
				"bits_per_second":	9436061.3835586552,
				"retransmits":	10,
				"omitted":	false,
				"sender":	true
			}
		}, {
			"streams":	[{
					"socket":	5,
					"start":	2.000338,
					"end":	3.000092,
					"seconds":	0.999754011631012,
					"bytes":	393216,
					"bits_per_second":	3146502.00289571,
					"retransmits":	0,
					"snd_cwnd":	30408,
					"snd_wnd":	3453312,
					"rtt":	91131,
					"rttvar":	1841,
					"pmtu":	1500,
					"omitted":	false,
					"sender":	true
				}],
			"sum":	{
				"start":	2.000338,
				"end":	3.000092,
				"seconds":	0.999754011631012,
				"bytes":	393216,
				"bits_per_second":	3146502.00289571,
				"retransmits":	0,
				"omitted":	false,
				"sender":	true
			}
		}, {
			"streams":	[{
					"socket":	5,
					"start":	3.000092,
					"end":	4.000133,
					"seconds":	1.0000410079956055,
					"bytes":	262144,
					"bits_per_second":	2097066.003526543,
					"retransmits":	1,
					"snd_cwnd":	28960,
					"snd_wnd":	3453312,
					"rtt":	90394,
					"rttvar":	1708,
					"pmtu":	1500,
					"omitted":	false,
					"sender":	true
				}],
			"sum":	{
				"start":	3.000092,
				"end":	4.000133,
				"seconds":	1.0000410079956055,
				"bytes":	262144,
				"bits_per_second":	2097066.003526543,
				"retransmits":	1,
				"omitted":	false,
				"sender":	true
			}
		}, {
			"streams":	[{
					"socket":	5,
					"start":	4.000133,
					"end":	5.000314,
					"seconds":	1.0001809597015381,
					"bytes":	0,
					"bits_per_second":	0,
					"retransmits":	4,
					"snd_cwnd":	17376,
					"snd_wnd":	3451904,
					"rtt":	89816,
					"rttvar":	1412,
					"pmtu":	1500,
					"omitted":	false,
					"sender":	true
				}],
			"sum":	{
				"start":	4.000133,
				"end":	5.000314,
				"seconds":	1.0001809597015381,
				"bytes":	0,
				"bits_per_second":	0,
				"retransmits":	4,
				"omitted":	false,
				"sender":	true
			}
		}, {
			"streams":	[{
					"socket":	5,
					"start":	5.000314,
					"end":	6.000352,
					"seconds":	1.0000380277633667,
					"bytes":	393216,
					"bits_per_second":	3145608.3795488984,
					"retransmits":	2,
					"snd_cwnd":	15928,
					"snd_wnd":	3453312,
					"rtt":	91675,
					"rttvar":	4003,
					"pmtu":	1500,
					"omitted":	false,
					"sender":	true
				}],
			"sum":	{
				"start":	5.000314,
				"end":	6.000352,
				"seconds":	1.0000380277633667,
				"bytes":	393216,
				"bits_per_second":	3145608.3795488984,
				"retransmits":	2,
				"omitted":	false,
				"sender":	true
			}
		}, {
			"streams":	[{
					"socket":	5,
					"start":	6.000352,
					"end":	7.000125,
					"seconds":	0.99977302551269531,
					"bytes":	0,
					"bits_per_second":	0,
					"retransmits":	2,
					"snd_cwnd":	17376,
					"snd_wnd":	3453312,
					"rtt":	93456,
					"rttvar":	6617,
					"pmtu":	1500,
					"omitted":	false,
					"sender":	true
				}],
			"sum":	{
				"start":	6.000352,
				"end":	7.000125,
				"seconds":	0.99977302551269531,
				"bytes":	0,
				"bits_per_second":	0,
				"retransmits":	2,
				"omitted":	false,
				"sender":	true
			}
		}, {
			"streams":	[{
					"socket":	5,
					"start":	7.000125,
					"end":	8.000089,
					"seconds":	0.99996399879455566,
					"bytes":	393216,
					"bits_per_second":	3145841.2540772832,
					"retransmits":	4,
					"snd_cwnd":	15928,
					"snd_wnd":	3440384,
					"rtt":	89862,
					"rttvar":	3458,
					"pmtu":	1500,
					"omitted":	false,
					"sender":	true
				}],
			"sum":	{
				"start":	7.000125,
				"end":	8.000089,
				"seconds":	0.99996399879455566,
				"bytes":	393216,
				"bits_per_second":	3145841.2540772832,
				"retransmits":	4,
				"omitted":	false,
				"sender":	true
			}
		}, {
			"streams":	[{
					"socket":	5,
					"start":	8.000089,
					"end":	9.000155,
					"seconds":	1.0000660419464111,
					"bytes":	393216,
					"bits_per_second":	3145520.2637193082,
					"retransmits":	2,
					"snd_cwnd":	20272,
					"snd_wnd":	3451904,
					"rtt":	94311,
					"rttvar":	10676,
					"pmtu":	1500,
					"omitted":	false,
					"sender":	true
				}],
			"sum":	{
				"start":	8.000089,
				"end":	9.000155,
				"seconds":	1.0000660419464111,
				"bytes":	393216,
				"bits_per_second":	3145520.2637193082,
				"retransmits":	2,
				"omitted":	false,
				"sender":	true
			}
		}, {
			"streams":	[{
					"socket":	5,
					"start":	9.000155,
					"end":	10.000137,
					"seconds":	0.99998199939727783,
					"bytes":	0,
					"bits_per_second":	0,
					"retransmits":	3,
					"snd_cwnd":	15928,
					"snd_wnd":	3453312,
					"rtt":	94343,
					"rttvar":	9868,
					"pmtu":	1500,
					"omitted":	false,
					"sender":	true
				}],
			"sum":	{
				"start":	9.000155,
				"end":	10.000137,
				"seconds":	0.99998199939727783,
				"bytes":	0,
				"bits_per_second":	0,
				"retransmits":	3,
				"omitted":	false,
				"sender":	true
			}
		}, {
			"streams":	[{
					"socket":	5,
					"start":	10.000137,
					"end":	11.000358,
					"seconds":	1.0002210140228271,
					"bytes":	393216,
					"bits_per_second":	3145032.9036260457,
					"retransmits":	2,
					"snd_cwnd":	17376,
					"snd_wnd":	3453312,
					"rtt":	90042,
					"rttvar":	1176,
					"pmtu":	1500,
					"omitted":	false,
					"sender":	true
				}],
			"sum":	{
				"start":	10.000137,
				"end":	11.000358,
				"seconds":	1.0002210140228271,
				"bytes":	393216,
				"bits_per_second":	3145032.9036260457,
				"retransmits":	2,
				"omitted":	false,
				"sender":	true
			}
		}, {
			"streams":	[{
					"socket":	5,
					"start":	11.000358,
					"end":	12.000102,
					"seconds":	0.9997439980506897,
					"bytes":	0,
					"bits_per_second":	0,
					"retransmits":	4,
					"snd_cwnd":	10136,
					"snd_wnd":	3453312,
					"rtt":	90249,
					"rttvar":	2466,
					"pmtu":	1500,
					"omitted":	false,
					"sender":	true
				}],
			"sum":	{
				"start":	11.000358,
				"end":	12.000102,
				"seconds":	0.9997439980506897,
				"bytes":	0,
				"bits_per_second":	0,
				"retransmits":	4,
				"omitted":	false,
				"sender":	true
			}
		}, {
			"streams":	[{
					"socket":	5,
					"start":	12.000102,