{
	"start":	{
		"connected":	[{
				"socket":	5,
				"local_host":	"172.20.171.186",
				"local_port":	39788,
				"remote_host":	"54.227.41.78",
				"remote_port":	5201
			}],
		"version":	"iperf 3.16",
		"system_info":	"Linux DESKTOP-OR35M89 6.18.33.1-microsoft-standard-WSL2 #1 SMP PREEMPT_DYNAMIC Fri Jun  5 01:12:21 UTC 2026 x86_64",
		"timestamp":	{
			"time":	"Thu, 25 Jun 2026 23:06:01 GMT",
			"timesecs":	1782428761
		},
		"connecting_to":	{
			"host":	"54.227.41.78",
			"port":	5201
		},
		"cookie":	"jtkgpipdrnamibgdxofdfz2psijumab3jmlm",
		"tcp_mss_default":	1448,
		"target_bitrate":	100000000,
		"fq_rate":	0,
		"sock_bufsize":	0,
		"sndbuf_actual":	16384,
		"rcvbuf_actual":	131072,
		"test_start":	{
			"protocol":	"TCP",
			"num_streams":	1,
			"blksize":	131072,
			"omit":	0,
			"duration":	30,
			"bytes":	0,
			"blocks":	0,
			"reverse":	0,
			"tos":	0,
			"target_bitrate":	100000000,
			"bidir":	0,
			"fqrate":	0
		}
	},
	"intervals":	[{
			"streams":	[{
					"socket":	5,
					"start":	0,
					"end":	1.000105,
					"seconds":	1.0001050233840942,
					"bytes":	524288,
					"bits_per_second":	4193863.5462579424,
					"retransmits":	12,
					"snd_cwnd":	21720,
					"snd_wnd":	374912,
					"rtt":	89291,
					"rttvar":	1643,
					"pmtu":	1500,
					"omitted":	false,
					"sender":	true
				}],
			"sum":	{
				"start":	0,
				"end":	1.000105,
				"seconds":	1.0001050233840942,
				"bytes":	524288,
				"bits_per_second":	4193863.5462579424,
				"retransmits":	12,
				"omitted":	false,
				"sender":	true
			}
		}, {
			"streams":	[{
					"socket":	5,
					"start":	1.000105,
					"end":	2.000107,
					"seconds":	1.0000020265579224,
					"bytes":	131072,
					"bits_per_second":	1048573.8750043064,
					"retransmits":	5,
					"snd_cwnd":	7240,
					"snd_wnd":	374912,
					"rtt":	95281,
					"rttvar":	8834,
					"pmtu":	1500,
					"omitted":	false,
					"sender":	true
				}],
			"sum":	{
				"start":	1.000105,
				"end":	2.000107,
				"seconds":	1.0000020265579224,
				"bytes":	131072,
				"bits_per_second":	1048573.8750043064,
				"retransmits":	5,
				"omitted":	false,
				"sender":	true
			}
		}, {
			"streams":	[{
					"socket":	5,
					"start":	2.000107,
					"end":	3.000103,
					"seconds":	0.9999960064888,
					"bytes":	131072,
					"bits_per_second":	1048580.1875167228,
					"retransmits":	3,
					"snd_cwnd":	7240,
					"snd_wnd":	373504,
					"rtt":	91100,
					"rttvar":	4475,
					"pmtu":	1500,
					"omitted":	false,
					"sender":	true
				}],
			"sum":	{
				"start":	2.000107,
				"end":	3.000103,
				"seconds":	0.9999960064888,
				"bytes":	131072,
				"bits_per_second":	1048580.1875167228,
				"retransmits":	3,
				"omitted":	false,
				"sender":	true
			}
		}, {
			"streams":	[{
					"socket":	5,
					"start":	3.000103,
					"end":	4.000104,
					"seconds":	1.0000009536743164,
					"bytes":	0,
					"bits_per_second":	0,
					"retransmits":	4,
					"snd_cwnd":	4344,
					"snd_wnd":	369664,
					"rtt":	93541,
					"rttvar":	10208,
					"pmtu":	1500,
					"omitted":	false,
					"sender":	true
				}],
			"sum":	{
				"start":	3.000103,
				"end":	4.000104,
				"seconds":	1.0000009536743164,
				"bytes":	0,
				"bits_per_second":	0,
				"retransmits":	4,
				"omitted":	false,
				"sender":	true
			}
		}, {
			"streams":	[{
					"socket":	5,
					"start":	4.000104,
					"end":	5.000102,
					"seconds":	0.99999797344207764,
					"bytes":	131072,
					"bits_per_second":	1048578.1250043064,
					"retransmits":	0,
					"snd_cwnd":	11584,
					"snd_wnd":	374912,
					"rtt":	95185,
					"rttvar":	9388,
					"pmtu":	1500,
					"omitted":	false,
					"sender":	true
				}],
			"sum":	{
				"start":	4.000104,
				"end":	5.000102,
				"seconds":	0.99999797344207764,
				"bytes":	131072,
				"bits_per_second":	1048578.1250043064,
				"retransmits":	0,
				"omitted":	false,
				"sender":	true
			}
		}, {
			"streams":	[{
					"socket":	5,
					"start":	5.000102,
					"end":	6.000107,
					"seconds":	1.0000050067901611,
					"bytes":	0,
					"bits_per_second":	0,
					"retransmits":	5,
					"snd_cwnd":	4344,
					"snd_wnd":	374912,
					"rtt":	93450,
					"rttvar":	10139,
					"pmtu":	1500,
					"omitted":	false,
					"sender":	true
				}],
			"sum":	{
				"start":	5.000102,
				"end":	6.000107,
				"seconds":	1.0000050067901611,
				"bytes":	0,
				"bits_per_second":	0,
				"retransmits":	5,
				"omitted":	false,
				"sender":	true
			}
		}, {
			"streams":	[{
					"socket":	5,
					"start":	6.000107,
					"end":	7.000107,
					"seconds":	1,
					"bytes":	0,
					"bits_per_second":	0,
					"retransmits":	2,
					"snd_cwnd":	7240,
					"snd_wnd":	373504,
					"rtt":	102922,
					"rttvar":	21493,
					"pmtu":	1500,
					"omitted":	false,
					"sender":	true
				}],
			"sum":	{
				"start":	6.000107,
				"end":	7.000107,
				"seconds":	1,
				"bytes":	0,
				"bits_per_second":	0,
				"retransmits":	2,
				"omitted":	false,
				"sender":	true
			}
		}, {
			"streams":	[{
					"socket":	5,
					"start":	7.000107,
					"end":	8.000101,
					"seconds":	0.99999397993087769,
					"bytes":	0,
					"bits_per_second":	0,
					"retransmits":	5,
					"snd_cwnd":	5792,
					"snd_wnd":	374912,
					"rtt":	100784,
					"rttvar":	19732,
					"pmtu":	1500,
					"omitted":	false,
					"sender":	true
				}],
			"sum":	{
				"start":	7.000107,
				"end":	8.000101,
				"seconds":	0.99999397993087769,
				"bytes":	0,
				"bits_per_second":	0,
				"retransmits":	5,
				"omitted":	false,
				"sender":	true
			}
		}, {
			"streams":	[{
					"socket":	5,
					"start":	8.000101,
					"end":	9.000104,
					"seconds":	1.0000029802322388,
					"bytes":	131072,
					"bits_per_second":	1048572.8750093132,
					"retransmits":	1,
					"snd_cwnd":	7240,
					"snd_wnd":	374912,
					"rtt":	93067,
					"rttvar":	6946,
					"pmtu":	1500,
					"omitted":	false,
					"sender":	true
				}],
			"sum":	{
				"start":	8.000101,
				"end":	9.000104,
				"seconds":	1.0000029802322388,
				"bytes":	131072,
				"bits_per_second":	1048572.8750093132,
				"retransmits":	1,
				"omitted":	false,
				"sender":	true
			}
		}, {
			"streams":	[{
					"socket":	5,
					"start":	9.000104,
					"end":	10.000102,
					"seconds":	0.99999797344207764,
					"bytes":	131072,
					"bits_per_second":	1048578.1250043064,
					"retransmits":	4,
					"snd_cwnd":	8688,
					"snd_wnd":	374912,
					"rtt":	92147,
					"rttvar":	5911,
					"pmtu":	1500,
					"omitted":	false,
					"sender":	true
				}],
			"sum":	{
				"start":	9.000104,
				"end":	10.000102,
				"seconds":	0.99999797344207764,
				"bytes":	131072,
				"bits_per_second":	1048578.1250043064,
				"retransmits":	4,
				"omitted":	false,
				"sender":	true
			}
		}, {
			"streams":	[{
					"socket":	5,
					"start":	10.000102,
					"end":	11.000354,
					"seconds":	1.0002520084381104,
					"bytes":	0,
					"bits_per_second":	0,
					"retransmits":	7,
					"snd_cwnd":	4344,
					"snd_wnd":	369152,
					"rtt":	91667,
					"rttvar":	7619,
					"pmtu":	1500,
					"omitted":	false,
					"sender":	true
				}],
			"sum":	{
				"start":	10.000102,
				"end":	11.000354,
				"seconds":	1.0002520084381104,
				"bytes":	0,
				"bits_per_second":	0,
				"retransmits":	7,
				"omitted":	false,
				"sender":	true
			}
		}, {
			"streams":	[{
					"socket":	5,
					"start":	11.000354,
					"end":	12.000106,
					"seconds":	0.9997519850730896,
					"bytes":	131072,
					"bits_per_second":	1048836.1270153827,
					"retransmits":	2,
					"snd_cwnd":	7240,
					"snd_wnd":	373504,
					"rtt":	95323,
					"rttvar":	11790,
					"pmtu":	1500,
					"omitted":	false,
					"sender":	true
				}],
			"sum":	{
				"start":	11.000354,
				"end":	12.000106,
				"seconds":	0.9997519850730896,
				"bytes":	131072,
				"bits_per_second":	1048836.1270153827,
				"retransmits":	2,
				"omitted":	false,
				"sender":	true
			}
		}, {
			"streams":	[{
					"socket":	5,
					"start":	12.000106,
					"end":	13.000107,
					"seconds":	1.0000009536743164,
					"bytes":	0,
					"bits_per_second":	0,