{
	"start":	{
		"connected":	[{
				"socket":	5,
				"local_host":	"172.20.171.186",
				"local_port":	52784,
				"remote_host":	"54.227.41.78",
				"remote_port":	5201
			}],
		"version":	"iperf 3.16",
		"system_info":	"Linux DESKTOP-OR35M89 6.18.33.1-microsoft-standard-WSL2 #1 SMP PREEMPT_DYNAMIC Fri Jun  5 01:12:21 UTC 2026 x86_64",
		"timestamp":	{
			"time":	"Thu, 25 Jun 2026 21:56:09 GMT",
			"timesecs":	1782424569
		},
		"connecting_to":	{
			"host":	"54.227.41.78",
			"port":	5201
		},
		"cookie":	"c6kzoymvxfsbu5i6ovk73eitxyc4sdrrphqi",
		"tcp_mss_default":	1448,
		"target_bitrate":	100000000,
		"fq_rate":	0,
		"sock_bufsize":	0,
		"sndbuf_actual":	16384,
		"rcvbuf_actual":	131072,
		"test_start":	{
			"protocol":	"TCP",
			"num_streams":	1,
			"blksize":	131072,
			"omit":	0,
			"duration":	30,
			"bytes":	0,
			"blocks":	0,
			"reverse":	0,
			"tos":	0,
			"target_bitrate":	100000000,
			"bidir":	0,
			"fqrate":	0
		}
	},
	"intervals":	[{
			"streams":	[{
					"socket":	5,
					"start":	0,
					"end":	1.000125,
					"seconds":	1.0001250505447388,
					"bytes":	1835008,
					"bits_per_second":	14678228.479532834,
					"retransmits":	6,
					"snd_cwnd":	108600,
					"snd_wnd":	4598656,
					"rtt":	90287,
					"rttvar":	2202,
					"pmtu":	1500,
					"omitted":	false,
					"sender":	true
				}],
			"sum":	{
				"start":	0,
				"end":	1.000125,
				"seconds":	1.0001250505447388,
				"bytes":	1835008,
				"bits_per_second":	14678228.479532834,
				"retransmits":	6,
				"omitted":	false,
				"sender":	true
			}
		}, {
			"streams":	[{
					"socket":	5,
					"start":	1.000125,
					"end":	2.00014,
					"seconds":	1.0000150203704834,
					"bytes":	917504,
					"bits_per_second":	7339921.75165597,
					"retransmits":	3,
					"snd_cwnd":	62264,
					"snd_wnd":	4600064,
					"rtt":	89697,
					"rttvar":	590,
					"pmtu":	1500,
					"omitted":	false,
					"sender":	true
				}],
			"sum":	{
				"start":	1.000125,
				"end":	2.00014,
				"seconds":	1.0000150203704834,
				"bytes":	917504,
				"bits_per_second":	7339921.75165597,
				"retransmits":	3,
				"omitted":	false,
				"sender":	true
			}
		}, {
			"streams":	[{
					"socket":	5,
					"start":	2.00014,
					"end":	3.000535,
					"seconds":	1.0003950595855713,
					"bytes":	393216,
					"bits_per_second":	3144485.7407664182,
					"retransmits":	4,
					"snd_cwnd":	36200,
					"snd_wnd":	4600064,
					"rtt":	90077,
					"rttvar":	1354,
					"pmtu":	1500,
					"omitted":	false,
					"sender":	true
				}],
			"sum":	{
				"start":	2.00014,
				"end":	3.000535,
				"seconds":	1.0003950595855713,
				"bytes":	393216,
				"bits_per_second":	3144485.7407664182,
				"retransmits":	4,
				"omitted":	false,
				"sender":	true
			}
		}, {
			"streams":	[{
					"socket":	5,
					"start":	3.000535,
					"end":	4.000354,
					"seconds":	0.999818980693817,
					"bytes":	393216,
					"bits_per_second":	3146297.5405978439,
					"retransmits":	0,
					"snd_cwnd":	41992,
					"snd_wnd":	4600064,
					"rtt":	115904,
					"rttvar":	6875,
					"pmtu":	1500,
					"omitted":	false,
					"sender":	true
				}],
			"sum":	{
				"start":	3.000535,
				"end":	4.000354,
				"seconds":	0.999818980693817,
				"bytes":	393216,
				"bits_per_second":	3146297.5405978439,
				"retransmits":	0,
				"omitted":	false,
				"sender":	true
			}
		}, {
			"streams":	[{
					"socket":	5,
					"start":	4.000354,
					"end":	5.000531,
					"seconds":	1.0001770257949829,
					"bytes":	524288,
					"bits_per_second":	4193561.6314183883,
					"retransmits":	2,
					"snd_cwnd":	34752,
					"snd_wnd":	4600064,
					"rtt":	114889,
					"rttvar":	7145,
					"pmtu":	1500,
					"omitted":	false,
					"sender":	true
				}],
			"sum":	{
				"start":	4.000354,
				"end":	5.000531,
				"seconds":	1.0001770257949829,
				"bytes":	524288,
				"bits_per_second":	4193561.6314183883,
				"retransmits":	2,
				"omitted":	false,
				"sender":	true
			}
		}, {
			"streams":	[{
					"socket":	5,
					"start":	5.000531,
					"end":	6.000523,
					"seconds":	0.9999920129776,
					"bytes":	393216,
					"bits_per_second":	3145753.1252006753,
					"retransmits":	0,
					"snd_cwnd":	46336,
					"snd_wnd":	4600064,
					"rtt":	115618,
					"rttvar":	5747,
					"pmtu":	1500,
					"omitted":	false,
					"sender":	true
				}],
			"sum":	{
				"start":	5.000531,
				"end":	6.000523,
				"seconds":	0.9999920129776,
				"bytes":	393216,
				"bits_per_second":	3145753.1252006753,
				"retransmits":	0,
				"omitted":	false,
				"sender":	true
			}
		}, {
			"streams":	[{
					"socket":	5,
					"start":	6.000523,
					"end":	7.000451,
					"seconds":	0.99992799758911133,
					"bytes":	393216,
					"bits_per_second":	3145954.51630972,
					"retransmits":	4,
					"snd_cwnd":	37648,
					"snd_wnd":	4600064,
					"rtt":	88929,
					"rttvar":	507,
					"pmtu":	1500,
					"omitted":	false,
					"sender":	true
				}],
			"sum":	{
				"start":	6.000523,
				"end":	7.000451,
				"seconds":	0.99992799758911133,
				"bytes":	393216,
				"bits_per_second":	3145954.51630972,
				"retransmits":	4,
				"omitted":	false,
				"sender":	true
			}
		}, {
			"streams":	[{
					"socket":	5,
					"start":	7.000451,
					"end":	8.000493,
					"seconds":	1.0000419616699219,
					"bytes":	0,
					"bits_per_second":	0,
					"retransmits":	7,
					"snd_cwnd":	23168,
					"snd_wnd":	4600064,
					"rtt":	89590,
					"rttvar":	4126,
					"pmtu":	1500,
					"omitted":	false,
					"sender":	true
				}],
			"sum":	{
				"start":	7.000451,
				"end":	8.000493,
				"seconds":	1.0000419616699219,
				"bytes":	0,
				"bits_per_second":	0,
				"retransmits":	7,
				"omitted":	false,
				"sender":	true
			}
		}, {
			"streams":	[{
					"socket":	5,
					"start":	8.000493,
					"end":	9.000624,
					"seconds":	1.0001310110092163,
					"bytes":	524288,
					"bits_per_second":	4193754.57198112,
					"retransmits":	3,
					"snd_cwnd":	14480,
					"snd_wnd":	4600064,
					"rtt":	91132,
					"rttvar":	2886,
					"pmtu":	1500,
					"omitted":	false,
					"sender":	true
				}],
			"sum":	{
				"start":	8.000493,
				"end":	9.000624,
				"seconds":	1.0001310110092163,
				"bytes":	524288,
				"bits_per_second":	4193754.57198112,
				"retransmits":	3,
				"omitted":	false,
				"sender":	true
			}
		}, {
			"streams":	[{
					"socket":	5,
					"start":	9.000624,
					"end":	10.00034,
					"seconds":	0.99971598386764526,
					"bytes":	0,
					"bits_per_second":	0,
					"retransmits":	2,
					"snd_cwnd":	15928,
					"snd_wnd":	4600064,
					"rtt":	90016,
					"rttvar":	1477,
					"pmtu":	1500,
					"omitted":	false,
					"sender":	true
				}],
			"sum":	{
				"start":	9.000624,
				"end":	10.00034,
				"seconds":	0.99971598386764526,
				"bytes":	0,
				"bits_per_second":	0,
				"retransmits":	2,
				"omitted":	false,
				"sender":	true
			}
		}, {
			"streams":	[{
					"socket":	5,
					"start":	10.00034,
					"end":	11.0005,
					"seconds":	1.0001599788665771,
					"bytes":	393216,
					"bits_per_second":	3145224.8304964867,
					"retransmits":	3,
					"snd_cwnd":	14480,
					"snd_wnd":	4598656,
					"rtt":	91916,
					"rttvar":	3942,
					"pmtu":	1500,
					"omitted":	false,
					"sender":	true
				}],
			"sum":	{
				"start":	10.00034,
				"end":	11.0005,
				"seconds":	1.0001599788665771,
				"bytes":	393216,
				"bits_per_second":	3145224.8304964867,
				"retransmits":	3,
				"omitted":	false,
				"sender":	true
			}
		}, {
			"streams":	[{
					"socket":	5,
					"start":	11.0005,
					"end":	12.000523,
					"seconds":	1.0000230073928833,
					"bytes":	0,
					"bits_per_second":	0,
					"retransmits":	2,
					"snd_cwnd":	15928,
					"snd_wnd":	4600064,
					"rtt":	92398,
					"rttvar":	4952,
					"pmtu":	1500,
					"omitted":	false,
					"sender":	true
				}],
			"sum":	{
				"start":	11.0005,
				"end":	12.000523,
				"seconds":	1.0000230073928833,
				"bytes":	0,
				"bits_per_second":	0,
				"retransmits":	2,
				"omitted":	false,
				"sender":	true
			}
		}, {
			"streams":	[{
					"socket":	5,
					"start":	12.000523,