{
	"start":	{
		"connected":	[{
				"socket":	5,
				"local_host":	"172.20.171.186",
				"local_port":	60930,
				"remote_host":	"54.227.41.78",
				"remote_port":	5201
			}],
		"version":	"iperf 3.16",
		"system_info":	"Linux DESKTOP-OR35M89 6.18.33.1-microsoft-standard-WSL2 #1 SMP PREEMPT_DYNAMIC Fri Jun  5 01:12:21 UTC 2026 x86_64",
		"timestamp":	{
			"time":	"Thu, 25 Jun 2026 21:49:04 GMT",
			"timesecs":	1782424144
		},
		"connecting_to":	{
			"host":	"54.227.41.78",
			"port":	5201
		},
		"cookie":	"3xbxl5lkdustysx5xjnu42be32m2mjrsmarj",
		"tcp_mss_default":	1448,
		"target_bitrate":	100000000,
		"fq_rate":	0,
		"sock_bufsize":	0,
		"sndbuf_actual":	16384,
		"rcvbuf_actual":	131072,
		"test_start":	{
			"protocol":	"TCP",
			"num_streams":	1,
			"blksize":	131072,
			"omit":	0,
			"duration":	30,
			"bytes":	0,
			"blocks":	0,
			"reverse":	0,
			"tos":	0,
			"target_bitrate":	100000000,
			"bidir":	0,
			"fqrate":	0
		}
	},
	"intervals":	[{
			"streams":	[{
					"socket":	5,
					"start":	0,
					"end":	1.000151,
					"seconds":	1.0001510381698608,
					"bytes":	1572864,
					"bits_per_second":	12581011.787004692,
					"retransmits":	4,
					"snd_cwnd":	88328,
					"snd_wnd":	823296,
					"rtt":	88405,
					"rttvar":	731,
					"pmtu":	1500,
					"omitted":	false,
					"sender":	true
				}],
			"sum":	{
				"start":	0,
				"end":	1.000151,
				"seconds":	1.0001510381698608,
				"bytes":	1572864,
				"bits_per_second":	12581011.787004692,
				"retransmits":	4,
				"omitted":	false,
				"sender":	true
			}
		}, {
			"streams":	[{
					"socket":	5,
					"start":	1.000151,
					"end":	2.000568,
					"seconds":	1.0004169940948486,
					"bytes":	786432,
					"bits_per_second":	6288833.5935280127,
					"retransmits":	5,
					"snd_cwnd":	36200,
					"snd_wnd":	823296,
					"rtt":	90075,
					"rttvar":	2496,
					"pmtu":	1500,
					"omitted":	false,
					"sender":	true
				}],
			"sum":	{
				"start":	1.000151,
				"end":	2.000568,
				"seconds":	1.0004169940948486,
				"bytes":	786432,
				"bits_per_second":	6288833.5935280127,
				"retransmits":	5,
				"omitted":	false,
				"sender":	true
			}
		}, {
			"streams":	[{
					"socket":	5,
					"start":	2.000568,
					"end":	3.000614,
					"seconds":	1.0000460147857666,
					"bytes":	262144,
					"bits_per_second":	2097055.5044402224,
					"retransmits":	0,
					"snd_cwnd":	41992,
					"snd_wnd":	824704,
					"rtt":	88713,
					"rttvar":	564,
					"pmtu":	1500,
					"omitted":	false,
					"sender":	true
				}],
			"sum":	{
				"start":	2.000568,
				"end":	3.000614,
				"seconds":	1.0000460147857666,
				"bytes":	262144,
				"bits_per_second":	2097055.5044402224,
				"retransmits":	0,
				"omitted":	false,
				"sender":	true
			}
		}, {
			"streams":	[{
					"socket":	5,
					"start":	3.000614,
					"end":	4.000525,
					"seconds":	0.99991101026535034,
					"bytes":	393216,
					"bits_per_second":	3146007.9624137809,
					"retransmits":	3,
					"snd_cwnd":	24616,
					"snd_wnd":	824704,
					"rtt":	90944,
					"rttvar":	4262,
					"pmtu":	1500,
					"omitted":	false,
					"sender":	true
				}],
			"sum":	{
				"start":	3.000614,
				"end":	4.000525,
				"seconds":	0.99991101026535034,
				"bytes":	393216,
				"bits_per_second":	3146007.9624137809,
				"retransmits":	3,
				"omitted":	false,
				"sender":	true
			}
		}, {
			"streams":	[{
					"socket":	5,
					"start":	4.000525,
					"end":	5.000529,
					"seconds":	1.0000040531158447,
					"bytes":	393216,
					"bits_per_second":	3145715.2500516772,
					"retransmits":	3,
					"snd_cwnd":	15928,
					"snd_wnd":	824704,
					"rtt":	98336,
					"rttvar":	14232,
					"pmtu":	1500,
					"omitted":	false,
					"sender":	true
				}],
			"sum":	{
				"start":	4.000525,
				"end":	5.000529,
				"seconds":	1.0000040531158447,
				"bytes":	393216,
				"bits_per_second":	3145715.2500516772,
				"retransmits":	3,
				"omitted":	false,
				"sender":	true
			}
		}, {
			"streams":	[{
					"socket":	5,
					"start":	5.000529,
					"end":	6.000639,
					"seconds":	1.0001100301742554,
					"bytes":	0,
					"bits_per_second":	0,
					"retransmits":	2,
					"snd_cwnd":	15928,
					"snd_wnd":	824704,
					"rtt":	95888,
					"rttvar":	10731,
					"pmtu":	1500,
					"omitted":	false,
					"sender":	true
				}],
			"sum":	{
				"start":	5.000529,
				"end":	6.000639,
				"seconds":	1.0001100301742554,
				"bytes":	0,
				"bits_per_second":	0,
				"retransmits":	2,
				"omitted":	false,
				"sender":	true
			}
		}, {
			"streams":	[{
					"socket":	5,
					"start":	6.000639,
					"end":	7.0006,
					"seconds":	0.999961018562317,
					"bytes":	0,
					"bits_per_second":	0,
					"retransmits":	0,
					"snd_cwnd":	23168,
					"snd_wnd":	824704,
					"rtt":	89902,
					"rttvar":	1532,
					"pmtu":	1500,
					"omitted":	false,
					"sender":	true
				}],
			"sum":	{
				"start":	6.000639,
				"end":	7.0006,
				"seconds":	0.999961018562317,
				"bytes":	0,
				"bits_per_second":	0,
				"retransmits":	0,
				"omitted":	false,
				"sender":	true
			}
		}, {
			"streams":	[{
					"socket":	5,
					"start":	7.0006,
					"end":	8.000559,
					"seconds":	0.99995899200439453,
					"bytes":	393216,
					"bits_per_second":	3145857.0052902484,
					"retransmits":	6,
					"snd_cwnd":	10136,
					"snd_wnd":	823296,
					"rtt":	102781,
					"rttvar":	17431,
					"pmtu":	1500,
					"omitted":	false,
					"sender":	true
				}],
			"sum":	{
				"start":	7.0006,
				"end":	8.000559,
				"seconds":	0.99995899200439453,
				"bytes":	393216,
				"bits_per_second":	3145857.0052902484,
				"retransmits":	6,
				"omitted":	false,
				"sender":	true
			}
		}, {
			"streams":	[{
					"socket":	5,
					"start":	8.000559,
					"end":	9.000626,
					"seconds":	1.0000669956207275,
					"bytes":	0,
					"bits_per_second":	0,
					"retransmits":	0,
					"snd_cwnd":	18824,
					"snd_wnd":	824704,
					"rtt":	92369,
					"rttvar":	5925,
					"pmtu":	1500,
					"omitted":	false,
					"sender":	true
				}],
			"sum":	{
				"start":	8.000559,
				"end":	9.000626,
				"seconds":	1.0000669956207275,
				"bytes":	0,
				"bits_per_second":	0,
				"retransmits":	0,
				"omitted":	false,
				"sender":	true
			}
		}, {
			"streams":	[{
					"socket":	5,
					"start":	9.000626,
					"end":	10.000198,
					"seconds":	0.999571979045868,
					"bytes":	393216,
					"bits_per_second":	3147075.0140502392,
					"retransmits":	0,
					"snd_cwnd":	27512,
					"snd_wnd":	824704,
					"rtt":	88721,
					"rttvar":	2114,
					"pmtu":	1500,
					"omitted":	false,
					"sender":	true
				}],
			"sum":	{
				"start":	9.000626,
				"end":	10.000198,
				"seconds":	0.999571979045868,
				"bytes":	393216,
				"bits_per_second":	3147075.0140502392,
				"retransmits":	0,
				"omitted":	false,
				"sender":	true
			}
		}, {
			"streams":	[{
					"socket":	5,
					"start":	10.000198,
					"end":	11.000167,
					"seconds":	0.9999690055847168,
					"bytes":	393216,
					"bits_per_second":	3145825.5030220491,
					"retransmits":	2,
					"snd_cwnd":	26064,
					"snd_wnd":	824704,
					"rtt":	89693,
					"rttvar":	1839,
					"pmtu":	1500,
					"omitted":	false,
					"sender":	true
				}],
			"sum":	{
				"start":	10.000198,
				"end":	11.000167,
				"seconds":	0.9999690055847168,
				"bytes":	393216,
				"bits_per_second":	3145825.5030220491,
				"retransmits":	2,
				"omitted":	false,
				"sender":	true
			}
		}, {
			"streams":	[{
					"socket":	5,
					"start":	11.000167,
					"end":	12.00012,
					"seconds":	0.99995297193527222,
					"bytes":	0,
					"bits_per_second":	0,
					"retransmits":	0,
					"snd_cwnd":	31856,
					"snd_wnd":	824704,
					"rtt":	90220,
					"rttvar":	3116,
					"pmtu":	1500,
					"omitted":	false,
					"sender":	true
				}],
			"sum":	{
				"start":	11.000167,
				"end":	12.00012,
				"seconds":	0.99995297193527222,
				"bytes":	0,
				"bits_per_second":	0,
				"retransmits":	0,
				"omitted":	false,
				"sender":	true
			}
		}, {
			"streams":	[{
					"socket":	5,
					"start":	12.00012,
					"end":	13.000556,