{
	"start":	{
		"connected":	[{
				"socket":	5,
				"local_host":	"172.20.171.186",
				"local_port":	43278,
				"remote_host":	"54.227.41.78",
				"remote_port":	5201
			}],
		"version":	"iperf 3.16",
		"system_info":	"Linux DESKTOP-OR35M89 6.18.33.1-microsoft-standard-WSL2 #1 SMP PREEMPT_DYNAMIC Fri Jun  5 01:12:21 UTC 2026 x86_64",
		"timestamp":	{
			"time":	"Thu, 25 Jun 2026 22:57:49 GMT",
			"timesecs":	1782428269
		},
		"connecting_to":	{
			"host":	"54.227.41.78",
			"port":	5201
		},
		"cookie":	"gqxkhrhvs7fpetpzppwudwnif23vrdrtquqs",
		"tcp_mss_default":	1448,
		"target_bitrate":	100000000,
		"fq_rate":	0,
		"sock_bufsize":	0,
		"sndbuf_actual":	16384,
		"rcvbuf_actual":	131072,
		"test_start":	{
			"protocol":	"TCP",
			"num_streams":	1,
			"blksize":	131072,
			"omit":	0,
			"duration":	30,
			"bytes":	0,
			"blocks":	0,
			"reverse":	0,
			"tos":	0,
			"target_bitrate":	100000000,
			"bidir":	0,
			"fqrate":	0
		}
	},
	"intervals":	[{
			"streams":	[{
					"socket":	5,
					"start":	0,
					"end":	1.000601,
					"seconds":	1.000601053237915,
					"bytes":	131072,
					"bits_per_second":	1047946.1285862527,
					"retransmits":	8,
					"snd_cwnd":	5792,
					"snd_wnd":	139264,
					"rtt":	101045,
					"rttvar":	5896,
					"pmtu":	1500,
					"omitted":	false,
					"sender":	true
				}],
			"sum":	{
				"start":	0,
				"end":	1.000601,
				"seconds":	1.000601053237915,
				"bytes":	131072,
				"bits_per_second":	1047946.1285862527,
				"retransmits":	8,
				"omitted":	false,
				"sender":	true
			}
		}, {
			"streams":	[{
					"socket":	5,
					"start":	1.000601,
					"end":	2.000636,
					"seconds":	1.0000350475311279,
					"bytes":	131072,
					"bits_per_second":	1048539.2512879516,
					"retransmits":	3,
					"snd_cwnd":	4344,
					"snd_wnd":	137728,
					"rtt":	102122,
					"rttvar":	7641,
					"pmtu":	1500,
					"omitted":	false,
					"sender":	true
				}],
			"sum":	{
				"start":	1.000601,
				"end":	2.000636,
				"seconds":	1.0000350475311279,
				"bytes":	131072,
				"bits_per_second":	1048539.2512879516,
				"retransmits":	3,
				"omitted":	false,
				"sender":	true
			}
		}, {
			"streams":	[{
					"socket":	5,
					"start":	2.000636,
					"end":	3.000645,
					"seconds":	1.0000089406967163,
					"bytes":	0,
					"bits_per_second":	0,
					"retransmits":	2,
					"snd_cwnd":	4344,
					"snd_wnd":	139264,
					"rtt":	118629,
					"rttvar":	29089,
					"pmtu":	1500,
					"omitted":	false,
					"sender":	true
				}],
			"sum":	{
				"start":	2.000636,
				"end":	3.000645,
				"seconds":	1.0000089406967163,
				"bytes":	0,
				"bits_per_second":	0,
				"retransmits":	2,
				"omitted":	false,
				"sender":	true
			}
		}, {
			"streams":	[{
					"socket":	5,
					"start":	3.000645,
					"end":	4.000181,
					"seconds":	0.99953597784042358,
					"bytes":	0,
					"bits_per_second":	0,
					"retransmits":	0,
					"snd_cwnd":	11584,
					"snd_wnd":	139264,
					"rtt":	106541,
					"rttvar":	12926,
					"pmtu":	1500,
					"omitted":	false,
					"sender":	true
				}],
			"sum":	{
				"start":	3.000645,
				"end":	4.000181,
				"seconds":	0.99953597784042358,
				"bytes":	0,
				"bits_per_second":	0,
				"retransmits":	0,
				"omitted":	false,
				"sender":	true
			}
		}, {
			"streams":	[{
					"socket":	5,
					"start":	4.000181,
					"end":	5.000155,
					"seconds":	0.999974012374878,
					"bytes":	131072,
					"bits_per_second":	1048603.2507081812,
					"retransmits":	4,
					"snd_cwnd":	7240,
					"snd_wnd":	139264,
					"rtt":	107322,
					"rttvar":	15175,
					"pmtu":	1500,
					"omitted":	false,
					"sender":	true
				}],
			"sum":	{
				"start":	4.000181,
				"end":	5.000155,
				"seconds":	0.999974012374878,
				"bytes":	131072,
				"bits_per_second":	1048603.2507081812,
				"retransmits":	4,
				"omitted":	false,
				"sender":	true
			}
		}, {
			"streams":	[{
					"socket":	5,
					"start":	5.000155,
					"end":	6.000645,
					"seconds":	1.0004899501800537,
					"bytes":	131072,
					"bits_per_second":	1048062.5015886391,
					"retransmits":	3,
					"snd_cwnd":	5792,
					"snd_wnd":	130944,
					"rtt":	100261,
					"rttvar":	3475,
					"pmtu":	1500,
					"omitted":	false,
					"sender":	true
				}],
			"sum":	{
				"start":	5.000155,
				"end":	6.000645,
				"seconds":	1.0004899501800537,
				"bytes":	131072,
				"bits_per_second":	1048062.5015886391,
				"retransmits":	3,
				"omitted":	false,
				"sender":	true
			}
		}, {
			"streams":	[{
					"socket":	5,
					"start":	6.000645,
					"end":	7.000583,
					"seconds":	0.99993801116943359,
					"bytes":	0,
					"bits_per_second":	0,
					"retransmits":	0,
					"snd_cwnd":	13032,
					"snd_wnd":	139264,
					"rtt":	101551,
					"rttvar":	4432,
					"pmtu":	1500,
					"omitted":	false,
					"sender":	true
				}],
			"sum":	{
				"start":	6.000645,
				"end":	7.000583,
				"seconds":	0.99993801116943359,
				"bytes":	0,
				"bits_per_second":	0,
				"retransmits":	0,
				"omitted":	false,
				"sender":	true
			}
		}, {
			"streams":	[{
					"socket":	5,
					"start":	7.000583,
					"end":	8.000143,
					"seconds":	0.999559998512268,
					"bytes":	131072,
					"bits_per_second":	1049037.5780950484,
					"retransmits":	4,
					"snd_cwnd":	4344,
					"snd_wnd":	139264,
					"rtt":	109927,
					"rttvar":	20655,
					"pmtu":	1500,
					"omitted":	false,
					"sender":	true
				}],
			"sum":	{
				"start":	7.000583,
				"end":	8.000143,
				"seconds":	0.999559998512268,
				"bytes":	131072,
				"bits_per_second":	1049037.5780950484,
				"retransmits":	4,
				"omitted":	false,
				"sender":	true
			}
		}, {
			"streams":	[{
					"socket":	5,
					"start":	8.000143,
					"end":	9.00011,
					"seconds":	0.99996697902679443,
					"bytes":	0,
					"bits_per_second":	0,
					"retransmits":	2,
					"snd_cwnd":	7240,
					"snd_wnd":	137728,
					"rtt":	104827,
					"rttvar":	10938,
					"pmtu":	1500,
					"omitted":	false,
					"sender":	true
				}],
			"sum":	{
				"start":	8.000143,
				"end":	9.00011,
				"seconds":	0.99996697902679443,
				"bytes":	0,
				"bits_per_second":	0,
				"retransmits":	2,
				"omitted":	false,
				"sender":	true
			}
		}, {
			"streams":	[{
					"socket":	5,
					"start":	9.00011,
					"end":	10.000276,
					"seconds":	1.0001660585403442,
					"bytes":	131072,
					"bits_per_second":	1048401.9039101426,
					"retransmits":	0,
					"snd_cwnd":	13032,
					"snd_wnd":	139264,
					"rtt":	103008,
					"rttvar":	8005,
					"pmtu":	1500,
					"omitted":	false,
					"sender":	true
				}],
			"sum":	{
				"start":	9.00011,
				"end":	10.000276,
				"seconds":	1.0001660585403442,
				"bytes":	131072,
				"bits_per_second":	1048401.9039101426,
				"retransmits":	0,
				"omitted":	false,
				"sender":	true
			}
		}, {
			"streams":	[{
					"socket":	5,
					"start":	10.000276,
					"end":	11.000212,
					"seconds":	0.99993598461151123,
					"bytes":	131072,
					"bits_per_second":	1048643.1292973082,
					"retransmits":	6,
					"snd_cwnd":	5792,
					"snd_wnd":	128256,
					"rtt":	101137,
					"rttvar":	2557,
					"pmtu":	1500,
					"omitted":	false,
					"sender":	true
				}],
			"sum":	{
				"start":	10.000276,
				"end":	11.000212,
				"seconds":	0.99993598461151123,
				"bytes":	131072,
				"bits_per_second":	1048643.1292973082,
				"retransmits":	6,
				"omitted":	false,
				"sender":	true
			}
		}, {
			"streams":	[{
					"socket":	5,
					"start":	11.000212,
					"end":	12.00053,
					"seconds":	1.0003180503845215,
					"bytes":	0,
					"bits_per_second":	0,
					"retransmits":	2,
					"snd_cwnd":	8688,
					"snd_wnd":	137728,
					"rtt":	99680,
					"rttvar":	2694,
					"pmtu":	1500,
					"omitted":	false,
					"sender":	true
				}],
			"sum":	{
				"start":	11.000212,
				"end":	12.00053,
				"seconds":	1.0003180503845215,
				"bytes":	0,
				"bits_per_second":	0,
				"retransmits":	2,
				"omitted":	false,
				"sender":	true
			}
		}, {
			"streams":	[{
					"socket":	5,
					"start":	12.00053,
					"end":	13.00011,
					"seconds":	0.9995800256729126,