{
	"start":	{
		"connected":	[{
				"socket":	5,
				"local_host":	"172.20.171.186",
				"local_port":	46138,
				"remote_host":	"54.227.41.78",
				"remote_port":	5201
			}],
		"version":	"iperf 3.16",
		"system_info":	"Linux DESKTOP-OR35M89 6.18.33.1-microsoft-standard-WSL2 #1 SMP PREEMPT_DYNAMIC Fri Jun  5 01:12:21 UTC 2026 x86_64",
		"timestamp":	{
			"time":	"Thu, 25 Jun 2026 21:54:31 GMT",
			"timesecs":	1782424471
		},
		"connecting_to":	{
			"host":	"54.227.41.78",
			"port":	5201
		},
		"cookie":	"s5xcj23tmkha3c4djjlq7z5wuxeeexm4ojox",
		"tcp_mss_default":	1448,
		"target_bitrate":	100000000,
		"fq_rate":	0,
		"sock_bufsize":	0,
		"sndbuf_actual":	16384,
		"rcvbuf_actual":	131072,
		"test_start":	{
			"protocol":	"TCP",
			"num_streams":	1,
			"blksize":	131072,
			"omit":	0,
			"duration":	30,
			"bytes":	0,
			"blocks":	0,
			"reverse":	0,
			"tos":	0,
			"target_bitrate":	100000000,
			"bidir":	0,
			"fqrate":	0
		}
	},
	"intervals":	[{
			"streams":	[{
					"socket":	5,
					"start":	0,
					"end":	1.00044,
					"seconds":	1.0004400014877319,
					"bytes":	2621440,
					"bits_per_second":	20962296.558328059,
					"retransmits":	17,
					"snd_cwnd":	104256,
					"snd_wnd":	1988352,
					"rtt":	91960,
					"rttvar":	2545,
					"pmtu":	1500,
					"omitted":	false,
					"sender":	true
				}],
			"sum":	{
				"start":	0,
				"end":	1.00044,
				"seconds":	1.0004400014877319,
				"bytes":	2621440,
				"bits_per_second":	20962296.558328059,
				"retransmits":	17,
				"omitted":	false,
				"sender":	true
			}
		}, {
			"streams":	[{
					"socket":	5,
					"start":	1.00044,
					"end":	2.000278,
					"seconds":	0.99983799457550049,
					"bytes":	655360,
					"bits_per_second":	5243729.5126256533,
					"retransmits":	10,
					"snd_cwnd":	40544,
					"snd_wnd":	1989760,
					"rtt":	90554,
					"rttvar":	1723,
					"pmtu":	1500,
					"omitted":	false,
					"sender":	true
				}],
			"sum":	{
				"start":	1.00044,
				"end":	2.000278,
				"seconds":	0.99983799457550049,
				"bytes":	655360,
				"bits_per_second":	5243729.5126256533,
				"retransmits":	10,
				"omitted":	false,
				"sender":	true
			}
		}, {
			"streams":	[{
					"socket":	5,
					"start":	2.000278,
					"end":	3.000166,
					"seconds":	0.999888002872467,
					"bytes":	524288,
					"bits_per_second":	4194773.8026165431,
					"retransmits":	2,
					"snd_cwnd":	33304,
					"snd_wnd":	1989760,
					"rtt":	89986,
					"rttvar":	2192,
					"pmtu":	1500,
					"omitted":	false,
					"sender":	true
				}],
			"sum":	{
				"start":	2.000278,
				"end":	3.000166,
				"seconds":	0.999888002872467,
				"bytes":	524288,
				"bits_per_second":	4194773.8026165431,
				"retransmits":	2,
				"omitted":	false,
				"sender":	true
			}
		}, {
			"streams":	[{
					"socket":	5,
					"start":	3.000166,
					"end":	4.000512,
					"seconds":	1.0003459453582764,
					"bytes":	0,
					"bits_per_second":	0,
					"retransmits":	4,
					"snd_cwnd":	17376,
					"snd_wnd":	1988352,
					"rtt":	88963,
					"rttvar":	487,
					"pmtu":	1500,
					"omitted":	false,
					"sender":	true
				}],
			"sum":	{
				"start":	3.000166,
				"end":	4.000512,
				"seconds":	1.0003459453582764,
				"bytes":	0,
				"bits_per_second":	0,
				"retransmits":	4,
				"omitted":	false,
				"sender":	true
			}
		}, {
			"streams":	[{
					"socket":	5,
					"start":	4.000512,
					"end":	5.000504,
					"seconds":	0.9999920129776,
					"bytes":	655360,
					"bits_per_second":	5242921.87533446,
					"retransmits":	0,
					"snd_cwnd":	24616,
					"snd_wnd":	1989760,
					"rtt":	90922,
					"rttvar":	3321,
					"pmtu":	1500,
					"omitted":	false,
					"sender":	true
				}],
			"sum":	{
				"start":	4.000512,
				"end":	5.000504,
				"seconds":	0.9999920129776,
				"bytes":	655360,
				"bits_per_second":	5242921.87533446,
				"retransmits":	0,
				"omitted":	false,
				"sender":	true
			}
		}, {
			"streams":	[{
					"socket":	5,
					"start":	5.000504,
					"end":	6.000123,
					"seconds":	0.9996190071105957,
					"bytes":	0,
					"bits_per_second":	0,
					"retransmits":	4,
					"snd_cwnd":	24616,
					"snd_wnd":	1989760,
					"rtt":	92259,
					"rttvar":	4721,
					"pmtu":	1500,
					"omitted":	false,
					"sender":	true
				}],
			"sum":	{
				"start":	5.000504,
				"end":	6.000123,
				"seconds":	0.9996190071105957,
				"bytes":	0,
				"bits_per_second":	0,
				"retransmits":	4,
				"omitted":	false,
				"sender":	true
			}
		}, {
			"streams":	[{
					"socket":	5,
					"start":	6.000123,
					"end":	7.000188,
					"seconds":	1.0000649690628052,
					"bytes":	0,
					"bits_per_second":	0,
					"retransmits":	0,
					"snd_cwnd":	30408,
					"snd_wnd":	1989760,
					"rtt":	90822,
					"rttvar":	3413,
					"pmtu":	1500,
					"omitted":	false,
					"sender":	true
				}],
			"sum":	{
				"start":	6.000123,
				"end":	7.000188,
				"seconds":	1.0000649690628052,
				"bytes":	0,
				"bits_per_second":	0,
				"retransmits":	0,
				"omitted":	false,
				"sender":	true
			}
		}, {
			"streams":	[{
					"socket":	5,
					"start":	7.000188,
					"end":	8.000424,
					"seconds":	1.0002360343933105,
					"bytes":	655360,
					"bits_per_second":	5241642.7920236345,
					"retransmits":	5,
					"snd_cwnd":	13032,
					"snd_wnd":	1988352,
					"rtt":	89709,
					"rttvar":	1449,
					"pmtu":	1500,
					"omitted":	false,
					"sender":	true
				}],
			"sum":	{
				"start":	7.000188,
				"end":	8.000424,
				"seconds":	1.0002360343933105,
				"bytes":	655360,
				"bits_per_second":	5241642.7920236345,
				"retransmits":	5,
				"omitted":	false,
				"sender":	true
			}
		}, {
			"streams":	[{
					"socket":	5,
					"start":	8.000424,
					"end":	9.000332,
					"seconds":	0.9999079704284668,
					"bytes":	0,
					"bits_per_second":	0,
					"retransmits":	0,
					"snd_cwnd":	21720,
					"snd_wnd":	1989760,
					"rtt":	89947,
					"rttvar":	987,
					"pmtu":	1500,
					"omitted":	false,
					"sender":	true
				}],
			"sum":	{
				"start":	8.000424,
				"end":	9.000332,
				"seconds":	0.9999079704284668,
				"bytes":	0,
				"bits_per_second":	0,
				"retransmits":	0,
				"omitted":	false,
				"sender":	true
			}
		}, {
			"streams":	[{
					"socket":	5,
					"start":	9.000332,
					"end":	10.000313,
					"seconds":	0.99998098611831665,
					"bytes":	655360,
					"bits_per_second":	5242979.6893954827,
					"retransmits":	1,
					"snd_cwnd":	20272,
					"snd_wnd":	1989760,
					"rtt":	90625,
					"rttvar":	3166,
					"pmtu":	1500,
					"omitted":	false,
					"sender":	true
				}],
			"sum":	{
				"start":	9.000332,
				"end":	10.000313,
				"seconds":	0.99998098611831665,
				"bytes":	655360,
				"bits_per_second":	5242979.6893954827,
				"retransmits":	1,
				"omitted":	false,
				"sender":	true
			}
		}, {
			"streams":	[{
					"socket":	5,
					"start":	10.000313,
					"end":	11.000436,
					"seconds":	1.0001230239868164,
					"bytes":	0,
					"bits_per_second":	0,
					"retransmits":	1,
					"snd_cwnd":	20272,
					"snd_wnd":	1989760,
					"rtt":	93164,
					"rttvar":	6255,
					"pmtu":	1500,
					"omitted":	false,
					"sender":	true
				}],
			"sum":	{
				"start":	10.000313,
				"end":	11.000436,
				"seconds":	1.0001230239868164,
				"bytes":	0,
				"bits_per_second":	0,
				"retransmits":	1,
				"omitted":	false,
				"sender":	true
			}
		}, {
			"streams":	[{
					"socket":	5,
					"start":	11.000436,
					"end":	12.000161,
					"seconds":	0.99972498416900635,
					"bytes":	0,
					"bits_per_second":	0,
					"retransmits":	2,
					"snd_cwnd":	17376,
					"snd_wnd":	1989760,
					"rtt":	93289,
					"rttvar":	6683,
					"pmtu":	1500,
					"omitted":	false,
					"sender":	true
				}],
			"sum":	{
				"start":	11.000436,
				"end":	12.000161,
				"seconds":	0.99972498416900635,
				"bytes":	0,
				"bits_per_second":	0,
				"retransmits":	2,
				"omitted":	false,
				"sender":	true
			}
		}, {
			"streams":	[{
					"socket":	5,
					"start":	12.000161,
					"end":	13.000146,
					"seconds":	0.9999849796295166,
					"bytes":	524288,