{
	"start":	{
		"connected":	[{
				"socket":	5,
				"local_host":	"172.20.171.186",
				"local_port":	40746,
				"remote_host":	"54.227.41.78",
				"remote_port":	5201
			}],
		"version":	"iperf 3.16",
		"system_info":	"Linux DESKTOP-OR35M89 6.18.33.1-microsoft-standard-WSL2 #1 SMP PREEMPT_DYNAMIC Fri Jun  5 01:12:21 UTC 2026 x86_64",
		"timestamp":	{
			"time":	"Thu, 25 Jun 2026 22:54:33 GMT",
			"timesecs":	1782428073
		},
		"connecting_to":	{
			"host":	"54.227.41.78",
			"port":	5201
		},
		"cookie":	"ytbzk53umacqhdm22mlbigwih5d2htvwpdjh",
		"tcp_mss_default":	1448,
		"target_bitrate":	100000000,
		"fq_rate":	0,
		"sock_bufsize":	0,
		"sndbuf_actual":	16384,
		"rcvbuf_actual":	131072,
		"test_start":	{
			"protocol":	"TCP",
			"num_streams":	1,
			"blksize":	131072,
			"omit":	0,
			"duration":	30,
			"bytes":	0,
			"blocks":	0,
			"reverse":	0,
			"tos":	0,
			"target_bitrate":	100000000,
			"bidir":	0,
			"fqrate":	0
		}
	},
	"intervals":	[{
			"streams":	[{
					"socket":	5,
					"start":	0,
					"end":	1.000131,
					"seconds":	1.0001310110092163,
					"bytes":	131072,
					"bits_per_second":	1048438.64299528,
					"retransmits":	4,
					"snd_cwnd":	8688,
					"snd_wnd":	130560,
					"rtt":	93592,
					"rttvar":	8063,
					"pmtu":	1500,
					"omitted":	false,
					"sender":	true
				}],
			"sum":	{
				"start":	0,
				"end":	1.000131,
				"seconds":	1.0001310110092163,
				"bytes":	131072,
				"bits_per_second":	1048438.64299528,
				"retransmits":	4,
				"omitted":	false,
				"sender":	true
			}
		}, {
			"streams":	[{
					"socket":	5,
					"start":	1.000131,
					"end":	2.00013,
					"seconds":	0.99999898672103882,
					"bytes":	131072,
					"bits_per_second":	1048577.0625010766,
					"retransmits":	5,
					"snd_cwnd":	5792,
					"snd_wnd":	116864,
					"rtt":	94045,
					"rttvar":	10246,
					"pmtu":	1500,
					"omitted":	false,
					"sender":	true
				}],
			"sum":	{
				"start":	1.000131,
				"end":	2.00013,
				"seconds":	0.99999898672103882,
				"bytes":	131072,
				"bits_per_second":	1048577.0625010766,
				"retransmits":	5,
				"omitted":	false,
				"sender":	true
			}
		}, {
			"streams":	[{
					"socket":	5,
					"start":	2.00013,
					"end":	3.000137,
					"seconds":	1.0000070333480835,
					"bytes":	0,
					"bits_per_second":	0,
					"retransmits":	0,
					"snd_cwnd":	13032,
					"snd_wnd":	130560,
					"rtt":	99942,
					"rttvar":	17587,
					"pmtu":	1500,
					"omitted":	false,
					"sender":	true
				}],
			"sum":	{
				"start":	2.00013,
				"end":	3.000137,
				"seconds":	1.0000070333480835,
				"bytes":	0,
				"bits_per_second":	0,
				"retransmits":	0,
				"omitted":	false,
				"sender":	true
			}
		}, {
			"streams":	[{
					"socket":	5,
					"start":	3.000137,
					"end":	4.000234,
					"seconds":	1.0000970363616943,
					"bytes":	131072,
					"bits_per_second":	1048474.2598724918,
					"retransmits":	2,
					"snd_cwnd":	14480,
					"snd_wnd":	130560,
					"rtt":	90106,
					"rttvar":	1955,
					"pmtu":	1500,
					"omitted":	false,
					"sender":	true
				}],
			"sum":	{
				"start":	3.000137,
				"end":	4.000234,
				"seconds":	1.0000970363616943,
				"bytes":	131072,
				"bits_per_second":	1048474.2598724918,
				"retransmits":	2,
				"omitted":	false,
				"sender":	true
			}
		}, {
			"streams":	[{
					"socket":	5,
					"start":	4.000234,
					"end":	5.000131,
					"seconds":	0.999897003173828,
					"bytes":	131072,
					"bits_per_second":	1048684.011124803,
					"retransmits":	5,
					"snd_cwnd":	8688,
					"snd_wnd":	136320,
					"rtt":	97762,
					"rttvar":	14170,
					"pmtu":	1500,
					"omitted":	false,
					"sender":	true
				}],
			"sum":	{
				"start":	4.000234,
				"end":	5.000131,
				"seconds":	0.999897003173828,
				"bytes":	131072,
				"bits_per_second":	1048684.011124803,
				"retransmits":	5,
				"omitted":	false,
				"sender":	true
			}
		}, {
			"streams":	[{
					"socket":	5,
					"start":	5.000131,
					"end":	6.00018,
					"seconds":	1.0000489950180054,
					"bytes":	0,
					"bits_per_second":	0,
					"retransmits":	3,
					"snd_cwnd":	4344,
					"snd_wnd":	137856,
					"rtt":	108789,
					"rttvar":	25007,
					"pmtu":	1500,
					"omitted":	false,
					"sender":	true
				}],
			"sum":	{
				"start":	5.000131,
				"end":	6.00018,
				"seconds":	1.0000489950180054,
				"bytes":	0,
				"bits_per_second":	0,
				"retransmits":	3,
				"omitted":	false,
				"sender":	true
			}
		}, {
			"streams":	[{
					"socket":	5,
					"start":	6.00018,
					"end":	7.000213,
					"seconds":	1.0000330209732056,
					"bytes":	131072,
					"bits_per_second":	1048541.3761433135,
					"retransmits":	0,
					"snd_cwnd":	11584,
					"snd_wnd":	137856,
					"rtt":	94842,
					"rttvar":	5836,
					"pmtu":	1500,
					"omitted":	false,
					"sender":	true
				}],
			"sum":	{
				"start":	6.00018,
				"end":	7.000213,
				"seconds":	1.0000330209732056,
				"bytes":	131072,
				"bits_per_second":	1048541.3761433135,
				"retransmits":	0,
				"omitted":	false,
				"sender":	true
			}
		}, {
			"streams":	[{
					"socket":	5,
					"start":	7.000213,
					"end":	8.000129,
					"seconds":	0.99991601705551147,
					"bytes":	131072,
					"bits_per_second":	1048664.0698963692,
					"retransmits":	2,
					"snd_cwnd":	14480,
					"snd_wnd":	137856,
					"rtt":	91267,
					"rttvar":	3407,
					"pmtu":	1500,
					"omitted":	false,
					"sender":	true
				}],
			"sum":	{
				"start":	7.000213,
				"end":	8.000129,
				"seconds":	0.99991601705551147,
				"bytes":	131072,
				"bits_per_second":	1048664.0698963692,
				"retransmits":	2,
				"omitted":	false,
				"sender":	true
			}
		}, {
			"streams":	[{
					"socket":	5,
					"start":	8.000129,
					"end":	9.00021,
					"seconds":	1.000080943107605,
					"bytes":	131072,
					"bits_per_second":	1048491.1318694903,
					"retransmits":	3,
					"snd_cwnd":	8688,
					"snd_wnd":	136320,
					"rtt":	99005,
					"rttvar":	15694,
					"pmtu":	1500,
					"omitted":	false,
					"sender":	true
				}],
			"sum":	{
				"start":	8.000129,
				"end":	9.00021,
				"seconds":	1.000080943107605,
				"bytes":	131072,
				"bits_per_second":	1048491.1318694903,
				"retransmits":	3,
				"omitted":	false,
				"sender":	true
			}
		}, {
			"streams":	[{
					"socket":	5,
					"start":	9.00021,
					"end":	10.00022,
					"seconds":	1.0000100135803223,
					"bytes":	0,
					"bits_per_second":	0,
					"retransmits":	3,
					"snd_cwnd":	5792,
					"snd_wnd":	136320,
					"rtt":	95660,
					"rttvar":	6871,
					"pmtu":	1500,
					"omitted":	false,
					"sender":	true
				}],
			"sum":	{
				"start":	9.00021,
				"end":	10.00022,
				"seconds":	1.0000100135803223,
				"bytes":	0,
				"bits_per_second":	0,
				"retransmits":	3,
				"omitted":	false,
				"sender":	true
			}
		}, {
			"streams":	[{
					"socket":	5,
					"start":	10.00022,
					"end":	11.000174,
					"seconds":	0.9999539852142334,
					"bytes":	131072,
					"bits_per_second":	1048624.2522203156,
					"retransmits":	2,
					"snd_cwnd":	7240,
					"snd_wnd":	137856,
					"rtt":	99079,
					"rttvar":	13667,
					"pmtu":	1500,
					"omitted":	false,
					"sender":	true
				}],
			"sum":	{
				"start":	10.00022,
				"end":	11.000174,
				"seconds":	0.9999539852142334,
				"bytes":	131072,
				"bits_per_second":	1048624.2522203156,
				"retransmits":	2,
				"omitted":	false,
				"sender":	true
			}
		}, {
			"streams":	[{
					"socket":	5,
					"start":	11.000174,
					"end":	12.000215,
					"seconds":	1.0000410079956055,
					"bytes":	0,
					"bits_per_second":	0,
					"retransmits":	3,
					"snd_cwnd":	5792,
					"snd_wnd":	137856,
					"rtt":	103055,
					"rttvar":	22630,
					"pmtu":	1500,
					"omitted":	false,
					"sender":	true
				}],
			"sum":	{
				"start":	11.000174,
				"end":	12.000215,
				"seconds":	1.0000410079956055,
				"bytes":	0,
				"bits_per_second":	0,
				"retransmits":	3,
				"omitted":	false,
				"sender":	true
			}
		}, {
			"streams":	[{
					"socket":	5,
					"start":	12.000215,
					"end":	13.000123,