{
	"start":	{
		"connected":	[{
				"socket":	5,
				"local_host":	"172.20.171.186",
				"local_port":	46886,
				"remote_host":	"54.227.41.78",
				"remote_port":	5201
			}],
		"version":	"iperf 3.16",
		"system_info":	"Linux DESKTOP-OR35M89 6.18.33.1-microsoft-standard-WSL2 #1 SMP PREEMPT_DYNAMIC Fri Jun  5 01:12:21 UTC 2026 x86_64",
		"timestamp":	{
			"time":	"Thu, 25 Jun 2026 22:27:45 GMT",
			"timesecs":	1782426465
		},
		"connecting_to":	{
			"host":	"54.227.41.78",
			"port":	5201
		},
		"cookie":	"3qni5iwca6phhy3awgvyhas5vt5cywx4nckb",
		"tcp_mss_default":	1448,
		"target_bitrate":	100000000,
		"fq_rate":	0,
		"sock_bufsize":	0,
		"sndbuf_actual":	16384,
		"rcvbuf_actual":	131072,
		"test_start":	{
			"protocol":	"TCP",
			"num_streams":	1,
			"blksize":	131072,
			"omit":	0,
			"duration":	30,
			"bytes":	0,
			"blocks":	0,
			"reverse":	0,
			"tos":	0,
			"target_bitrate":	100000000,
			"bidir":	0,
			"fqrate":	0
		}
	},
	"intervals":	[{
			"streams":	[{
					"socket":	5,
					"start":	0,
					"end":	1.000552,
					"seconds":	1.00055205821991,
					"bytes":	131072,
					"bits_per_second":	1047997.4443963766,
					"retransmits":	4,
					"snd_cwnd":	13032,
					"snd_wnd":	136448,
					"rtt":	100102,
					"rttvar":	3102,
					"pmtu":	1500,
					"omitted":	false,
					"sender":	true
				}],
			"sum":	{
				"start":	0,
				"end":	1.000552,
				"seconds":	1.00055205821991,
				"bytes":	131072,
				"bits_per_second":	1047997.4443963766,
				"retransmits":	4,
				"omitted":	false,
				"sender":	true
			}
		}, {
			"streams":	[{
					"socket":	5,
					"start":	1.000552,
					"end":	2.00053,
					"seconds":	0.999978005886078,
					"bytes":	131072,
					"bits_per_second":	1048599.0630072504,
					"retransmits":	7,
					"snd_cwnd":	8688,
					"snd_wnd":	136448,
					"rtt":	111719,
					"rttvar":	20008,
					"pmtu":	1500,
					"omitted":	false,
					"sender":	true
				}],
			"sum":	{
				"start":	1.000552,
				"end":	2.00053,
				"seconds":	0.999978005886078,
				"bytes":	131072,
				"bits_per_second":	1048599.0630072504,
				"retransmits":	7,
				"omitted":	false,
				"sender":	true
			}
		}, {
			"streams":	[{
					"socket":	5,
					"start":	2.00053,
					"end":	3.000528,
					"seconds":	0.99999797344207764,
					"bytes":	0,
					"bits_per_second":	0,
					"retransmits":	3,
					"snd_cwnd":	5792,
					"snd_wnd":	134912,
					"rtt":	109247,
					"rttvar":	12235,
					"pmtu":	1500,
					"omitted":	false,
					"sender":	true
				}],
			"sum":	{
				"start":	2.00053,
				"end":	3.000528,
				"seconds":	0.99999797344207764,
				"bytes":	0,
				"bits_per_second":	0,
				"retransmits":	3,
				"omitted":	false,
				"sender":	true
			}
		}, {
			"streams":	[{
					"socket":	5,
					"start":	3.000528,
					"end":	4.000501,
					"seconds":	0.99997299909591675,
					"bytes":	131072,
					"bits_per_second":	1048604.3132644838,
					"retransmits":	0,
					"snd_cwnd":	13032,
					"snd_wnd":	136448,
					"rtt":	108236,
					"rttvar":	15407,
					"pmtu":	1500,
					"omitted":	false,
					"sender":	true
				}],
			"sum":	{
				"start":	3.000528,
				"end":	4.000501,
				"seconds":	0.99997299909591675,
				"bytes":	131072,
				"bits_per_second":	1048604.3132644838,
				"retransmits":	0,
				"omitted":	false,
				"sender":	true
			}
		}, {
			"streams":	[{
					"socket":	5,
					"start":	4.000501,
					"end":	5.00018,
					"seconds":	0.99967902898788452,
					"bytes":	131072,
					"bits_per_second":	1048912.6705614908,
					"retransmits":	2,
					"snd_cwnd":	14480,
					"snd_wnd":	136448,
					"rtt":	109148,
					"rttvar":	14616,
					"pmtu":	1500,
					"omitted":	false,
					"sender":	true
				}],
			"sum":	{
				"start":	4.000501,
				"end":	5.00018,
				"seconds":	0.99967902898788452,
				"bytes":	131072,
				"bits_per_second":	1048912.6705614908,
				"retransmits":	2,
				"omitted":	false,
				"sender":	true
			}
		}, {
			"streams":	[{
					"socket":	5,
					"start":	5.00018,
					"end":	6.000533,
					"seconds":	1.00035297870636,
					"bytes":	131072,
					"bits_per_second":	1048206.0056001446,
					"retransmits":	1,
					"snd_cwnd":	14480,
					"snd_wnd":	136448,
					"rtt":	102582,
					"rttvar":	7540,
					"pmtu":	1500,
					"omitted":	false,
					"sender":	true
				}],
			"sum":	{
				"start":	5.00018,
				"end":	6.000533,
				"seconds":	1.00035297870636,
				"bytes":	131072,
				"bits_per_second":	1048206.0056001446,
				"retransmits":	1,
				"omitted":	false,
				"sender":	true
			}
		}, {
			"streams":	[{
					"socket":	5,
					"start":	6.000533,
					"end":	7.000559,
					"seconds":	1.0000259876251221,
					"bytes":	131072,
					"bits_per_second":	1048548.7507081444,
					"retransmits":	6,
					"snd_cwnd":	8688,
					"snd_wnd":	134912,
					"rtt":	99574,
					"rttvar":	3193,
					"pmtu":	1500,
					"omitted":	false,
					"sender":	true
				}],
			"sum":	{
				"start":	6.000533,
				"end":	7.000559,
				"seconds":	1.0000259876251221,
				"bytes":	131072,
				"bits_per_second":	1048548.7507081444,
				"retransmits":	6,
				"omitted":	false,
				"sender":	true
			}
		}, {
			"streams":	[{
					"socket":	5,
					"start":	7.000559,
					"end":	8.000525,
					"seconds":	0.999966025352478,
					"bytes":	0,
					"bits_per_second":	0,
					"retransmits":	0,
					"snd_cwnd":	15928,
					"snd_wnd":	136448,
					"rtt":	106279,
					"rttvar":	13421,
					"pmtu":	1500,
					"omitted":	false,
					"sender":	true
				}],
			"sum":	{
				"start":	7.000559,
				"end":	8.000525,
				"seconds":	0.999966025352478,
				"bytes":	0,
				"bits_per_second":	0,
				"retransmits":	0,
				"omitted":	false,
				"sender":	true
			}
		}, {
			"streams":	[{
					"socket":	5,
					"start":	8.000525,
					"end":	9.000523,
					"seconds":	0.99999797344207764,
					"bytes":	262144,
					"bits_per_second":	2097156.2500086129,
					"retransmits":	0,
					"snd_cwnd":	23168,
					"snd_wnd":	136448,
					"rtt":	100587,
					"rttvar":	3391,
					"pmtu":	1500,
					"omitted":	false,
					"sender":	true
				}],
			"sum":	{
				"start":	8.000525,
				"end":	9.000523,
				"seconds":	0.99999797344207764,
				"bytes":	262144,
				"bits_per_second":	2097156.2500086129,
				"retransmits":	0,
				"omitted":	false,
				"sender":	true
			}
		}, {
			"streams":	[{
					"socket":	5,
					"start":	9.000523,
					"end":	10.000517,
					"seconds":	0.99999397993087769,
					"bytes":	131072,
					"bits_per_second":	1048582.3125380019,
					"retransmits":	4,
					"snd_cwnd":	10136,
					"snd_wnd":	140800,
					"rtt":	103829,
					"rttvar":	10054,
					"pmtu":	1500,
					"omitted":	false,
					"sender":	true
				}],
			"sum":	{
				"start":	9.000523,
				"end":	10.000517,
				"seconds":	0.99999397993087769,
				"bytes":	131072,
				"bits_per_second":	1048582.3125380019,
				"retransmits":	4,
				"omitted":	false,
				"sender":	true
			}
		}, {
			"streams":	[{
					"socket":	5,
					"start":	10.000517,
					"end":	11.000541,
					"seconds":	1.0000239610672,
					"bytes":	131072,
					"bits_per_second":	1048550.8756020074,
					"retransmits":	0,
					"snd_cwnd":	15928,
					"snd_wnd":	140800,
					"rtt":	105838,
					"rttvar":	12591,
					"pmtu":	1500,
					"omitted":	false,
					"sender":	true
				}],
			"sum":	{
				"start":	10.000517,
				"end":	11.000541,
				"seconds":	1.0000239610672,
				"bytes":	131072,
				"bits_per_second":	1048550.8756020074,
				"retransmits":	0,
				"omitted":	false,
				"sender":	true
			}
		}, {
			"streams":	[{
					"socket":	5,
					"start":	11.000541,
					"end":	12.000553,
					"seconds":	1.0000120401382446,
					"bytes":	131072,
					"bits_per_second":	1048563.3751520049,
					"retransmits":	4,
					"snd_cwnd":	14480,
					"snd_wnd":	140800,
					"rtt":	101586,
					"rttvar":	7344,
					"pmtu":	1500,
					"omitted":	false,
					"sender":	true
				}],
			"sum":	{
				"start":	11.000541,
				"end":	12.000553,
				"seconds":	1.0000120401382446,
				"bytes":	131072,
				"bits_per_second":	1048563.3751520049,
				"retransmits":	4,
				"omitted":	false,