{
	"start":	{
		"connected":	[{
				"socket":	5,
				"local_host":	"172.20.171.186",
				"local_port":	51004,
				"remote_host":	"54.227.41.78",
				"remote_port":	5201
			}],
		"version":	"iperf 3.16",
		"system_info":	"Linux DESKTOP-OR35M89 6.18.33.1-microsoft-standard-WSL2 #1 SMP PREEMPT_DYNAMIC Fri Jun  5 01:12:21 UTC 2026 x86_64",
		"timestamp":	{
			"time":	"Thu, 25 Jun 2026 22:00:30 GMT",
			"timesecs":	1782424830
		},
		"connecting_to":	{
			"host":	"54.227.41.78",
			"port":	5201
		},
		"cookie":	"533shso5tpcd2lxsv3gsv3grbfaer45yc3xp",
		"tcp_mss_default":	1448,
		"target_bitrate":	100000000,
		"fq_rate":	0,
		"sock_bufsize":	0,
		"sndbuf_actual":	16384,
		"rcvbuf_actual":	131072,
		"test_start":	{
			"protocol":	"TCP",
			"num_streams":	1,
			"blksize":	131072,
			"omit":	0,
			"duration":	30,
			"bytes":	0,
			"blocks":	0,
			"reverse":	0,
			"tos":	0,
			"target_bitrate":	100000000,
			"bidir":	0,
			"fqrate":	0
		}
	},
	"intervals":	[{
			"streams":	[{
					"socket":	5,
					"start":	0,
					"end":	1.000275,
					"seconds":	1.0002750158309937,
					"bytes":	1835008,
					"bits_per_second":	14676027.860002395,
					"retransmits":	8,
					"snd_cwnd":	69504,
					"snd_wnd":	1162240,
					"rtt":	90491,
					"rttvar":	3066,
					"pmtu":	1500,
					"omitted":	false,
					"sender":	true
				}],
			"sum":	{
				"start":	0,
				"end":	1.000275,
				"seconds":	1.0002750158309937,
				"bytes":	1835008,
				"bits_per_second":	14676027.860002395,
				"retransmits":	8,
				"omitted":	false,
				"sender":	true
			}
		}, {
			"streams":	[{
					"socket":	5,
					"start":	1.000275,
					"end":	2.000317,
					"seconds":	1.0000419616699219,
					"bytes":	524288,
					"bits_per_second":	4194128.0073849442,
					"retransmits":	5,
					"snd_cwnd":	27512,
					"snd_wnd":	1163648,
					"rtt":	91154,
					"rttvar":	3840,
					"pmtu":	1500,
					"omitted":	false,
					"sender":	true
				}],
			"sum":	{
				"start":	1.000275,
				"end":	2.000317,
				"seconds":	1.0000419616699219,
				"bytes":	524288,
				"bits_per_second":	4194128.0073849442,
				"retransmits":	5,
				"omitted":	false,
				"sender":	true
			}
		}, {
			"streams":	[{
					"socket":	5,
					"start":	2.000317,
					"end":	3.000573,
					"seconds":	1.0002559423446655,
					"bytes":	393216,
					"bits_per_second":	3144923.081012853,
					"retransmits":	2,
					"snd_cwnd":	24616,
					"snd_wnd":	1163648,
					"rtt":	89680,
					"rttvar":	1389,
					"pmtu":	1500,
					"omitted":	false,
					"sender":	true
				}],
			"sum":	{
				"start":	2.000317,
				"end":	3.000573,
				"seconds":	1.0002559423446655,
				"bytes":	393216,
				"bits_per_second":	3144923.081012853,
				"retransmits":	2,
				"omitted":	false,
				"sender":	true
			}
		}, {
			"streams":	[{
					"socket":	5,
					"start":	3.000573,
					"end":	4.000487,
					"seconds":	0.999913990497589,
					"bytes":	0,
					"bits_per_second":	0,
					"retransmits":	2,
					"snd_cwnd":	24616,
					"snd_wnd":	1163648,
					"rtt":	91638,
					"rttvar":	4375,
					"pmtu":	1500,
					"omitted":	false,
					"sender":	true
				}],
			"sum":	{
				"start":	3.000573,
				"end":	4.000487,
				"seconds":	0.999913990497589,
				"bytes":	0,
				"bits_per_second":	0,
				"retransmits":	2,
				"omitted":	false,
				"sender":	true
			}
		}, {
			"streams":	[{
					"socket":	5,
					"start":	4.000487,
					"end":	5.000572,
					"seconds":	1.00008499622345,
					"bytes":	393216,
					"bits_per_second":	3145460.6477239337,
					"retransmits":	2,
					"snd_cwnd":	21720,
					"snd_wnd":	1163648,
					"rtt":	88931,
					"rttvar":	398,
					"pmtu":	1500,
					"omitted":	false,
					"sender":	true
				}],
			"sum":	{
				"start":	4.000487,
				"end":	5.000572,
				"seconds":	1.00008499622345,
				"bytes":	393216,
				"bits_per_second":	3145460.6477239337,
				"retransmits":	2,
				"omitted":	false,
				"sender":	true
			}
		}, {
			"streams":	[{
					"socket":	5,
					"start":	5.000572,
					"end":	6.000576,
					"seconds":	1.0000040531158447,
					"bytes":	0,
					"bits_per_second":	0,
					"retransmits":	2,
					"snd_cwnd":	21720,
					"snd_wnd":	1163648,
					"rtt":	90699,
					"rttvar":	3095,
					"pmtu":	1500,
					"omitted":	false,
					"sender":	true
				}],
			"sum":	{
				"start":	5.000572,
				"end":	6.000576,
				"seconds":	1.0000040531158447,
				"bytes":	0,
				"bits_per_second":	0,
				"retransmits":	2,
				"omitted":	false,
				"sender":	true
			}
		}, {
			"streams":	[{
					"socket":	5,
					"start":	6.000576,
					"end":	7.00059,
					"seconds":	1.0000139474868774,
					"bytes":	524288,
					"bits_per_second":	4194245.5008159168,
					"retransmits":	0,
					"snd_cwnd":	27512,
					"snd_wnd":	1163648,
					"rtt":	91340,
					"rttvar":	4592,
					"pmtu":	1500,
					"omitted":	false,
					"sender":	true
				}],
			"sum":	{
				"start":	6.000576,
				"end":	7.00059,
				"seconds":	1.0000139474868774,
				"bytes":	524288,
				"bits_per_second":	4194245.5008159168,
				"retransmits":	0,
				"omitted":	false,
				"sender":	true
			}
		}, {
			"streams":	[{
					"socket":	5,
					"start":	7.00059,
					"end":	8.000144,
					"seconds":	0.99955397844314575,
					"bytes":	393216,
					"bits_per_second":	3147131.6885753637,
					"retransmits":	2,
					"snd_cwnd":	26064,
					"snd_wnd":	1163648,
					"rtt":	93621,
					"rttvar":	5305,
					"pmtu":	1500,
					"omitted":	false,
					"sender":	true
				}],
			"sum":	{
				"start":	7.00059,
				"end":	8.000144,
				"seconds":	0.99955397844314575,
				"bytes":	393216,
				"bits_per_second":	3147131.6885753637,
				"retransmits":	2,
				"omitted":	false,
				"sender":	true
			}
		}, {
			"streams":	[{
					"socket":	5,
					"start":	8.000144,
					"end":	9.000114,
					"seconds":	0.999970018863678,
					"bytes":	0,
					"bits_per_second":	0,
					"retransmits":	0,
					"snd_cwnd":	33304,
					"snd_wnd":	1163648,
					"rtt":	89741,
					"rttvar":	575,
					"pmtu":	1500,
					"omitted":	false,
					"sender":	true
				}],
			"sum":	{
				"start":	8.000144,
				"end":	9.000114,
				"seconds":	0.999970018863678,
				"bytes":	0,
				"bits_per_second":	0,
				"retransmits":	0,
				"omitted":	false,
				"sender":	true
			}
		}, {
			"streams":	[{
					"socket":	5,
					"start":	9.000114,
					"end":	10.000635,
					"seconds":	1.0005209445953369,
					"bytes":	393216,
					"bits_per_second":	3144090.1032534577,
					"retransmits":	3,
					"snd_cwnd":	20272,
					"snd_wnd":	1163648,
					"rtt":	90891,
					"rttvar":	4244,
					"pmtu":	1500,
					"omitted":	false,
					"sender":	true
				}],
			"sum":	{
				"start":	9.000114,
				"end":	10.000635,
				"seconds":	1.0005209445953369,
				"bytes":	393216,
				"bits_per_second":	3144090.1032534577,
				"retransmits":	3,
				"omitted":	false,
				"sender":	true
			}
		}, {
			"streams":	[{
					"socket":	5,
					"start":	10.000635,
					"end":	11.000472,
					"seconds":	0.99983698129653931,
					"bytes":	393216,
					"bits_per_second":	3146240.8961116592,
					"retransmits":	2,
					"snd_cwnd":	20272,
					"snd_wnd":	1163648,
					"rtt":	92071,
					"rttvar":	5516,
					"pmtu":	1500,
					"omitted":	false,
					"sender":	true
				}],
			"sum":	{
				"start":	10.000635,
				"end":	11.000472,
				"seconds":	0.99983698129653931,
				"bytes":	393216,
				"bits_per_second":	3146240.8961116592,
				"retransmits":	2,
				"omitted":	false,
				"sender":	true
			}
		}, {
			"streams":	[{
					"socket":	5,
					"start":	11.000472,
					"end":	12.000397,
					"seconds":	0.99992501735687256,
					"bytes":	0,
					"bits_per_second":	0,
					"retransmits":	0,
					"snd_cwnd":	26064,
					"snd_wnd":	1163648,
					"rtt":	92245,
					"rttvar":	4387,
					"pmtu":	1500,
					"omitted":	false,
					"sender":	true
				}],
			"sum":	{
				"start":	11.000472,
				"end":	12.000397,
				"seconds":	0.99992501735687256,
				"bytes":	0,
				"bits_per_second":	0,
				"retransmits":	0,
				"omitted":	false,
				"sender":	true
			}
		}, {
			"streams":	[{
					"socket":	5,
					"start":	12.000397,
					"end":	13.00057,