{
	"start":	{
		"connected":	[{
				"socket":	5,
				"local_host":	"172.20.171.186",
				"local_port":	37214,
				"remote_host":	"54.227.41.78",
				"remote_port":	5201
			}],
		"version":	"iperf 3.16",
		"system_info":	"Linux DESKTOP-OR35M89 6.18.33.1-microsoft-standard-WSL2 #1 SMP PREEMPT_DYNAMIC Fri Jun  5 01:12:21 UTC 2026 x86_64",
		"timestamp":	{
			"time":	"Thu, 25 Jun 2026 23:00:32 GMT",
			"timesecs":	1782428432
		},
		"connecting_to":	{
			"host":	"54.227.41.78",
			"port":	5201
		},
		"cookie":	"vrd4oeklftw2dxss6txj6pmh4p6bya5i524x",
		"tcp_mss_default":	1448,
		"target_bitrate":	100000000,
		"fq_rate":	0,
		"sock_bufsize":	0,
		"sndbuf_actual":	16384,
		"rcvbuf_actual":	131072,
		"test_start":	{
			"protocol":	"TCP",
			"num_streams":	1,
			"blksize":	131072,
			"omit":	0,
			"duration":	30,
			"bytes":	0,
			"blocks":	0,
			"reverse":	0,
			"tos":	0,
			"target_bitrate":	100000000,
			"bidir":	0,
			"fqrate":	0
		}
	},
	"intervals":	[{
			"streams":	[{
					"socket":	5,
					"start":	0,
					"end":	1.000148,
					"seconds":	1.0001480579376221,
					"bytes":	524288,
					"bits_per_second":	4193683.0919303684,
					"retransmits":	13,
					"snd_cwnd":	15928,
					"snd_wnd":	223488,
					"rtt":	99322,
					"rttvar":	1195,
					"pmtu":	1500,
					"omitted":	false,
					"sender":	true
				}],
			"sum":	{
				"start":	0,
				"end":	1.000148,
				"seconds":	1.0001480579376221,
				"bytes":	524288,
				"bits_per_second":	4193683.0919303684,
				"retransmits":	13,
				"omitted":	false,
				"sender":	true
			}
		}, {
			"streams":	[{
					"socket":	5,
					"start":	1.000148,
					"end":	2.000571,
					"seconds":	1.0004229545593262,
					"bytes":	262144,
					"bits_per_second":	2096265.3750020852,
					"retransmits":	3,
					"snd_cwnd":	5792,
					"snd_wnd":	217088,
					"rtt":	102456,
					"rttvar":	7598,
					"pmtu":	1500,
					"omitted":	false,
					"sender":	true
				}],
			"sum":	{
				"start":	1.000148,
				"end":	2.000571,
				"seconds":	1.0004229545593262,
				"bytes":	262144,
				"bits_per_second":	2096265.3750020852,
				"retransmits":	3,
				"omitted":	false,
				"sender":	true
			}
		}, {
			"streams":	[{
					"socket":	5,
					"start":	2.000571,
					"end":	3.000569,
					"seconds":	0.99999797344207764,
					"bytes":	0,
					"bits_per_second":	0,
					"retransmits":	3,
					"snd_cwnd":	5792,
					"snd_wnd":	224896,
					"rtt":	113641,
					"rttvar":	23023,
					"pmtu":	1500,
					"omitted":	false,
					"sender":	true
				}],
			"sum":	{
				"start":	2.000571,
				"end":	3.000569,
				"seconds":	0.99999797344207764,
				"bytes":	0,
				"bits_per_second":	0,
				"retransmits":	3,
				"omitted":	false,
				"sender":	true
			}
		}, {
			"streams":	[{
					"socket":	5,
					"start":	3.000569,
					"end":	4.000523,
					"seconds":	0.9999539852142334,
					"bytes":	0,
					"bits_per_second":	0,
					"retransmits":	0,
					"snd_cwnd":	11584,
					"snd_wnd":	224896,
					"rtt":	111454,
					"rttvar":	18827,
					"pmtu":	1500,
					"omitted":	false,
					"sender":	true
				}],
			"sum":	{
				"start":	3.000569,
				"end":	4.000523,
				"seconds":	0.9999539852142334,
				"bytes":	0,
				"bits_per_second":	0,
				"retransmits":	0,
				"omitted":	false,
				"sender":	true
			}
		}, {
			"streams":	[{
					"socket":	5,
					"start":	4.000523,
					"end":	5.000135,
					"seconds":	0.99961197376251221,
					"bytes":	131072,
					"bits_per_second":	1048983.03293946,
					"retransmits":	2,
					"snd_cwnd":	13032,
					"snd_wnd":	224896,
					"rtt":	103495,
					"rttvar":	5825,
					"pmtu":	1500,
					"omitted":	false,
					"sender":	true
				}],
			"sum":	{
				"start":	4.000523,
				"end":	5.000135,
				"seconds":	0.99961197376251221,
				"bytes":	131072,
				"bits_per_second":	1048983.03293946,
				"retransmits":	2,
				"omitted":	false,
				"sender":	true
			}
		}, {
			"streams":	[{
					"socket":	5,
					"start":	5.000135,
					"end":	6.000544,
					"seconds":	1.0004090070724487,
					"bytes":	0,
					"bits_per_second":	0,
					"retransmits":	4,
					"snd_cwnd":	8688,
					"snd_wnd":	224896,
					"rtt":	111170,
					"rttvar":	18588,
					"pmtu":	1500,
					"omitted":	false,
					"sender":	true
				}],
			"sum":	{
				"start":	5.000135,
				"end":	6.000544,
				"seconds":	1.0004090070724487,
				"bytes":	0,
				"bits_per_second":	0,
				"retransmits":	4,
				"omitted":	false,
				"sender":	true
			}
		}, {
			"streams":	[{
					"socket":	5,
					"start":	6.000544,
					"end":	7.000556,
					"seconds":	1.0000120401382446,
					"bytes":	131072,
					"bits_per_second":	1048563.3751520049,
					"retransmits":	5,
					"snd_cwnd":	7240,
					"snd_wnd":	223488,
					"rtt":	113347,
					"rttvar":	20039,
					"pmtu":	1500,
					"omitted":	false,
					"sender":	true
				}],
			"sum":	{
				"start":	6.000544,
				"end":	7.000556,
				"seconds":	1.0000120401382446,
				"bytes":	131072,
				"bits_per_second":	1048563.3751520049,
				"retransmits":	5,
				"omitted":	false,
				"sender":	true
			}
		}, {
			"streams":	[{
					"socket":	5,
					"start":	7.000556,
					"end":	8.000216,
					"seconds":	0.99966001510620117,
					"bytes":	0,
					"bits_per_second":	0,
					"retransmits":	3,
					"snd_cwnd":	4344,
					"snd_wnd":	219648,
					"rtt":	104361,
					"rttvar":	11006,
					"pmtu":	1500,
					"omitted":	false,
					"sender":	true
				}],
			"sum":	{
				"start":	7.000556,
				"end":	8.000216,
				"seconds":	0.99966001510620117,
				"bytes":	0,
				"bits_per_second":	0,
				"retransmits":	3,
				"omitted":	false,
				"sender":	true
			}
		}, {
			"streams":	[{
					"socket":	5,
					"start":	8.000216,
					"end":	9.000146,
					"seconds":	0.99993002414703369,
					"bytes":	0,
					"bits_per_second":	0,
					"retransmits":	1,
					"snd_cwnd":	7240,
					"snd_wnd":	223488,
					"rtt":	115200,
					"rttvar":	24429,
					"pmtu":	1500,
					"omitted":	false,
					"sender":	true
				}],
			"sum":	{
				"start":	8.000216,
				"end":	9.000146,
				"seconds":	0.99993002414703369,
				"bytes":	0,
				"bits_per_second":	0,
				"retransmits":	1,
				"omitted":	false,
				"sender":	true
			}
		}, {
			"streams":	[{
					"socket":	5,
					"start":	9.000146,
					"end":	10.000588,
					"seconds":	1.0004420280456543,
					"bytes":	262144,
					"bits_per_second":	2096225.4095789529,
					"retransmits":	1,
					"snd_cwnd":	8688,
					"snd_wnd":	224896,
					"rtt":	108152,
					"rttvar":	15660,
					"pmtu":	1500,
					"omitted":	false,
					"sender":	true
				}],
			"sum":	{
				"start":	9.000146,
				"end":	10.000588,
				"seconds":	1.0004420280456543,
				"bytes":	262144,
				"bits_per_second":	2096225.4095789529,
				"retransmits":	1,
				"omitted":	false,
				"sender":	true
			}
		}, {
			"streams":	[{
					"socket":	5,
					"start":	10.000588,
					"end":	11.000161,
					"seconds":	0.999572992324829,
					"bytes":	0,
					"bits_per_second":	0,
					"retransmits":	0,
					"snd_cwnd":	14480,
					"snd_wnd":	224896,
					"rtt":	100232,
					"rttvar":	988,
					"pmtu":	1500,
					"omitted":	false,
					"sender":	true
				}],
			"sum":	{
				"start":	10.000588,
				"end":	11.000161,
				"seconds":	0.999572992324829,
				"bytes":	0,
				"bits_per_second":	0,
				"retransmits":	0,
				"omitted":	false,
				"sender":	true
			}
		}, {
			"streams":	[{
					"socket":	5,
					"start":	11.000161,
					"end":	12.000554,
					"seconds":	1.0003930330276489,
					"bytes":	131072,
					"bits_per_second":	1048164.0369150985,
					"retransmits":	1,
					"snd_cwnd":	15928,
					"snd_wnd":	224896,
					"rtt":	104442,
					"rttvar":	8015,
					"pmtu":	1500,
					"omitted":	false,
					"sender":	true
				}],
			"sum":	{
				"start":	11.000161,
				"end":	12.000554,
				"seconds":	1.0003930330276489,
				"bytes":	131072,
				"bits_per_second":	1048164.0369150985,
				"retransmits":	1,
				"omitted":	false,
				"sender":	true
			}
		}, {
			"streams":	[{
					"socket":	5,
					"start":	12.000554,
					"end":	13.000139,
					"seconds":	0.999584972858429,
					"bytes":	262144,