{
	"start":	{
		"connected":	[{
				"socket":	5,
				"local_host":	"172.20.171.186",
				"local_port":	56614,
				"remote_host":	"54.227.41.78",
				"remote_port":	5201
			}],
		"version":	"iperf 3.16",
		"system_info":	"Linux DESKTOP-OR35M89 6.18.33.1-microsoft-standard-WSL2 #1 SMP PREEMPT_DYNAMIC Fri Jun  5 01:12:21 UTC 2026 x86_64",
		"timestamp":	{
			"time":	"Thu, 25 Jun 2026 22:58:54 GMT",
			"timesecs":	1782428334
		},
		"connecting_to":	{
			"host":	"54.227.41.78",
			"port":	5201
		},
		"cookie":	"ltzqynulmxis4mxw3wkki7vkkzfrm6j3ds5d",
		"tcp_mss_default":	1448,
		"target_bitrate":	100000000,
		"fq_rate":	0,
		"sock_bufsize":	0,
		"sndbuf_actual":	16384,
		"rcvbuf_actual":	131072,
		"test_start":	{
			"protocol":	"TCP",
			"num_streams":	1,
			"blksize":	131072,
			"omit":	0,
			"duration":	30,
			"bytes":	0,
			"blocks":	0,
			"reverse":	0,
			"tos":	0,
			"target_bitrate":	100000000,
			"bidir":	0,
			"fqrate":	0
		}
	},
	"intervals":	[{
			"streams":	[{
					"socket":	5,
					"start":	0,
					"end":	1.000105,
					"seconds":	1.0001050233840942,
					"bytes":	786432,
					"bits_per_second":	6290795.3193869134,
					"retransmits":	7,
					"snd_cwnd":	31856,
					"snd_wnd":	838912,
					"rtt":	97750,
					"rttvar":	540,
					"pmtu":	1500,
					"omitted":	false,
					"sender":	true
				}],
			"sum":	{
				"start":	0,
				"end":	1.000105,
				"seconds":	1.0001050233840942,
				"bytes":	786432,
				"bits_per_second":	6290795.3193869134,
				"retransmits":	7,
				"omitted":	false,
				"sender":	true
			}
		}, {
			"streams":	[{
					"socket":	5,
					"start":	1.000105,
					"end":	2.000557,
					"seconds":	1.0004520416259766,
					"bytes":	131072,
					"bits_per_second":	1048102.2141709166,
					"retransmits":	7,
					"snd_cwnd":	7240,
					"snd_wnd":	870016,
					"rtt":	103152,
					"rttvar":	8614,
					"pmtu":	1500,
					"omitted":	false,
					"sender":	true
				}],
			"sum":	{
				"start":	1.000105,
				"end":	2.000557,
				"seconds":	1.0004520416259766,
				"bytes":	131072,
				"bits_per_second":	1048102.2141709166,
				"retransmits":	7,
				"omitted":	false,
				"sender":	true
			}
		}, {
			"streams":	[{
					"socket":	5,
					"start":	2.000557,
					"end":	3.000585,
					"seconds":	1.0000280141830444,
					"bytes":	0,
					"bits_per_second":	0,
					"retransmits":	6,
					"snd_cwnd":	4344,
					"snd_wnd":	864768,
					"rtt":	101135,
					"rttvar":	6744,
					"pmtu":	1500,
					"omitted":	false,
					"sender":	true
				}],
			"sum":	{
				"start":	2.000557,
				"end":	3.000585,
				"seconds":	1.0000280141830444,
				"bytes":	0,
				"bits_per_second":	0,
				"retransmits":	6,
				"omitted":	false,
				"sender":	true
			}
		}, {
			"streams":	[{
					"socket":	5,
					"start":	3.000585,
					"end":	4.000591,
					"seconds":	1.0000059604644775,
					"bytes":	0,
					"bits_per_second":	0,
					"retransmits":	1,
					"snd_cwnd":	8688,
					"snd_wnd":	870016,
					"rtt":	103777,
					"rttvar":	7671,
					"pmtu":	1500,
					"omitted":	false,
					"sender":	true
				}],
			"sum":	{
				"start":	3.000585,
				"end":	4.000591,
				"seconds":	1.0000059604644775,
				"bytes":	0,
				"bits_per_second":	0,
				"retransmits":	1,
				"omitted":	false,
				"sender":	true
			}
		}, {
			"streams":	[{
					"socket":	5,
					"start":	4.000591,
					"end":	5.000254,
					"seconds":	0.99966299533844,
					"bytes":	131072,
					"bits_per_second":	1048929.4941291693,
					"retransmits":	4,
					"snd_cwnd":	5792,
					"snd_wnd":	858368,
					"rtt":	100548,
					"rttvar":	3638,
					"pmtu":	1500,
					"omitted":	false,
					"sender":	true
				}],
			"sum":	{
				"start":	4.000591,
				"end":	5.000254,
				"seconds":	0.99966299533844,
				"bytes":	131072,
				"bits_per_second":	1048929.4941291693,
				"retransmits":	4,
				"omitted":	false,
				"sender":	true
			}
		}, {
			"streams":	[{
					"socket":	5,
					"start":	5.000254,
					"end":	6.000271,
					"seconds":	1.0000170469284058,
					"bytes":	0,
					"bits_per_second":	0,
					"retransmits":	0,
					"snd_cwnd":	11584,
					"snd_wnd":	870016,
					"rtt":	104157,
					"rttvar":	6628,
					"pmtu":	1500,
					"omitted":	false,
					"sender":	true
				}],
			"sum":	{
				"start":	5.000254,
				"end":	6.000271,
				"seconds":	1.0000170469284058,
				"bytes":	0,
				"bits_per_second":	0,
				"retransmits":	0,
				"omitted":	false,
				"sender":	true
			}
		}, {
			"streams":	[{
					"socket":	5,
					"start":	6.000271,
					"end":	7.000527,
					"seconds":	1.0002559423446655,
					"bytes":	262144,
					"bits_per_second":	2096615.3873419019,
					"retransmits":	5,
					"snd_cwnd":	5792,
					"snd_wnd":	868608,
					"rtt":	100697,
					"rttvar":	4007,
					"pmtu":	1500,
					"omitted":	false,
					"sender":	true
				}],
			"sum":	{
				"start":	6.000271,
				"end":	7.000527,
				"seconds":	1.0002559423446655,
				"bytes":	262144,
				"bits_per_second":	2096615.3873419019,
				"retransmits":	5,
				"omitted":	false,
				"sender":	true
			}
		}, {
			"streams":	[{
					"socket":	5,
					"start":	7.000527,
					"end":	8.000488,
					"seconds":	0.999961018562317,
					"bytes":	0,
					"bits_per_second":	0,
					"retransmits":	2,
					"snd_cwnd":	5792,
					"snd_wnd":	860928,
					"rtt":	101162,
					"rttvar":	6338,
					"pmtu":	1500,
					"omitted":	false,
					"sender":	true
				}],
			"sum":	{
				"start":	7.000527,
				"end":	8.000488,
				"seconds":	0.999961018562317,
				"bytes":	0,
				"bits_per_second":	0,
				"retransmits":	2,
				"omitted":	false,
				"sender":	true
			}
		}, {
			"streams":	[{
					"socket":	5,
					"start":	8.000488,
					"end":	9.00023,
					"seconds":	0.99974197149276733,
					"bytes":	0,
					"bits_per_second":	0,
					"retransmits":	3,
					"snd_cwnd":	5792,
					"snd_wnd":	870016,
					"rtt":	100099,
					"rttvar":	2370,
					"pmtu":	1500,
					"omitted":	false,
					"sender":	true
				}],
			"sum":	{
				"start":	8.000488,
				"end":	9.00023,
				"seconds":	0.99974197149276733,
				"bytes":	0,
				"bits_per_second":	0,
				"retransmits":	3,
				"omitted":	false,
				"sender":	true
			}
		}, {
			"streams":	[{
					"socket":	5,
					"start":	9.00023,
					"end":	10.000128,
					"seconds":	0.99989801645278931,
					"bytes":	131072,
					"bits_per_second":	1048682.9484069778,
					"retransmits":	3,
					"snd_cwnd":	4344,
					"snd_wnd":	868608,
					"rtt":	115337,
					"rttvar":	24919,
					"pmtu":	1500,
					"omitted":	false,
					"sender":	true
				}],
			"sum":	{
				"start":	9.00023,
				"end":	10.000128,
				"seconds":	0.99989801645278931,
				"bytes":	131072,
				"bits_per_second":	1048682.9484069778,
				"retransmits":	3,
				"omitted":	false,
				"sender":	true
			}
		}, {
			"streams":	[{
					"socket":	5,
					"start":	10.000128,
					"end":	11.000595,
					"seconds":	1.0004669427871704,
					"bytes":	0,
					"bits_per_second":	0,
					"retransmits":	3,
					"snd_cwnd":	4344,
					"snd_wnd":	868608,
					"rtt":	108259,
					"rttvar":	15090,
					"pmtu":	1500,
					"omitted":	false,
					"sender":	true
				}],
			"sum":	{
				"start":	10.000128,
				"end":	11.000595,
				"seconds":	1.0004669427871704,
				"bytes":	0,
				"bits_per_second":	0,
				"retransmits":	3,
				"omitted":	false,
				"sender":	true
			}
		}, {
			"streams":	[{
					"socket":	5,
					"start":	11.000595,
					"end":	12.000607,
					"seconds":	1.0000120401382446,
					"bytes":	0,
					"bits_per_second":	0,
					"retransmits":	0,
					"snd_cwnd":	10136,
					"snd_wnd":	870016,
					"rtt":	109804,
					"rttvar":	15464,
					"pmtu":	1500,
					"omitted":	false,
					"sender":	true
				}],
			"sum":	{
				"start":	11.000595,
				"end":	12.000607,
				"seconds":	1.0000120401382446,
				"bytes":	0,
				"bits_per_second":	0,
				"retransmits":	0,
				"omitted":	false,
				"sender":	true
			}
		}, {
			"streams":	[{
					"socket":	5,
					"start":	12.000607,
					"end":	13.000579,
					"seconds":	0.99997198581695557,
					"bytes":	0,
					"bits_per_second":	0,
					"retransmits":	4,
					"snd_cwnd":	5792,