{
	"start":	{
		"connected":	[{
				"socket":	5,
				"local_host":	"172.20.171.186",
				"local_port":	37466,
				"remote_host":	"54.227.41.78",
				"remote_port":	5201
			}],
		"version":	"iperf 3.16",
		"system_info":	"Linux DESKTOP-OR35M89 6.18.33.1-microsoft-standard-WSL2 #1 SMP PREEMPT_DYNAMIC Fri Jun  5 01:12:21 UTC 2026 x86_64",
		"timestamp":	{
			"time":	"Thu, 25 Jun 2026 23:02:43 GMT",
			"timesecs":	1782428563
		},
		"connecting_to":	{
			"host":	"54.227.41.78",
			"port":	5201
		},
		"cookie":	"vaejonjij2jfjqcxsgtt7emezoyhqc5i3656",
		"tcp_mss_default":	1448,
		"target_bitrate":	100000000,
		"fq_rate":	0,
		"sock_bufsize":	0,
		"sndbuf_actual":	16384,
		"rcvbuf_actual":	131072,
		"test_start":	{
			"protocol":	"TCP",
			"num_streams":	1,
			"blksize":	131072,
			"omit":	0,
			"duration":	30,
			"bytes":	0,
			"blocks":	0,
			"reverse":	0,
			"tos":	0,
			"target_bitrate":	100000000,
			"bidir":	0,
			"fqrate":	0
		}
	},
	"intervals":	[{
			"streams":	[{
					"socket":	5,
					"start":	0,
					"end":	1.000547,
					"seconds":	1.0005470514297485,
					"bytes":	786432,
					"bits_per_second":	6288016.1317848256,
					"retransmits":	11,
					"snd_cwnd":	20272,
					"snd_wnd":	287616,
					"rtt":	90151,
					"rttvar":	1440,
					"pmtu":	1500,
					"omitted":	false,
					"sender":	true
				}],
			"sum":	{
				"start":	0,
				"end":	1.000547,
				"seconds":	1.0005470514297485,
				"bytes":	786432,
				"bits_per_second":	6288016.1317848256,
				"retransmits":	11,
				"omitted":	false,
				"sender":	true
			}
		}, {
			"streams":	[{
					"socket":	5,
					"start":	1.000547,
					"end":	2.000186,
					"seconds":	0.99963897466659546,
					"bytes":	262144,
					"bits_per_second":	2097909.3984400243,
					"retransmits":	3,
					"snd_cwnd":	10136,
					"snd_wnd":	289152,
					"rtt":	104676,
					"rttvar":	17356,
					"pmtu":	1500,
					"omitted":	false,
					"sender":	true
				}],
			"sum":	{
				"start":	1.000547,
				"end":	2.000186,
				"seconds":	0.99963897466659546,
				"bytes":	262144,
				"bits_per_second":	2097909.3984400243,
				"retransmits":	3,
				"omitted":	false,
				"sender":	true
			}
		}, {
			"streams":	[{
					"socket":	5,
					"start":	2.000186,
					"end":	3.000191,
					"seconds":	1.0000050067901611,
					"bytes":	0,
					"bits_per_second":	0,
					"retransmits":	3,
					"snd_cwnd":	11584,
					"snd_wnd":	289152,
					"rtt":	95938,
					"rttvar":	10078,
					"pmtu":	1500,
					"omitted":	false,
					"sender":	true
				}],
			"sum":	{
				"start":	2.000186,
				"end":	3.000191,
				"seconds":	1.0000050067901611,
				"bytes":	0,
				"bits_per_second":	0,
				"retransmits":	3,
				"omitted":	false,
				"sender":	true
			}
		}, {
			"streams":	[{
					"socket":	5,
					"start":	3.000191,
					"end":	4.000525,
					"seconds":	1.0003340244293213,
					"bytes":	262144,
					"bits_per_second":	2096451.7339059825,
					"retransmits":	6,
					"snd_cwnd":	11584,
					"snd_wnd":	287616,
					"rtt":	91334,
					"rttvar":	5642,
					"pmtu":	1500,
					"omitted":	false,
					"sender":	true
				}],
			"sum":	{
				"start":	3.000191,
				"end":	4.000525,
				"seconds":	1.0003340244293213,
				"bytes":	262144,
				"bits_per_second":	2096451.7339059825,
				"retransmits":	6,
				"omitted":	false,
				"sender":	true
			}
		}, {
			"streams":	[{
					"socket":	5,
					"start":	4.000525,
					"end":	5.000141,
					"seconds":	0.999616026878357,
					"bytes":	0,
					"bits_per_second":	0,
					"retransmits":	4,
					"snd_cwnd":	5792,
					"snd_wnd":	287744,
					"rtt":	100123,
					"rttvar":	16217,
					"pmtu":	1500,
					"omitted":	false,
					"sender":	true
				}],
			"sum":	{
				"start":	4.000525,
				"end":	5.000141,
				"seconds":	0.999616026878357,
				"bytes":	0,
				"bits_per_second":	0,
				"retransmits":	4,
				"omitted":	false,
				"sender":	true
			}
		}, {
			"streams":	[{
					"socket":	5,
					"start":	5.000141,
					"end":	6.00016,
					"seconds":	1.0000189542770386,
					"bytes":	131072,
					"bits_per_second":	1048556.1253767092,
					"retransmits":	0,
					"snd_cwnd":	11584,
					"snd_wnd":	289152,
					"rtt":	95800,
					"rttvar":	6376,
					"pmtu":	1500,
					"omitted":	false,
					"sender":	true
				}],
			"sum":	{
				"start":	5.000141,
				"end":	6.00016,
				"seconds":	1.0000189542770386,
				"bytes":	131072,
				"bits_per_second":	1048556.1253767092,
				"retransmits":	0,
				"omitted":	false,
				"sender":	true
			}
		}, {
			"streams":	[{
					"socket":	5,
					"start":	6.00016,
					"end":	7.000545,
					"seconds":	1.000385046005249,
					"bytes":	0,
					"bits_per_second":	0,
					"retransmits":	2,
					"snd_cwnd":	10136,
					"snd_wnd":	287616,
					"rtt":	95437,
					"rttvar":	11956,
					"pmtu":	1500,
					"omitted":	false,
					"sender":	true
				}],
			"sum":	{
				"start":	6.00016,
				"end":	7.000545,
				"seconds":	1.000385046005249,
				"bytes":	0,
				"bits_per_second":	0,
				"retransmits":	2,
				"omitted":	false,
				"sender":	true
			}
		}, {
			"streams":	[{
					"socket":	5,
					"start":	7.000545,
					"end":	8.000519,
					"seconds":	0.999974012374878,
					"bytes":	0,
					"bits_per_second":	0,
					"retransmits":	2,
					"snd_cwnd":	11584,
					"snd_wnd":	289152,
					"rtt":	91592,
					"rttvar":	4753,
					"pmtu":	1500,
					"omitted":	false,
					"sender":	true
				}],
			"sum":	{
				"start":	7.000545,
				"end":	8.000519,
				"seconds":	0.999974012374878,
				"bytes":	0,
				"bits_per_second":	0,
				"retransmits":	2,
				"omitted":	false,
				"sender":	true
			}
		}, {
			"streams":	[{
					"socket":	5,
					"start":	8.000519,
					"end":	9.000106,
					"seconds":	0.99958699941635132,
					"bytes":	262144,
					"bits_per_second":	2098018.4828579258,
					"retransmits":	3,
					"snd_cwnd":	8688,
					"snd_wnd":	289152,
					"rtt":	94935,
					"rttvar":	8363,
					"pmtu":	1500,
					"omitted":	false,
					"sender":	true
				}],
			"sum":	{
				"start":	8.000519,
				"end":	9.000106,
				"seconds":	0.99958699941635132,
				"bytes":	262144,
				"bits_per_second":	2098018.4828579258,
				"retransmits":	3,
				"omitted":	false,
				"sender":	true
			}
		}, {
			"streams":	[{
					"socket":	5,
					"start":	9.000106,
					"end":	10.00015,
					"seconds":	1.0000439882278442,
					"bytes":	0,
					"bits_per_second":	0,
					"retransmits":	3,
					"snd_cwnd":	5792,
					"snd_wnd":	289152,
					"rtt":	95791,
					"rttvar":	12321,
					"pmtu":	1500,
					"omitted":	false,
					"sender":	true
				}],
			"sum":	{
				"start":	9.000106,
				"end":	10.00015,
				"seconds":	1.0000439882278442,
				"bytes":	0,
				"bits_per_second":	0,
				"retransmits":	3,
				"omitted":	false,
				"sender":	true
			}
		}, {
			"streams":	[{
					"socket":	5,
					"start":	10.00015,
					"end":	11.000546,
					"seconds":	1.0003960132598877,
					"bytes":	0,
					"bits_per_second":	0,
					"retransmits":	3,
					"snd_cwnd":	7240,
					"snd_wnd":	289152,
					"rtt":	100235,
					"rttvar":	15555,
					"pmtu":	1500,
					"omitted":	false,
					"sender":	true
				}],
			"sum":	{
				"start":	10.00015,
				"end":	11.000546,
				"seconds":	1.0003960132598877,
				"bytes":	0,
				"bits_per_second":	0,
				"retransmits":	3,
				"omitted":	false,
				"sender":	true
			}
		}, {
			"streams":	[{
					"socket":	5,
					"start":	11.000546,
					"end":	12.000109,
					"seconds":	0.999562978744507,
					"bytes":	262144,
					"bits_per_second":	2098068.9007050972,
					"retransmits":	3,
					"snd_cwnd":	7240,
					"snd_wnd":	289152,
					"rtt":	94253,
					"rttvar":	10124,
					"pmtu":	1500,
					"omitted":	false,
					"sender":	true
				}],
			"sum":	{
				"start":	11.000546,
				"end":	12.000109,
				"seconds":	0.999562978744507,
				"bytes":	262144,
				"bits_per_second":	2098068.9007050972,
				"retransmits":	3,
				"omitted":	false,
				"sender":	true
			}
		}, {
			"streams":	[{
					"socket":	5,
					"start":	12.000109,
					"end":	13.000546,
					"seconds":	1.0004370212554932,
					"bytes":	0,
					"bits_per_second":	0,