{
	"start":	{
		"connected":	[{
				"socket":	5,
				"local_host":	"172.20.171.186",
				"local_port":	40290,
				"remote_host":	"54.227.41.78",
				"remote_port":	5201
			}],
		"version":	"iperf 3.16",
		"system_info":	"Linux DESKTOP-OR35M89 6.18.33.1-microsoft-standard-WSL2 #1 SMP PREEMPT_DYNAMIC Fri Jun  5 01:12:21 UTC 2026 x86_64",
		"timestamp":	{
			"time":	"Thu, 25 Jun 2026 22:24:29 GMT",
			"timesecs":	1782426269
		},
		"connecting_to":	{
			"host":	"54.227.41.78",
			"port":	5201
		},
		"cookie":	"hlrali5z6mwovvlztv3f76khrxazukf4q5e2",
		"tcp_mss_default":	1448,
		"target_bitrate":	100000000,
		"fq_rate":	0,
		"sock_bufsize":	0,
		"sndbuf_actual":	16384,
		"rcvbuf_actual":	131072,
		"test_start":	{
			"protocol":	"TCP",
			"num_streams":	1,
			"blksize":	131072,
			"omit":	0,
			"duration":	30,
			"bytes":	0,
			"blocks":	0,
			"reverse":	0,
			"tos":	0,
			"target_bitrate":	100000000,
			"bidir":	0,
			"fqrate":	0
		}
	},
	"intervals":	[{
			"streams":	[{
					"socket":	5,
					"start":	0,
					"end":	1.000505,
					"seconds":	1.0005049705505371,
					"bytes":	262144,
					"bits_per_second":	2096093.5344939095,
					"retransmits":	5,
					"snd_cwnd":	15928,
					"snd_wnd":	155136,
					"rtt":	101753,
					"rttvar":	1144,
					"pmtu":	1500,
					"omitted":	false,
					"sender":	true
				}],
			"sum":	{
				"start":	0,
				"end":	1.000505,
				"seconds":	1.0005049705505371,
				"bytes":	262144,
				"bits_per_second":	2096093.5344939095,
				"retransmits":	5,
				"omitted":	false,
				"sender":	true
			}
		}, {
			"streams":	[{
					"socket":	5,
					"start":	1.000505,
					"end":	2.000586,
					"seconds":	1.000080943107605,
					"bytes":	131072,
					"bits_per_second":	1048491.1318694903,
					"retransmits":	6,
					"snd_cwnd":	10136,
					"snd_wnd":	146944,
					"rtt":	101566,
					"rttvar":	2295,
					"pmtu":	1500,
					"omitted":	false,
					"sender":	true
				}],
			"sum":	{
				"start":	1.000505,
				"end":	2.000586,
				"seconds":	1.000080943107605,
				"bytes":	131072,
				"bits_per_second":	1048491.1318694903,
				"retransmits":	6,
				"omitted":	false,
				"sender":	true
			}
		}, {
			"streams":	[{
					"socket":	5,
					"start":	2.000586,
					"end":	3.000529,
					"seconds":	0.99994301795959473,
					"bytes":	131072,
					"bits_per_second":	1048635.7534048709,
					"retransmits":	1,
					"snd_cwnd":	11584,
					"snd_wnd":	155136,
					"rtt":	117692,
					"rttvar":	21198,
					"pmtu":	1500,
					"omitted":	false,
					"sender":	true
				}],
			"sum":	{
				"start":	2.000586,
				"end":	3.000529,
				"seconds":	0.99994301795959473,
				"bytes":	131072,
				"bits_per_second":	1048635.7534048709,
				"retransmits":	1,
				"omitted":	false,
				"sender":	true
			}
		}, {
			"streams":	[{
					"socket":	5,
					"start":	3.000529,
					"end":	4.000534,
					"seconds":	1.0000050067901611,
					"bytes":	131072,
					"bits_per_second":	1048570.7500262855,
					"retransmits":	3,
					"snd_cwnd":	8688,
					"snd_wnd":	156672,
					"rtt":	111289,
					"rttvar":	13386,
					"pmtu":	1500,
					"omitted":	false,
					"sender":	true
				}],
			"sum":	{
				"start":	3.000529,
				"end":	4.000534,
				"seconds":	1.0000050067901611,
				"bytes":	131072,
				"bits_per_second":	1048570.7500262855,
				"retransmits":	3,
				"omitted":	false,
				"sender":	true
			}
		}, {
			"streams":	[{
					"socket":	5,
					"start":	4.000534,
					"end":	5.000544,
					"seconds":	1.0000100135803223,
					"bytes":	0,
					"bits_per_second":	0,
					"retransmits":	4,
					"snd_cwnd":	10136,
					"snd_wnd":	156672,
					"rtt":	102932,
					"rttvar":	4617,
					"pmtu":	1500,
					"omitted":	false,
					"sender":	true
				}],
			"sum":	{
				"start":	4.000534,
				"end":	5.000544,
				"seconds":	1.0000100135803223,
				"bytes":	0,
				"bits_per_second":	0,
				"retransmits":	4,
				"omitted":	false,
				"sender":	true
			}
		}, {
			"streams":	[{
					"socket":	5,
					"start":	5.000544,
					"end":	6.000543,
					"seconds":	0.99999898672103882,
					"bytes":	131072,
					"bits_per_second":	1048577.0625010766,
					"retransmits":	4,
					"snd_cwnd":	5792,
					"snd_wnd":	155136,
					"rtt":	102024,
					"rttvar":	2409,
					"pmtu":	1500,
					"omitted":	false,
					"sender":	true
				}],
			"sum":	{
				"start":	5.000544,
				"end":	6.000543,
				"seconds":	0.99999898672103882,
				"bytes":	131072,
				"bits_per_second":	1048577.0625010766,
				"retransmits":	4,
				"omitted":	false,
				"sender":	true
			}
		}, {
			"streams":	[{
					"socket":	5,
					"start":	6.000543,
					"end":	7.000595,
					"seconds":	1.0000519752502441,
					"bytes":	0,
					"bits_per_second":	0,
					"retransmits":	2,
					"snd_cwnd":	2896,
					"snd_wnd":	148352,
					"rtt":	107261,
					"rttvar":	13330,
					"pmtu":	1500,
					"omitted":	false,
					"sender":	true
				}],
			"sum":	{
				"start":	6.000543,
				"end":	7.000595,
				"seconds":	1.0000519752502441,
				"bytes":	0,
				"bits_per_second":	0,
				"retransmits":	2,
				"omitted":	false,
				"sender":	true
			}
		}, {
			"streams":	[{
					"socket":	5,
					"start":	7.000595,
					"end":	8.000542,
					"seconds":	0.99994701147079468,
					"bytes":	131072,
					"bits_per_second":	1048631.5654443312,
					"retransmits":	0,
					"snd_cwnd":	8688,
					"snd_wnd":	156672,
					"rtt":	113070,
					"rttvar":	16448,
					"pmtu":	1500,
					"omitted":	false,
					"sender":	true
				}],
			"sum":	{
				"start":	7.000595,
				"end":	8.000542,
				"seconds":	0.99994701147079468,
				"bytes":	131072,
				"bits_per_second":	1048631.5654443312,
				"retransmits":	0,
				"omitted":	false,
				"sender":	true
			}
		}, {
			"streams":	[{
					"socket":	5,
					"start":	8.000542,
					"end":	9.000539,
					"seconds":	0.99999701976776123,
					"bytes":	0,
					"bits_per_second":	0,
					"retransmits":	2,
					"snd_cwnd":	8688,
					"snd_wnd":	156672,
					"rtt":	113268,
					"rttvar":	18003,
					"pmtu":	1500,
					"omitted":	false,
					"sender":	true
				}],
			"sum":	{
				"start":	8.000542,
				"end":	9.000539,
				"seconds":	0.99999701976776123,
				"bytes":	0,
				"bits_per_second":	0,
				"retransmits":	2,
				"omitted":	false,
				"sender":	true
			}
		}, {
			"streams":	[{
					"socket":	5,
					"start":	9.000539,
					"end":	10.000598,
					"seconds":	1.0000590085983276,
					"bytes":	0,
					"bits_per_second":	0,
					"retransmits":	0,
					"snd_cwnd":	15928,
					"snd_wnd":	156672,
					"rtt":	104188,
					"rttvar":	4753,
					"pmtu":	1500,
					"omitted":	false,
					"sender":	true
				}],
			"sum":	{
				"start":	9.000539,
				"end":	10.000598,
				"seconds":	1.0000590085983276,
				"bytes":	0,
				"bits_per_second":	0,
				"retransmits":	0,
				"omitted":	false,
				"sender":	true
			}
		}, {
			"streams":	[{
					"socket":	5,
					"start":	10.000598,
					"end":	11.000525,
					"seconds":	0.99992698431015,
					"bytes":	262144,
					"bits_per_second":	2097305.1361813438,
					"retransmits":	4,
					"snd_cwnd":	15928,
					"snd_wnd":	156672,
					"rtt":	104129,
					"rttvar":	4502,
					"pmtu":	1500,
					"omitted":	false,
					"sender":	true
				}],
			"sum":	{
				"start":	10.000598,
				"end":	11.000525,
				"seconds":	0.99992698431015,
				"bytes":	262144,
				"bits_per_second":	2097305.1361813438,
				"retransmits":	4,
				"omitted":	false,
				"sender":	true
			}
		}, {
			"streams":	[{
					"socket":	5,
					"start":	11.000525,
					"end":	12.000545,
					"seconds":	1.0000200271606445,
					"bytes":	0,
					"bits_per_second":	0,
					"retransmits":	3,
					"snd_cwnd":	7240,
					"snd_wnd":	156672,
					"rtt":	106556,
					"rttvar":	13240,
					"pmtu":	1500,
					"omitted":	false,
					"sender":	true
				}],
			"sum":	{
				"start":	11.000525,
				"end":	12.000545,
				"seconds":	1.0000200271606445,
				"bytes":	0,
				"bits_per_second":	0,
				"retransmits":	3,
				"omitted":	false,
				"sender":	true
			}
		}, {
			"streams":	[{
					"socket":	5,
					"start":	12.000545,
					"end":	13.000525,
					"seconds":	0.99997997283935547,