{
	"start":	{
		"connected":	[{
				"socket":	5,
				"local_host":	"172.20.171.186",
				"local_port":	47912,
				"remote_host":	"54.227.41.78",
				"remote_port":	5201
			}],
		"version":	"iperf 3.16",
		"system_info":	"Linux DESKTOP-OR35M89 6.18.33.1-microsoft-standard-WSL2 #1 SMP PREEMPT_DYNAMIC Fri Jun  5 01:12:21 UTC 2026 x86_64",
		"timestamp":	{
			"time":	"Thu, 25 Jun 2026 21:50:42 GMT",
			"timesecs":	1782424242
		},
		"connecting_to":	{
			"host":	"54.227.41.78",
			"port":	5201
		},
		"cookie":	"bhypjufik7xzypmqe37dusecsrftqrxl6lac",
		"tcp_mss_default":	1448,
		"target_bitrate":	100000000,
		"fq_rate":	0,
		"sock_bufsize":	0,
		"sndbuf_actual":	16384,
		"rcvbuf_actual":	131072,
		"test_start":	{
			"protocol":	"TCP",
			"num_streams":	1,
			"blksize":	131072,
			"omit":	0,
			"duration":	30,
			"bytes":	0,
			"blocks":	0,
			"reverse":	0,
			"tos":	0,
			"target_bitrate":	100000000,
			"bidir":	0,
			"fqrate":	0
		}
	},
	"intervals":	[{
			"streams":	[{
					"socket":	5,
					"start":	0,
					"end":	1.000153,
					"seconds":	1.0001529455184937,
					"bytes":	2228224,
					"bits_per_second":	17823066.041923072,
					"retransmits":	6,
					"snd_cwnd":	147696,
					"snd_wnd":	4583808,
					"rtt":	101730,
					"rttvar":	2179,
					"pmtu":	1500,
					"omitted":	false,
					"sender":	true
				}],
			"sum":	{
				"start":	0,
				"end":	1.000153,
				"seconds":	1.0001529455184937,
				"bytes":	2228224,
				"bits_per_second":	17823066.041923072,
				"retransmits":	6,
				"omitted":	false,
				"sender":	true
			}
		}, {
			"streams":	[{
					"socket":	5,
					"start":	1.000153,
					"end":	2.000533,
					"seconds":	1.0003800392150879,
					"bytes":	1310720,
					"bits_per_second":	10481776.513880938,
					"retransmits":	9,
					"snd_cwnd":	68056,
					"snd_wnd":	4783744,
					"rtt":	125555,
					"rttvar":	6844,
					"pmtu":	1500,
					"omitted":	false,
					"sender":	true
				}],
			"sum":	{
				"start":	1.000153,
				"end":	2.000533,
				"seconds":	1.0003800392150879,
				"bytes":	1310720,
				"bits_per_second":	10481776.513880938,
				"retransmits":	9,
				"omitted":	false,
				"sender":	true
			}
		}, {
			"streams":	[{
					"socket":	5,
					"start":	2.000533,
					"end":	3.000567,
					"seconds":	1.000033974647522,
					"bytes":	655360,
					"bits_per_second":	5242701.8810515283,
					"retransmits":	2,
					"snd_cwnd":	44888,
					"snd_wnd":	4783744,
					"rtt":	96666,
					"rttvar":	756,
					"pmtu":	1500,
					"omitted":	false,
					"sender":	true
				}],
			"sum":	{
				"start":	2.000533,
				"end":	3.000567,
				"seconds":	1.000033974647522,
				"bytes":	655360,
				"bits_per_second":	5242701.8810515283,
				"retransmits":	2,
				"omitted":	false,
				"sender":	true
			}
		}, {
			"streams":	[{
					"socket":	5,
					"start":	3.000567,
					"end":	4.000532,
					"seconds":	0.999965012073517,
					"bytes":	0,
					"bits_per_second":	0,
					"retransmits":	3,
					"snd_cwnd":	26064,
					"snd_wnd":	4785024,
					"rtt":	99597,
					"rttvar":	1814,
					"pmtu":	1500,
					"omitted":	false,
					"sender":	true
				}],
			"sum":	{
				"start":	3.000567,
				"end":	4.000532,
				"seconds":	0.999965012073517,
				"bytes":	0,
				"bits_per_second":	0,
				"retransmits":	3,
				"omitted":	false,
				"sender":	true
			}
		}, {
			"streams":	[{
					"socket":	5,
					"start":	4.000532,
					"end":	5.000535,
					"seconds":	1.0000029802322388,
					"bytes":	524288,
					"bits_per_second":	4194291.5000372529,
					"retransmits":	0,
					"snd_cwnd":	31856,
					"snd_wnd":	4786560,
					"rtt":	98502,
					"rttvar":	811,
					"pmtu":	1500,
					"omitted":	false,
					"sender":	true
				}],
			"sum":	{
				"start":	4.000532,
				"end":	5.000535,
				"seconds":	1.0000029802322388,
				"bytes":	524288,
				"bits_per_second":	4194291.5000372529,
				"retransmits":	0,
				"omitted":	false,
				"sender":	true
			}
		}, {
			"streams":	[{
					"socket":	5,
					"start":	5.000535,
					"end":	6.000525,
					"seconds":	0.99998998641967773,
					"bytes":	0,
					"bits_per_second":	0,
					"retransmits":	0,
					"snd_cwnd":	39096,
					"snd_wnd":	4785024,
					"rtt":	99504,
					"rttvar":	1555,
					"pmtu":	1500,
					"omitted":	false,
					"sender":	true
				}],
			"sum":	{
				"start":	5.000535,
				"end":	6.000525,
				"seconds":	0.99998998641967773,
				"bytes":	0,
				"bits_per_second":	0,
				"retransmits":	0,
				"omitted":	false,
				"sender":	true
			}
		}, {
			"streams":	[{
					"socket":	5,
					"start":	6.000525,
					"end":	7.000538,
					"seconds":	1.000012993812561,
					"bytes":	655360,
					"bits_per_second":	5242811.8758851923,
					"retransmits":	0,
					"snd_cwnd":	46336,
					"snd_wnd":	4785024,
					"rtt":	99248,
					"rttvar":	808,
					"pmtu":	1500,
					"omitted":	false,
					"sender":	true
				}],
			"sum":	{
				"start":	6.000525,
				"end":	7.000538,
				"seconds":	1.000012993812561,
				"bytes":	655360,
				"bits_per_second":	5242811.8758851923,
				"retransmits":	0,
				"omitted":	false,
				"sender":	true
			}
		}, {
			"streams":	[{
					"socket":	5,
					"start":	7.000538,
					"end":	8.000529,
					"seconds":	0.999990999698639,
					"bytes":	655360,
					"bits_per_second":	5242927.1879247054,
					"retransmits":	0,
					"snd_cwnd":	55024,
					"snd_wnd":	4786560,
					"rtt":	98251,
					"rttvar":	297,
					"pmtu":	1500,
					"omitted":	false,
					"sender":	true
				}],
			"sum":	{
				"start":	7.000538,
				"end":	8.000529,
				"seconds":	0.999990999698639,
				"bytes":	655360,
				"bits_per_second":	5242927.1879247054,
				"retransmits":	0,
				"omitted":	false,
				"sender":	true
			}
		}, {
			"streams":	[{
					"socket":	5,
					"start":	8.000529,
					"end":	9.000537,
					"seconds":	1.0000079870224,
					"bytes":	0,
					"bits_per_second":	0,
					"retransmits":	2,
					"snd_cwnd":	49232,
					"snd_wnd":	4786560,
					"rtt":	99344,
					"rttvar":	400,
					"pmtu":	1500,
					"omitted":	false,
					"sender":	true
				}],
			"sum":	{
				"start":	8.000529,
				"end":	9.000537,
				"seconds":	1.0000079870224,
				"bytes":	0,
				"bits_per_second":	0,
				"retransmits":	2,
				"omitted":	false,
				"sender":	true
			}
		}, {
			"streams":	[{
					"socket":	5,
					"start":	9.000537,
					"end":	10.000387,
					"seconds":	0.99984997510910034,
					"bytes":	655360,
					"bits_per_second":	5243666.68052166,
					"retransmits":	6,
					"snd_cwnd":	28960,
					"snd_wnd":	4786560,
					"rtt":	99609,
					"rttvar":	2322,
					"pmtu":	1500,
					"omitted":	false,
					"sender":	true
				}],
			"sum":	{
				"start":	9.000537,
				"end":	10.000387,
				"seconds":	0.99984997510910034,
				"bytes":	655360,
				"bits_per_second":	5243666.68052166,
				"retransmits":	6,
				"omitted":	false,
				"sender":	true
			}
		}, {
			"streams":	[{
					"socket":	5,
					"start":	10.000387,
					"end":	11.000527,
					"seconds":	1.0001399517059326,
					"bytes":	0,
					"bits_per_second":	0,
					"retransmits":	2,
					"snd_cwnd":	26064,
					"snd_wnd":	4786560,
					"rtt":	102714,
					"rttvar":	8326,
					"pmtu":	1500,
					"omitted":	false,
					"sender":	true
				}],
			"sum":	{
				"start":	10.000387,
				"end":	11.000527,
				"seconds":	1.0001399517059326,
				"bytes":	0,
				"bits_per_second":	0,
				"retransmits":	2,
				"omitted":	false,
				"sender":	true
			}
		}, {
			"streams":	[{
					"socket":	5,
					"start":	11.000527,
					"end":	12.000534,
					"seconds":	1.0000070333480835,
					"bytes":	524288,
					"bits_per_second":	4194274.5002074824,
					"retransmits":	0,
					"snd_cwnd":	33304,
					"snd_wnd":	4786560,
					"rtt":	106218,
					"rttvar":	3882,
					"pmtu":	1500,
					"omitted":	false,
					"sender":	true
				}],
			"sum":	{
				"start":	11.000527,
				"end":	12.000534,
				"seconds":	1.0000070333480835,
				"bytes":	524288,
				"bits_per_second":	4194274.5002074824,
				"retransmits":	0,
				"omitted":	false,
				"sender":	true
			}
		}, {
			"streams":	[{
					"socket":	5,
					"start":	12.000534,
					"end":	13.000537,