{
	"start":	{
		"connected":	[{
				"socket":	5,
				"local_host":	"172.20.171.186",
				"local_port":	34630,
				"remote_host":	"54.227.41.78",
				"remote_port":	5201
			}],
		"version":	"iperf 3.16",
		"system_info":	"Linux DESKTOP-OR35M89 6.18.33.1-microsoft-standard-WSL2 #1 SMP PREEMPT_DYNAMIC Fri Jun  5 01:12:21 UTC 2026 x86_64",
		"timestamp":	{
			"time":	"Thu, 25 Jun 2026 22:28:50 GMT",
			"timesecs":	1782426530
		},
		"connecting_to":	{
			"host":	"54.227.41.78",
			"port":	5201
		},
		"cookie":	"hhcjkbqw2jsv5ga2m4bl35yuhrfyhbzggnrb",
		"tcp_mss_default":	1448,
		"target_bitrate":	100000000,
		"fq_rate":	0,
		"sock_bufsize":	0,
		"sndbuf_actual":	16384,
		"rcvbuf_actual":	131072,
		"test_start":	{
			"protocol":	"TCP",
			"num_streams":	1,
			"blksize":	131072,
			"omit":	0,
			"duration":	30,
			"bytes":	0,
			"blocks":	0,
			"reverse":	0,
			"tos":	0,
			"target_bitrate":	100000000,
			"bidir":	0,
			"fqrate":	0
		}
	},
	"intervals":	[{
			"streams":	[{
					"socket":	5,
					"start":	0,
					"end":	1.000152,
					"seconds":	1.0001519918441772,
					"bytes":	1310720,
					"bits_per_second":	10484166.492200188,
					"retransmits":	15,
					"snd_cwnd":	43440,
					"snd_wnd":	881024,
					"rtt":	87712,
					"rttvar":	485,
					"pmtu":	1500,
					"omitted":	false,
					"sender":	true
				}],
			"sum":	{
				"start":	0,
				"end":	1.000152,
				"seconds":	1.0001519918441772,
				"bytes":	1310720,
				"bits_per_second":	10484166.492200188,
				"retransmits":	15,
				"omitted":	false,
				"sender":	true
			}
		}, {
			"streams":	[{
					"socket":	5,
					"start":	1.000152,
					"end":	2.00022,
					"seconds":	1.0000679492950439,
					"bytes":	524288,
					"bits_per_second":	4194019.0193642331,
					"retransmits":	7,
					"snd_cwnd":	24616,
					"snd_wnd":	888960,
					"rtt":	90208,
					"rttvar":	3290,
					"pmtu":	1500,
					"omitted":	false,
					"sender":	true
				}],
			"sum":	{
				"start":	1.000152,
				"end":	2.00022,
				"seconds":	1.0000679492950439,
				"bytes":	524288,
				"bits_per_second":	4194019.0193642331,
				"retransmits":	7,
				"omitted":	false,
				"sender":	true
			}
		}, {
			"streams":	[{
					"socket":	5,
					"start":	2.00022,
					"end":	3.000192,
					"seconds":	0.99997198581695557,
					"bytes":	262144,
					"bits_per_second":	2097210.75164588,
					"retransmits":	2,
					"snd_cwnd":	24616,
					"snd_wnd":	888960,
					"rtt":	90122,
					"rttvar":	2262,
					"pmtu":	1500,
					"omitted":	false,
					"sender":	true
				}],
			"sum":	{
				"start":	2.00022,
				"end":	3.000192,
				"seconds":	0.99997198581695557,
				"bytes":	262144,
				"bits_per_second":	2097210.75164588,
				"retransmits":	2,
				"omitted":	false,
				"sender":	true
			}
		}, {
			"streams":	[{
					"socket":	5,
					"start":	3.000192,
					"end":	4.000147,
					"seconds":	0.99995499849319458,
					"bytes":	393216,
					"bits_per_second":	3145869.5688708127,
					"retransmits":	5,
					"snd_cwnd":	10136,
					"snd_wnd":	888960,
					"rtt":	90319,
					"rttvar":	2057,
					"pmtu":	1500,
					"omitted":	false,
					"sender":	true
				}],
			"sum":	{
				"start":	3.000192,
				"end":	4.000147,
				"seconds":	0.99995499849319458,
				"bytes":	393216,
				"bits_per_second":	3145869.5688708127,
				"retransmits":	5,
				"omitted":	false,
				"sender":	true
			}
		}, {
			"streams":	[{
					"socket":	5,
					"start":	4.000147,
					"end":	5.000202,
					"seconds":	1.0000549554824829,
					"bytes":	0,
					"bits_per_second":	0,
					"retransmits":	3,
					"snd_cwnd":	7240,
					"snd_wnd":	887424,
					"rtt":	114524,
					"rttvar":	30024,
					"pmtu":	1500,
					"omitted":	false,
					"sender":	true
				}],
			"sum":	{
				"start":	4.000147,
				"end":	5.000202,
				"seconds":	1.0000549554824829,
				"bytes":	0,
				"bits_per_second":	0,
				"retransmits":	3,
				"omitted":	false,
				"sender":	true
			}
		}, {
			"streams":	[{
					"socket":	5,
					"start":	5.000202,
					"end":	6.000155,
					"seconds":	0.99995297193527222,
					"bytes":	0,
					"bits_per_second":	0,
					"retransmits":	0,
					"snd_cwnd":	14480,
					"snd_wnd":	887424,
					"rtt":	94368,
					"rttvar":	9817,
					"pmtu":	1500,
					"omitted":	false,
					"sender":	true
				}],
			"sum":	{
				"start":	5.000202,
				"end":	6.000155,
				"seconds":	0.99995297193527222,
				"bytes":	0,
				"bits_per_second":	0,
				"retransmits":	0,
				"omitted":	false,
				"sender":	true
			}
		}, {
			"streams":	[{
					"socket":	5,
					"start":	6.000155,
					"end":	7.00016,
					"seconds":	1.0000050067901611,
					"bytes":	0,
					"bits_per_second":	0,
					"retransmits":	4,
					"snd_cwnd":	11584,
					"snd_wnd":	888960,
					"rtt":	95581,
					"rttvar":	12118,
					"pmtu":	1500,
					"omitted":	false,
					"sender":	true
				}],
			"sum":	{
				"start":	6.000155,
				"end":	7.00016,
				"seconds":	1.0000050067901611,
				"bytes":	0,
				"bits_per_second":	0,
				"retransmits":	4,
				"omitted":	false,
				"sender":	true
			}
		}, {
			"streams":	[{
					"socket":	5,
					"start":	7.00016,
					"end":	8.000191,
					"seconds":	1.0000309944152832,
					"bytes":	393216,
					"bits_per_second":	3145630.5030218619,
					"retransmits":	0,
					"snd_cwnd":	18824,
					"snd_wnd":	888960,
					"rtt":	91884,
					"rttvar":	4224,
					"pmtu":	1500,
					"omitted":	false,
					"sender":	true
				}],
			"sum":	{
				"start":	7.00016,
				"end":	8.000191,
				"seconds":	1.0000309944152832,
				"bytes":	393216,
				"bits_per_second":	3145630.5030218619,
				"retransmits":	0,
				"omitted":	false,
				"sender":	true
			}
		}, {
			"streams":	[{
					"socket":	5,
					"start":	8.000191,
					"end":	9.000139,
					"seconds":	0.999948024749756,
					"bytes":	0,
					"bits_per_second":	0,
					"retransmits":	5,
					"snd_cwnd":	11584,
					"snd_wnd":	887424,
					"rtt":	94539,
					"rttvar":	10267,
					"pmtu":	1500,
					"omitted":	false,
					"sender":	true
				}],
			"sum":	{
				"start":	8.000191,
				"end":	9.000139,
				"seconds":	0.999948024749756,
				"bytes":	0,
				"bits_per_second":	0,
				"retransmits":	5,
				"omitted":	false,
				"sender":	true
			}
		}, {
			"streams":	[{
					"socket":	5,
					"start":	9.000139,
					"end":	10.000407,
					"seconds":	1.00026798248291,
					"bytes":	393216,
					"bits_per_second":	3144885.22584871,
					"retransmits":	1,
					"snd_cwnd":	14480,
					"snd_wnd":	888960,
					"rtt":	91751,
					"rttvar":	4955,
					"pmtu":	1500,
					"omitted":	false,
					"sender":	true
				}],
			"sum":	{
				"start":	9.000139,
				"end":	10.000407,
				"seconds":	1.00026798248291,
				"bytes":	393216,
				"bits_per_second":	3144885.22584871,
				"retransmits":	1,
				"omitted":	false,
				"sender":	true
			}
		}, {
			"streams":	[{
					"socket":	5,
					"start":	10.000407,
					"end":	11.000159,
					"seconds":	0.9997519850730896,
					"bytes":	0,
					"bits_per_second":	0,
					"retransmits":	3,
					"snd_cwnd":	4344,
					"snd_wnd":	887424,
					"rtt":	89173,
					"rttvar":	2595,
					"pmtu":	1500,
					"omitted":	false,
					"sender":	true
				}],
			"sum":	{
				"start":	10.000407,
				"end":	11.000159,
				"seconds":	0.9997519850730896,
				"bytes":	0,
				"bits_per_second":	0,
				"retransmits":	3,
				"omitted":	false,
				"sender":	true
			}
		}, {
			"streams":	[{
					"socket":	5,
					"start":	11.000159,
					"end":	12.000106,
					"seconds":	0.99994701147079468,
					"bytes":	0,
					"bits_per_second":	0,
					"retransmits":	2,
					"snd_cwnd":	2896,
					"snd_wnd":	887424,
					"rtt":	97262,
					"rttvar":	13838,
					"pmtu":	1500,
					"omitted":	false,
					"sender":	true
				}],
			"sum":	{
				"start":	11.000159,
				"end":	12.000106,
				"seconds":	0.99994701147079468,
				"bytes":	0,
				"bits_per_second":	0,
				"retransmits":	2,
				"omitted":	false,
				"sender":	true
			}
		}, {
			"streams":	[{
					"socket":	5,
					"start":	12.000106,
					"end":	13.000237,
					"seconds":	1.0001310110092163,
					"bytes":	0,
					"bits_per_second":	0,
					"retransmits":	1,