{
	"start":	{
		"connected":	[{
				"socket":	5,
				"local_host":	"172.20.171.186",
				"local_port":	43714,
				"remote_host":	"54.227.41.78",
				"remote_port":	5201
			}],
		"version":	"iperf 3.16",
		"system_info":	"Linux DESKTOP-OR35M89 6.18.33.1-microsoft-standard-WSL2 #1 SMP PREEMPT_DYNAMIC Fri Jun  5 01:12:21 UTC 2026 x86_64",
		"timestamp":	{
			"time":	"Thu, 25 Jun 2026 21:59:58 GMT",
			"timesecs":	1782424798
		},
		"connecting_to":	{
			"host":	"54.227.41.78",
			"port":	5201
		},
		"cookie":	"mgupqf7bhppcayb4p7xbvxdcfmoz72ntzoul",
		"tcp_mss_default":	1448,
		"target_bitrate":	100000000,
		"fq_rate":	0,
		"sock_bufsize":	0,
		"sndbuf_actual":	16384,
		"rcvbuf_actual":	131072,
		"test_start":	{
			"protocol":	"TCP",
			"num_streams":	1,
			"blksize":	131072,
			"omit":	0,
			"duration":	30,
			"bytes":	0,
			"blocks":	0,
			"reverse":	0,
			"tos":	0,
			"target_bitrate":	100000000,
			"bidir":	0,
			"fqrate":	0
		}
	},
	"intervals":	[{
			"streams":	[{
					"socket":	5,
					"start":	0,
					"end":	1.000187,
					"seconds":	1.0001870393753052,
					"bytes":	1572864,
					"bits_per_second":	12580558.94011485,
					"retransmits":	7,
					"snd_cwnd":	62264,
					"snd_wnd":	809984,
					"rtt":	89464,
					"rttvar":	535,
					"pmtu":	1500,
					"omitted":	false,
					"sender":	true
				}],
			"sum":	{
				"start":	0,
				"end":	1.000187,
				"seconds":	1.0001870393753052,
				"bytes":	1572864,
				"bits_per_second":	12580558.94011485,
				"retransmits":	7,
				"omitted":	false,
				"sender":	true
			}
		}, {
			"streams":	[{
					"socket":	5,
					"start":	1.000187,
					"end":	2.000377,
					"seconds":	1.0001900196075439,
					"bytes":	393216,
					"bits_per_second":	3145130.3635626412,
					"retransmits":	8,
					"snd_cwnd":	39096,
					"snd_wnd":	891008,
					"rtt":	89400,
					"rttvar":	507,
					"pmtu":	1500,
					"omitted":	false,
					"sender":	true
				}],
			"sum":	{
				"start":	1.000187,
				"end":	2.000377,
				"seconds":	1.0001900196075439,
				"bytes":	393216,
				"bits_per_second":	3145130.3635626412,
				"retransmits":	8,
				"omitted":	false,
				"sender":	true
			}
		}, {
			"streams":	[{
					"socket":	5,
					"start":	2.000377,
					"end":	3.000134,
					"seconds":	0.99975699186325073,
					"bytes":	786432,
					"bits_per_second":	6292985.2466193717,
					"retransmits":	0,
					"snd_cwnd":	41992,
					"snd_wnd":	892416,
					"rtt":	89479,
					"rttvar":	748,
					"pmtu":	1500,
					"omitted":	false,
					"sender":	true
				}],
			"sum":	{
				"start":	2.000377,
				"end":	3.000134,
				"seconds":	0.99975699186325073,
				"bytes":	786432,
				"bits_per_second":	6292985.2466193717,
				"retransmits":	0,
				"omitted":	false,
				"sender":	true
			}
		}, {
			"streams":	[{
					"socket":	5,
					"start":	3.000134,
					"end":	4.000353,
					"seconds":	1.0002189874649048,
					"bytes":	393216,
					"bits_per_second":	3145039.2758219619,
					"retransmits":	2,
					"snd_cwnd":	39096,
					"snd_wnd":	892416,
					"rtt":	88675,
					"rttvar":	1010,
					"pmtu":	1500,
					"omitted":	false,
					"sender":	true
				}],
			"sum":	{
				"start":	3.000134,
				"end":	4.000353,
				"seconds":	1.0002189874649048,
				"bytes":	393216,
				"bits_per_second":	3145039.2758219619,
				"retransmits":	2,
				"omitted":	false,
				"sender":	true
			}
		}, {
			"streams":	[{
					"socket":	5,
					"start":	4.000353,
					"end":	5.000188,
					"seconds":	0.99983501434326172,
					"bytes":	393216,
					"bits_per_second":	3146247.0856416854,
					"retransmits":	1,
					"snd_cwnd":	33304,
					"snd_wnd":	892416,
					"rtt":	91597,
					"rttvar":	3390,
					"pmtu":	1500,
					"omitted":	false,
					"sender":	true
				}],
			"sum":	{
				"start":	4.000353,
				"end":	5.000188,
				"seconds":	0.99983501434326172,
				"bytes":	393216,
				"bits_per_second":	3146247.0856416854,
				"retransmits":	1,
				"omitted":	false,
				"sender":	true
			}
		}, {
			"streams":	[{
					"socket":	5,
					"start":	5.000188,
					"end":	6.000184,
					"seconds":	0.9999960064888,
					"bytes":	262144,
					"bits_per_second":	2097160.3750334457,
					"retransmits":	5,
					"snd_cwnd":	18824,
					"snd_wnd":	866432,
					"rtt":	89508,
					"rttvar":	1039,
					"pmtu":	1500,
					"omitted":	false,
					"sender":	true
				}],
			"sum":	{
				"start":	5.000188,
				"end":	6.000184,
				"seconds":	0.9999960064888,
				"bytes":	262144,
				"bits_per_second":	2097160.3750334457,
				"retransmits":	5,
				"omitted":	false,
				"sender":	true
			}
		}, {
			"streams":	[{
					"socket":	5,
					"start":	6.000184,
					"end":	7.000615,
					"seconds":	1.0004309415817261,
					"bytes":	0,
					"bits_per_second":	0,
					"retransmits":	3,
					"snd_cwnd":	13032,
					"snd_wnd":	892416,
					"rtt":	94421,
					"rttvar":	8887,
					"pmtu":	1500,
					"omitted":	false,
					"sender":	true
				}],
			"sum":	{
				"start":	6.000184,
				"end":	7.000615,
				"seconds":	1.0004309415817261,
				"bytes":	0,
				"bits_per_second":	0,
				"retransmits":	3,
				"omitted":	false,
				"sender":	true
			}
		}, {
			"streams":	[{
					"socket":	5,
					"start":	7.000615,
					"end":	8.000132,
					"seconds":	0.999517023563385,
					"bytes":	0,
					"bits_per_second":	0,
					"retransmits":	1,
					"snd_cwnd":	14480,
					"snd_wnd":	892416,
					"rtt":	91238,
					"rttvar":	3587,
					"pmtu":	1500,
					"omitted":	false,
					"sender":	true
				}],
			"sum":	{
				"start":	7.000615,
				"end":	8.000132,
				"seconds":	0.999517023563385,
				"bytes":	0,
				"bits_per_second":	0,
				"retransmits":	1,
				"omitted":	false,
				"sender":	true
			}
		}, {
			"streams":	[{
					"socket":	5,
					"start":	8.000132,
					"end":	9.000524,
					"seconds":	1.000391960144043,
					"bytes":	393216,
					"bits_per_second":	3144495.4830975025,
					"retransmits":	2,
					"snd_cwnd":	14480,
					"snd_wnd":	892416,
					"rtt":	99467,
					"rttvar":	15767,
					"pmtu":	1500,
					"omitted":	false,
					"sender":	true
				}],
			"sum":	{
				"start":	8.000132,
				"end":	9.000524,
				"seconds":	1.000391960144043,
				"bytes":	393216,
				"bits_per_second":	3144495.4830975025,
				"retransmits":	2,
				"omitted":	false,
				"sender":	true
			}
		}, {
			"streams":	[{
					"socket":	5,
					"start":	9.000524,
					"end":	10.000091,
					"seconds":	0.99956697225570679,
					"bytes":	0,
					"bits_per_second":	0,
					"retransmits":	0,
					"snd_cwnd":	21720,
					"snd_wnd":	891008,
					"rtt":	92278,
					"rttvar":	3592,
					"pmtu":	1500,
					"omitted":	false,
					"sender":	true
				}],
			"sum":	{
				"start":	9.000524,
				"end":	10.000091,
				"seconds":	0.99956697225570679,
				"bytes":	0,
				"bits_per_second":	0,
				"retransmits":	0,
				"omitted":	false,
				"sender":	true
			}
		}, {
			"streams":	[{
					"socket":	5,
					"start":	10.000091,
					"end":	11.000554,
					"seconds":	1.0004630088806152,
					"bytes":	393216,
					"bits_per_second":	3144272.1740603386,
					"retransmits":	3,
					"snd_cwnd":	20272,
					"snd_wnd":	879488,
					"rtt":	88674,
					"rttvar":	765,
					"pmtu":	1500,
					"omitted":	false,
					"sender":	true
				}],
			"sum":	{
				"start":	10.000091,
				"end":	11.000554,
				"seconds":	1.0004630088806152,
				"bytes":	393216,
				"bits_per_second":	3144272.1740603386,
				"retransmits":	3,
				"omitted":	false,
				"sender":	true
			}
		}, {
			"streams":	[{
					"socket":	5,
					"start":	11.000554,
					"end":	12.000424,
					"seconds":	0.999870002269745,
					"bytes":	393216,
					"bits_per_second":	3146136.9906678586,
					"retransmits":	2,
					"snd_cwnd":	18824,
					"snd_wnd":	892416,
					"rtt":	91178,
					"rttvar":	3507,
					"pmtu":	1500,
					"omitted":	false,
					"sender":	true
				}],
			"sum":	{
				"start":	11.000554,
				"end":	12.000424,
				"seconds":	0.999870002269745,
				"bytes":	393216,
				"bits_per_second":	3146136.9906678586,
				"retransmits":	2,
				"omitted":	false,
				"sender":	true
			}
		}, {
			"streams":	[{
					"socket":	5,