{
	"start":	{
		"connected":	[{
				"socket":	5,
				"local_host":	"172.20.171.186",
				"local_port":	44646,
				"remote_host":	"54.227.41.78",
				"remote_port":	5201
			}],
		"version":	"iperf 3.16",
		"system_info":	"Linux DESKTOP-OR35M89 6.18.33.1-microsoft-standard-WSL2 #1 SMP PREEMPT_DYNAMIC Fri Jun  5 01:12:21 UTC 2026 x86_64",
		"timestamp":	{
			"time":	"Thu, 25 Jun 2026 22:52:54 GMT",
			"timesecs":	1782427974
		},
		"connecting_to":	{
			"host":	"54.227.41.78",
			"port":	5201
		},
		"cookie":	"c7gnkxijfa3drvdveq44zh4mlzsqe7slljl2",
		"tcp_mss_default":	1448,
		"target_bitrate":	100000000,
		"fq_rate":	0,
		"sock_bufsize":	0,
		"sndbuf_actual":	16384,
		"rcvbuf_actual":	131072,
		"test_start":	{
			"protocol":	"TCP",
			"num_streams":	1,
			"blksize":	131072,
			"omit":	0,
			"duration":	30,
			"bytes":	0,
			"blocks":	0,
			"reverse":	0,
			"tos":	0,
			"target_bitrate":	100000000,
			"bidir":	0,
			"fqrate":	0
		}
	},
	"intervals":	[{
			"streams":	[{
					"socket":	5,
					"start":	0,
					"end":	1.000389,
					"seconds":	1.0003889799118042,
					"bytes":	524288,
					"bits_per_second":	4192673.1343739675,
					"retransmits":	11,
					"snd_cwnd":	14480,
					"snd_wnd":	385408,
					"rtt":	87304,
					"rttvar":	333,
					"pmtu":	1500,
					"omitted":	false,
					"sender":	true
				}],
			"sum":	{
				"start":	0,
				"end":	1.000389,
				"seconds":	1.0003889799118042,
				"bytes":	524288,
				"bits_per_second":	4192673.1343739675,
				"retransmits":	11,
				"omitted":	false,
				"sender":	true
			}
		}, {
			"streams":	[{
					"socket":	5,
					"start":	1.000389,
					"end":	2.000383,
					"seconds":	0.99999397993087769,
					"bytes":	131072,
					"bits_per_second":	1048582.3125380019,
					"retransmits":	7,
					"snd_cwnd":	2896,
					"snd_wnd":	541696,
					"rtt":	87647,
					"rttvar":	293,
					"pmtu":	1500,
					"omitted":	false,
					"sender":	true
				}],
			"sum":	{
				"start":	1.000389,
				"end":	2.000383,
				"seconds":	0.99999397993087769,
				"bytes":	131072,
				"bits_per_second":	1048582.3125380019,
				"retransmits":	7,
				"omitted":	false,
				"sender":	true
			}
		}, {
			"streams":	[{
					"socket":	5,
					"start":	2.000383,
					"end":	3.000409,
					"seconds":	1.0000259876251221,
					"bytes":	0,
					"bits_per_second":	0,
					"retransmits":	1,
					"snd_cwnd":	7240,
					"snd_wnd":	646016,
					"rtt":	87798,
					"rttvar":	301,
					"pmtu":	1500,
					"omitted":	false,
					"sender":	true
				}],
			"sum":	{
				"start":	2.000383,
				"end":	3.000409,
				"seconds":	1.0000259876251221,
				"bytes":	0,
				"bits_per_second":	0,
				"retransmits":	1,
				"omitted":	false,
				"sender":	true
			}
		}, {
			"streams":	[{
					"socket":	5,
					"start":	3.000409,
					"end":	4.000113,
					"seconds":	0.99970400333404541,
					"bytes":	131072,
					"bits_per_second":	1048886.4668971666,
					"retransmits":	4,
					"snd_cwnd":	5792,
					"snd_wnd":	675840,
					"rtt":	98423,
					"rttvar":	16815,
					"pmtu":	1500,
					"omitted":	false,
					"sender":	true
				}],
			"sum":	{
				"start":	3.000409,
				"end":	4.000113,
				"seconds":	0.99970400333404541,
				"bytes":	131072,
				"bits_per_second":	1048886.4668971666,
				"retransmits":	4,
				"omitted":	false,
				"sender":	true
			}
		}, {
			"streams":	[{
					"socket":	5,
					"start":	4.000113,
					"end":	5.000379,
					"seconds":	1.0002659559249878,
					"bytes":	0,
					"bits_per_second":	0,
					"retransmits":	3,
					"snd_cwnd":	4344,
					"snd_wnd":	667520,
					"rtt":	96027,
					"rttvar":	12655,
					"pmtu":	1500,
					"omitted":	false,
					"sender":	true
				}],
			"sum":	{
				"start":	4.000113,
				"end":	5.000379,
				"seconds":	1.0002659559249878,
				"bytes":	0,
				"bits_per_second":	0,
				"retransmits":	3,
				"omitted":	false,
				"sender":	true
			}
		}, {
			"streams":	[{
					"socket":	5,
					"start":	5.000379,
					"end":	6.000099,
					"seconds":	0.99971997737884521,
					"bytes":	0,
					"bits_per_second":	0,
					"retransmits":	4,
					"snd_cwnd":	4344,
					"snd_wnd":	674304,
					"rtt":	100937,
					"rttvar":	19299,
					"pmtu":	1500,
					"omitted":	false,
					"sender":	true
				}],
			"sum":	{
				"start":	5.000379,
				"end":	6.000099,
				"seconds":	0.99971997737884521,
				"bytes":	0,
				"bits_per_second":	0,
				"retransmits":	4,
				"omitted":	false,
				"sender":	true
			}
		}, {
			"streams":	[{
					"socket":	5,
					"start":	6.000099,
					"end":	7.000035,
					"seconds":	0.99993598461151123,
					"bytes":	0,
					"bits_per_second":	0,
					"retransmits":	1,
					"snd_cwnd":	8688,
					"snd_wnd":	675840,
					"rtt":	94589,
					"rttvar":	8149,
					"pmtu":	1500,
					"omitted":	false,
					"sender":	true
				}],
			"sum":	{
				"start":	6.000099,
				"end":	7.000035,
				"seconds":	0.99993598461151123,
				"bytes":	0,
				"bits_per_second":	0,
				"retransmits":	1,
				"omitted":	false,
				"sender":	true
			}
		}, {
			"streams":	[{
					"socket":	5,
					"start":	7.000035,
					"end":	8.000156,
					"seconds":	1.000120997428894,
					"bytes":	131072,
					"bits_per_second":	1048449.1403496915,
					"retransmits":	2,
					"snd_cwnd":	7240,
					"snd_wnd":	664832,
					"rtt":	93434,
					"rttvar":	8456,
					"pmtu":	1500,
					"omitted":	false,
					"sender":	true
				}],
			"sum":	{
				"start":	7.000035,
				"end":	8.000156,
				"seconds":	1.000120997428894,
				"bytes":	131072,
				"bits_per_second":	1048449.1403496915,
				"retransmits":	2,
				"omitted":	false,
				"sender":	true
			}
		}, {
			"streams":	[{
					"socket":	5,
					"start":	8.000156,
					"end":	9.000253,
					"seconds":	1.0000970363616943,
					"bytes":	0,
					"bits_per_second":	0,
					"retransmits":	4,
					"snd_cwnd":	7240,
					"snd_wnd":	675840,
					"rtt":	99386,
					"rttvar":	16238,
					"pmtu":	1500,
					"omitted":	false,
					"sender":	true
				}],
			"sum":	{
				"start":	8.000156,
				"end":	9.000253,
				"seconds":	1.0000970363616943,
				"bytes":	0,
				"bits_per_second":	0,
				"retransmits":	4,
				"omitted":	false,
				"sender":	true
			}
		}, {
			"streams":	[{
					"socket":	5,
					"start":	9.000253,
					"end":	10.000121,
					"seconds":	0.99986797571182251,
					"bytes":	131072,
					"bits_per_second":	1048714.4557795257,
					"retransmits":	1,
					"snd_cwnd":	10136,
					"snd_wnd":	675840,
					"rtt":	98055,
					"rttvar":	12450,
					"pmtu":	1500,
					"omitted":	false,
					"sender":	true
				}],
			"sum":	{
				"start":	9.000253,
				"end":	10.000121,
				"seconds":	0.99986797571182251,
				"bytes":	131072,
				"bits_per_second":	1048714.4557795257,
				"retransmits":	1,
				"omitted":	false,
				"sender":	true
			}
		}, {
			"streams":	[{
					"socket":	5,
					"start":	10.000121,
					"end":	11.000393,
					"seconds":	1.0002720355987549,
					"bytes":	131072,
					"bits_per_second":	1048290.8275770508,
					"retransmits":	3,
					"snd_cwnd":	7240,
					"snd_wnd":	675840,
					"rtt":	95904,
					"rttvar":	12600,
					"pmtu":	1500,
					"omitted":	false,
					"sender":	true
				}],
			"sum":	{
				"start":	10.000121,
				"end":	11.000393,
				"seconds":	1.0002720355987549,
				"bytes":	131072,
				"bits_per_second":	1048290.8275770508,
				"retransmits":	3,
				"omitted":	false,
				"sender":	true
			}
		}, {
			"streams":	[{
					"socket":	5,
					"start":	11.000393,
					"end":	12.000386,
					"seconds":	0.99999302625656128,
					"bytes":	0,
					"bits_per_second":	0,
					"retransmits":	4,
					"snd_cwnd":	5792,
					"snd_wnd":	675840,
					"rtt":	99102,
					"rttvar":	17650,
					"pmtu":	1500,
					"omitted":	false,
					"sender":	true
				}],
			"sum":	{
				"start":	11.000393,
				"end":	12.000386,
				"seconds":	0.99999302625656128,
				"bytes":	0,
				"bits_per_second":	0,
				"retransmits":	4,
				"omitted":	false,
				"sender":	true
			}
		}, {
			"streams":	[{
					"socket":	5,
					"start":	12.000386,
					"end":	13.000309,
					"seconds":	0.9999229907989502,
					"bytes":	0,
					"bits_per_second":	0,