{
	"start":	{
		"connected":	[{
				"socket":	5,
				"local_host":	"172.20.171.186",
				"local_port":	52264,
				"remote_host":	"54.227.41.78",
				"remote_port":	5201
			}],
		"version":	"iperf 3.16",
		"system_info":	"Linux DESKTOP-OR35M89 6.18.33.1-microsoft-standard-WSL2 #1 SMP PREEMPT_DYNAMIC Fri Jun  5 01:12:21 UTC 2026 x86_64",
		"timestamp":	{
			"time":	"Thu, 25 Jun 2026 22:29:23 GMT",
			"timesecs":	1782426563
		},
		"connecting_to":	{
			"host":	"54.227.41.78",
			"port":	5201
		},
		"cookie":	"wqeukwoudrmanisi6wa3765shzc27qnjpwh5",
		"tcp_mss_default":	1448,
		"target_bitrate":	100000000,
		"fq_rate":	0,
		"sock_bufsize":	0,
		"sndbuf_actual":	16384,
		"rcvbuf_actual":	131072,
		"test_start":	{
			"protocol":	"TCP",
			"num_streams":	1,
			"blksize":	131072,
			"omit":	0,
			"duration":	30,
			"bytes":	0,
			"blocks":	0,
			"reverse":	0,
			"tos":	0,
			"target_bitrate":	100000000,
			"bidir":	0,
			"fqrate":	0
		}
	},
	"intervals":	[{
			"streams":	[{
					"socket":	5,
					"start":	0,
					"end":	1.000631,
					"seconds":	1.0006309747695923,
					"bytes":	655360,
					"bits_per_second":	5239573.96102718,
					"retransmits":	12,
					"snd_cwnd":	28960,
					"snd_wnd":	267776,
					"rtt":	89778,
					"rttvar":	1575,
					"pmtu":	1500,
					"omitted":	false,
					"sender":	true
				}],
			"sum":	{
				"start":	0,
				"end":	1.000631,
				"seconds":	1.0006309747695923,
				"bytes":	655360,
				"bits_per_second":	5239573.96102718,
				"retransmits":	12,
				"omitted":	false,
				"sender":	true
			}
		}, {
			"streams":	[{
					"socket":	5,
					"start":	1.000631,
					"end":	2.000329,
					"seconds":	0.999697983264923,
					"bytes":	393216,
					"bits_per_second":	3146678.34952146,
					"retransmits":	3,
					"snd_cwnd":	17376,
					"snd_wnd":	267776,
					"rtt":	96552,
					"rttvar":	6071,
					"pmtu":	1500,
					"omitted":	false,
					"sender":	true
				}],
			"sum":	{
				"start":	1.000631,
				"end":	2.000329,
				"seconds":	0.999697983264923,
				"bytes":	393216,
				"bits_per_second":	3146678.34952146,
				"retransmits":	3,
				"omitted":	false,
				"sender":	true
			}
		}, {
			"streams":	[{
					"socket":	5,
					"start":	2.000329,
					"end":	3.000469,
					"seconds":	1.0001399517059326,
					"bytes":	131072,
					"bits_per_second":	1048429.2705350389,
					"retransmits":	2,
					"snd_cwnd":	17376,
					"snd_wnd":	267776,
					"rtt":	90285,
					"rttvar":	1995,
					"pmtu":	1500,
					"omitted":	false,
					"sender":	true
				}],
			"sum":	{
				"start":	2.000329,
				"end":	3.000469,
				"seconds":	1.0001399517059326,
				"bytes":	131072,
				"bits_per_second":	1048429.2705350389,
				"retransmits":	2,
				"omitted":	false,
				"sender":	true
			}
		}, {
			"streams":	[{
					"socket":	5,
					"start":	3.000469,
					"end":	4.000528,
					"seconds":	1.0000590085983276,
					"bytes":	262144,
					"bits_per_second":	2097028.2573018831,
					"retransmits":	2,
					"snd_cwnd":	20272,
					"snd_wnd":	267776,
					"rtt":	104086,
					"rttvar":	7517,
					"pmtu":	1500,
					"omitted":	false,
					"sender":	true
				}],
			"sum":	{
				"start":	3.000469,
				"end":	4.000528,
				"seconds":	1.0000590085983276,
				"bytes":	262144,
				"bits_per_second":	2097028.2573018831,
				"retransmits":	2,
				"omitted":	false,
				"sender":	true
			}
		}, {
			"streams":	[{
					"socket":	5,
					"start":	4.000528,
					"end":	5.000137,
					"seconds":	0.99960899353027344,
					"bytes":	0,
					"bits_per_second":	0,
					"retransmits":	4,
					"snd_cwnd":	15928,
					"snd_wnd":	266368,
					"rtt":	100918,
					"rttvar":	6648,
					"pmtu":	1500,
					"omitted":	false,
					"sender":	true
				}],
			"sum":	{
				"start":	4.000528,
				"end":	5.000137,
				"seconds":	0.99960899353027344,
				"bytes":	0,
				"bits_per_second":	0,
				"retransmits":	4,
				"omitted":	false,
				"sender":	true
			}
		}, {
			"streams":	[{
					"socket":	5,
					"start":	5.000137,
					"end":	6.000513,
					"seconds":	1.0003759860992432,
					"bytes":	131072,
					"bits_per_second":	1048181.8981768072,
					"retransmits":	3,
					"snd_cwnd":	10136,
					"snd_wnd":	267776,
					"rtt":	96511,
					"rttvar":	4266,
					"pmtu":	1500,
					"omitted":	false,
					"sender":	true
				}],
			"sum":	{
				"start":	5.000137,
				"end":	6.000513,
				"seconds":	1.0003759860992432,
				"bytes":	131072,
				"bits_per_second":	1048181.8981768072,
				"retransmits":	3,
				"omitted":	false,
				"sender":	true
			}
		}, {
			"streams":	[{
					"socket":	5,
					"start":	6.000513,
					"end":	7.000536,
					"seconds":	1.0000230073928833,
					"bytes":	262144,
					"bits_per_second":	2097103.7511100811,
					"retransmits":	4,
					"snd_cwnd":	5792,
					"snd_wnd":	266240,
					"rtt":	89889,
					"rttvar":	3240,
					"pmtu":	1500,
					"omitted":	false,
					"sender":	true
				}],
			"sum":	{
				"start":	6.000513,
				"end":	7.000536,
				"seconds":	1.0000230073928833,
				"bytes":	262144,
				"bits_per_second":	2097103.7511100811,
				"retransmits":	4,
				"omitted":	false,
				"sender":	true
			}
		}, {
			"streams":	[{
					"socket":	5,
					"start":	7.000536,
					"end":	8.000542,
					"seconds":	1.0000059604644775,
					"bytes":	0,
					"bits_per_second":	0,
					"retransmits":	3,
					"snd_cwnd":	5792,
					"snd_wnd":	266240,
					"rtt":	112240,
					"rttvar":	7619,
					"pmtu":	1500,
					"omitted":	false,
					"sender":	true
				}],
			"sum":	{
				"start":	7.000536,
				"end":	8.000542,
				"seconds":	1.0000059604644775,
				"bytes":	0,
				"bits_per_second":	0,
				"retransmits":	3,
				"omitted":	false,
				"sender":	true
			}
		}, {
			"streams":	[{
					"socket":	5,
					"start":	8.000542,
					"end":	9.000545,
					"seconds":	1.0000029802322388,
					"bytes":	131072,
					"bits_per_second":	1048572.8750093132,
					"retransmits":	2,
					"snd_cwnd":	5792,
					"snd_wnd":	267776,
					"rtt":	94246,
					"rttvar":	8603,
					"pmtu":	1500,
					"omitted":	false,
					"sender":	true
				}],
			"sum":	{
				"start":	8.000542,
				"end":	9.000545,
				"seconds":	1.0000029802322388,
				"bytes":	131072,
				"bits_per_second":	1048572.8750093132,
				"retransmits":	2,
				"omitted":	false,
				"sender":	true
			}
		}, {
			"streams":	[{
					"socket":	5,
					"start":	9.000545,
					"end":	10.000544,
					"seconds":	0.99999898672103882,
					"bytes":	0,
					"bits_per_second":	0,
					"retransmits":	3,
					"snd_cwnd":	5792,
					"snd_wnd":	266368,
					"rtt":	119457,
					"rttvar":	25262,
					"pmtu":	1500,
					"omitted":	false,
					"sender":	true
				}],
			"sum":	{
				"start":	9.000545,
				"end":	10.000544,
				"seconds":	0.99999898672103882,
				"bytes":	0,
				"bits_per_second":	0,
				"retransmits":	3,
				"omitted":	false,
				"sender":	true
			}
		}, {
			"streams":	[{
					"socket":	5,
					"start":	10.000544,
					"end":	11.000552,
					"seconds":	1.0000079870224,
					"bytes":	0,
					"bits_per_second":	0,
					"retransmits":	0,
					"snd_cwnd":	11584,
					"snd_wnd":	267776,
					"rtt":	95649,
					"rttvar":	10496,
					"pmtu":	1500,
					"omitted":	false,
					"sender":	true
				}],
			"sum":	{
				"start":	10.000544,
				"end":	11.000552,
				"seconds":	1.0000079870224,
				"bytes":	0,
				"bits_per_second":	0,
				"retransmits":	0,
				"omitted":	false,
				"sender":	true
			}
		}, {
			"streams":	[{
					"socket":	5,
					"start":	11.000552,
					"end":	12.00016,
					"seconds":	0.99960798025131226,
					"bytes":	131072,
					"bits_per_second":	1048987.2237078147,
					"retransmits":	0,
					"snd_cwnd":	20272,
					"snd_wnd":	266240,
					"rtt":	93619,
					"rttvar":	7971,
					"pmtu":	1500,
					"omitted":	false,
					"sender":	true
				}],
			"sum":	{
				"start":	11.000552,
				"end":	12.00016,
				"seconds":	0.99960798025131226,
				"bytes":	131072,
				"bits_per_second":	1048987.2237078147,
				"retransmits":	0,
				"omitted":	false,
				"sender":	true
			}
		}, {
			"streams":	[{
					"socket":	5,
					"start":	12.00016,
					"end":	13.000544,