{
	"start":	{
		"connected":	[{
				"socket":	5,
				"local_host":	"172.20.171.186",
				"local_port":	47264,
				"remote_host":	"54.227.41.78",
				"remote_port":	5201
			}],
		"version":	"iperf 3.16",
		"system_info":	"Linux DESKTOP-OR35M89 6.18.33.1-microsoft-standard-WSL2 #1 SMP PREEMPT_DYNAMIC Fri Jun  5 01:12:21 UTC 2026 x86_64",
		"timestamp":	{
			"time":	"Thu, 25 Jun 2026 23:28:20 GMT",
			"timesecs":	1782430100
		},
		"connecting_to":	{
			"host":	"54.227.41.78",
			"port":	5201
		},
		"cookie":	"mgwlmh4tkouvaifg36th77cxzsv5vhsn6qzf",
		"tcp_mss_default":	1448,
		"target_bitrate":	100000000,
		"fq_rate":	0,
		"sock_bufsize":	0,
		"sndbuf_actual":	16384,
		"rcvbuf_actual":	131072,
		"test_start":	{
			"protocol":	"TCP",
			"num_streams":	1,
			"blksize":	131072,
			"omit":	0,
			"duration":	30,
			"bytes":	0,
			"blocks":	0,
			"reverse":	0,
			"tos":	0,
			"target_bitrate":	100000000,
			"bidir":	0,
			"fqrate":	0
		}
	},
	"intervals":	[{
			"streams":	[{
					"socket":	5,
					"start":	0,
					"end":	1.000539,
					"seconds":	1.0005389451980591,
					"bytes":	131072,
					"bits_per_second":	1048011.1794073462,
					"retransmits":	12,
					"snd_cwnd":	8688,
					"snd_wnd":	161024,
					"rtt":	92904,
					"rttvar":	6777,
					"pmtu":	1500,
					"omitted":	false,
					"sender":	true
				}],
			"sum":	{
				"start":	0,
				"end":	1.000539,
				"seconds":	1.0005389451980591,
				"bytes":	131072,
				"bits_per_second":	1048011.1794073462,
				"retransmits":	12,
				"omitted":	false,
				"sender":	true
			}
		}, {
			"streams":	[{
					"socket":	5,
					"start":	1.000539,
					"end":	2.000524,
					"seconds":	0.9999849796295166,
					"bytes":	131072,
					"bits_per_second":	1048591.7502365743,
					"retransmits":	5,
					"snd_cwnd":	5792,
					"snd_wnd":	161024,
					"rtt":	100284,
					"rttvar":	19696,
					"pmtu":	1500,
					"omitted":	false,
					"sender":	true
				}],
			"sum":	{
				"start":	1.000539,
				"end":	2.000524,
				"seconds":	0.9999849796295166,
				"bytes":	131072,
				"bits_per_second":	1048591.7502365743,
				"retransmits":	5,
				"omitted":	false,
				"sender":	true
			}
		}, {
			"streams":	[{
					"socket":	5,
					"start":	2.000524,
					"end":	3.000492,
					"seconds":	0.99996799230575562,
					"bytes":	0,
					"bits_per_second":	0,
					"retransmits":	6,
					"snd_cwnd":	4344,
					"snd_wnd":	162432,
					"rtt":	104728,
					"rttvar":	24959,
					"pmtu":	1500,
					"omitted":	false,
					"sender":	true
				}],
			"sum":	{
				"start":	2.000524,
				"end":	3.000492,
				"seconds":	0.99996799230575562,
				"bytes":	0,
				"bits_per_second":	0,
				"retransmits":	6,
				"omitted":	false,
				"sender":	true
			}
		}, {
			"streams":	[{
					"socket":	5,
					"start":	3.000492,
					"end":	4.000457,
					"seconds":	0.999965012073517,
					"bytes":	131072,
					"bits_per_second":	1048612.6887836645,
					"retransmits":	2,
					"snd_cwnd":	5792,
					"snd_wnd":	161024,
					"rtt":	91930,
					"rttvar":	6417,
					"pmtu":	1500,
					"omitted":	false,
					"sender":	true
				}],
			"sum":	{
				"start":	3.000492,
				"end":	4.000457,
				"seconds":	0.999965012073517,
				"bytes":	131072,
				"bits_per_second":	1048612.6887836645,
				"retransmits":	2,
				"omitted":	false,
				"sender":	true
			}
		}, {
			"streams":	[{
					"socket":	5,
					"start":	4.000457,
					"end":	5.00044,
					"seconds":	0.999983012676239,
					"bytes":	0,
					"bits_per_second":	0,
					"retransmits":	2,
					"snd_cwnd":	8688,
					"snd_wnd":	162432,
					"rtt":	102733,
					"rttvar":	19135,
					"pmtu":	1500,
					"omitted":	false,
					"sender":	true
				}],
			"sum":	{
				"start":	4.000457,
				"end":	5.00044,
				"seconds":	0.999983012676239,
				"bytes":	0,
				"bits_per_second":	0,
				"retransmits":	2,
				"omitted":	false,
				"sender":	true
			}
		}, {
			"streams":	[{
					"socket":	5,
					"start":	5.00044,
					"end":	6.000389,
					"seconds":	0.99994897842407227,
					"bytes":	0,
					"bits_per_second":	0,
					"retransmits":	6,
					"snd_cwnd":	2896,
					"snd_wnd":	162432,
					"rtt":	101001,
					"rttvar":	22897,
					"pmtu":	1500,
					"omitted":	false,
					"sender":	true
				}],
			"sum":	{
				"start":	5.00044,
				"end":	6.000389,
				"seconds":	0.99994897842407227,
				"bytes":	0,
				"bits_per_second":	0,
				"retransmits":	6,
				"omitted":	false,
				"sender":	true
			}
		}, {
			"streams":	[{
					"socket":	5,
					"start":	6.000389,
					"end":	7.000499,
					"seconds":	1.0001100301742554,
					"bytes":	131072,
					"bits_per_second":	1048460.6376933347,
					"retransmits":	5,
					"snd_cwnd":	2896,
					"snd_wnd":	162432,
					"rtt":	102406,
					"rttvar":	27470,
					"pmtu":	1500,
					"omitted":	false,
					"sender":	true
				}],
			"sum":	{
				"start":	6.000389,
				"end":	7.000499,
				"seconds":	1.0001100301742554,
				"bytes":	131072,
				"bits_per_second":	1048460.6376933347,
				"retransmits":	5,
				"omitted":	false,
				"sender":	true
			}
		}, {
			"streams":	[{
					"socket":	5,
					"start":	7.000499,
					"end":	8.000297,
					"seconds":	0.9997979998588562,
					"bytes":	0,
					"bits_per_second":	0,
					"retransmits":	3,
					"snd_cwnd":	4344,
					"snd_wnd":	161024,
					"rtt":	90344,
					"rttvar":	4524,
					"pmtu":	1500,
					"omitted":	false,
					"sender":	true
				}],
			"sum":	{
				"start":	7.000499,
				"end":	8.000297,
				"seconds":	0.9997979998588562,
				"bytes":	0,
				"bits_per_second":	0,
				"retransmits":	3,
				"omitted":	false,
				"sender":	true
			}
		}, {
			"streams":	[{
					"socket":	5,
					"start":	8.000297,
					"end":	9.000279,
					"seconds":	0.99998199939727783,
					"bytes":	0,
					"bits_per_second":	0,
					"retransmits":	6,
					"snd_cwnd":	1448,
					"snd_wnd":	161024,
					"rtt":	89136,
					"rttvar":	2355,
					"pmtu":	1500,
					"omitted":	false,
					"sender":	true
				}],
			"sum":	{
				"start":	8.000297,
				"end":	9.000279,
				"seconds":	0.99998199939727783,
				"bytes":	0,
				"bits_per_second":	0,
				"retransmits":	6,
				"omitted":	false,
				"sender":	true
			}
		}, {
			"streams":	[{
					"socket":	5,
					"start":	9.000279,
					"end":	10.000152,
					"seconds":	0.99987298250198364,
					"bytes":	0,
					"bits_per_second":	0,
					"retransmits":	3,
					"snd_cwnd":	4344,
					"snd_wnd":	161024,
					"rtt":	88360,
					"rttvar":	723,
					"pmtu":	1500,
					"omitted":	false,
					"sender":	true
				}],
			"sum":	{
				"start":	9.000279,
				"end":	10.000152,
				"seconds":	0.99987298250198364,
				"bytes":	0,
				"bits_per_second":	0,
				"retransmits":	3,
				"omitted":	false,
				"sender":	true
			}
		}, {
			"streams":	[{
					"socket":	5,
					"start":	10.000152,
					"end":	11.000143,
					"seconds":	0.999990999698639,
					"bytes":	0,
					"bits_per_second":	0,
					"retransmits":	3,
					"snd_cwnd":	4344,
					"snd_wnd":	161024,
					"rtt":	97045,
					"rttvar":	15223,
					"pmtu":	1500,
					"omitted":	false,
					"sender":	true
				}],
			"sum":	{
				"start":	10.000152,
				"end":	11.000143,
				"seconds":	0.999990999698639,
				"bytes":	0,
				"bits_per_second":	0,
				"retransmits":	3,
				"omitted":	false,
				"sender":	true
			}
		}, {
			"streams":	[{
					"socket":	5,
					"start":	11.000143,
					"end":	12.000127,
					"seconds":	0.9999840259552002,
					"bytes":	131072,
					"bits_per_second":	1048592.7502675694,
					"retransmits":	4,
					"snd_cwnd":	1448,
					"snd_wnd":	161024,
					"rtt":	95523,
					"rttvar":	13754,
					"pmtu":	1500,
					"omitted":	false,
					"sender":	true
				}],
			"sum":	{
				"start":	11.000143,
				"end":	12.000127,
				"seconds":	0.9999840259552002,
				"bytes":	131072,
				"bits_per_second":	1048592.7502675694,
				"retransmits":	4,
				"omitted":	false,
				"sender":	true
			}
		}, {
			"streams":	[{
					"socket":	5,
					"start":	12.000127,
					"end":	13.000127,
					"seconds":	1,
					"bytes":	0,
					"bits_per_second":	0,
					"retransmits":	4,
					"snd_cwnd":	2896,
					"snd_wnd":	155904,