{
	"start":	{
		"connected":	[{
				"socket":	5,
				"local_host":	"172.20.171.186",
				"local_port":	38740,
				"remote_host":	"54.227.41.78",
				"remote_port":	5201
			}],
		"version":	"iperf 3.16",
		"system_info":	"Linux DESKTOP-OR35M89 6.18.33.1-microsoft-standard-WSL2 #1 SMP PREEMPT_DYNAMIC Fri Jun  5 01:12:21 UTC 2026 x86_64",
		"timestamp":	{
			"time":	"Thu, 25 Jun 2026 23:36:12 GMT",
			"timesecs":	1782430572
		},
		"connecting_to":	{
			"host":	"54.227.41.78",
			"port":	5201
		},
		"cookie":	"duffo3bwiqmxbmrpltbvidebslwnmux76hws",
		"tcp_mss_default":	1448,
		"target_bitrate":	100000000,
		"fq_rate":	0,
		"sock_bufsize":	0,
		"sndbuf_actual":	16384,
		"rcvbuf_actual":	131072,
		"test_start":	{
			"protocol":	"TCP",
			"num_streams":	1,
			"blksize":	131072,
			"omit":	0,
			"duration":	30,
			"bytes":	0,
			"blocks":	0,
			"reverse":	0,
			"tos":	0,
			"target_bitrate":	100000000,
			"bidir":	0,
			"fqrate":	0
		}
	},
	"intervals":	[{
			"streams":	[{
					"socket":	5,
					"start":	0,
					"end":	1.000109,
					"seconds":	1.0001089572906494,
					"bytes":	131072,
					"bits_per_second":	1048461.7624470142,
					"retransmits":	6,
					"snd_cwnd":	5792,
					"snd_wnd":	127744,
					"rtt":	91499,
					"rttvar":	3401,
					"pmtu":	1500,
					"omitted":	false,
					"sender":	true
				}],
			"sum":	{
				"start":	0,
				"end":	1.000109,
				"seconds":	1.0001089572906494,
				"bytes":	131072,
				"bits_per_second":	1048461.7624470142,
				"retransmits":	6,
				"omitted":	false,
				"sender":	true
			}
		}, {
			"streams":	[{
					"socket":	5,
					"start":	1.000109,
					"end":	2.000117,
					"seconds":	1.0000079870224,
					"bytes":	131072,
					"bits_per_second":	1048567.6250668907,
					"retransmits":	1,
					"snd_cwnd":	8688,
					"snd_wnd":	129152,
					"rtt":	97283,
					"rttvar":	15576,
					"pmtu":	1500,
					"omitted":	false,
					"sender":	true
				}],
			"sum":	{
				"start":	1.000109,
				"end":	2.000117,
				"seconds":	1.0000079870224,
				"bytes":	131072,
				"bits_per_second":	1048567.6250668907,
				"retransmits":	1,
				"omitted":	false,
				"sender":	true
			}
		}, {
			"streams":	[{
					"socket":	5,
					"start":	2.000117,
					"end":	3.000482,
					"seconds":	1.0003650188446045,
					"bytes":	0,
					"bits_per_second":	0,
					"retransmits":	4,
					"snd_cwnd":	5792,
					"snd_wnd":	132096,
					"rtt":	96109,
					"rttvar":	13489,
					"pmtu":	1500,
					"omitted":	false,
					"sender":	true
				}],
			"sum":	{
				"start":	2.000117,
				"end":	3.000482,
				"seconds":	1.0003650188446045,
				"bytes":	0,
				"bits_per_second":	0,
				"retransmits":	4,
				"omitted":	false,
				"sender":	true
			}
		}, {
			"streams":	[{
					"socket":	5,
					"start":	3.000482,
					"end":	4.000482,
					"seconds":	1,
					"bytes":	131072,
					"bits_per_second":	1048576,
					"retransmits":	3,
					"snd_cwnd":	4344,
					"snd_wnd":	126976,
					"rtt":	91407,
					"rttvar":	8032,
					"pmtu":	1500,
					"omitted":	false,
					"sender":	true
				}],
			"sum":	{
				"start":	3.000482,
				"end":	4.000482,
				"seconds":	1,
				"bytes":	131072,
				"bits_per_second":	1048576,
				"retransmits":	3,
				"omitted":	false,
				"sender":	true
			}
		}, {
			"streams":	[{
					"socket":	5,
					"start":	4.000482,
					"end":	5.000485,
					"seconds":	1.0000029802322388,
					"bytes":	0,
					"bits_per_second":	0,
					"retransmits":	5,
					"snd_cwnd":	1448,
					"snd_wnd":	133504,
					"rtt":	97589,
					"rttvar":	17969,
					"pmtu":	1500,
					"omitted":	false,
					"sender":	true
				}],
			"sum":	{
				"start":	4.000482,
				"end":	5.000485,
				"seconds":	1.0000029802322388,
				"bytes":	0,
				"bits_per_second":	0,
				"retransmits":	5,
				"omitted":	false,
				"sender":	true
			}
		}, {
			"streams":	[{
					"socket":	5,
					"start":	5.000485,
					"end":	6.000125,
					"seconds":	0.99963998794555664,
					"bytes":	0,
					"bits_per_second":	0,
					"retransmits":	4,
					"snd_cwnd":	2896,
					"snd_wnd":	129536,
					"rtt":	100174,
					"rttvar":	22057,
					"pmtu":	1500,
					"omitted":	false,
					"sender":	true
				}],
			"sum":	{
				"start":	5.000485,
				"end":	6.000125,
				"seconds":	0.99963998794555664,
				"bytes":	0,
				"bits_per_second":	0,
				"retransmits":	4,
				"omitted":	false,
				"sender":	true
			}
		}, {
			"streams":	[{
					"socket":	5,
					"start":	6.000125,
					"end":	7.000497,
					"seconds":	1.000372052192688,
					"bytes":	0,
					"bits_per_second":	0,
					"retransmits":	3,
					"snd_cwnd":	5792,
					"snd_wnd":	132096,
					"rtt":	110748,
					"rttvar":	36542,
					"pmtu":	1500,
					"omitted":	false,
					"sender":	true
				}],
			"sum":	{
				"start":	6.000125,
				"end":	7.000497,
				"seconds":	1.000372052192688,
				"bytes":	0,
				"bits_per_second":	0,
				"retransmits":	3,
				"omitted":	false,
				"sender":	true
			}
		}, {
			"streams":	[{
					"socket":	5,
					"start":	7.000497,
					"end":	8.00055,
					"seconds":	1.00005304813385,
					"bytes":	0,
					"bits_per_second":	0,
					"retransmits":	2,
					"snd_cwnd":	7240,
					"snd_wnd":	133504,
					"rtt":	103461,
					"rttvar":	20528,
					"pmtu":	1500,
					"omitted":	false,
					"sender":	true
				}],
			"sum":	{
				"start":	7.000497,
				"end":	8.00055,
				"seconds":	1.00005304813385,
				"bytes":	0,
				"bits_per_second":	0,
				"retransmits":	2,
				"omitted":	false,
				"sender":	true
			}
		}, {
			"streams":	[{
					"socket":	5,
					"start":	8.00055,
					"end":	9.000484,
					"seconds":	0.99993401765823364,
					"bytes":	131072,
					"bits_per_second":	1048645.1920654546,
					"retransmits":	5,
					"snd_cwnd":	4344,
					"snd_wnd":	132096,
					"rtt":	102602,
					"rttvar":	20252,
					"pmtu":	1500,
					"omitted":	false,
					"sender":	true
				}],
			"sum":	{
				"start":	8.00055,
				"end":	9.000484,
				"seconds":	0.99993401765823364,
				"bytes":	131072,
				"bits_per_second":	1048645.1920654546,
				"retransmits":	5,
				"omitted":	false,
				"sender":	true
			}
		}, {
			"streams":	[{
					"socket":	5,
					"start":	9.000484,
					"end":	10.000109,
					"seconds":	0.999625027179718,
					"bytes":	0,
					"bits_per_second":	0,
					"retransmits":	3,
					"snd_cwnd":	4344,
					"snd_wnd":	133504,
					"rtt":	117049,
					"rttvar":	39812,
					"pmtu":	1500,
					"omitted":	false,
					"sender":	true
				}],
			"sum":	{
				"start":	9.000484,
				"end":	10.000109,
				"seconds":	0.999625027179718,
				"bytes":	0,
				"bits_per_second":	0,
				"retransmits":	3,
				"omitted":	false,
				"sender":	true
			}
		}, {
			"streams":	[{
					"socket":	5,
					"start":	10.000109,
					"end":	11.000297,
					"seconds":	1.0001879930496216,
					"bytes":	0,
					"bits_per_second":	0,
					"retransmits":	2,
					"snd_cwnd":	4344,
					"snd_wnd":	133504,
					"rtt":	123521,
					"rttvar":	41265,
					"pmtu":	1500,
					"omitted":	false,
					"sender":	true
				}],
			"sum":	{
				"start":	10.000109,
				"end":	11.000297,
				"seconds":	1.0001879930496216,
				"bytes":	0,
				"bits_per_second":	0,
				"retransmits":	2,
				"omitted":	false,
				"sender":	true
			}
		}, {
			"streams":	[{
					"socket":	5,
					"start":	11.000297,
					"end":	12.000538,
					"seconds":	1.0002410411834717,
					"bytes":	131072,
					"bits_per_second":	1048323.3109084776,
					"retransmits":	4,
					"snd_cwnd":	2896,
					"snd_wnd":	128256,
					"rtt":	101566,
					"rttvar":	20242,
					"pmtu":	1500,
					"omitted":	false,
					"sender":	true
				}],
			"sum":	{
				"start":	11.000297,
				"end":	12.000538,
				"seconds":	1.0002410411834717,
				"bytes":	131072,
				"bits_per_second":	1048323.3109084776,
				"retransmits":	4,
				"omitted":	false,
				"sender":	true
			}
		}, {
			"streams":	[{
					"socket":	5,
					"start":	12.000538,
					"end":	13.000198,
					"seconds":	0.99966001510620117,
					"bytes":	0,
					"bits_per_second":	0,
					"retransmits":	2,
					"snd_cwnd":	4344,
					"snd_wnd":	133504,
					"rtt":	103675,
					"rttvar":	22913,