{
	"start":	{
		"connected":	[{
				"socket":	5,
				"local_host":	"172.20.171.186",
				"local_port":	56436,
				"remote_host":	"54.227.41.78",
				"remote_port":	5201
			}],
		"version":	"iperf 3.16",
		"system_info":	"Linux DESKTOP-OR35M89 6.18.33.1-microsoft-standard-WSL2 #1 SMP PREEMPT_DYNAMIC Fri Jun  5 01:12:21 UTC 2026 x86_64",
		"timestamp":	{
			"time":	"Thu, 25 Jun 2026 21:57:47 GMT",
			"timesecs":	1782424667
		},
		"connecting_to":	{
			"host":	"54.227.41.78",
			"port":	5201
		},
		"cookie":	"jlpls4aig3iw2byuxwgmojxufeqz4fblvlhi",
		"tcp_mss_default":	1448,
		"target_bitrate":	100000000,
		"fq_rate":	0,
		"sock_bufsize":	0,
		"sndbuf_actual":	16384,
		"rcvbuf_actual":	131072,
		"test_start":	{
			"protocol":	"TCP",
			"num_streams":	1,
			"blksize":	131072,
			"omit":	0,
			"duration":	30,
			"bytes":	0,
			"blocks":	0,
			"reverse":	0,
			"tos":	0,
			"target_bitrate":	100000000,
			"bidir":	0,
			"fqrate":	0
		}
	},
	"intervals":	[{
			"streams":	[{
					"socket":	5,
					"start":	0,
					"end":	1.000117,
					"seconds":	1.0001169443130493,
					"bytes":	1048576,
					"bits_per_second":	8387627.1147089563,
					"retransmits":	4,
					"snd_cwnd":	39096,
					"snd_wnd":	843904,
					"rtt":	100286,
					"rttvar":	852,
					"pmtu":	1500,
					"omitted":	false,
					"sender":	true
				}],
			"sum":	{
				"start":	0,
				"end":	1.000117,
				"seconds":	1.0001169443130493,
				"bytes":	1048576,
				"bits_per_second":	8387627.1147089563,
				"retransmits":	4,
				"omitted":	false,
				"sender":	true
			}
		}, {
			"streams":	[{
					"socket":	5,
					"start":	1.000117,
					"end":	2.000176,
					"seconds":	1.0000590085983276,
					"bytes":	262144,
					"bits_per_second":	2097028.2573018831,
					"retransmits":	0,
					"snd_cwnd":	47784,
					"snd_wnd":	845312,
					"rtt":	104156,
					"rttvar":	5161,
					"pmtu":	1500,
					"omitted":	false,
					"sender":	true
				}],
			"sum":	{
				"start":	1.000117,
				"end":	2.000176,
				"seconds":	1.0000590085983276,
				"bytes":	262144,
				"bits_per_second":	2097028.2573018831,
				"retransmits":	0,
				"omitted":	false,
				"sender":	true
			}
		}, {
			"streams":	[{
					"socket":	5,
					"start":	2.000176,
					"end":	3.000212,
					"seconds":	1.0000360012054443,
					"bytes":	524288,
					"bits_per_second":	4194153.0054359864,
					"retransmits":	4,
					"snd_cwnd":	39096,
					"snd_wnd":	845312,
					"rtt":	99625,
					"rttvar":	729,
					"pmtu":	1500,
					"omitted":	false,
					"sender":	true
				}],
			"sum":	{
				"start":	2.000176,
				"end":	3.000212,
				"seconds":	1.0000360012054443,
				"bytes":	524288,
				"bits_per_second":	4194153.0054359864,
				"retransmits":	4,
				"omitted":	false,
				"sender":	true
			}
		}, {
			"streams":	[{
					"socket":	5,
					"start":	3.000212,
					"end":	4.000123,
					"seconds":	0.99991101026535034,
					"bytes":	262144,
					"bits_per_second":	2097338.6416091872,
					"retransmits":	4,
					"snd_cwnd":	33304,
					"snd_wnd":	845312,
					"rtt":	100201,
					"rttvar":	944,
					"pmtu":	1500,
					"omitted":	false,
					"sender":	true
				}],
			"sum":	{
				"start":	3.000212,
				"end":	4.000123,
				"seconds":	0.99991101026535034,
				"bytes":	262144,
				"bits_per_second":	2097338.6416091872,
				"retransmits":	4,
				"omitted":	false,
				"sender":	true
			}
		}, {
			"streams":	[{
					"socket":	5,
					"start":	4.000123,
					"end":	5.000111,
					"seconds":	0.9999880194664,
					"bytes":	262144,
					"bits_per_second":	2097177.1253010146,
					"retransmits":	4,
					"snd_cwnd":	14480,
					"snd_wnd":	843904,
					"rtt":	106614,
					"rttvar":	14297,
					"pmtu":	1500,
					"omitted":	false,
					"sender":	true
				}],
			"sum":	{
				"start":	4.000123,
				"end":	5.000111,
				"seconds":	0.9999880194664,
				"bytes":	262144,
				"bits_per_second":	2097177.1253010146,
				"retransmits":	4,
				"omitted":	false,
				"sender":	true
			}
		}, {
			"streams":	[{
					"socket":	5,
					"start":	5.000111,
					"end":	6.000176,
					"seconds":	1.0000649690628052,
					"bytes":	262144,
					"bits_per_second":	2097015.75885146,
					"retransmits":	0,
					"snd_cwnd":	21720,
					"snd_wnd":	845312,
					"rtt":	100998,
					"rttvar":	3822,
					"pmtu":	1500,
					"omitted":	false,
					"sender":	true
				}],
			"sum":	{
				"start":	5.000111,
				"end":	6.000176,
				"seconds":	1.0000649690628052,
				"bytes":	262144,
				"bits_per_second":	2097015.75885146,
				"retransmits":	0,
				"omitted":	false,
				"sender":	true
			}
		}, {
			"streams":	[{
					"socket":	5,
					"start":	6.000176,
					"end":	7.000115,
					"seconds":	0.99993902444839478,
					"bytes":	131072,
					"bits_per_second":	1048639.9413988621,
					"retransmits":	2,
					"snd_cwnd":	21720,
					"snd_wnd":	845312,
					"rtt":	101207,
					"rttvar":	4814,
					"pmtu":	1500,
					"omitted":	false,
					"sender":	true
				}],
			"sum":	{
				"start":	6.000176,
				"end":	7.000115,
				"seconds":	0.99993902444839478,
				"bytes":	131072,
				"bits_per_second":	1048639.9413988621,
				"retransmits":	2,
				"omitted":	false,
				"sender":	true
			}
		}, {
			"streams":	[{
					"socket":	5,
					"start":	7.000115,
					"end":	8.000199,
					"seconds":	1.0000840425491333,
					"bytes":	262144,
					"bits_per_second":	2096975.7648112546,
					"retransmits":	0,
					"snd_cwnd":	27512,
					"snd_wnd":	843904,
					"rtt":	105674,
					"rttvar":	12289,
					"pmtu":	1500,
					"omitted":	false,
					"sender":	true
				}],
			"sum":	{
				"start":	7.000115,
				"end":	8.000199,
				"seconds":	1.0000840425491333,
				"bytes":	262144,
				"bits_per_second":	2096975.7648112546,
				"retransmits":	0,
				"omitted":	false,
				"sender":	true
			}
		}, {
			"streams":	[{
					"socket":	5,
					"start":	8.000199,
					"end":	9.000471,
					"seconds":	1.0002720355987549,
					"bytes":	262144,
					"bits_per_second":	2096581.6551541016,
					"retransmits":	0,
					"snd_cwnd":	34752,
					"snd_wnd":	845312,
					"rtt":	100005,
					"rttvar":	1707,
					"pmtu":	1500,
					"omitted":	false,
					"sender":	true
				}],
			"sum":	{
				"start":	8.000199,
				"end":	9.000471,
				"seconds":	1.0002720355987549,
				"bytes":	262144,
				"bits_per_second":	2096581.6551541016,
				"retransmits":	0,
				"omitted":	false,
				"sender":	true
			}
		}, {
			"streams":	[{
					"socket":	5,
					"start":	9.000471,
					"end":	10.000111,
					"seconds":	0.99963998794555664,
					"bytes":	262144,
					"bits_per_second":	2097907.271906991,
					"retransmits":	5,
					"snd_cwnd":	21720,
					"snd_wnd":	843904,
					"rtt":	99099,
					"rttvar":	1249,
					"pmtu":	1500,
					"omitted":	false,
					"sender":	true
				}],
			"sum":	{
				"start":	9.000471,
				"end":	10.000111,
				"seconds":	0.99963998794555664,
				"bytes":	262144,
				"bits_per_second":	2097907.271906991,
				"retransmits":	5,
				"omitted":	false,
				"sender":	true
			}
		}, {
			"streams":	[{
					"socket":	5,
					"start":	10.000111,
					"end":	11.000122,
					"seconds":	1.0000109672546387,
					"bytes":	262144,
					"bits_per_second":	2097129.0002522441,
					"retransmits":	0,
					"snd_cwnd":	28960,
					"snd_wnd":	845312,
					"rtt":	99293,
					"rttvar":	1317,
					"pmtu":	1500,
					"omitted":	false,
					"sender":	true
				}],
			"sum":	{
				"start":	10.000111,
				"end":	11.000122,
				"seconds":	1.0000109672546387,
				"bytes":	262144,
				"bits_per_second":	2097129.0002522441,
				"retransmits":	0,
				"omitted":	false,
				"sender":	true
			}
		}, {
			"streams":	[{
					"socket":	5,
					"start":	11.000122,
					"end":	12.000523,
					"seconds":	1.0004010200500488,
					"bytes":	262144,
					"bits_per_second":	2096311.3371226692,
					"retransmits":	2,
					"snd_cwnd":	27512,
					"snd_wnd":	845312,
					"rtt":	103341,
					"rttvar":	6330,
					"pmtu":	1500,
					"omitted":	false,
					"sender":	true
				}],
			"sum":	{
				"start":	11.000122,
				"end":	12.000523,
				"seconds":	1.0004010200500488,
				"bytes":	262144,