{
	"start":	{
		"connected":	[{
				"socket":	5,
				"local_host":	"172.20.171.186",
				"local_port":	42348,
				"remote_host":	"54.227.41.78",
				"remote_port":	5201
			}],
		"version":	"iperf 3.16",
		"system_info":	"Linux DESKTOP-OR35M89 6.18.33.1-microsoft-standard-WSL2 #1 SMP PREEMPT_DYNAMIC Fri Jun  5 01:12:21 UTC 2026 x86_64",
		"timestamp":	{
			"time":	"Thu, 25 Jun 2026 23:04:22 GMT",
			"timesecs":	1782428662
		},
		"connecting_to":	{
			"host":	"54.227.41.78",
			"port":	5201
		},
		"cookie":	"v57edq7cdaxskwmz5wrxnqiz2jovcfqx4ery",
		"tcp_mss_default":	1448,
		"target_bitrate":	100000000,
		"fq_rate":	0,
		"sock_bufsize":	0,
		"sndbuf_actual":	16384,
		"rcvbuf_actual":	131072,
		"test_start":	{
			"protocol":	"TCP",
			"num_streams":	1,
			"blksize":	131072,
			"omit":	0,
			"duration":	30,
			"bytes":	0,
			"blocks":	0,
			"reverse":	0,
			"tos":	0,
			"target_bitrate":	100000000,
			"bidir":	0,
			"fqrate":	0
		}
	},
	"intervals":	[{
			"streams":	[{
					"socket":	5,
					"start":	0,
					"end":	1.000153,
					"seconds":	1.0001529455184937,
					"bytes":	262144,
					"bits_per_second":	2096831.299049773,
					"retransmits":	10,
					"snd_cwnd":	17376,
					"snd_wnd":	153728,
					"rtt":	93683,
					"rttvar":	7903,
					"pmtu":	1500,
					"omitted":	false,
					"sender":	true
				}],
			"sum":	{
				"start":	0,
				"end":	1.000153,
				"seconds":	1.0001529455184937,
				"bytes":	262144,
				"bits_per_second":	2096831.299049773,
				"retransmits":	10,
				"omitted":	false,
				"sender":	true
			}
		}, {
			"streams":	[{
					"socket":	5,
					"start":	1.000153,
					"end":	2.000104,
					"seconds":	0.99995100498199463,
					"bytes":	131072,
					"bits_per_second":	1048627.3775172425,
					"retransmits":	4,
					"snd_cwnd":	11584,
					"snd_wnd":	153728,
					"rtt":	91357,
					"rttvar":	5893,
					"pmtu":	1500,
					"omitted":	false,
					"sender":	true
				}],
			"sum":	{
				"start":	1.000153,
				"end":	2.000104,
				"seconds":	0.99995100498199463,
				"bytes":	131072,
				"bits_per_second":	1048627.3775172425,
				"retransmits":	4,
				"omitted":	false,
				"sender":	true
			}
		}, {
			"streams":	[{
					"socket":	5,
					"start":	2.000104,
					"end":	3.000166,
					"seconds":	1.0000619888305664,
					"bytes":	131072,
					"bits_per_second":	1048511.0040290243,
					"retransmits":	6,
					"snd_cwnd":	8688,
					"snd_wnd":	153728,
					"rtt":	96170,
					"rttvar":	13500,
					"pmtu":	1500,
					"omitted":	false,
					"sender":	true
				}],
			"sum":	{
				"start":	2.000104,
				"end":	3.000166,
				"seconds":	1.0000619888305664,
				"bytes":	131072,
				"bits_per_second":	1048511.0040290243,
				"retransmits":	6,
				"omitted":	false,
				"sender":	true
			}
		}, {
			"streams":	[{
					"socket":	5,
					"start":	3.000166,
					"end":	4.000169,
					"seconds":	1.0000029802322388,
					"bytes":	0,
					"bits_per_second":	0,
					"retransmits":	2,
					"snd_cwnd":	10136,
					"snd_wnd":	153728,
					"rtt":	89712,
					"rttvar":	934,
					"pmtu":	1500,
					"omitted":	false,
					"sender":	true
				}],
			"sum":	{
				"start":	3.000166,
				"end":	4.000169,
				"seconds":	1.0000029802322388,
				"bytes":	0,
				"bits_per_second":	0,
				"retransmits":	2,
				"omitted":	false,
				"sender":	true
			}
		}, {
			"streams":	[{
					"socket":	5,
					"start":	4.000169,
					"end":	5.000159,
					"seconds":	0.99998998641967773,
					"bytes":	131072,
					"bits_per_second":	1048586.5001051438,
					"retransmits":	2,
					"snd_cwnd":	13032,
					"snd_wnd":	153728,
					"rtt":	99426,
					"rttvar":	13783,
					"pmtu":	1500,
					"omitted":	false,
					"sender":	true
				}],
			"sum":	{
				"start":	4.000169,
				"end":	5.000159,
				"seconds":	0.99998998641967773,
				"bytes":	131072,
				"bits_per_second":	1048586.5001051438,
				"retransmits":	2,
				"omitted":	false,
				"sender":	true
			}
		}, {
			"streams":	[{
					"socket":	5,
					"start":	5.000159,
					"end":	6.000156,
					"seconds":	0.99999701976776123,
					"bytes":	131072,
					"bits_per_second":	1048579.1250093132,
					"retransmits":	5,
					"snd_cwnd":	5792,
					"snd_wnd":	152320,
					"rtt":	91774,
					"rttvar":	4482,
					"pmtu":	1500,
					"omitted":	false,
					"sender":	true
				}],
			"sum":	{
				"start":	5.000159,
				"end":	6.000156,
				"seconds":	0.99999701976776123,
				"bytes":	131072,
				"bits_per_second":	1048579.1250093132,
				"retransmits":	5,
				"omitted":	false,
				"sender":	true
			}
		}, {
			"streams":	[{
					"socket":	5,
					"start":	6.000156,
					"end":	7.000171,
					"seconds":	1.0000150203704834,
					"bytes":	0,
					"bits_per_second":	0,
					"retransmits":	2,
					"snd_cwnd":	4344,
					"snd_wnd":	153728,
					"rtt":	107083,
					"rttvar":	28003,
					"pmtu":	1500,
					"omitted":	false,
					"sender":	true
				}],
			"sum":	{
				"start":	6.000156,
				"end":	7.000171,
				"seconds":	1.0000150203704834,
				"bytes":	0,
				"bits_per_second":	0,
				"retransmits":	2,
				"omitted":	false,
				"sender":	true
			}
		}, {
			"streams":	[{
					"socket":	5,
					"start":	7.000171,
					"end":	8.000141,
					"seconds":	0.999970018863678,
					"bytes":	0,
					"bits_per_second":	0,
					"retransmits":	3,
					"snd_cwnd":	7240,
					"snd_wnd":	153728,
					"rtt":	102596,
					"rttvar":	20283,
					"pmtu":	1500,
					"omitted":	false,
					"sender":	true
				}],
			"sum":	{
				"start":	7.000171,
				"end":	8.000141,
				"seconds":	0.999970018863678,
				"bytes":	0,
				"bits_per_second":	0,
				"retransmits":	3,
				"omitted":	false,
				"sender":	true
			}
		}, {
			"streams":	[{
					"socket":	5,
					"start":	8.000141,
					"end":	9.000146,
					"seconds":	1.0000050067901611,
					"bytes":	131072,
					"bits_per_second":	1048570.7500262855,
					"retransmits":	0,
					"snd_cwnd":	14480,
					"snd_wnd":	153728,
					"rtt":	89881,
					"rttvar":	1347,
					"pmtu":	1500,
					"omitted":	false,
					"sender":	true
				}],
			"sum":	{
				"start":	8.000141,
				"end":	9.000146,
				"seconds":	1.0000050067901611,
				"bytes":	131072,
				"bits_per_second":	1048570.7500262855,
				"retransmits":	0,
				"omitted":	false,
				"sender":	true
			}
		}, {
			"streams":	[{
					"socket":	5,
					"start":	9.000146,
					"end":	10.000176,
					"seconds":	1.0000300407409668,
					"bytes":	262144,
					"bits_per_second":	2097089.00189251,
					"retransmits":	1,
					"snd_cwnd":	15928,
					"snd_wnd":	152320,
					"rtt":	94387,
					"rttvar":	9822,
					"pmtu":	1500,
					"omitted":	false,
					"sender":	true
				}],
			"sum":	{
				"start":	9.000146,
				"end":	10.000176,
				"seconds":	1.0000300407409668,
				"bytes":	262144,
				"bits_per_second":	2097089.00189251,
				"retransmits":	1,
				"omitted":	false,
				"sender":	true
			}
		}, {
			"streams":	[{
					"socket":	5,
					"start":	10.000176,
					"end":	11.000181,
					"seconds":	1.0000050067901611,
					"bytes":	131072,
					"bits_per_second":	1048570.7500262855,
					"retransmits":	5,
					"snd_cwnd":	11584,
					"snd_wnd":	153728,
					"rtt":	98001,
					"rttvar":	13659,
					"pmtu":	1500,
					"omitted":	false,
					"sender":	true
				}],
			"sum":	{
				"start":	10.000176,
				"end":	11.000181,
				"seconds":	1.0000050067901611,
				"bytes":	131072,
				"bits_per_second":	1048570.7500262855,
				"retransmits":	5,
				"omitted":	false,
				"sender":	true
			}
		}, {
			"streams":	[{
					"socket":	5,
					"start":	11.000181,
					"end":	12.000248,
					"seconds":	1.0000669956207275,
					"bytes":	131072,
					"bits_per_second":	1048505.7547061271,
					"retransmits":	2,
					"snd_cwnd":	13032,
					"snd_wnd":	153728,
					"rtt":	94735,
					"rttvar":	7667,
					"pmtu":	1500,
					"omitted":	false,
					"sender":	true
				}],
			"sum":	{
				"start":	11.000181,
				"end":	12.000248,
				"seconds":	1.0000669956207275,
				"bytes":	131072,
				"bits_per_second":	1048505.7547061271,
				"retransmits":	2,
				"omitted":	false,
				"sender":	true
			}
		}, {
			"streams":	[{
					"socket":	5,