{
	"start":	{
		"connected":	[{
				"socket":	5,
				"local_host":	"172.20.171.186",
				"local_port":	43038,
				"remote_host":	"54.227.41.78",
				"remote_port":	5201
			}],
		"version":	"iperf 3.16",
		"system_info":	"Linux DESKTOP-OR35M89 6.18.33.1-microsoft-standard-WSL2 #1 SMP PREEMPT_DYNAMIC Fri Jun  5 01:12:21 UTC 2026 x86_64",
		"timestamp":	{
			"time":	"Thu, 25 Jun 2026 23:26:07 GMT",
			"timesecs":	1782429967
		},
		"connecting_to":	{
			"host":	"54.227.41.78",
			"port":	5201
		},
		"cookie":	"cub3ufyc6frrvcnadrtzbzcad7qp6kvwwdcr",
		"tcp_mss_default":	1448,
		"target_bitrate":	100000000,
		"fq_rate":	0,
		"sock_bufsize":	0,
		"sndbuf_actual":	16384,
		"rcvbuf_actual":	131072,
		"test_start":	{
			"protocol":	"TCP",
			"num_streams":	1,
			"blksize":	131072,
			"omit":	0,
			"duration":	30,
			"bytes":	0,
			"blocks":	0,
			"reverse":	0,
			"tos":	0,
			"target_bitrate":	100000000,
			"bidir":	0,
			"fqrate":	0
		}
	},
	"intervals":	[{
			"streams":	[{
					"socket":	5,
					"start":	0,
					"end":	1.000366,
					"seconds":	1.0003659725189209,
					"bytes":	1179648,
					"bits_per_second":	9433731.5135151763,
					"retransmits":	29,
					"snd_cwnd":	33304,
					"snd_wnd":	1148928,
					"rtt":	89955,
					"rttvar":	2731,
					"pmtu":	1500,
					"omitted":	false,
					"sender":	true
				}],
			"sum":	{
				"start":	0,
				"end":	1.000366,
				"seconds":	1.0003659725189209,
				"bytes":	1179648,
				"bits_per_second":	9433731.5135151763,
				"retransmits":	29,
				"omitted":	false,
				"sender":	true
			}
		}, {
			"streams":	[{
					"socket":	5,
					"start":	1.000366,
					"end":	2.000369,
					"seconds":	1.0000029802322388,
					"bytes":	262144,
					"bits_per_second":	2097145.7500186265,
					"retransmits":	17,
					"snd_cwnd":	4344,
					"snd_wnd":	1145088,
					"rtt":	89517,
					"rttvar":	3249,
					"pmtu":	1500,
					"omitted":	false,
					"sender":	true
				}],
			"sum":	{
				"start":	1.000366,
				"end":	2.000369,
				"seconds":	1.0000029802322388,
				"bytes":	262144,
				"bits_per_second":	2097145.7500186265,
				"retransmits":	17,
				"omitted":	false,
				"sender":	true
			}
		}, {
			"streams":	[{
					"socket":	5,
					"start":	2.000369,
					"end":	3.000584,
					"seconds":	1.0002150535583496,
					"bytes":	0,
					"bits_per_second":	0,
					"retransmits":	4,
					"snd_cwnd":	5792,
					"snd_wnd":	1148928,
					"rtt":	105535,
					"rttvar":	24900,
					"pmtu":	1500,
					"omitted":	false,
					"sender":	true
				}],
			"sum":	{
				"start":	2.000369,
				"end":	3.000584,
				"seconds":	1.0002150535583496,
				"bytes":	0,
				"bits_per_second":	0,
				"retransmits":	4,
				"omitted":	false,
				"sender":	true
			}
		}, {
			"streams":	[{
					"socket":	5,
					"start":	3.000584,
					"end":	4.000601,
					"seconds":	1.0000170469284058,
					"bytes":	0,
					"bits_per_second":	0,
					"retransmits":	5,
					"snd_cwnd":	2896,
					"snd_wnd":	1146368,
					"rtt":	97127,
					"rttvar":	16492,
					"pmtu":	1500,
					"omitted":	false,
					"sender":	true
				}],
			"sum":	{
				"start":	3.000584,
				"end":	4.000601,
				"seconds":	1.0000170469284058,
				"bytes":	0,
				"bits_per_second":	0,
				"retransmits":	5,
				"omitted":	false,
				"sender":	true
			}
		}, {
			"streams":	[{
					"socket":	5,
					"start":	4.000601,
					"end":	5.000579,
					"seconds":	0.999978005886078,
					"bytes":	0,
					"bits_per_second":	0,
					"retransmits":	0,
					"snd_cwnd":	8688,
					"snd_wnd":	1150336,
					"rtt":	106450,
					"rttvar":	24395,
					"pmtu":	1500,
					"omitted":	false,
					"sender":	true
				}],
			"sum":	{
				"start":	4.000601,
				"end":	5.000579,
				"seconds":	0.999978005886078,
				"bytes":	0,
				"bits_per_second":	0,
				"retransmits":	0,
				"omitted":	false,
				"sender":	true
			}
		}, {
			"streams":	[{
					"socket":	5,
					"start":	5.000579,
					"end":	6.000311,
					"seconds":	0.99973201751709,
					"bytes":	0,
					"bits_per_second":	0,
					"retransmits":	3,
					"snd_cwnd":	7240,
					"snd_wnd":	1150336,
					"rtt":	99008,
					"rttvar":	16343,
					"pmtu":	1500,
					"omitted":	false,
					"sender":	true
				}],
			"sum":	{
				"start":	5.000579,
				"end":	6.000311,
				"seconds":	0.99973201751709,
				"bytes":	0,
				"bits_per_second":	0,
				"retransmits":	3,
				"omitted":	false,
				"sender":	true
			}
		}, {
			"streams":	[{
					"socket":	5,
					"start":	6.000311,
					"end":	7.000372,
					"seconds":	1.00006103515625,
					"bytes":	0,
					"bits_per_second":	0,
					"retransmits":	1,
					"snd_cwnd":	10136,
					"snd_wnd":	1150336,
					"rtt":	96540,
					"rttvar":	12693,
					"pmtu":	1500,
					"omitted":	false,
					"sender":	true
				}],
			"sum":	{
				"start":	6.000311,
				"end":	7.000372,
				"seconds":	1.00006103515625,
				"bytes":	0,
				"bits_per_second":	0,
				"retransmits":	1,
				"omitted":	false,
				"sender":	true
			}
		}, {
			"streams":	[{
					"socket":	5,
					"start":	7.000372,
					"end":	8.000358,
					"seconds":	0.99998599290847778,
					"bytes":	393216,
					"bits_per_second":	3145772.0631171963,
					"retransmits":	7,
					"snd_cwnd":	2896,
					"snd_wnd":	1148928,
					"rtt":	90394,
					"rttvar":	4284,
					"pmtu":	1500,
					"omitted":	false,
					"sender":	true
				}],
			"sum":	{
				"start":	7.000372,
				"end":	8.000358,
				"seconds":	0.99998599290847778,
				"bytes":	393216,
				"bits_per_second":	3145772.0631171963,
				"retransmits":	7,
				"omitted":	false,
				"sender":	true
			}
		}, {
			"streams":	[{
					"socket":	5,
					"start":	8.000358,
					"end":	9.000363,
					"seconds":	1.0000050067901611,
					"bytes":	0,
					"bits_per_second":	0,
					"retransmits":	2,
					"snd_cwnd":	4344,
					"snd_wnd":	1150336,
					"rtt":	111108,
					"rttvar":	35346,
					"pmtu":	1500,
					"omitted":	false,
					"sender":	true
				}],
			"sum":	{
				"start":	8.000358,
				"end":	9.000363,
				"seconds":	1.0000050067901611,
				"bytes":	0,
				"bits_per_second":	0,
				"retransmits":	2,
				"omitted":	false,
				"sender":	true
			}
		}, {
			"streams":	[{
					"socket":	5,
					"start":	9.000363,
					"end":	10.000362,
					"seconds":	0.99999898672103882,
					"bytes":	0,
					"bits_per_second":	0,
					"retransmits":	3,
					"snd_cwnd":	2896,
					"snd_wnd":	1146368,
					"rtt":	108593,
					"rttvar":	32232,
					"pmtu":	1500,
					"omitted":	false,
					"sender":	true
				}],
			"sum":	{
				"start":	9.000363,
				"end":	10.000362,
				"seconds":	0.99999898672103882,
				"bytes":	0,
				"bits_per_second":	0,
				"retransmits":	3,
				"omitted":	false,
				"sender":	true
			}
		}, {
			"streams":	[{
					"socket":	5,
					"start":	10.000362,
					"end":	11.000142,
					"seconds":	0.999779999256134,
					"bytes":	0,
					"bits_per_second":	0,
					"retransmits":	3,
					"snd_cwnd":	4344,
					"snd_wnd":	1150336,
					"rtt":	108276,
					"rttvar":	21504,
					"pmtu":	1500,
					"omitted":	false,
					"sender":	true
				}],
			"sum":	{
				"start":	10.000362,
				"end":	11.000142,
				"seconds":	0.999779999256134,
				"bytes":	0,
				"bits_per_second":	0,
				"retransmits":	3,
				"omitted":	false,
				"sender":	true
			}
		}, {
			"streams":	[{
					"socket":	5,
					"start":	11.000142,
					"end":	12.000359,
					"seconds":	1.0002169609069824,
					"bytes":	0,
					"bits_per_second":	0,
					"retransmits":	2,
					"snd_cwnd":	4344,
					"snd_wnd":	1150336,
					"rtt":	110025,
					"rttvar":	27005,
					"pmtu":	1500,
					"omitted":	false,
					"sender":	true
				}],
			"sum":	{
				"start":	11.000142,
				"end":	12.000359,
				"seconds":	1.0002169609069824,
				"bytes":	0,
				"bits_per_second":	0,
				"retransmits":	2,
				"omitted":	false,
				"sender":	true
			}
		}, {
			"streams":	[{
					"socket":	5,
					"start":	12.000359,
					"end":	13.000429,
					"seconds":	1.0000699758529663,
					"bytes":	0,
					"bits_per_second":	0,
					"retransmits":	1,
					"snd_cwnd":	5792,
					"snd_wnd":	1150336,
					"rtt":	113905,
					"rttvar":	21855,
					"pmtu":	1500,