{
	"start":	{
		"connected":	[{
				"socket":	5,
				"local_host":	"172.20.171.186",
				"local_port":	48624,
				"remote_host":	"54.227.41.78",
				"remote_port":	5201
			}],
		"version":	"iperf 3.16",
		"system_info":	"Linux DESKTOP-OR35M89 6.18.33.1-microsoft-standard-WSL2 #1 SMP PREEMPT_DYNAMIC Fri Jun  5 01:12:21 UTC 2026 x86_64",
		"timestamp":	{
			"time":	"Thu, 25 Jun 2026 22:30:28 GMT",
			"timesecs":	1782426628
		},
		"connecting_to":	{
			"host":	"54.227.41.78",
			"port":	5201
		},
		"cookie":	"laletoxmplprsc33sh3q4kasisenzmny7iod",
		"tcp_mss_default":	1448,
		"target_bitrate":	100000000,
		"fq_rate":	0,
		"sock_bufsize":	0,
		"sndbuf_actual":	16384,
		"rcvbuf_actual":	131072,
		"test_start":	{
			"protocol":	"TCP",
			"num_streams":	1,
			"blksize":	131072,
			"omit":	0,
			"duration":	30,
			"bytes":	0,
			"blocks":	0,
			"reverse":	0,
			"tos":	0,
			"target_bitrate":	100000000,
			"bidir":	0,
			"fqrate":	0
		}
	},
	"intervals":	[{
			"streams":	[{
					"socket":	5,
					"start":	0,
					"end":	1.000507,
					"seconds":	1.0005069971084595,
					"bytes":	131072,
					"bits_per_second":	1048044.6443957549,
					"retransmits":	4,
					"snd_cwnd":	10136,
					"snd_wnd":	130560,
					"rtt":	100123,
					"rttvar":	2883,
					"pmtu":	1500,
					"omitted":	false,
					"sender":	true
				}],
			"sum":	{
				"start":	0,
				"end":	1.000507,
				"seconds":	1.0005069971084595,
				"bytes":	131072,
				"bits_per_second":	1048044.6443957549,
				"retransmits":	4,
				"omitted":	false,
				"sender":	true
			}
		}, {
			"streams":	[{
					"socket":	5,
					"start":	1.000507,
					"end":	2.00052,
					"seconds":	1.000012993812561,
					"bytes":	131072,
					"bits_per_second":	1048562.3751770384,
					"retransmits":	1,
					"snd_cwnd":	11584,
					"snd_wnd":	130560,
					"rtt":	100618,
					"rttvar":	3965,
					"pmtu":	1500,
					"omitted":	false,
					"sender":	true
				}],
			"sum":	{
				"start":	1.000507,
				"end":	2.00052,
				"seconds":	1.000012993812561,
				"bytes":	131072,
				"bits_per_second":	1048562.3751770384,
				"retransmits":	1,
				"omitted":	false,
				"sender":	true
			}
		}, {
			"streams":	[{
					"socket":	5,
					"start":	2.00052,
					"end":	3.000461,
					"seconds":	0.99994099140167236,
					"bytes":	0,
					"bits_per_second":	0,
					"retransmits":	2,
					"snd_cwnd":	13032,
					"snd_wnd":	130560,
					"rtt":	102086,
					"rttvar":	5799,
					"pmtu":	1500,
					"omitted":	false,
					"sender":	true
				}],
			"sum":	{
				"start":	2.00052,
				"end":	3.000461,
				"seconds":	0.99994099140167236,
				"bytes":	0,
				"bits_per_second":	0,
				"retransmits":	2,
				"omitted":	false,
				"sender":	true
			}
		}, {
			"streams":	[{
					"socket":	5,
					"start":	3.000461,
					"end":	4.000623,
					"seconds":	1.0001620054244995,
					"bytes":	131072,
					"bits_per_second":	1048406.1525162137,
					"retransmits":	7,
					"snd_cwnd":	5792,
					"snd_wnd":	136448,
					"rtt":	106601,
					"rttvar":	14098,
					"pmtu":	1500,
					"omitted":	false,
					"sender":	true
				}],
			"sum":	{
				"start":	3.000461,
				"end":	4.000623,
				"seconds":	1.0001620054244995,
				"bytes":	131072,
				"bits_per_second":	1048406.1525162137,
				"retransmits":	7,
				"omitted":	false,
				"sender":	true
			}
		}, {
			"streams":	[{
					"socket":	5,
					"start":	4.000623,
					"end":	5.00011,
					"seconds":	0.99948698282241821,
					"bytes":	131072,
					"bits_per_second":	1049114.2136128286,
					"retransmits":	4,
					"snd_cwnd":	4344,
					"snd_wnd":	136448,
					"rtt":	102627,
					"rttvar":	8409,
					"pmtu":	1500,
					"omitted":	false,
					"sender":	true
				}],
			"sum":	{
				"start":	4.000623,
				"end":	5.00011,
				"seconds":	0.99948698282241821,
				"bytes":	131072,
				"bits_per_second":	1049114.2136128286,
				"retransmits":	4,
				"omitted":	false,
				"sender":	true
			}
		}, {
			"streams":	[{
					"socket":	5,
					"start":	5.00011,
					"end":	6.000574,
					"seconds":	1.0004639625549316,
					"bytes":	0,
					"bits_per_second":	0,
					"retransmits":	3,
					"snd_cwnd":	5792,
					"snd_wnd":	136448,
					"rtt":	117569,
					"rttvar":	26314,
					"pmtu":	1500,
					"omitted":	false,
					"sender":	true
				}],
			"sum":	{
				"start":	5.00011,
				"end":	6.000574,
				"seconds":	1.0004639625549316,
				"bytes":	0,
				"bits_per_second":	0,
				"retransmits":	3,
				"omitted":	false,
				"sender":	true
			}
		}, {
			"streams":	[{
					"socket":	5,
					"start":	6.000574,
					"end":	7.000157,
					"seconds":	0.99958300590515137,
					"bytes":	131072,
					"bits_per_second":	1049013.4324067305,
					"retransmits":	0,
					"snd_cwnd":	11584,
					"snd_wnd":	136448,
					"rtt":	109602,
					"rttvar":	18711,
					"pmtu":	1500,
					"omitted":	false,
					"sender":	true
				}],
			"sum":	{
				"start":	6.000574,
				"end":	7.000157,
				"seconds":	0.99958300590515137,
				"bytes":	131072,
				"bits_per_second":	1049013.4324067305,
				"retransmits":	0,
				"omitted":	false,
				"sender":	true
			}
		}, {
			"streams":	[{
					"socket":	5,
					"start":	7.000157,
					"end":	8.000524,
					"seconds":	1.0003670454025269,
					"bytes":	0,
					"bits_per_second":	0,
					"retransmits":	2,
					"snd_cwnd":	14480,
					"snd_wnd":	136448,
					"rtt":	100630,
					"rttvar":	3739,
					"pmtu":	1500,
					"omitted":	false,
					"sender":	true
				}],
			"sum":	{
				"start":	7.000157,
				"end":	8.000524,
				"seconds":	1.0003670454025269,
				"bytes":	0,
				"bits_per_second":	0,
				"retransmits":	2,
				"omitted":	false,
				"sender":	true
			}
		}, {
			"streams":	[{
					"socket":	5,
					"start":	8.000524,
					"end":	9.000572,
					"seconds":	1.000048041343689,
					"bytes":	262144,
					"bits_per_second":	2097051.2548399328,
					"retransmits":	3,
					"snd_cwnd":	11584,
					"snd_wnd":	136448,
					"rtt":	100912,
					"rttvar":	5871,
					"pmtu":	1500,
					"omitted":	false,
					"sender":	true
				}],
			"sum":	{
				"start":	8.000524,
				"end":	9.000572,
				"seconds":	1.000048041343689,
				"bytes":	262144,
				"bits_per_second":	2097051.2548399328,
				"retransmits":	3,
				"omitted":	false,
				"sender":	true
			}
		}, {
			"streams":	[{
					"socket":	5,
					"start":	9.000572,
					"end":	10.000591,
					"seconds":	1.0000189542770386,
					"bytes":	0,
					"bits_per_second":	0,
					"retransmits":	2,
					"snd_cwnd":	11584,
					"snd_wnd":	134912,
					"rtt":	102336,
					"rttvar":	6729,
					"pmtu":	1500,
					"omitted":	false,
					"sender":	true
				}],
			"sum":	{
				"start":	9.000572,
				"end":	10.000591,
				"seconds":	1.0000189542770386,
				"bytes":	0,
				"bits_per_second":	0,
				"retransmits":	2,
				"omitted":	false,
				"sender":	true
			}
		}, {
			"streams":	[{
					"socket":	5,
					"start":	10.000591,
					"end":	11.000599,
					"seconds":	1.0000079870224,
					"bytes":	131072,
					"bits_per_second":	1048567.6250668907,
					"retransmits":	5,
					"snd_cwnd":	4344,
					"snd_wnd":	134912,
					"rtt":	105430,
					"rttvar":	12621,
					"pmtu":	1500,
					"omitted":	false,
					"sender":	true
				}],
			"sum":	{
				"start":	10.000591,
				"end":	11.000599,
				"seconds":	1.0000079870224,
				"bytes":	131072,
				"bits_per_second":	1048567.6250668907,
				"retransmits":	5,
				"omitted":	false,
				"sender":	true
			}
		}, {
			"streams":	[{
					"socket":	5,
					"start":	11.000599,
					"end":	12.000583,
					"seconds":	0.9999840259552002,
					"bytes":	0,
					"bits_per_second":	0,
					"retransmits":	1,
					"snd_cwnd":	7240,
					"snd_wnd":	134912,
					"rtt":	112617,
					"rttvar":	21826,
					"pmtu":	1500,
					"omitted":	false,
					"sender":	true
				}],
			"sum":	{
				"start":	11.000599,
				"end":	12.000583,
				"seconds":	0.9999840259552002,
				"bytes":	0,
				"bits_per_second":	0,
				"retransmits":	1,
				"omitted":	false,
				"sender":	true
			}
		}, {
			"streams":	[{
					"socket":	5,
					"start":	12.000583,
					"end":	13.000605,
					"seconds":	1.0000220537185669,