{
	"start":	{
		"connected":	[{
				"socket":	5,
				"local_host":	"172.20.171.186",
				"local_port":	34954,
				"remote_host":	"54.227.41.78",
				"remote_port":	5201
			}],
		"version":	"iperf 3.16",
		"system_info":	"Linux DESKTOP-OR35M89 6.18.33.1-microsoft-standard-WSL2 #1 SMP PREEMPT_DYNAMIC Fri Jun  5 01:12:21 UTC 2026 x86_64",
		"timestamp":	{
			"time":	"Thu, 25 Jun 2026 23:29:26 GMT",
			"timesecs":	1782430166
		},
		"connecting_to":	{
			"host":	"54.227.41.78",
			"port":	5201
		},
		"cookie":	"uat2wbgrhi4lh42pth6jn52tbqp2y44vsfmc",
		"tcp_mss_default":	1448,
		"target_bitrate":	100000000,
		"fq_rate":	0,
		"sock_bufsize":	0,
		"sndbuf_actual":	16384,
		"rcvbuf_actual":	131072,
		"test_start":	{
			"protocol":	"TCP",
			"num_streams":	1,
			"blksize":	131072,
			"omit":	0,
			"duration":	30,
			"bytes":	0,
			"blocks":	0,
			"reverse":	0,
			"tos":	0,
			"target_bitrate":	100000000,
			"bidir":	0,
			"fqrate":	0
		}
	},
	"intervals":	[{
			"streams":	[{
					"socket":	5,
					"start":	0,
					"end":	1.000184,
					"seconds":	1.0001840591430664,
					"bytes":	524288,
					"bits_per_second":	4193532.14206751,
					"retransmits":	15,
					"snd_cwnd":	15928,
					"snd_wnd":	184192,
					"rtt":	88633,
					"rttvar":	1104,
					"pmtu":	1500,
					"omitted":	false,
					"sender":	true
				}],
			"sum":	{
				"start":	0,
				"end":	1.000184,
				"seconds":	1.0001840591430664,
				"bytes":	524288,
				"bits_per_second":	4193532.14206751,
				"retransmits":	15,
				"omitted":	false,
				"sender":	true
			}
		}, {
			"streams":	[{
					"socket":	5,
					"start":	1.000184,
					"end":	2.000182,
					"seconds":	0.99999797344207764,
					"bytes":	262144,
					"bits_per_second":	2097156.2500086129,
					"retransmits":	7,
					"snd_cwnd":	5792,
					"snd_wnd":	182784,
					"rtt":	88743,
					"rttvar":	687,
					"pmtu":	1500,
					"omitted":	false,
					"sender":	true
				}],
			"sum":	{
				"start":	1.000184,
				"end":	2.000182,
				"seconds":	0.99999797344207764,
				"bytes":	262144,
				"bits_per_second":	2097156.2500086129,
				"retransmits":	7,
				"omitted":	false,
				"sender":	true
			}
		}, {
			"streams":	[{
					"socket":	5,
					"start":	2.000182,
					"end":	3.000189,
					"seconds":	1.0000070333480835,
					"bytes":	0,
					"bits_per_second":	0,
					"retransmits":	2,
					"snd_cwnd":	7240,
					"snd_wnd":	184192,
					"rtt":	100339,
					"rttvar":	17163,
					"pmtu":	1500,
					"omitted":	false,
					"sender":	true
				}],
			"sum":	{
				"start":	2.000182,
				"end":	3.000189,
				"seconds":	1.0000070333480835,
				"bytes":	0,
				"bits_per_second":	0,
				"retransmits":	2,
				"omitted":	false,
				"sender":	true
			}
		}, {
			"streams":	[{
					"socket":	5,
					"start":	3.000189,
					"end":	4.000191,
					"seconds":	1.0000020265579224,
					"bytes":	0,
					"bits_per_second":	0,
					"retransmits":	1,
					"snd_cwnd":	10136,
					"snd_wnd":	182784,
					"rtt":	93676,
					"rttvar":	8121,
					"pmtu":	1500,
					"omitted":	false,
					"sender":	true
				}],
			"sum":	{
				"start":	3.000189,
				"end":	4.000191,
				"seconds":	1.0000020265579224,
				"bytes":	0,
				"bits_per_second":	0,
				"retransmits":	1,
				"omitted":	false,
				"sender":	true
			}
		}, {
			"streams":	[{
					"socket":	5,
					"start":	4.000191,
					"end":	5.000158,
					"seconds":	0.99996697902679443,
					"bytes":	131072,
					"bits_per_second":	1048610.6261433889,
					"retransmits":	6,
					"snd_cwnd":	7240,
					"snd_wnd":	182784,
					"rtt":	91522,
					"rttvar":	5719,
					"pmtu":	1500,
					"omitted":	false,
					"sender":	true
				}],
			"sum":	{
				"start":	4.000191,
				"end":	5.000158,
				"seconds":	0.99996697902679443,
				"bytes":	131072,
				"bits_per_second":	1048610.6261433889,
				"retransmits":	6,
				"omitted":	false,
				"sender":	true
			}
		}, {
			"streams":	[{
					"socket":	5,
					"start":	5.000158,
					"end":	6.000171,
					"seconds":	1.000012993812561,
					"bytes":	0,
					"bits_per_second":	0,
					"retransmits":	4,
					"snd_cwnd":	4344,
					"snd_wnd":	184192,
					"rtt":	99623,
					"rttvar":	18563,
					"pmtu":	1500,
					"omitted":	false,
					"sender":	true
				}],
			"sum":	{
				"start":	5.000158,
				"end":	6.000171,
				"seconds":	1.000012993812561,
				"bytes":	0,
				"bits_per_second":	0,
				"retransmits":	4,
				"omitted":	false,
				"sender":	true
			}
		}, {
			"streams":	[{
					"socket":	5,
					"start":	6.000171,
					"end":	7.000208,
					"seconds":	1.0000369548797607,
					"bytes":	0,
					"bits_per_second":	0,
					"retransmits":	1,
					"snd_cwnd":	8688,
					"snd_wnd":	184192,
					"rtt":	100266,
					"rttvar":	13987,
					"pmtu":	1500,
					"omitted":	false,
					"sender":	true
				}],
			"sum":	{
				"start":	6.000171,
				"end":	7.000208,
				"seconds":	1.0000369548797607,
				"bytes":	0,
				"bits_per_second":	0,
				"retransmits":	1,
				"omitted":	false,
				"sender":	true
			}
		}, {
			"streams":	[{
					"socket":	5,
					"start":	7.000208,
					"end":	8.000153,
					"seconds":	0.99994498491287231,
					"bytes":	131072,
					"bits_per_second":	1048633.6906738575,
					"retransmits":	4,
					"snd_cwnd":	5792,
					"snd_wnd":	184192,
					"rtt":	104444,
					"rttvar":	19088,
					"pmtu":	1500,
					"omitted":	false,
					"sender":	true
				}],
			"sum":	{
				"start":	7.000208,
				"end":	8.000153,
				"seconds":	0.99994498491287231,
				"bytes":	131072,
				"bits_per_second":	1048633.6906738575,
				"retransmits":	4,
				"omitted":	false,
				"sender":	true
			}
		}, {
			"streams":	[{
					"socket":	5,
					"start":	8.000153,
					"end":	9.000161,
					"seconds":	1.0000079870224,
					"bytes":	0,
					"bits_per_second":	0,
					"retransmits":	6,
					"snd_cwnd":	2896,
					"snd_wnd":	182784,
					"rtt":	92156,
					"rttvar":	6465,
					"pmtu":	1500,
					"omitted":	false,
					"sender":	true
				}],
			"sum":	{
				"start":	8.000153,
				"end":	9.000161,
				"seconds":	1.0000079870224,
				"bytes":	0,
				"bits_per_second":	0,
				"retransmits":	6,
				"omitted":	false,
				"sender":	true
			}
		}, {
			"streams":	[{
					"socket":	5,
					"start":	9.000161,
					"end":	10.000146,
					"seconds":	0.9999849796295166,
					"bytes":	0,
					"bits_per_second":	0,
					"retransmits":	3,
					"snd_cwnd":	2896,
					"snd_wnd":	182784,
					"rtt":	102709,
					"rttvar":	18739,
					"pmtu":	1500,
					"omitted":	false,
					"sender":	true
				}],
			"sum":	{
				"start":	9.000161,
				"end":	10.000146,
				"seconds":	0.9999849796295166,
				"bytes":	0,
				"bits_per_second":	0,
				"retransmits":	3,
				"omitted":	false,
				"sender":	true
			}
		}, {
			"streams":	[{
					"socket":	5,
					"start":	10.000146,
					"end":	11.000149,
					"seconds":	1.0000029802322388,
					"bytes":	0,
					"bits_per_second":	0,
					"retransmits":	3,
					"snd_cwnd":	2896,
					"snd_wnd":	181504,
					"rtt":	107238,
					"rttvar":	29052,
					"pmtu":	1500,
					"omitted":	false,
					"sender":	true
				}],
			"sum":	{
				"start":	10.000146,
				"end":	11.000149,
				"seconds":	1.0000029802322388,
				"bytes":	0,
				"bits_per_second":	0,
				"retransmits":	3,
				"omitted":	false,
				"sender":	true
			}
		}, {
			"streams":	[{
					"socket":	5,
					"start":	11.000149,
					"end":	12.000155,
					"seconds":	1.0000059604644775,
					"bytes":	0,
					"bits_per_second":	0,
					"retransmits":	6,
					"snd_cwnd":	1448,
					"snd_wnd":	182784,
					"rtt":	94443,
					"rttvar":	11625,
					"pmtu":	1500,
					"omitted":	false,
					"sender":	true
				}],
			"sum":	{
				"start":	11.000149,
				"end":	12.000155,
				"seconds":	1.0000059604644775,
				"bytes":	0,
				"bits_per_second":	0,
				"retransmits":	6,
				"omitted":	false,
				"sender":	true
			}
		}, {
			"streams":	[{
					"socket":	5,
					"start":	12.000155,
					"end":	13.000234,
					"seconds":	1.0000790357589722,
					"bytes":	0,
					"bits_per_second":	0,
					"retransmits":	2,
					"snd_cwnd":	4344,
					"snd_wnd":	182784,
					"rtt":	88438,