{
	"start":	{
		"connected":	[{
				"socket":	5,
				"local_host":	"172.20.171.186",
				"local_port":	46144,
				"remote_host":	"54.227.41.78",
				"remote_port":	5201
			}],
		"version":	"iperf 3.16",
		"system_info":	"Linux DESKTOP-OR35M89 6.18.33.1-microsoft-standard-WSL2 #1 SMP PREEMPT_DYNAMIC Fri Jun  5 01:12:21 UTC 2026 x86_64",
		"timestamp":	{
			"time":	"Thu, 25 Jun 2026 21:12:57 GMT",
			"timesecs":	1782421977
		},
		"connecting_to":	{
			"host":	"54.227.41.78",
			"port":	5201
		},
		"cookie":	"os3vr3vqyd3erlfy32uivizoeiayfsgozvta",
		"tcp_mss_default":	1448,
		"target_bitrate":	100000000,
		"fq_rate":	0,
		"sock_bufsize":	0,
		"sndbuf_actual":	16384,
		"rcvbuf_actual":	131072,
		"test_start":	{
			"protocol":	"TCP",
			"num_streams":	1,
			"blksize":	131072,
			"omit":	0,
			"duration":	30,
			"bytes":	0,
			"blocks":	0,
			"reverse":	0,
			"tos":	0,
			"target_bitrate":	100000000,
			"bidir":	0,
			"fqrate":	0
		}
	},
	"intervals":	[{
			"streams":	[{
					"socket":	5,
					"start":	0,
					"end":	1.000197,
					"seconds":	1.0001970529556274,
					"bytes":	6553600,
					"bits_per_second":	52418470.785402268,
					"retransmits":	0,
					"snd_cwnd":	1798416,
					"snd_wnd":	3655552,
					"rtt":	157226,
					"rttvar":	57,
					"pmtu":	1500,
					"omitted":	false,
					"sender":	true
				}],
			"sum":	{
				"start":	0,
				"end":	1.000197,
				"seconds":	1.0001970529556274,
				"bytes":	6553600,
				"bits_per_second":	52418470.785402268,
				"retransmits":	0,
				"omitted":	false,
				"sender":	true
			}
		}, {
			"streams":	[{
					"socket":	5,
					"start":	1.000197,
					"end":	2.000596,
					"seconds":	1.0003989934921265,
					"bytes":	10747904,
					"bits_per_second":	85948938.932710677,
					"retransmits":	2,
					"snd_cwnd":	981744,
					"snd_wnd":	4974592,
					"rtt":	97583,
					"rttvar":	1754,
					"pmtu":	1500,
					"omitted":	false,
					"sender":	true
				}],
			"sum":	{
				"start":	1.000197,
				"end":	2.000596,
				"seconds":	1.0003989934921265,
				"bytes":	10747904,
				"bits_per_second":	85948938.932710677,
				"retransmits":	2,
				"omitted":	false,
				"sender":	true
			}
		}, {
			"streams":	[{
					"socket":	5,
					"start":	2.000596,
					"end":	3.000231,
					"seconds":	0.99963498115539551,
					"bytes":	7471104,
					"bits_per_second":	59790656.716432773,
					"retransmits":	2,
					"snd_cwnd":	514040,
					"snd_wnd":	4978944,
					"rtt":	99179,
					"rttvar":	1098,
					"pmtu":	1500,
					"omitted":	false,
					"sender":	true
				}],
			"sum":	{
				"start":	2.000596,
				"end":	3.000231,
				"seconds":	0.99963498115539551,
				"bytes":	7471104,
				"bits_per_second":	59790656.716432773,
				"retransmits":	2,
				"omitted":	false,
				"sender":	true
			}
		}, {
			"streams":	[{
					"socket":	5,
					"start":	3.000231,
					"end":	4.000501,
					"seconds":	1.0002700090408325,
					"bytes":	4325376,
					"bits_per_second":	34593667.397047244,
					"retransmits":	1,
					"snd_cwnd":	393856,
					"snd_wnd":	4978944,
					"rtt":	111556,
					"rttvar":	5399,
					"pmtu":	1500,
					"omitted":	false,
					"sender":	true
				}],
			"sum":	{
				"start":	3.000231,
				"end":	4.000501,
				"seconds":	1.0002700090408325,
				"bytes":	4325376,
				"bits_per_second":	34593667.397047244,
				"retransmits":	1,
				"omitted":	false,
				"sender":	true
			}
		}, {
			"streams":	[{
					"socket":	5,
					"start":	4.000501,
					"end":	5.000132,
					"seconds":	0.99963098764419556,
					"bytes":	2752512,
					"bits_per_second":	22028224.687085971,
					"retransmits":	1,
					"snd_cwnd":	302632,
					"snd_wnd":	4978944,
					"rtt":	100972,
					"rttvar":	2524,
					"pmtu":	1500,
					"omitted":	false,
					"sender":	true
				}],
			"sum":	{
				"start":	4.000501,
				"end":	5.000132,
				"seconds":	0.99963098764419556,
				"bytes":	2752512,
				"bits_per_second":	22028224.687085971,
				"retransmits":	1,
				"omitted":	false,
				"sender":	true
			}
		}, {
			"streams":	[{
					"socket":	5,
					"start":	5.000132,
					"end":	6.00054,
					"seconds":	1.0004080533981323,
					"bytes":	4325376,
					"bits_per_second":	34588893.884312868,
					"retransmits":	0,
					"snd_cwnd":	328696,
					"snd_wnd":	4978944,
					"rtt":	102206,
					"rttvar":	1680,
					"pmtu":	1500,
					"omitted":	false,
					"sender":	true
				}],
			"sum":	{
				"start":	5.000132,
				"end":	6.00054,
				"seconds":	1.0004080533981323,
				"bytes":	4325376,
				"bits_per_second":	34588893.884312868,
				"retransmits":	0,
				"omitted":	false,
				"sender":	true
			}
		}, {
			"streams":	[{
					"socket":	5,
					"start":	6.00054,
					"end":	7.00067,
					"seconds":	1.0001300573349,
					"bytes":	2883584,
					"bits_per_second":	23065672.140153777,
					"retransmits":	0,
					"snd_cwnd":	343176,
					"snd_wnd":	4978944,
					"rtt":	96514,
					"rttvar":	772,
					"pmtu":	1500,
					"omitted":	false,
					"sender":	true
				}],
			"sum":	{
				"start":	6.00054,
				"end":	7.00067,
				"seconds":	1.0001300573349,
				"bytes":	2883584,
				"bits_per_second":	23065672.140153777,
				"retransmits":	0,
				"omitted":	false,
				"sender":	true
			}
		}, {
			"streams":	[{
					"socket":	5,
					"start":	7.00067,
					"end":	8.000594,
					"seconds":	0.99992400407791138,
					"bytes":	2883584,
					"bits_per_second":	23070425.258240476,
					"retransmits":	1,
					"snd_cwnd":	243264,
					"snd_wnd":	4978944,
					"rtt":	96325,
					"rttvar":	751,
					"pmtu":	1500,
					"omitted":	false,
					"sender":	true
				}],
			"sum":	{
				"start":	7.00067,
				"end":	8.000594,
				"seconds":	0.99992400407791138,
				"bytes":	2883584,
				"bits_per_second":	23070425.258240476,
				"retransmits":	1,
				"omitted":	false,
				"sender":	true
			}
		}, {
			"streams":	[{
					"socket":	5,
					"start":	8.000594,
					"end":	9.000169,
					"seconds":	0.99957501888275146,
					"bytes":	2883584,
					"bits_per_second":	23078479.918180026,
					"retransmits":	0,
					"snd_cwnd":	272224,
					"snd_wnd":	4978944,
					"rtt":	103475,
					"rttvar":	4410,
					"pmtu":	1500,
					"omitted":	false,
					"sender":	true
				}],
			"sum":	{
				"start":	8.000594,
				"end":	9.000169,
				"seconds":	0.99957501888275146,
				"bytes":	2883584,
				"bits_per_second":	23078479.918180026,
				"retransmits":	0,
				"omitted":	false,
				"sender":	true
			}
		}, {
			"streams":	[{
					"socket":	5,
					"start":	9.000169,
					"end":	10.000285,
					"seconds":	1.0001159906387329,
					"bytes":	2883584,
					"bits_per_second":	23065996.560325958,
					"retransmits":	1,
					"snd_cwnd":	209960,
					"snd_wnd":	4978944,
					"rtt":	98195,
					"rttvar":	1606,
					"pmtu":	1500,
					"omitted":	false,
					"sender":	true
				}],
			"sum":	{
				"start":	9.000169,
				"end":	10.000285,
				"seconds":	1.0001159906387329,
				"bytes":	2883584,
				"bits_per_second":	23065996.560325958,
				"retransmits":	1,
				"omitted":	false,
				"sender":	true
			}
		}, {
			"streams":	[{
					"socket":	5,
					"start":	10.000285,
					"end":	11.000684,
					"seconds":	1.0003989934921265,
					"bytes":	1310720,
					"bits_per_second":	10481577.918623254,
					"retransmits":	0,
					"snd_cwnd":	227336,
					"snd_wnd":	4978944,
					"rtt":	102656,
					"rttvar":	763,
					"pmtu":	1500,
					"omitted":	false,
					"sender":	true
				}],
			"sum":	{
				"start":	10.000285,
				"end":	11.000684,
				"seconds":	1.0003989934921265,
				"bytes":	1310720,
				"bits_per_second":	10481577.918623254,
				"retransmits":	0,
				"omitted":	false,
				"sender":	true
			}
		}, {
			"streams":	[{
					"socket":	5,
					"start":	11.000684,
					"end":	12.000117,
					"seconds":	0.99943298101425171,
					"bytes":	2883584,
					"bits_per_second":	23081759.79602883,
					"retransmits":	0,
					"snd_cwnd":	236024,
					"snd_wnd":	4978944,
					"rtt":	98446,
					"rttvar":	605,
					"pmtu":	1500,
					"omitted":	false,
					"sender":	true
				}],
			"sum":	{
				"start":	11.000684,
				"end":	12.000117,
				"seconds":	0.99943298101425171,