{
	"start":	{
		"connected":	[{
				"socket":	5,
				"local_host":	"172.20.171.186",
				"local_port":	42800,
				"remote_host":	"54.227.41.78",
				"remote_port":	5201
			}],
		"version":	"iperf 3.16",
		"system_info":	"Linux DESKTOP-OR35M89 6.18.33.1-microsoft-standard-WSL2 #1 SMP PREEMPT_DYNAMIC Fri Jun  5 01:12:21 UTC 2026 x86_64",
		"timestamp":	{
			"time":	"Thu, 25 Jun 2026 22:18:26 GMT",
			"timesecs":	1782425906
		},
		"connecting_to":	{
			"host":	"54.227.41.78",
			"port":	5201
		},
		"cookie":	"g2ppdi6fvrx2cbtbtvcwzdw72djcyqi2k24c",
		"tcp_mss_default":	1448,
		"target_bitrate":	100000000,
		"fq_rate":	0,
		"sock_bufsize":	0,
		"sndbuf_actual":	16384,
		"rcvbuf_actual":	131072,
		"test_start":	{
			"protocol":	"TCP",
			"num_streams":	1,
			"blksize":	131072,
			"omit":	0,
			"duration":	30,
			"bytes":	0,
			"blocks":	0,
			"reverse":	0,
			"tos":	0,
			"target_bitrate":	100000000,
			"bidir":	0,
			"fqrate":	0
		}
	},
	"intervals":	[{
			"streams":	[{
					"socket":	5,
					"start":	0,
					"end":	1.000544,
					"seconds":	1.00054395198822,
					"bytes":	1310720,
					"bits_per_second":	10480059.350879423,
					"retransmits":	11,
					"snd_cwnd":	60816,
					"snd_wnd":	1008256,
					"rtt":	98208,
					"rttvar":	3235,
					"pmtu":	1500,
					"omitted":	false,
					"sender":	true
				}],
			"sum":	{
				"start":	0,
				"end":	1.000544,
				"seconds":	1.00054395198822,
				"bytes":	1310720,
				"bits_per_second":	10480059.350879423,
				"retransmits":	11,
				"omitted":	false,
				"sender":	true
			}
		}, {
			"streams":	[{
					"socket":	5,
					"start":	1.000544,
					"end":	2.000294,
					"seconds":	0.999750018119812,
					"bytes":	393216,
					"bits_per_second":	3146514.5716286548,
					"retransmits":	13,
					"snd_cwnd":	14480,
					"snd_wnd":	1008256,
					"rtt":	99960,
					"rttvar":	1879,
					"pmtu":	1500,
					"omitted":	false,
					"sender":	true
				}],
			"sum":	{
				"start":	1.000544,
				"end":	2.000294,
				"seconds":	0.999750018119812,
				"bytes":	393216,
				"bits_per_second":	3146514.5716286548,
				"retransmits":	13,
				"omitted":	false,
				"sender":	true
			}
		}, {
			"streams":	[{
					"socket":	5,
					"start":	2.000294,
					"end":	3.000524,
					"seconds":	1.0002299547195435,
					"bytes":	0,
					"bits_per_second":	0,
					"retransmits":	6,
					"snd_cwnd":	11584,
					"snd_wnd":	1008256,
					"rtt":	100221,
					"rttvar":	1194,
					"pmtu":	1500,
					"omitted":	false,
					"sender":	true
				}],
			"sum":	{
				"start":	2.000294,
				"end":	3.000524,
				"seconds":	1.0002299547195435,
				"bytes":	0,
				"bits_per_second":	0,
				"retransmits":	6,
				"omitted":	false,
				"sender":	true
			}
		}, {
			"streams":	[{
					"socket":	5,
					"start":	3.000524,
					"end":	4.000328,
					"seconds":	0.99980401992797852,
					"bytes":	393216,
					"bits_per_second":	3146344.6208453975,
					"retransmits":	3,
					"snd_cwnd":	7240,
					"snd_wnd":	997888,
					"rtt":	102425,
					"rttvar":	7056,
					"pmtu":	1500,
					"omitted":	false,
					"sender":	true
				}],
			"sum":	{
				"start":	3.000524,
				"end":	4.000328,
				"seconds":	0.99980401992797852,
				"bytes":	393216,
				"bits_per_second":	3146344.6208453975,
				"retransmits":	3,
				"omitted":	false,
				"sender":	true
			}
		}, {
			"streams":	[{
					"socket":	5,
					"start":	4.000328,
					"end":	5.000497,
					"seconds":	1.000169038772583,
					"bytes":	0,
					"bits_per_second":	0,
					"retransmits":	0,
					"snd_cwnd":	13032,
					"snd_wnd":	1008256,
					"rtt":	104548,
					"rttvar":	8804,
					"pmtu":	1500,
					"omitted":	false,
					"sender":	true
				}],
			"sum":	{
				"start":	4.000328,
				"end":	5.000497,
				"seconds":	1.000169038772583,
				"bytes":	0,
				"bits_per_second":	0,
				"retransmits":	0,
				"omitted":	false,
				"sender":	true
			}
		}, {
			"streams":	[{
					"socket":	5,
					"start":	5.000497,
					"end":	6.000146,
					"seconds":	0.99964898824691772,
					"bytes":	0,
					"bits_per_second":	0,
					"retransmits":	4,
					"snd_cwnd":	14480,
					"snd_wnd":	1008256,
					"rtt":	107732,
					"rttvar":	12942,
					"pmtu":	1500,
					"omitted":	false,
					"sender":	true
				}],
			"sum":	{
				"start":	5.000497,
				"end":	6.000146,
				"seconds":	0.99964898824691772,
				"bytes":	0,
				"bits_per_second":	0,
				"retransmits":	4,
				"omitted":	false,
				"sender":	true
			}
		}, {
			"streams":	[{
					"socket":	5,
					"start":	6.000146,
					"end":	7.000507,
					"seconds":	1.00036096572876,
					"bytes":	393216,
					"bits_per_second":	3144592.9097286868,
					"retransmits":	0,
					"snd_cwnd":	21720,
					"snd_wnd":	1008256,
					"rtt":	107219,
					"rttvar":	12622,
					"pmtu":	1500,
					"omitted":	false,
					"sender":	true
				}],
			"sum":	{
				"start":	6.000146,
				"end":	7.000507,
				"seconds":	1.00036096572876,
				"bytes":	393216,
				"bits_per_second":	3144592.9097286868,
				"retransmits":	0,
				"omitted":	false,
				"sender":	true
			}
		}, {
			"streams":	[{
					"socket":	5,
					"start":	7.000507,
					"end":	8.000575,
					"seconds":	1.0000679492950439,
					"bytes":	0,
					"bits_per_second":	0,
					"retransmits":	5,
					"snd_cwnd":	14480,
					"snd_wnd":	1008256,
					"rtt":	103664,
					"rttvar":	8706,
					"pmtu":	1500,
					"omitted":	false,
					"sender":	true
				}],
			"sum":	{
				"start":	7.000507,
				"end":	8.000575,
				"seconds":	1.0000679492950439,
				"bytes":	0,
				"bits_per_second":	0,
				"retransmits":	5,
				"omitted":	false,
				"sender":	true
			}
		}, {
			"streams":	[{
					"socket":	5,
					"start":	8.000575,
					"end":	9.000147,
					"seconds":	0.999571979045868,
					"bytes":	0,
					"bits_per_second":	0,
					"retransmits":	2,
					"snd_cwnd":	17376,
					"snd_wnd":	1006848,
					"rtt":	102726,
					"rttvar":	7463,
					"pmtu":	1500,
					"omitted":	false,
					"sender":	true
				}],
			"sum":	{
				"start":	8.000575,
				"end":	9.000147,
				"seconds":	0.999571979045868,
				"bytes":	0,
				"bits_per_second":	0,
				"retransmits":	2,
				"omitted":	false,
				"sender":	true
			}
		}, {
			"streams":	[{
					"socket":	5,
					"start":	9.000147,
					"end":	10.000186,
					"seconds":	1.0000389814376831,
					"bytes":	262144,
					"bits_per_second":	2097070.2531866082,
					"retransmits":	3,
					"snd_cwnd":	8688,
					"snd_wnd":	1008256,
					"rtt":	108960,
					"rttvar":	16218,
					"pmtu":	1500,
					"omitted":	false,
					"sender":	true
				}],
			"sum":	{
				"start":	9.000147,
				"end":	10.000186,
				"seconds":	1.0000389814376831,
				"bytes":	262144,
				"bits_per_second":	2097070.2531866082,
				"retransmits":	3,
				"omitted":	false,
				"sender":	true
			}
		}, {
			"streams":	[{
					"socket":	5,
					"start":	10.000186,
					"end":	11.000154,
					"seconds":	0.99996799230575562,
					"bytes":	0,
					"bits_per_second":	0,
					"retransmits":	2,
					"snd_cwnd":	10136,
					"snd_wnd":	1008256,
					"rtt":	102719,
					"rttvar":	6178,
					"pmtu":	1500,
					"omitted":	false,
					"sender":	true
				}],
			"sum":	{
				"start":	10.000186,
				"end":	11.000154,
				"seconds":	0.99996799230575562,
				"bytes":	0,
				"bits_per_second":	0,
				"retransmits":	2,
				"omitted":	false,
				"sender":	true
			}
		}, {
			"streams":	[{
					"socket":	5,
					"start":	11.000154,
					"end":	12.000105,
					"seconds":	0.99995100498199463,
					"bytes":	0,
					"bits_per_second":	0,
					"retransmits":	0,
					"snd_cwnd":	15928,
					"snd_wnd":	1008256,
					"rtt":	107676,
					"rttvar":	7739,
					"pmtu":	1500,
					"omitted":	false,
					"sender":	true
				}],
			"sum":	{
				"start":	11.000154,
				"end":	12.000105,
				"seconds":	0.99995100498199463,
				"bytes":	0,
				"bits_per_second":	0,
				"retransmits":	0,
				"omitted":	false,
				"sender":	true
			}
		}, {
			"streams":	[{
					"socket":	5,
					"start":	12.000105,
					"end":	13.000117,
					"seconds":	1.0000120401382446,
					"bytes":	393216,
					"bits_per_second":	3145690.1254560146,