{
	"start":	{
		"connected":	[{
				"socket":	5,
				"local_host":	"172.20.171.186",
				"local_port":	35486,
				"remote_host":	"54.227.41.78",
				"remote_port":	5201
			}],
		"version":	"iperf 3.16",
		"system_info":	"Linux DESKTOP-OR35M89 6.18.33.1-microsoft-standard-WSL2 #1 SMP PREEMPT_DYNAMIC Fri Jun  5 01:12:21 UTC 2026 x86_64",
		"timestamp":	{
			"time":	"Thu, 25 Jun 2026 21:55:36 GMT",
			"timesecs":	1782424536
		},
		"connecting_to":	{
			"host":	"54.227.41.78",
			"port":	5201
		},
		"cookie":	"s3qqmtumbplobisjk63bpnxl3mr3pdewxafr",
		"tcp_mss_default":	1448,
		"target_bitrate":	100000000,
		"fq_rate":	0,
		"sock_bufsize":	0,
		"sndbuf_actual":	16384,
		"rcvbuf_actual":	131072,
		"test_start":	{
			"protocol":	"TCP",
			"num_streams":	1,
			"blksize":	131072,
			"omit":	0,
			"duration":	30,
			"bytes":	0,
			"blocks":	0,
			"reverse":	0,
			"tos":	0,
			"target_bitrate":	100000000,
			"bidir":	0,
			"fqrate":	0
		}
	},
	"intervals":	[{
			"streams":	[{
					"socket":	5,
					"start":	0,
					"end":	1.000141,
					"seconds":	1.0001410245895386,
					"bytes":	2097152,
					"bits_per_second":	16774850.33361713,
					"retransmits":	4,
					"snd_cwnd":	170864,
					"snd_wnd":	4598656,
					"rtt":	87912,
					"rttvar":	1147,
					"pmtu":	1500,
					"omitted":	false,
					"sender":	true
				}],
			"sum":	{
				"start":	0,
				"end":	1.000141,
				"seconds":	1.0001410245895386,
				"bytes":	2097152,
				"bits_per_second":	16774850.33361713,
				"retransmits":	4,
				"omitted":	false,
				"sender":	true
			}
		}, {
			"streams":	[{
					"socket":	5,
					"start":	1.000141,
					"end":	2.000183,
					"seconds":	1.0000419616699219,
					"bytes":	1441792,
					"bits_per_second":	11533852.020308595,
					"retransmits":	7,
					"snd_cwnd":	59368,
					"snd_wnd":	4598656,
					"rtt":	89199,
					"rttvar":	2156,
					"pmtu":	1500,
					"omitted":	false,
					"sender":	true
				}],
			"sum":	{
				"start":	1.000141,
				"end":	2.000183,
				"seconds":	1.0000419616699219,
				"bytes":	1441792,
				"bits_per_second":	11533852.020308595,
				"retransmits":	7,
				"omitted":	false,
				"sender":	true
			}
		}, {
			"streams":	[{
					"socket":	5,
					"start":	2.000183,
					"end":	3.000492,
					"seconds":	1.0003089904785156,
					"bytes":	524288,
					"bits_per_second":	4193008.4003279628,
					"retransmits":	4,
					"snd_cwnd":	36200,
					"snd_wnd":	4600064,
					"rtt":	91348,
					"rttvar":	3057,
					"pmtu":	1500,
					"omitted":	false,
					"sender":	true
				}],
			"sum":	{
				"start":	2.000183,
				"end":	3.000492,
				"seconds":	1.0003089904785156,
				"bytes":	524288,
				"bits_per_second":	4193008.4003279628,
				"retransmits":	4,
				"omitted":	false,
				"sender":	true
			}
		}, {
			"streams":	[{
					"socket":	5,
					"start":	3.000492,
					"end":	4.000135,
					"seconds":	0.99964302778244019,
					"bytes":	524288,
					"bits_per_second":	4195801.7846675143,
					"retransmits":	4,
					"snd_cwnd":	21720,
					"snd_wnd":	4600064,
					"rtt":	93676,
					"rttvar":	7046,
					"pmtu":	1500,
					"omitted":	false,
					"sender":	true
				}],
			"sum":	{
				"start":	3.000492,
				"end":	4.000135,
				"seconds":	0.99964302778244019,
				"bytes":	524288,
				"bits_per_second":	4195801.7846675143,
				"retransmits":	4,
				"omitted":	false,
				"sender":	true
			}
		}, {
			"streams":	[{
					"socket":	5,
					"start":	4.000135,
					"end":	5.000112,
					"seconds":	0.9999769926071167,
					"bytes":	0,
					"bits_per_second":	0,
					"retransmits":	0,
					"snd_cwnd":	27512,
					"snd_wnd":	4600064,
					"rtt":	89933,
					"rttvar":	1622,
					"pmtu":	1500,
					"omitted":	false,
					"sender":	true
				}],
			"sum":	{
				"start":	4.000135,
				"end":	5.000112,
				"seconds":	0.9999769926071167,
				"bytes":	0,
				"bits_per_second":	0,
				"retransmits":	0,
				"omitted":	false,
				"sender":	true
			}
		}, {
			"streams":	[{
					"socket":	5,
					"start":	5.000112,
					"end":	6.000137,
					"seconds":	1.0000250339508057,
					"bytes":	524288,
					"bits_per_second":	4194199.0026284992,
					"retransmits":	6,
					"snd_cwnd":	17376,
					"snd_wnd":	4600064,
					"rtt":	91118,
					"rttvar":	3444,
					"pmtu":	1500,
					"omitted":	false,
					"sender":	true
				}],
			"sum":	{
				"start":	5.000112,
				"end":	6.000137,
				"seconds":	1.0000250339508057,
				"bytes":	524288,
				"bits_per_second":	4194199.0026284992,
				"retransmits":	6,
				"omitted":	false,
				"sender":	true
			}
		}, {
			"streams":	[{
					"socket":	5,
					"start":	6.000137,
					"end":	7.000523,
					"seconds":	1.0003859996795654,
					"bytes":	0,
					"bits_per_second":	0,
					"retransmits":	2,
					"snd_cwnd":	15928,
					"snd_wnd":	4598656,
					"rtt":	88556,
					"rttvar":	1390,
					"pmtu":	1500,
					"omitted":	false,
					"sender":	true
				}],
			"sum":	{
				"start":	6.000137,
				"end":	7.000523,
				"seconds":	1.0003859996795654,
				"bytes":	0,
				"bits_per_second":	0,
				"retransmits":	2,
				"omitted":	false,
				"sender":	true
			}
		}, {
			"streams":	[{
					"socket":	5,
					"start":	7.000523,
					"end":	8.000516,
					"seconds":	0.99999302625656128,
					"bytes":	524288,
					"bits_per_second":	4194333.2502039839,
					"retransmits":	0,
					"snd_cwnd":	23168,
					"snd_wnd":	4600064,
					"rtt":	92177,
					"rttvar":	5462,
					"pmtu":	1500,
					"omitted":	false,
					"sender":	true
				}],
			"sum":	{
				"start":	7.000523,
				"end":	8.000516,
				"seconds":	0.99999302625656128,
				"bytes":	524288,
				"bits_per_second":	4194333.2502039839,
				"retransmits":	0,
				"omitted":	false,
				"sender":	true
			}
		}, {
			"streams":	[{
					"socket":	5,
					"start":	8.000516,
					"end":	9.000593,
					"seconds":	1.00007700920105,
					"bytes":	0,
					"bits_per_second":	0,
					"retransmits":	2,
					"snd_cwnd":	21720,
					"snd_wnd":	4600064,
					"rtt":	92902,
					"rttvar":	4536,
					"pmtu":	1500,
					"omitted":	false,
					"sender":	true
				}],
			"sum":	{
				"start":	8.000516,
				"end":	9.000593,
				"seconds":	1.00007700920105,
				"bytes":	0,
				"bits_per_second":	0,
				"retransmits":	2,
				"omitted":	false,
				"sender":	true
			}
		}, {
			"streams":	[{
					"socket":	5,
					"start":	9.000593,
					"end":	10.000148,
					"seconds":	0.999554991722107,
					"bytes":	393216,
					"bits_per_second":	3147128.4982333072,
					"retransmits":	0,
					"snd_cwnd":	28960,
					"snd_wnd":	4600064,
					"rtt":	90777,
					"rttvar":	3879,
					"pmtu":	1500,
					"omitted":	false,
					"sender":	true
				}],
			"sum":	{
				"start":	9.000593,
				"end":	10.000148,
				"seconds":	0.999554991722107,
				"bytes":	393216,
				"bits_per_second":	3147128.4982333072,
				"retransmits":	0,
				"omitted":	false,
				"sender":	true
			}
		}, {
			"streams":	[{
					"socket":	5,
					"start":	10.000148,
					"end":	11.000107,
					"seconds":	0.99995899200439453,
					"bytes":	0,
					"bits_per_second":	0,
					"retransmits":	2,
					"snd_cwnd":	26064,
					"snd_wnd":	4600064,
					"rtt":	91819,
					"rttvar":	6513,
					"pmtu":	1500,
					"omitted":	false,
					"sender":	true
				}],
			"sum":	{
				"start":	10.000148,
				"end":	11.000107,
				"seconds":	0.99995899200439453,
				"bytes":	0,
				"bits_per_second":	0,
				"retransmits":	2,
				"omitted":	false,
				"sender":	true
			}
		}, {
			"streams":	[{
					"socket":	5,
					"start":	11.000107,
					"end":	12.00052,
					"seconds":	1.0004129409790039,
					"bytes":	524288,
					"bits_per_second":	4192572.7149185566,
					"retransmits":	0,
					"snd_cwnd":	33304,
					"snd_wnd":	4600064,
					"rtt":	88127,
					"rttvar":	711,
					"pmtu":	1500,
					"omitted":	false,
					"sender":	true
				}],
			"sum":	{
				"start":	11.000107,
				"end":	12.00052,
				"seconds":	1.0004129409790039,
				"bytes":	524288,
				"bits_per_second":	4192572.7149185566,
				"retransmits":	0,
				"omitted":	false,
				"sender":	true
			}
		}, {
			"streams":	[{
					"socket":	5,
					"start":	12.00052,