{
	"start":	{
		"connected":	[{
				"socket":	5,
				"local_host":	"172.20.171.186",
				"local_port":	43286,
				"remote_host":	"54.227.41.78",
				"remote_port":	5201
			}],
		"version":	"iperf 3.16",
		"system_info":	"Linux DESKTOP-OR35M89 6.18.33.1-microsoft-standard-WSL2 #1 SMP PREEMPT_DYNAMIC Fri Jun  5 01:12:21 UTC 2026 x86_64",
		"timestamp":	{
			"time":	"Thu, 25 Jun 2026 22:23:21 GMT",
			"timesecs":	1782426201
		},
		"connecting_to":	{
			"host":	"54.227.41.78",
			"port":	5201
		},
		"cookie":	"uyic2niwqfez4q7brnhwmy2hwabphhil3ns3",
		"tcp_mss_default":	1448,
		"target_bitrate":	100000000,
		"fq_rate":	0,
		"sock_bufsize":	0,
		"sndbuf_actual":	16384,
		"rcvbuf_actual":	131072,
		"test_start":	{
			"protocol":	"TCP",
			"num_streams":	1,
			"blksize":	131072,
			"omit":	0,
			"duration":	30,
			"bytes":	0,
			"blocks":	0,
			"reverse":	0,
			"tos":	0,
			"target_bitrate":	100000000,
			"bidir":	0,
			"fqrate":	0
		}
	},
	"intervals":	[{
			"streams":	[{
					"socket":	5,
					"start":	0,
					"end":	1.000163,
					"seconds":	1.0001629590988159,
					"bytes":	393216,
					"bits_per_second":	3145215.4585232972,
					"retransmits":	12,
					"snd_cwnd":	18824,
					"snd_wnd":	163840,
					"rtt":	90244,
					"rttvar":	1268,
					"pmtu":	1500,
					"omitted":	false,
					"sender":	true
				}],
			"sum":	{
				"start":	0,
				"end":	1.000163,
				"seconds":	1.0001629590988159,
				"bytes":	393216,
				"bits_per_second":	3145215.4585232972,
				"retransmits":	12,
				"omitted":	false,
				"sender":	true
			}
		}, {
			"streams":	[{
					"socket":	5,
					"start":	1.000163,
					"end":	2.000545,
					"seconds":	1.0003819465637207,
					"bytes":	262144,
					"bits_per_second":	2096351.30582239,
					"retransmits":	3,
					"snd_cwnd":	11584,
					"snd_wnd":	165376,
					"rtt":	94483,
					"rttvar":	8422,
					"pmtu":	1500,
					"omitted":	false,
					"sender":	true
				}],
			"sum":	{
				"start":	1.000163,
				"end":	2.000545,
				"seconds":	1.0003819465637207,
				"bytes":	262144,
				"bits_per_second":	2096351.30582239,
				"retransmits":	3,
				"omitted":	false,
				"sender":	true
			}
		}, {
			"streams":	[{
					"socket":	5,
					"start":	2.000545,
					"end":	3.000535,
					"seconds":	0.99998998641967773,
					"bytes":	131072,
					"bits_per_second":	1048586.5001051438,
					"retransmits":	2,
					"snd_cwnd":	13032,
					"snd_wnd":	165376,
					"rtt":	94493,
					"rttvar":	8744,
					"pmtu":	1500,
					"omitted":	false,
					"sender":	true
				}],
			"sum":	{
				"start":	2.000545,
				"end":	3.000535,
				"seconds":	0.99998998641967773,
				"bytes":	131072,
				"bits_per_second":	1048586.5001051438,
				"retransmits":	2,
				"omitted":	false,
				"sender":	true
			}
		}, {
			"streams":	[{
					"socket":	5,
					"start":	3.000535,
					"end":	4.000503,
					"seconds":	0.99996799230575562,
					"bytes":	131072,
					"bits_per_second":	1048609.5635742927,
					"retransmits":	3,
					"snd_cwnd":	7240,
					"snd_wnd":	165376,
					"rtt":	96450,
					"rttvar":	12946,
					"pmtu":	1500,
					"omitted":	false,
					"sender":	true
				}],
			"sum":	{
				"start":	3.000535,
				"end":	4.000503,
				"seconds":	0.99996799230575562,
				"bytes":	131072,
				"bits_per_second":	1048609.5635742927,
				"retransmits":	3,
				"omitted":	false,
				"sender":	true
			}
		}, {
			"streams":	[{
					"socket":	5,
					"start":	4.000503,
					"end":	5.000544,
					"seconds":	1.0000410079956055,
					"bytes":	0,
					"bits_per_second":	0,
					"retransmits":	5,
					"snd_cwnd":	4344,
					"snd_wnd":	165376,
					"rtt":	92812,
					"rttvar":	7378,
					"pmtu":	1500,
					"omitted":	false,
					"sender":	true
				}],
			"sum":	{
				"start":	4.000503,
				"end":	5.000544,
				"seconds":	1.0000410079956055,
				"bytes":	0,
				"bits_per_second":	0,
				"retransmits":	5,
				"omitted":	false,
				"sender":	true
			}
		}, {
			"streams":	[{
					"socket":	5,
					"start":	5.000544,
					"end":	6.000542,
					"seconds":	0.99999797344207764,
					"bytes":	131072,
					"bits_per_second":	1048578.1250043064,
					"retransmits":	2,
					"snd_cwnd":	5792,
					"snd_wnd":	165376,
					"rtt":	102310,
					"rttvar":	21152,
					"pmtu":	1500,
					"omitted":	false,
					"sender":	true
				}],
			"sum":	{
				"start":	5.000544,
				"end":	6.000542,
				"seconds":	0.99999797344207764,
				"bytes":	131072,
				"bits_per_second":	1048578.1250043064,
				"retransmits":	2,
				"omitted":	false,
				"sender":	true
			}
		}, {
			"streams":	[{
					"socket":	5,
					"start":	6.000542,
					"end":	7.000543,
					"seconds":	1.0000009536743164,
					"bytes":	0,
					"bits_per_second":	0,
					"retransmits":	0,
					"snd_cwnd":	14480,
					"snd_wnd":	165376,
					"rtt":	97800,
					"rttvar":	12710,
					"pmtu":	1500,
					"omitted":	false,
					"sender":	true
				}],
			"sum":	{
				"start":	6.000542,
				"end":	7.000543,
				"seconds":	1.0000009536743164,
				"bytes":	0,
				"bits_per_second":	0,
				"retransmits":	0,
				"omitted":	false,
				"sender":	true
			}
		}, {
			"streams":	[{
					"socket":	5,
					"start":	7.000543,
					"end":	8.000531,
					"seconds":	0.9999880194664,
					"bytes":	131072,
					"bits_per_second":	1048588.5626505073,
					"retransmits":	3,
					"snd_cwnd":	11584,
					"snd_wnd":	163840,
					"rtt":	93404,
					"rttvar":	4675,
					"pmtu":	1500,
					"omitted":	false,
					"sender":	true
				}],
			"sum":	{
				"start":	7.000543,
				"end":	8.000531,
				"seconds":	0.9999880194664,
				"bytes":	131072,
				"bits_per_second":	1048588.5626505073,
				"retransmits":	3,
				"omitted":	false,
				"sender":	true
			}
		}, {
			"streams":	[{
					"socket":	5,
					"start":	8.000531,
					"end":	9.000545,
					"seconds":	1.0000139474868774,
					"bytes":	131072,
					"bits_per_second":	1048561.3752039792,
					"retransmits":	0,
					"snd_cwnd":	17376,
					"snd_wnd":	165376,
					"rtt":	90802,
					"rttvar":	1915,
					"pmtu":	1500,
					"omitted":	false,
					"sender":	true
				}],
			"sum":	{
				"start":	8.000531,
				"end":	9.000545,
				"seconds":	1.0000139474868774,
				"bytes":	131072,
				"bits_per_second":	1048561.3752039792,
				"retransmits":	0,
				"omitted":	false,
				"sender":	true
			}
		}, {
			"streams":	[{
					"socket":	5,
					"start":	9.000545,
					"end":	10.000541,
					"seconds":	0.9999960064888,
					"bytes":	131072,
					"bits_per_second":	1048580.1875167228,
					"retransmits":	3,
					"snd_cwnd":	8688,
					"snd_wnd":	165376,
					"rtt":	96199,
					"rttvar":	11114,
					"pmtu":	1500,
					"omitted":	false,
					"sender":	true
				}],
			"sum":	{
				"start":	9.000545,
				"end":	10.000541,
				"seconds":	0.9999960064888,
				"bytes":	131072,
				"bits_per_second":	1048580.1875167228,
				"retransmits":	3,
				"omitted":	false,
				"sender":	true
			}
		}, {
			"streams":	[{
					"socket":	5,
					"start":	10.000541,
					"end":	11.000539,
					"seconds":	0.99999797344207764,
					"bytes":	131072,
					"bits_per_second":	1048578.1250043064,
					"retransmits":	0,
					"snd_cwnd":	15928,
					"snd_wnd":	165376,
					"rtt":	95522,
					"rttvar":	10631,
					"pmtu":	1500,
					"omitted":	false,
					"sender":	true
				}],
			"sum":	{
				"start":	10.000541,
				"end":	11.000539,
				"seconds":	0.99999797344207764,
				"bytes":	131072,
				"bits_per_second":	1048578.1250043064,
				"retransmits":	0,
				"omitted":	false,
				"sender":	true
			}
		}, {
			"streams":	[{
					"socket":	5,
					"start":	11.000539,
					"end":	12.00056,
					"seconds":	1.0000209808349609,
					"bytes":	131072,
					"bits_per_second":	1048554.0004615687,
					"retransmits":	3,
					"snd_cwnd":	11584,
					"snd_wnd":	165376,
					"rtt":	93153,
					"rttvar":	5697,
					"pmtu":	1500,
					"omitted":	false,
					"sender":	true
				}],
			"sum":	{
				"start":	11.000539,
				"end":	12.00056,
				"seconds":	1.0000209808349609,
				"bytes":	131072,
				"bits_per_second":	1048554.0004615687,
				"retransmits":	3,
				"omitted":	false,