{
	"start":	{
		"connected":	[{
				"socket":	5,
				"local_host":	"172.20.171.186",
				"local_port":	52060,
				"remote_host":	"54.227.41.78",
				"remote_port":	5201
			}],
		"version":	"iperf 3.16",
		"system_info":	"Linux DESKTOP-OR35M89 6.18.33.1-microsoft-standard-WSL2 #1 SMP PREEMPT_DYNAMIC Fri Jun  5 01:12:21 UTC 2026 x86_64",
		"timestamp":	{
			"time":	"Thu, 25 Jun 2026 22:26:40 GMT",
			"timesecs":	1782426400
		},
		"connecting_to":	{
			"host":	"54.227.41.78",
			"port":	5201
		},
		"cookie":	"io2zuujjqwuaugizn3caia4bj5s3ropq7hws",
		"tcp_mss_default":	1448,
		"target_bitrate":	100000000,
		"fq_rate":	0,
		"sock_bufsize":	0,
		"sndbuf_actual":	16384,
		"rcvbuf_actual":	131072,
		"test_start":	{
			"protocol":	"TCP",
			"num_streams":	1,
			"blksize":	131072,
			"omit":	0,
			"duration":	30,
			"bytes":	0,
			"blocks":	0,
			"reverse":	0,
			"tos":	0,
			"target_bitrate":	100000000,
			"bidir":	0,
			"fqrate":	0
		}
	},
	"intervals":	[{
			"streams":	[{
					"socket":	5,
					"start":	0,
					"end":	1.00018,
					"seconds":	1.0001800060272217,
					"bytes":	655360,
					"bits_per_second":	5241936.4198501138,
					"retransmits":	18,
					"snd_cwnd":	31856,
					"snd_wnd":	286336,
					"rtt":	89930,
					"rttvar":	3949,
					"pmtu":	1500,
					"omitted":	false,
					"sender":	true
				}],
			"sum":	{
				"start":	0,
				"end":	1.00018,
				"seconds":	1.0001800060272217,
				"bytes":	655360,
				"bits_per_second":	5241936.4198501138,
				"retransmits":	18,
				"omitted":	false,
				"sender":	true
			}
		}, {
			"streams":	[{
					"socket":	5,
					"start":	1.00018,
					"end":	2.000552,
					"seconds":	1.000372052192688,
					"bytes":	262144,
					"bits_per_second":	2096372.0401857591,
					"retransmits":	2,
					"snd_cwnd":	20272,
					"snd_wnd":	315136,
					"rtt":	90514,
					"rttvar":	1904,
					"pmtu":	1500,
					"omitted":	false,
					"sender":	true
				}],
			"sum":	{
				"start":	1.00018,
				"end":	2.000552,
				"seconds":	1.000372052192688,
				"bytes":	262144,
				"bits_per_second":	2096372.0401857591,
				"retransmits":	2,
				"omitted":	false,
				"sender":	true
			}
		}, {
			"streams":	[{
					"socket":	5,
					"start":	2.000552,
					"end":	3.000108,
					"seconds":	0.999556005001068,
					"bytes":	262144,
					"bits_per_second":	2098083.5385984792,
					"retransmits":	7,
					"snd_cwnd":	8688,
					"snd_wnd":	315136,
					"rtt":	94278,
					"rttvar":	11468,
					"pmtu":	1500,
					"omitted":	false,
					"sender":	true
				}],
			"sum":	{
				"start":	2.000552,
				"end":	3.000108,
				"seconds":	0.999556005001068,
				"bytes":	262144,
				"bits_per_second":	2098083.5385984792,
				"retransmits":	7,
				"omitted":	false,
				"sender":	true
			}
		}, {
			"streams":	[{
					"socket":	5,
					"start":	3.000108,
					"end":	4.000567,
					"seconds":	1.0004589557647705,
					"bytes":	131072,
					"bits_per_second":	1048094.9707711376,
					"retransmits":	1,
					"snd_cwnd":	11584,
					"snd_wnd":	315136,
					"rtt":	90188,
					"rttvar":	1761,
					"pmtu":	1500,
					"omitted":	false,
					"sender":	true
				}],
			"sum":	{
				"start":	3.000108,
				"end":	4.000567,
				"seconds":	1.0004589557647705,
				"bytes":	131072,
				"bits_per_second":	1048094.9707711376,
				"retransmits":	1,
				"omitted":	false,
				"sender":	true
			}
		}, {
			"streams":	[{
					"socket":	5,
					"start":	4.000567,
					"end":	5.000173,
					"seconds":	0.99960601329803467,
					"bytes":	0,
					"bits_per_second":	0,
					"retransmits":	3,
					"snd_cwnd":	8688,
					"snd_wnd":	315136,
					"rtt":	98261,
					"rttvar":	15086,
					"pmtu":	1500,
					"omitted":	false,
					"sender":	true
				}],
			"sum":	{
				"start":	4.000567,
				"end":	5.000173,
				"seconds":	0.99960601329803467,
				"bytes":	0,
				"bits_per_second":	0,
				"retransmits":	3,
				"omitted":	false,
				"sender":	true
			}
		}, {
			"streams":	[{
					"socket":	5,
					"start":	5.000173,
					"end":	6.000222,
					"seconds":	1.0000489950180054,
					"bytes":	262144,
					"bits_per_second":	2097049.2550339915,
					"retransmits":	2,
					"snd_cwnd":	11584,
					"snd_wnd":	315136,
					"rtt":	93153,
					"rttvar":	6161,
					"pmtu":	1500,
					"omitted":	false,
					"sender":	true
				}],
			"sum":	{
				"start":	5.000173,
				"end":	6.000222,
				"seconds":	1.0000489950180054,
				"bytes":	262144,
				"bits_per_second":	2097049.2550339915,
				"retransmits":	2,
				"omitted":	false,
				"sender":	true
			}
		}, {
			"streams":	[{
					"socket":	5,
					"start":	6.000222,
					"end":	7.00015,
					"seconds":	0.99992799758911133,
					"bytes":	0,
					"bits_per_second":	0,
					"retransmits":	4,
					"snd_cwnd":	7240,
					"snd_wnd":	315136,
					"rtt":	96862,
					"rttvar":	14256,
					"pmtu":	1500,
					"omitted":	false,
					"sender":	true
				}],
			"sum":	{
				"start":	6.000222,
				"end":	7.00015,
				"seconds":	0.99992799758911133,
				"bytes":	0,
				"bits_per_second":	0,
				"retransmits":	4,
				"omitted":	false,
				"sender":	true
			}
		}, {
			"streams":	[{
					"socket":	5,
					"start":	7.00015,
					"end":	8.000262,
					"seconds":	1.0001120567321777,
					"bytes":	131072,
					"bits_per_second":	1048458.5131651908,
					"retransmits":	3,
					"snd_cwnd":	10136,
					"snd_wnd":	315136,
					"rtt":	96102,
					"rttvar":	12343,
					"pmtu":	1500,
					"omitted":	false,
					"sender":	true
				}],
			"sum":	{
				"start":	7.00015,
				"end":	8.000262,
				"seconds":	1.0001120567321777,
				"bytes":	131072,
				"bits_per_second":	1048458.5131651908,
				"retransmits":	3,
				"omitted":	false,
				"sender":	true
			}
		}, {
			"streams":	[{
					"socket":	5,
					"start":	8.000262,
					"end":	9.000615,
					"seconds":	1.00035297870636,
					"bytes":	0,
					"bits_per_second":	0,
					"retransmits":	2,
					"snd_cwnd":	11584,
					"snd_wnd":	315136,
					"rtt":	93068,
					"rttvar":	7852,
					"pmtu":	1500,
					"omitted":	false,
					"sender":	true
				}],
			"sum":	{
				"start":	8.000262,
				"end":	9.000615,
				"seconds":	1.00035297870636,
				"bytes":	0,
				"bits_per_second":	0,
				"retransmits":	2,
				"omitted":	false,
				"sender":	true
			}
		}, {
			"streams":	[{
					"socket":	5,
					"start":	9.000615,
					"end":	10.000176,
					"seconds":	0.99956101179122925,
					"bytes":	262144,
					"bits_per_second":	2098073.0293210121,
					"retransmits":	5,
					"snd_cwnd":	7240,
					"snd_wnd":	313728,
					"rtt":	90398,
					"rttvar":	4896,
					"pmtu":	1500,
					"omitted":	false,
					"sender":	true
				}],
			"sum":	{
				"start":	9.000615,
				"end":	10.000176,
				"seconds":	0.99956101179122925,
				"bytes":	262144,
				"bits_per_second":	2098073.0293210121,
				"retransmits":	5,
				"omitted":	false,
				"sender":	true
			}
		}, {
			"streams":	[{
					"socket":	5,
					"start":	10.000176,
					"end":	11.000111,
					"seconds":	0.99993497133255,
					"bytes":	0,
					"bits_per_second":	0,
					"retransmits":	0,
					"snd_cwnd":	13032,
					"snd_wnd":	315136,
					"rtt":	90112,
					"rttvar":	1759,
					"pmtu":	1500,
					"omitted":	false,
					"sender":	true
				}],
			"sum":	{
				"start":	10.000176,
				"end":	11.000111,
				"seconds":	0.99993497133255,
				"bytes":	0,
				"bits_per_second":	0,
				"retransmits":	0,
				"omitted":	false,
				"sender":	true
			}
		}, {
			"streams":	[{
					"socket":	5,
					"start":	11.000111,
					"end":	12.000157,
					"seconds":	1.0000460147857666,
					"bytes":	131072,
					"bits_per_second":	1048527.7522201112,
					"retransmits":	4,
					"snd_cwnd":	8688,
					"snd_wnd":	315136,
					"rtt":	102297,
					"rttvar":	19819,
					"pmtu":	1500,
					"omitted":	false,
					"sender":	true
				}],
			"sum":	{
				"start":	11.000111,
				"end":	12.000157,
				"seconds":	1.0000460147857666,
				"bytes":	131072,
				"bits_per_second":	1048527.7522201112,
				"retransmits":	4,
				"omitted":	false,
				"sender":	true
			}
		}, {
			"streams":	[{
					"socket":	5,
					"start":	12.000157,
					"end":	13.000561,