{
	"start":	{
		"connected":	[{
				"socket":	5,
				"local_host":	"172.20.171.186",
				"local_port":	56818,
				"remote_host":	"54.227.41.78",
				"remote_port":	5201
			}],
		"version":	"iperf 3.16",
		"system_info":	"Linux DESKTOP-OR35M89 6.18.33.1-microsoft-standard-WSL2 #1 SMP PREEMPT_DYNAMIC Fri Jun  5 01:12:21 UTC 2026 x86_64",
		"timestamp":	{
			"time":	"Thu, 25 Jun 2026 22:28:18 GMT",
			"timesecs":	1782426498
		},
		"connecting_to":	{
			"host":	"54.227.41.78",
			"port":	5201
		},
		"cookie":	"xb4o2b7blknk7dcvnl7ab7jcmiub7m6bad7e",
		"tcp_mss_default":	1448,
		"target_bitrate":	100000000,
		"fq_rate":	0,
		"sock_bufsize":	0,
		"sndbuf_actual":	16384,
		"rcvbuf_actual":	131072,
		"test_start":	{
			"protocol":	"TCP",
			"num_streams":	1,
			"blksize":	131072,
			"omit":	0,
			"duration":	30,
			"bytes":	0,
			"blocks":	0,
			"reverse":	0,
			"tos":	0,
			"target_bitrate":	100000000,
			"bidir":	0,
			"fqrate":	0
		}
	},
	"intervals":	[{
			"streams":	[{
					"socket":	5,
					"start":	0,
					"end":	1.000123,
					"seconds":	1.0001230239868164,
					"bytes":	2621440,
					"bits_per_second":	20968940.317362841,
					"retransmits":	24,
					"snd_cwnd":	143352,
					"snd_wnd":	2900096,
					"rtt":	98949,
					"rttvar":	2423,
					"pmtu":	1500,
					"omitted":	false,
					"sender":	true
				}],
			"sum":	{
				"start":	0,
				"end":	1.000123,
				"seconds":	1.0001230239868164,
				"bytes":	2621440,
				"bits_per_second":	20968940.317362841,
				"retransmits":	24,
				"omitted":	false,
				"sender":	true
			}
		}, {
			"streams":	[{
					"socket":	5,
					"start":	1.000123,
					"end":	2.000131,
					"seconds":	1.0000079870224,
					"bytes":	655360,
					"bits_per_second":	5242838.1253344538,
					"retransmits":	20,
					"snd_cwnd":	28960,
					"snd_wnd":	2891264,
					"rtt":	98855,
					"rttvar":	1186,
					"pmtu":	1500,
					"omitted":	false,
					"sender":	true
				}],
			"sum":	{
				"start":	1.000123,
				"end":	2.000131,
				"seconds":	1.0000079870224,
				"bytes":	655360,
				"bits_per_second":	5242838.1253344538,
				"retransmits":	20,
				"omitted":	false,
				"sender":	true
			}
		}, {
			"streams":	[{
					"socket":	5,
					"start":	2.000131,
					"end":	3.000164,
					"seconds":	1.0000330209732056,
					"bytes":	786432,
					"bits_per_second":	6291248.25685988,
					"retransmits":	4,
					"snd_cwnd":	17376,
					"snd_wnd":	2931200,
					"rtt":	101750,
					"rttvar":	5380,
					"pmtu":	1500,
					"omitted":	false,
					"sender":	true
				}],
			"sum":	{
				"start":	2.000131,
				"end":	3.000164,
				"seconds":	1.0000330209732056,
				"bytes":	786432,
				"bits_per_second":	6291248.25685988,
				"retransmits":	4,
				"omitted":	false,
				"sender":	true
			}
		}, {
			"streams":	[{
					"socket":	5,
					"start":	3.000164,
					"end":	4.000177,
					"seconds":	1.000012993812561,
					"bytes":	0,
					"bits_per_second":	0,
					"retransmits":	4,
					"snd_cwnd":	10136,
					"snd_wnd":	2929792,
					"rtt":	98483,
					"rttvar":	1021,
					"pmtu":	1500,
					"omitted":	false,
					"sender":	true
				}],
			"sum":	{
				"start":	3.000164,
				"end":	4.000177,
				"seconds":	1.000012993812561,
				"bytes":	0,
				"bits_per_second":	0,
				"retransmits":	4,
				"omitted":	false,
				"sender":	true
			}
		}, {
			"streams":	[{
					"socket":	5,
					"start":	4.000177,
					"end":	5.000187,
					"seconds":	1.0000100135803223,
					"bytes":	0,
					"bits_per_second":	0,
					"retransmits":	3,
					"snd_cwnd":	7240,
					"snd_wnd":	2929792,
					"rtt":	104395,
					"rttvar":	11162,
					"pmtu":	1500,
					"omitted":	false,
					"sender":	true
				}],
			"sum":	{
				"start":	4.000177,
				"end":	5.000187,
				"seconds":	1.0000100135803223,
				"bytes":	0,
				"bits_per_second":	0,
				"retransmits":	3,
				"omitted":	false,
				"sender":	true
			}
		}, {
			"streams":	[{
					"socket":	5,
					"start":	5.000187,
					"end":	6.00017,
					"seconds":	0.999983012676239,
					"bytes":	0,
					"bits_per_second":	0,
					"retransmits":	0,
					"snd_cwnd":	14480,
					"snd_wnd":	2931200,
					"rtt":	99425,
					"rttvar":	1083,
					"pmtu":	1500,
					"omitted":	false,
					"sender":	true
				}],
			"sum":	{
				"start":	5.000187,
				"end":	6.00017,
				"seconds":	0.999983012676239,
				"bytes":	0,
				"bits_per_second":	0,
				"retransmits":	0,
				"omitted":	false,
				"sender":	true
			}
		}, {
			"streams":	[{
					"socket":	5,
					"start":	6.00017,
					"end":	7.00024,
					"seconds":	1.0000699758529663,
					"bytes":	0,
					"bits_per_second":	0,
					"retransmits":	2,
					"snd_cwnd":	14480,
					"snd_wnd":	2931200,
					"rtt":	97813,
					"rttvar":	1211,
					"pmtu":	1500,
					"omitted":	false,
					"sender":	true
				}],
			"sum":	{
				"start":	6.00017,
				"end":	7.00024,
				"seconds":	1.0000699758529663,
				"bytes":	0,
				"bits_per_second":	0,
				"retransmits":	2,
				"omitted":	false,
				"sender":	true
			}
		}, {
			"streams":	[{
					"socket":	5,
					"start":	7.00024,
					"end":	8.000178,
					"seconds":	0.99993801116943359,
					"bytes":	655360,
					"bits_per_second":	5243205.02014762,
					"retransmits":	3,
					"snd_cwnd":	14480,
					"snd_wnd":	2931200,
					"rtt":	101988,
					"rttvar":	7925,
					"pmtu":	1500,
					"omitted":	false,
					"sender":	true
				}],
			"sum":	{
				"start":	7.00024,
				"end":	8.000178,
				"seconds":	0.99993801116943359,
				"bytes":	655360,
				"bits_per_second":	5243205.02014762,
				"retransmits":	3,
				"omitted":	false,
				"sender":	true
			}
		}, {
			"streams":	[{
					"socket":	5,
					"start":	8.000178,
					"end":	9.000147,
					"seconds":	0.9999690055847168,
					"bytes":	0,
					"bits_per_second":	0,
					"retransmits":	5,
					"snd_cwnd":	5792,
					"snd_wnd":	2931200,
					"rtt":	104002,
					"rttvar":	10749,
					"pmtu":	1500,
					"omitted":	false,
					"sender":	true
				}],
			"sum":	{
				"start":	8.000178,
				"end":	9.000147,
				"seconds":	0.9999690055847168,
				"bytes":	0,
				"bits_per_second":	0,
				"retransmits":	5,
				"omitted":	false,
				"sender":	true
			}
		}, {
			"streams":	[{
					"socket":	5,
					"start":	9.000147,
					"end":	10.000146,
					"seconds":	0.99999898672103882,
					"bytes":	0,
					"bits_per_second":	0,
					"retransmits":	0,
					"snd_cwnd":	11584,
					"snd_wnd":	2931200,
					"rtt":	103402,
					"rttvar":	7757,
					"pmtu":	1500,
					"omitted":	false,
					"sender":	true
				}],
			"sum":	{
				"start":	9.000147,
				"end":	10.000146,
				"seconds":	0.99999898672103882,
				"bytes":	0,
				"bits_per_second":	0,
				"retransmits":	0,
				"omitted":	false,
				"sender":	true
			}
		}, {
			"streams":	[{
					"socket":	5,
					"start":	10.000146,
					"end":	11.000129,
					"seconds":	0.999983012676239,
					"bytes":	0,
					"bits_per_second":	0,
					"retransmits":	1,
					"snd_cwnd":	13032,
					"snd_wnd":	2931200,
					"rtt":	109926,
					"rttvar":	17997,
					"pmtu":	1500,
					"omitted":	false,
					"sender":	true
				}],
			"sum":	{
				"start":	10.000146,
				"end":	11.000129,
				"seconds":	0.999983012676239,
				"bytes":	0,
				"bits_per_second":	0,
				"retransmits":	1,
				"omitted":	false,
				"sender":	true
			}
		}, {
			"streams":	[{
					"socket":	5,
					"start":	11.000129,
					"end":	12.000111,
					"seconds":	0.99998199939727783,
					"bytes":	0,
					"bits_per_second":	0,
					"retransmits":	2,
					"snd_cwnd":	14480,
					"snd_wnd":	2931200,
					"rtt":	99966,
					"rttvar":	1969,
					"pmtu":	1500,
					"omitted":	false,
					"sender":	true
				}],
			"sum":	{
				"start":	11.000129,
				"end":	12.000111,
				"seconds":	0.99998199939727783,
				"bytes":	0,
				"bits_per_second":	0,
				"retransmits":	2,
				"omitted":	false,
				"sender":	true
			}
		}, {
			"streams":	[{
					"socket":	5,
					"start":	12.000111,
					"end":	13.000209,
					"seconds":	1.0000979900360107,
					"bytes":	0,
					"bits_per_second":	0,
					"retransmits":	3,
					"snd_cwnd":	10136,
					"snd_wnd":	2931200,
					"rtt":	103263,