{
	"start":	{
		"connected":	[{
				"socket":	5,
				"local_host":	"172.20.171.186",
				"local_port":	39444,
				"remote_host":	"54.227.41.78",
				"remote_port":	5201
			}],
		"version":	"iperf 3.16",
		"system_info":	"Linux DESKTOP-OR35M89 6.18.33.1-microsoft-standard-WSL2 #1 SMP PREEMPT_DYNAMIC Fri Jun  5 01:12:21 UTC 2026 x86_64",
		"timestamp":	{
			"time":	"Thu, 25 Jun 2026 21:50:09 GMT",
			"timesecs":	1782424209
		},
		"connecting_to":	{
			"host":	"54.227.41.78",
			"port":	5201
		},
		"cookie":	"kbdi3nnuerdz5ydrinydoj7v25ogkjdpufl4",
		"tcp_mss_default":	1448,
		"target_bitrate":	100000000,
		"fq_rate":	0,
		"sock_bufsize":	0,
		"sndbuf_actual":	16384,
		"rcvbuf_actual":	131072,
		"test_start":	{
			"protocol":	"TCP",
			"num_streams":	1,
			"blksize":	131072,
			"omit":	0,
			"duration":	30,
			"bytes":	0,
			"blocks":	0,
			"reverse":	0,
			"tos":	0,
			"target_bitrate":	100000000,
			"bidir":	0,
			"fqrate":	0
		}
	},
	"intervals":	[{
			"streams":	[{
					"socket":	5,
					"start":	0,
					"end":	1.000133,
					"seconds":	1.0001330375671387,
					"bytes":	1703936,
					"bits_per_second":	13629674.741231535,
					"retransmits":	8,
					"snd_cwnd":	86880,
					"snd_wnd":	2413184,
					"rtt":	89315,
					"rttvar":	2339,
					"pmtu":	1500,
					"omitted":	false,
					"sender":	true
				}],
			"sum":	{
				"start":	0,
				"end":	1.000133,
				"seconds":	1.0001330375671387,
				"bytes":	1703936,
				"bits_per_second":	13629674.741231535,
				"retransmits":	8,
				"omitted":	false,
				"sender":	true
			}
		}, {
			"streams":	[{
					"socket":	5,
					"start":	1.000133,
					"end":	2.000101,
					"seconds":	0.99996799230575562,
					"bytes":	393216,
					"bits_per_second":	3145828.6907228781,
					"retransmits":	9,
					"snd_cwnd":	26064,
					"snd_wnd":	2414592,
					"rtt":	90294,
					"rttvar":	1777,
					"pmtu":	1500,
					"omitted":	false,
					"sender":	true
				}],
			"sum":	{
				"start":	1.000133,
				"end":	2.000101,
				"seconds":	0.99996799230575562,
				"bytes":	393216,
				"bits_per_second":	3145828.6907228781,
				"retransmits":	9,
				"omitted":	false,
				"sender":	true
			}
		}, {
			"streams":	[{
					"socket":	5,
					"start":	2.000101,
					"end":	3.000218,
					"seconds":	1.0001169443130493,
					"bytes":	393216,
					"bits_per_second":	3145360.1680158586,
					"retransmits":	3,
					"snd_cwnd":	14480,
					"snd_wnd":	2414592,
					"rtt":	91917,
					"rttvar":	5894,
					"pmtu":	1500,
					"omitted":	false,
					"sender":	true
				}],
			"sum":	{
				"start":	2.000101,
				"end":	3.000218,
				"seconds":	1.0001169443130493,
				"bytes":	393216,
				"bits_per_second":	3145360.1680158586,
				"retransmits":	3,
				"omitted":	false,
				"sender":	true
			}
		}, {
			"streams":	[{
					"socket":	5,
					"start":	3.000218,
					"end":	4.00052,
					"seconds":	1.0003019571304321,
					"bytes":	0,
					"bits_per_second":	0,
					"retransmits":	1,
					"snd_cwnd":	13032,
					"snd_wnd":	2393984,
					"rtt":	89632,
					"rttvar":	798,
					"pmtu":	1500,
					"omitted":	false,
					"sender":	true
				}],
			"sum":	{
				"start":	3.000218,
				"end":	4.00052,
				"seconds":	1.0003019571304321,
				"bytes":	0,
				"bits_per_second":	0,
				"retransmits":	1,
				"omitted":	false,
				"sender":	true
			}
		}, {
			"streams":	[{
					"socket":	5,
					"start":	4.00052,
					"end":	5.000542,
					"seconds":	1.0000220537185669,
					"bytes":	393216,
					"bits_per_second":	3145658.6265299432,
					"retransmits":	0,
					"snd_cwnd":	20272,
					"snd_wnd":	2414592,
					"rtt":	94506,
					"rttvar":	9094,
					"pmtu":	1500,
					"omitted":	false,
					"sender":	true
				}],
			"sum":	{
				"start":	4.00052,
				"end":	5.000542,
				"seconds":	1.0000220537185669,
				"bytes":	393216,
				"bits_per_second":	3145658.6265299432,
				"retransmits":	0,
				"omitted":	false,
				"sender":	true
			}
		}, {
			"streams":	[{
					"socket":	5,
					"start":	5.000542,
					"end":	6.000197,
					"seconds":	0.99965500831604,
					"bytes":	0,
					"bits_per_second":	0,
					"retransmits":	2,
					"snd_cwnd":	20272,
					"snd_wnd":	2414592,
					"rtt":	89976,
					"rttvar":	1176,
					"pmtu":	1500,
					"omitted":	false,
					"sender":	true
				}],
			"sum":	{
				"start":	5.000542,
				"end":	6.000197,
				"seconds":	0.99965500831604,
				"bytes":	0,
				"bits_per_second":	0,
				"retransmits":	2,
				"omitted":	false,
				"sender":	true
			}
		}, {
			"streams":	[{
					"socket":	5,
					"start":	6.000197,
					"end":	7.000143,
					"seconds":	0.9999459981918335,
					"bytes":	393216,
					"bits_per_second":	3145897.8841740526,
					"retransmits":	2,
					"snd_cwnd":	18824,
					"snd_wnd":	2414592,
					"rtt":	93512,
					"rttvar":	7865,
					"pmtu":	1500,
					"omitted":	false,
					"sender":	true
				}],
			"sum":	{
				"start":	6.000197,
				"end":	7.000143,
				"seconds":	0.9999459981918335,
				"bytes":	393216,
				"bits_per_second":	3145897.8841740526,
				"retransmits":	2,
				"omitted":	false,
				"sender":	true
			}
		}, {
			"streams":	[{
					"socket":	5,
					"start":	7.000143,
					"end":	8.000504,
					"seconds":	1.00036096572876,
					"bytes":	0,
					"bits_per_second":	0,
					"retransmits":	0,
					"snd_cwnd":	26064,
					"snd_wnd":	2414592,
					"rtt":	90693,
					"rttvar":	2696,
					"pmtu":	1500,
					"omitted":	false,
					"sender":	true
				}],
			"sum":	{
				"start":	7.000143,
				"end":	8.000504,
				"seconds":	1.00036096572876,
				"bytes":	0,
				"bits_per_second":	0,
				"retransmits":	0,
				"omitted":	false,
				"sender":	true
			}
		}, {
			"streams":	[{
					"socket":	5,
					"start":	8.000504,
					"end":	9.000508,
					"seconds":	1.0000040531158447,
					"bytes":	262144,
					"bits_per_second":	2097143.5000344513,
					"retransmits":	0,
					"snd_cwnd":	34752,
					"snd_wnd":	2414592,
					"rtt":	90069,
					"rttvar":	2471,
					"pmtu":	1500,
					"omitted":	false,
					"sender":	true
				}],
			"sum":	{
				"start":	8.000504,
				"end":	9.000508,
				"seconds":	1.0000040531158447,
				"bytes":	262144,
				"bits_per_second":	2097143.5000344513,
				"retransmits":	0,
				"omitted":	false,
				"sender":	true
			}
		}, {
			"streams":	[{
					"socket":	5,
					"start":	9.000508,
					"end":	10.000598,
					"seconds":	1.0000900030136108,
					"bytes":	393216,
					"bits_per_second":	3145444.90047981,
					"retransmits":	4,
					"snd_cwnd":	20272,
					"snd_wnd":	2413184,
					"rtt":	102862,
					"rttvar":	12203,
					"pmtu":	1500,
					"omitted":	false,
					"sender":	true
				}],
			"sum":	{
				"start":	9.000508,
				"end":	10.000598,
				"seconds":	1.0000900030136108,
				"bytes":	393216,
				"bits_per_second":	3145444.90047981,
				"retransmits":	4,
				"omitted":	false,
				"sender":	true
			}
		}, {
			"streams":	[{
					"socket":	5,
					"start":	10.000598,
					"end":	11.000586,
					"seconds":	0.9999880194664,
					"bytes":	0,
					"bits_per_second":	0,
					"retransmits":	2,
					"snd_cwnd":	18824,
					"snd_wnd":	2414592,
					"rtt":	93792,
					"rttvar":	9096,
					"pmtu":	1500,
					"omitted":	false,
					"sender":	true
				}],
			"sum":	{
				"start":	10.000598,
				"end":	11.000586,
				"seconds":	0.9999880194664,
				"bytes":	0,
				"bits_per_second":	0,
				"retransmits":	2,
				"omitted":	false,
				"sender":	true
			}
		}, {
			"streams":	[{
					"socket":	5,
					"start":	11.000586,
					"end":	12.000551,
					"seconds":	0.999965012073517,
					"bytes":	393216,
					"bits_per_second":	3145838.0663509932,
					"retransmits":	2,
					"snd_cwnd":	13032,
					"snd_wnd":	2413184,
					"rtt":	101644,
					"rttvar":	16142,
					"pmtu":	1500,
					"omitted":	false,
					"sender":	true
				}],
			"sum":	{
				"start":	11.000586,
				"end":	12.000551,
				"seconds":	0.999965012073517,
				"bytes":	393216,
				"bits_per_second":	3145838.0663509932,
				"retransmits":	2,
				"omitted":	false,
				"sender":	true
			}
		}, {
			"streams":	[{
					"socket":	5,
					"start":	12.000551,
					"end":	13.000648,