{
	"start":	{
		"connected":	[{
				"socket":	5,
				"local_host":	"172.20.171.186",
				"local_port":	36086,
				"remote_host":	"54.227.41.78",
				"remote_port":	5201
			}],
		"version":	"iperf 3.16",
		"system_info":	"Linux DESKTOP-OR35M89 6.18.33.1-microsoft-standard-WSL2 #1 SMP PREEMPT_DYNAMIC Fri Jun  5 01:12:21 UTC 2026 x86_64",
		"timestamp":	{
			"time":	"Thu, 25 Jun 2026 22:51:12 GMT",
			"timesecs":	1782427872
		},
		"connecting_to":	{
			"host":	"54.227.41.78",
			"port":	5201
		},
		"cookie":	"ighwrv7bepu3i7yjmzugzhqzruoqppjovoa2",
		"tcp_mss_default":	1448,
		"target_bitrate":	100000000,
		"fq_rate":	0,
		"sock_bufsize":	0,
		"sndbuf_actual":	16384,
		"rcvbuf_actual":	131072,
		"test_start":	{
			"protocol":	"TCP",
			"num_streams":	1,
			"blksize":	131072,
			"omit":	0,
			"duration":	30,
			"bytes":	0,
			"blocks":	0,
			"reverse":	0,
			"tos":	0,
			"target_bitrate":	100000000,
			"bidir":	0,
			"fqrate":	0
		}
	},
	"intervals":	[{
			"streams":	[{
					"socket":	5,
					"start":	0,
					"end":	1.000184,
					"seconds":	1.0001840591430664,
					"bytes":	786432,
					"bits_per_second":	6290298.2131012641,
					"retransmits":	9,
					"snd_cwnd":	41992,
					"snd_wnd":	430848,
					"rtt":	105824,
					"rttvar":	2555,
					"pmtu":	1500,
					"omitted":	false,
					"sender":	true
				}],
			"sum":	{
				"start":	0,
				"end":	1.000184,
				"seconds":	1.0001840591430664,
				"bytes":	786432,
				"bits_per_second":	6290298.2131012641,
				"retransmits":	9,
				"omitted":	false,
				"sender":	true
			}
		}, {
			"streams":	[{
					"socket":	5,
					"start":	1.000184,
					"end":	2.000185,
					"seconds":	1.0000009536743164,
					"bytes":	262144,
					"bits_per_second":	2097150.0000019073,
					"retransmits":	7,
					"snd_cwnd":	13032,
					"snd_wnd":	441216,
					"rtt":	100217,
					"rttvar":	2922,
					"pmtu":	1500,
					"omitted":	false,
					"sender":	true
				}],
			"sum":	{
				"start":	1.000184,
				"end":	2.000185,
				"seconds":	1.0000009536743164,
				"bytes":	262144,
				"bits_per_second":	2097150.0000019073,
				"retransmits":	7,
				"omitted":	false,
				"sender":	true
			}
		}, {
			"streams":	[{
					"socket":	5,
					"start":	2.000185,
					"end":	3.000188,
					"seconds":	1.0000029802322388,
					"bytes":	0,
					"bits_per_second":	0,
					"retransmits":	4,
					"snd_cwnd":	7240,
					"snd_wnd":	441216,
					"rtt":	106745,
					"rttvar":	13294,
					"pmtu":	1500,
					"omitted":	false,
					"sender":	true
				}],
			"sum":	{
				"start":	2.000185,
				"end":	3.000188,
				"seconds":	1.0000029802322388,
				"bytes":	0,
				"bits_per_second":	0,
				"retransmits":	4,
				"omitted":	false,
				"sender":	true
			}
		}, {
			"streams":	[{
					"socket":	5,
					"start":	3.000188,
					"end":	4.000155,
					"seconds":	0.99996697902679443,
					"bytes":	262144,
					"bits_per_second":	2097221.2522867778,
					"retransmits":	1,
					"snd_cwnd":	8688,
					"snd_wnd":	441216,
					"rtt":	104950,
					"rttvar":	9388,
					"pmtu":	1500,
					"omitted":	false,
					"sender":	true
				}],
			"sum":	{
				"start":	3.000188,
				"end":	4.000155,
				"seconds":	0.99996697902679443,
				"bytes":	262144,
				"bits_per_second":	2097221.2522867778,
				"retransmits":	1,
				"omitted":	false,
				"sender":	true
			}
		}, {
			"streams":	[{
					"socket":	5,
					"start":	4.000155,
					"end":	5.000168,
					"seconds":	1.000012993812561,
					"bytes":	0,
					"bits_per_second":	0,
					"retransmits":	4,
					"snd_cwnd":	4344,
					"snd_wnd":	441216,
					"rtt":	114167,
					"rttvar":	25703,
					"pmtu":	1500,
					"omitted":	false,
					"sender":	true
				}],
			"sum":	{
				"start":	4.000155,
				"end":	5.000168,
				"seconds":	1.000012993812561,
				"bytes":	0,
				"bits_per_second":	0,
				"retransmits":	4,
				"omitted":	false,
				"sender":	true
			}
		}, {
			"streams":	[{
					"socket":	5,
					"start":	5.000168,
					"end":	6.00016,
					"seconds":	0.9999920129776,
					"bytes":	0,
					"bits_per_second":	0,
					"retransmits":	2,
					"snd_cwnd":	7240,
					"snd_wnd":	439808,
					"rtt":	108113,
					"rttvar":	15452,
					"pmtu":	1500,
					"omitted":	false,
					"sender":	true
				}],
			"sum":	{
				"start":	5.000168,
				"end":	6.00016,
				"seconds":	0.9999920129776,
				"bytes":	0,
				"bits_per_second":	0,
				"retransmits":	2,
				"omitted":	false,
				"sender":	true
			}
		}, {
			"streams":	[{
					"socket":	5,
					"start":	6.00016,
					"end":	7.000157,
					"seconds":	0.99999701976776123,
					"bytes":	0,
					"bits_per_second":	0,
					"retransmits":	6,
					"snd_cwnd":	2896,
					"snd_wnd":	435968,
					"rtt":	111803,
					"rttvar":	21492,
					"pmtu":	1500,
					"omitted":	false,
					"sender":	true
				}],
			"sum":	{
				"start":	6.00016,
				"end":	7.000157,
				"seconds":	0.99999701976776123,
				"bytes":	0,
				"bits_per_second":	0,
				"retransmits":	6,
				"omitted":	false,
				"sender":	true
			}
		}, {
			"streams":	[{
					"socket":	5,
					"start":	7.000157,
					"end":	8.000117,
					"seconds":	0.99996000528335571,
					"bytes":	0,
					"bits_per_second":	0,
					"retransmits":	1,
					"snd_cwnd":	8688,
					"snd_wnd":	441216,
					"rtt":	100948,
					"rttvar":	2789,
					"pmtu":	1500,
					"omitted":	false,
					"sender":	true
				}],
			"sum":	{
				"start":	7.000157,
				"end":	8.000117,
				"seconds":	0.99996000528335571,
				"bytes":	0,
				"bits_per_second":	0,
				"retransmits":	1,
				"omitted":	false,
				"sender":	true
			}
		}, {
			"streams":	[{
					"socket":	5,
					"start":	8.000117,
					"end":	9.000152,
					"seconds":	1.0000350475311279,
					"bytes":	262144,
					"bits_per_second":	2097078.5025759032,
					"retransmits":	5,
					"snd_cwnd":	8688,
					"snd_wnd":	441216,
					"rtt":	103664,
					"rttvar":	9335,
					"pmtu":	1500,
					"omitted":	false,
					"sender":	true
				}],
			"sum":	{
				"start":	8.000117,
				"end":	9.000152,
				"seconds":	1.0000350475311279,
				"bytes":	262144,
				"bits_per_second":	2097078.5025759032,
				"retransmits":	5,
				"omitted":	false,
				"sender":	true
			}
		}, {
			"streams":	[{
					"socket":	5,
					"start":	9.000152,
					"end":	10.000117,
					"seconds":	0.999965012073517,
					"bytes":	0,
					"bits_per_second":	0,
					"retransmits":	3,
					"snd_cwnd":	5792,
					"snd_wnd":	439808,
					"rtt":	102036,
					"rttvar":	4343,
					"pmtu":	1500,
					"omitted":	false,
					"sender":	true
				}],
			"sum":	{
				"start":	9.000152,
				"end":	10.000117,
				"seconds":	0.999965012073517,
				"bytes":	0,
				"bits_per_second":	0,
				"retransmits":	3,
				"omitted":	false,
				"sender":	true
			}
		}, {
			"streams":	[{
					"socket":	5,
					"start":	10.000117,
					"end":	11.000149,
					"seconds":	1.0000319480895996,
					"bytes":	0,
					"bits_per_second":	0,
					"retransmits":	3,
					"snd_cwnd":	4344,
					"snd_wnd":	439808,
					"rtt":	104538,
					"rttvar":	10437,
					"pmtu":	1500,
					"omitted":	false,
					"sender":	true
				}],
			"sum":	{
				"start":	10.000117,
				"end":	11.000149,
				"seconds":	1.0000319480895996,
				"bytes":	0,
				"bits_per_second":	0,
				"retransmits":	3,
				"omitted":	false,
				"sender":	true
			}
		}, {
			"streams":	[{
					"socket":	5,
					"start":	11.000149,
					"end":	12.000214,
					"seconds":	1.0000649690628052,
					"bytes":	0,
					"bits_per_second":	0,
					"retransmits":	0,
					"snd_cwnd":	10136,
					"snd_wnd":	439808,
					"rtt":	116716,
					"rttvar":	23410,
					"pmtu":	1500,
					"omitted":	false,
					"sender":	true
				}],
			"sum":	{
				"start":	11.000149,
				"end":	12.000214,
				"seconds":	1.0000649690628052,
				"bytes":	0,
				"bits_per_second":	0,
				"retransmits":	0,
				"omitted":	false,
				"sender":	true
			}
		}, {
			"streams":	[{
					"socket":	5,
					"start":	12.000214,
					"end":	13.000116,
					"seconds":	0.99990200996398926,
					"bytes":	262144,
					"bits_per_second":	2097357.5201389259,
					"retransmits":	1,
					"snd_cwnd":	13032,
					"snd_wnd":	441216,