{
	"start":	{
		"connected":	[{
				"socket":	5,
				"local_host":	"172.20.171.186",
				"local_port":	51286,
				"remote_host":	"54.227.41.78",
				"remote_port":	5201
			}],
		"version":	"iperf 3.16",
		"system_info":	"Linux DESKTOP-OR35M89 6.18.33.1-microsoft-standard-WSL2 #1 SMP PREEMPT_DYNAMIC Fri Jun  5 01:12:21 UTC 2026 x86_64",
		"timestamp":	{
			"time":	"Thu, 25 Jun 2026 23:00:00 GMT",
			"timesecs":	1782428400
		},
		"connecting_to":	{
			"host":	"54.227.41.78",
			"port":	5201
		},
		"cookie":	"u2sfv2lp3za5alxiatymmqohvgyaj34jygo6",
		"tcp_mss_default":	1448,
		"target_bitrate":	100000000,
		"fq_rate":	0,
		"sock_bufsize":	0,
		"sndbuf_actual":	16384,
		"rcvbuf_actual":	131072,
		"test_start":	{
			"protocol":	"TCP",
			"num_streams":	1,
			"blksize":	131072,
			"omit":	0,
			"duration":	30,
			"bytes":	0,
			"blocks":	0,
			"reverse":	0,
			"tos":	0,
			"target_bitrate":	100000000,
			"bidir":	0,
			"fqrate":	0
		}
	},
	"intervals":	[{
			"streams":	[{
					"socket":	5,
					"start":	0,
					"end":	1.000292,
					"seconds":	1.00029194355011,
					"bytes":	524288,
					"bits_per_second":	4193079.857380542,
					"retransmits":	16,
					"snd_cwnd":	10136,
					"snd_wnd":	260096,
					"rtt":	88317,
					"rttvar":	824,
					"pmtu":	1500,
					"omitted":	false,
					"sender":	true
				}],
			"sum":	{
				"start":	0,
				"end":	1.000292,
				"seconds":	1.00029194355011,
				"bytes":	524288,
				"bits_per_second":	4193079.857380542,
				"retransmits":	16,
				"omitted":	false,
				"sender":	true
			}
		}, {
			"streams":	[{
					"socket":	5,
					"start":	1.000292,
					"end":	2.000105,
					"seconds":	0.9998130202293396,
					"bytes":	262144,
					"bits_per_second":	2097544.1983331544,
					"retransmits":	6,
					"snd_cwnd":	4344,
					"snd_wnd":	261504,
					"rtt":	94055,
					"rttvar":	10024,
					"pmtu":	1500,
					"omitted":	false,
					"sender":	true
				}],
			"sum":	{
				"start":	1.000292,
				"end":	2.000105,
				"seconds":	0.9998130202293396,
				"bytes":	262144,
				"bits_per_second":	2097544.1983331544,
				"retransmits":	6,
				"omitted":	false,
				"sender":	true
			}
		}, {
			"streams":	[{
					"socket":	5,
					"start":	2.000105,
					"end":	3.000106,
					"seconds":	1.0000009536743164,
					"bytes":	0,
					"bits_per_second":	0,
					"retransmits":	0,
					"snd_cwnd":	10136,
					"snd_wnd":	262912,
					"rtt":	97402,
					"rttvar":	14077,
					"pmtu":	1500,
					"omitted":	false,
					"sender":	true
				}],
			"sum":	{
				"start":	2.000105,
				"end":	3.000106,
				"seconds":	1.0000009536743164,
				"bytes":	0,
				"bits_per_second":	0,
				"retransmits":	0,
				"omitted":	false,
				"sender":	true
			}
		}, {
			"streams":	[{
					"socket":	5,
					"start":	3.000106,
					"end":	4.000582,
					"seconds":	1.0004760026931763,
					"bytes":	131072,
					"bits_per_second":	1048077.112471807,
					"retransmits":	5,
					"snd_cwnd":	8688,
					"snd_wnd":	261504,
					"rtt":	90487,
					"rttvar":	3599,
					"pmtu":	1500,
					"omitted":	false,
					"sender":	true
				}],
			"sum":	{
				"start":	3.000106,
				"end":	4.000582,
				"seconds":	1.0004760026931763,
				"bytes":	131072,
				"bits_per_second":	1048077.112471807,
				"retransmits":	5,
				"omitted":	false,
				"sender":	true
			}
		}, {
			"streams":	[{
					"socket":	5,
					"start":	4.000582,
					"end":	5.000584,
					"seconds":	1.0000020265579224,
					"bytes":	0,
					"bits_per_second":	0,
					"retransmits":	2,
					"snd_cwnd":	10136,
					"snd_wnd":	262912,
					"rtt":	98213,
					"rttvar":	15191,
					"pmtu":	1500,
					"omitted":	false,
					"sender":	true
				}],
			"sum":	{
				"start":	4.000582,
				"end":	5.000584,
				"seconds":	1.0000020265579224,
				"bytes":	0,
				"bits_per_second":	0,
				"retransmits":	2,
				"omitted":	false,
				"sender":	true
			}
		}, {
			"streams":	[{
					"socket":	5,
					"start":	5.000584,
					"end":	6.00058,
					"seconds":	0.9999960064888,
					"bytes":	131072,
					"bits_per_second":	1048580.1875167228,
					"retransmits":	2,
					"snd_cwnd":	10136,
					"snd_wnd":	261504,
					"rtt":	99367,
					"rttvar":	15791,
					"pmtu":	1500,
					"omitted":	false,
					"sender":	true
				}],
			"sum":	{
				"start":	5.000584,
				"end":	6.00058,
				"seconds":	0.9999960064888,
				"bytes":	131072,
				"bits_per_second":	1048580.1875167228,
				"retransmits":	2,
				"omitted":	false,
				"sender":	true
			}
		}, {
			"streams":	[{
					"socket":	5,
					"start":	6.00058,
					"end":	7.000518,
					"seconds":	0.99993801116943359,
					"bytes":	0,
					"bits_per_second":	0,
					"retransmits":	3,
					"snd_cwnd":	7240,
					"snd_wnd":	262912,
					"rtt":	100042,
					"rttvar":	16874,
					"pmtu":	1500,
					"omitted":	false,
					"sender":	true
				}],
			"sum":	{
				"start":	6.00058,
				"end":	7.000518,
				"seconds":	0.99993801116943359,
				"bytes":	0,
				"bits_per_second":	0,
				"retransmits":	3,
				"omitted":	false,
				"sender":	true
			}
		}, {
			"streams":	[{
					"socket":	5,
					"start":	7.000518,
					"end":	8.000335,
					"seconds":	0.99981701374053955,
					"bytes":	0,
					"bits_per_second":	0,
					"retransmits":	4,
					"snd_cwnd":	5792,
					"snd_wnd":	262912,
					"rtt":	95533,
					"rttvar":	12516,
					"pmtu":	1500,
					"omitted":	false,
					"sender":	true
				}],
			"sum":	{
				"start":	7.000518,
				"end":	8.000335,
				"seconds":	0.99981701374053955,
				"bytes":	0,
				"bits_per_second":	0,
				"retransmits":	4,
				"omitted":	false,
				"sender":	true
			}
		}, {
			"streams":	[{
					"socket":	5,
					"start":	8.000335,
					"end":	9.000251,
					"seconds":	0.99991601705551147,
					"bytes":	262144,
					"bits_per_second":	2097328.1397927385,
					"retransmits":	1,
					"snd_cwnd":	7240,
					"snd_wnd":	261504,
					"rtt":	101611,
					"rttvar":	20871,
					"pmtu":	1500,
					"omitted":	false,
					"sender":	true
				}],
			"sum":	{
				"start":	8.000335,
				"end":	9.000251,
				"seconds":	0.99991601705551147,
				"bytes":	262144,
				"bits_per_second":	2097328.1397927385,
				"retransmits":	1,
				"omitted":	false,
				"sender":	true
			}
		}, {
			"streams":	[{
					"socket":	5,
					"start":	9.000251,
					"end":	10.000108,
					"seconds":	0.999857008457184,
					"bytes":	0,
					"bits_per_second":	0,
					"retransmits":	0,
					"snd_cwnd":	14480,
					"snd_wnd":	262912,
					"rtt":	92348,
					"rttvar":	5048,
					"pmtu":	1500,
					"omitted":	false,
					"sender":	true
				}],
			"sum":	{
				"start":	9.000251,
				"end":	10.000108,
				"seconds":	0.999857008457184,
				"bytes":	0,
				"bits_per_second":	0,
				"retransmits":	0,
				"omitted":	false,
				"sender":	true
			}
		}, {
			"streams":	[{
					"socket":	5,
					"start":	10.000108,
					"end":	11.000609,
					"seconds":	1.0005010366439819,
					"bytes":	131072,
					"bits_per_second":	1048050.8881003039,
					"retransmits":	5,
					"snd_cwnd":	5792,
					"snd_wnd":	261504,
					"rtt":	92127,
					"rttvar":	6828,
					"pmtu":	1500,
					"omitted":	false,
					"sender":	true
				}],
			"sum":	{
				"start":	10.000108,
				"end":	11.000609,
				"seconds":	1.0005010366439819,
				"bytes":	131072,
				"bits_per_second":	1048050.8881003039,
				"retransmits":	5,
				"omitted":	false,
				"sender":	true
			}
		}, {
			"streams":	[{
					"socket":	5,
					"start":	11.000609,
					"end":	12.000105,
					"seconds":	0.9994959831237793,
					"bytes":	0,
					"bits_per_second":	0,
					"retransmits":	1,
					"snd_cwnd":	8688,
					"snd_wnd":	262912,
					"rtt":	100377,
					"rttvar":	17826,
					"pmtu":	1500,
					"omitted":	false,
					"sender":	true
				}],
			"sum":	{
				"start":	11.000609,
				"end":	12.000105,
				"seconds":	0.9994959831237793,
				"bytes":	0,
				"bits_per_second":	0,
				"retransmits":	1,
				"omitted":	false,
				"sender":	true
			}
		}, {
			"streams":	[{
					"socket":	5,
					"start":	12.000105,
					"end":	13.000224,
					"seconds":	1.0001189708709717,
					"bytes":	262144,
					"bits_per_second":	2096902.5296797012,