{
	"start":	{
		"connected":	[{
				"socket":	5,
				"local_host":	"172.20.171.186",
				"local_port":	54952,
				"remote_host":	"54.227.41.78",
				"remote_port":	5201
			}],
		"version":	"iperf 3.16",
		"system_info":	"Linux DESKTOP-OR35M89 6.18.33.1-microsoft-standard-WSL2 #1 SMP PREEMPT_DYNAMIC Fri Jun  5 01:12:21 UTC 2026 x86_64",
		"timestamp":	{
			"time":	"Thu, 25 Jun 2026 22:22:48 GMT",
			"timesecs":	1782426168
		},
		"connecting_to":	{
			"host":	"54.227.41.78",
			"port":	5201
		},
		"cookie":	"xl52w6rowf3z7qyxixj7fxs66wwrf3dcbbmy",
		"tcp_mss_default":	1448,
		"target_bitrate":	100000000,
		"fq_rate":	0,
		"sock_bufsize":	0,
		"sndbuf_actual":	16384,
		"rcvbuf_actual":	131072,
		"test_start":	{
			"protocol":	"TCP",
			"num_streams":	1,
			"blksize":	131072,
			"omit":	0,
			"duration":	30,
			"bytes":	0,
			"blocks":	0,
			"reverse":	0,
			"tos":	0,
			"target_bitrate":	100000000,
			"bidir":	0,
			"fqrate":	0
		}
	},
	"intervals":	[{
			"streams":	[{
					"socket":	5,
					"start":	0,
					"end":	1.000127,
					"seconds":	1.0001269578933716,
					"bytes":	393216,
					"bits_per_second":	3145328.6756973723,
					"retransmits":	15,
					"snd_cwnd":	15928,
					"snd_wnd":	174080,
					"rtt":	97576,
					"rttvar":	765,
					"pmtu":	1500,
					"omitted":	false,
					"sender":	true
				}],
			"sum":	{
				"start":	0,
				"end":	1.000127,
				"seconds":	1.0001269578933716,
				"bytes":	393216,
				"bits_per_second":	3145328.6756973723,
				"retransmits":	15,
				"omitted":	false,
				"sender":	true
			}
		}, {
			"streams":	[{
					"socket":	5,
					"start":	1.000127,
					"end":	2.000171,
					"seconds":	1.0000439882278442,
					"bytes":	262144,
					"bits_per_second":	2097059.7540577354,
					"retransmits":	2,
					"snd_cwnd":	15928,
					"snd_wnd":	175488,
					"rtt":	99427,
					"rttvar":	1951,
					"pmtu":	1500,
					"omitted":	false,
					"sender":	true
				}],
			"sum":	{
				"start":	1.000127,
				"end":	2.000171,
				"seconds":	1.0000439882278442,
				"bytes":	262144,
				"bits_per_second":	2097059.7540577354,
				"retransmits":	2,
				"omitted":	false,
				"sender":	true
			}
		}, {
			"streams":	[{
					"socket":	5,
					"start":	2.000171,
					"end":	3.00055,
					"seconds":	1.0003789663314819,
					"bytes":	131072,
					"bits_per_second":	1048178.7755346984,
					"retransmits":	2,
					"snd_cwnd":	15928,
					"snd_wnd":	175488,
					"rtt":	102776,
					"rttvar":	5915,
					"pmtu":	1500,
					"omitted":	false,
					"sender":	true
				}],
			"sum":	{
				"start":	2.000171,
				"end":	3.00055,
				"seconds":	1.0003789663314819,
				"bytes":	131072,
				"bits_per_second":	1048178.7755346984,
				"retransmits":	2,
				"omitted":	false,
				"sender":	true
			}
		}, {
			"streams":	[{
					"socket":	5,
					"start":	3.00055,
					"end":	4.000539,
					"seconds":	0.99998897314071655,
					"bytes":	131072,
					"bits_per_second":	1048587.5626274995,
					"retransmits":	1,
					"snd_cwnd":	15928,
					"snd_wnd":	175488,
					"rtt":	103017,
					"rttvar":	6489,
					"pmtu":	1500,
					"omitted":	false,
					"sender":	true
				}],
			"sum":	{
				"start":	3.00055,
				"end":	4.000539,
				"seconds":	0.99998897314071655,
				"bytes":	131072,
				"bits_per_second":	1048587.5626274995,
				"retransmits":	1,
				"omitted":	false,
				"sender":	true
			}
		}, {
			"streams":	[{
					"socket":	5,
					"start":	4.000539,
					"end":	5.000532,
					"seconds":	0.99999302625656128,
					"bytes":	0,
					"bits_per_second":	0,
					"retransmits":	4,
					"snd_cwnd":	11584,
					"snd_wnd":	175488,
					"rtt":	101441,
					"rttvar":	6129,
					"pmtu":	1500,
					"omitted":	false,
					"sender":	true
				}],
			"sum":	{
				"start":	4.000539,
				"end":	5.000532,
				"seconds":	0.99999302625656128,
				"bytes":	0,
				"bits_per_second":	0,
				"retransmits":	4,
				"omitted":	false,
				"sender":	true
			}
		}, {
			"streams":	[{
					"socket":	5,
					"start":	5.000532,
					"end":	6.00055,
					"seconds":	1.0000180006027222,
					"bytes":	131072,
					"bits_per_second":	1048557.1253397552,
					"retransmits":	0,
					"snd_cwnd":	17376,
					"snd_wnd":	175488,
					"rtt":	103220,
					"rttvar":	9232,
					"pmtu":	1500,
					"omitted":	false,
					"sender":	true
				}],
			"sum":	{
				"start":	5.000532,
				"end":	6.00055,
				"seconds":	1.0000180006027222,
				"bytes":	131072,
				"bits_per_second":	1048557.1253397552,
				"retransmits":	0,
				"omitted":	false,
				"sender":	true
			}
		}, {
			"streams":	[{
					"socket":	5,
					"start":	6.00055,
					"end":	7.000636,
					"seconds":	1.0000859498977661,
					"bytes":	131072,
					"bits_per_second":	1048485.8827455688,
					"retransmits":	7,
					"snd_cwnd":	10136,
					"snd_wnd":	175488,
					"rtt":	98923,
					"rttvar":	504,
					"pmtu":	1500,
					"omitted":	false,
					"sender":	true
				}],
			"sum":	{
				"start":	6.00055,
				"end":	7.000636,
				"seconds":	1.0000859498977661,
				"bytes":	131072,
				"bits_per_second":	1048485.8827455688,
				"retransmits":	7,
				"omitted":	false,
				"sender":	true
			}
		}, {
			"streams":	[{
					"socket":	5,
					"start":	7.000636,
					"end":	8.00055,
					"seconds":	0.999913990497589,
					"bytes":	131072,
					"bits_per_second":	1048666.1952576493,
					"retransmits":	2,
					"snd_cwnd":	11584,
					"snd_wnd":	175488,
					"rtt":	103152,
					"rttvar":	7816,
					"pmtu":	1500,
					"omitted":	false,
					"sender":	true
				}],
			"sum":	{
				"start":	7.000636,
				"end":	8.00055,
				"seconds":	0.999913990497589,
				"bytes":	131072,
				"bits_per_second":	1048666.1952576493,
				"retransmits":	2,
				"omitted":	false,
				"sender":	true
			}
		}, {
			"streams":	[{
					"socket":	5,
					"start":	8.00055,
					"end":	9.000553,
					"seconds":	1.0000029802322388,
					"bytes":	131072,
					"bits_per_second":	1048572.8750093132,
					"retransmits":	4,
					"snd_cwnd":	8688,
					"snd_wnd":	174080,
					"rtt":	101437,
					"rttvar":	6238,
					"pmtu":	1500,
					"omitted":	false,
					"sender":	true
				}],
			"sum":	{
				"start":	8.00055,
				"end":	9.000553,
				"seconds":	1.0000029802322388,
				"bytes":	131072,
				"bits_per_second":	1048572.8750093132,
				"retransmits":	4,
				"omitted":	false,
				"sender":	true
			}
		}, {
			"streams":	[{
					"socket":	5,
					"start":	9.000553,
					"end":	10.000562,
					"seconds":	1.0000089406967163,
					"bytes":	131072,
					"bits_per_second":	1048566.6250838183,
					"retransmits":	0,
					"snd_cwnd":	14480,
					"snd_wnd":	175488,
					"rtt":	104377,
					"rttvar":	9018,
					"pmtu":	1500,
					"omitted":	false,
					"sender":	true
				}],
			"sum":	{
				"start":	9.000553,
				"end":	10.000562,
				"seconds":	1.0000089406967163,
				"bytes":	131072,
				"bits_per_second":	1048566.6250838183,
				"retransmits":	0,
				"omitted":	false,
				"sender":	true
			}
		}, {
			"streams":	[{
					"socket":	5,
					"start":	10.000562,
					"end":	11.000549,
					"seconds":	0.999987006187439,
					"bytes":	131072,
					"bits_per_second":	1048589.625177043,
					"retransmits":	2,
					"snd_cwnd":	13032,
					"snd_wnd":	174080,
					"rtt":	98672,
					"rttvar":	1825,
					"pmtu":	1500,
					"omitted":	false,
					"sender":	true
				}],
			"sum":	{
				"start":	10.000562,
				"end":	11.000549,
				"seconds":	0.999987006187439,
				"bytes":	131072,
				"bits_per_second":	1048589.625177043,
				"retransmits":	2,
				"omitted":	false,
				"sender":	true
			}
		}, {
			"streams":	[{
					"socket":	5,
					"start":	11.000549,
					"end":	12.00019,
					"seconds":	0.99964100122451782,
					"bytes":	131072,
					"bits_per_second":	1048952.5726891344,
					"retransmits":	1,
					"snd_cwnd":	14480,
					"snd_wnd":	175488,
					"rtt":	102819,
					"rttvar":	6590,
					"pmtu":	1500,
					"omitted":	false,
					"sender":	true
				}],
			"sum":	{
				"start":	11.000549,
				"end":	12.00019,
				"seconds":	0.99964100122451782,
				"bytes":	131072,
				"bits_per_second":	1048952.5726891344,
				"retransmits":	1,