{
	"start":	{
		"connected":	[{
				"socket":	5,
				"local_host":	"172.20.171.186",
				"local_port":	48994,
				"remote_host":	"54.227.41.78",
				"remote_port":	5201
			}],
		"version":	"iperf 3.16",
		"system_info":	"Linux DESKTOP-OR35M89 6.18.33.1-microsoft-standard-WSL2 #1 SMP PREEMPT_DYNAMIC Fri Jun  5 01:12:21 UTC 2026 x86_64",
		"timestamp":	{
			"time":	"Thu, 25 Jun 2026 23:35:03 GMT",
			"timesecs":	1782430503
		},
		"connecting_to":	{
			"host":	"54.227.41.78",
			"port":	5201
		},
		"cookie":	"x7ujzmm2huibyb33e2no3zrxk3zh7d23pooe",
		"tcp_mss_default":	1448,
		"target_bitrate":	100000000,
		"fq_rate":	0,
		"sock_bufsize":	0,
		"sndbuf_actual":	16384,
		"rcvbuf_actual":	131072,
		"test_start":	{
			"protocol":	"TCP",
			"num_streams":	1,
			"blksize":	131072,
			"omit":	0,
			"duration":	30,
			"bytes":	0,
			"blocks":	0,
			"reverse":	0,
			"tos":	0,
			"target_bitrate":	100000000,
			"bidir":	0,
			"fqrate":	0
		}
	},
	"intervals":	[{
			"streams":	[{
					"socket":	5,
					"start":	0,
					"end":	1.000379,
					"seconds":	1.0003789663314819,
					"bytes":	262144,
					"bits_per_second":	2096357.5510693968,
					"retransmits":	11,
					"snd_cwnd":	7240,
					"snd_wnd":	149376,
					"rtt":	88098,
					"rttvar":	1145,
					"pmtu":	1500,
					"omitted":	false,
					"sender":	true
				}],
			"sum":	{
				"start":	0,
				"end":	1.000379,
				"seconds":	1.0003789663314819,
				"bytes":	262144,
				"bits_per_second":	2096357.5510693968,
				"retransmits":	11,
				"omitted":	false,
				"sender":	true
			}
		}, {
			"streams":	[{
					"socket":	5,
					"start":	1.000379,
					"end":	2.000486,
					"seconds":	1.0001070499420166,
					"bytes":	131072,
					"bits_per_second":	1048463.76201507,
					"retransmits":	3,
					"snd_cwnd":	5792,
					"snd_wnd":	149504,
					"rtt":	98097,
					"rttvar":	14752,
					"pmtu":	1500,
					"omitted":	false,
					"sender":	true
				}],
			"sum":	{
				"start":	1.000379,
				"end":	2.000486,
				"seconds":	1.0001070499420166,
				"bytes":	131072,
				"bits_per_second":	1048463.76201507,
				"retransmits":	3,
				"omitted":	false,
				"sender":	true
			}
		}, {
			"streams":	[{
					"socket":	5,
					"start":	2.000486,
					"end":	3.000338,
					"seconds":	0.99985200166702271,
					"bytes":	0,
					"bits_per_second":	0,
					"retransmits":	4,
					"snd_cwnd":	1448,
					"snd_wnd":	149376,
					"rtt":	94936,
					"rttvar":	12931,
					"pmtu":	1500,
					"omitted":	false,
					"sender":	true
				}],
			"sum":	{
				"start":	2.000486,
				"end":	3.000338,
				"seconds":	0.99985200166702271,
				"bytes":	0,
				"bits_per_second":	0,
				"retransmits":	4,
				"omitted":	false,
				"sender":	true
			}
		}, {
			"streams":	[{
					"socket":	5,
					"start":	3.000338,
					"end":	4.00035,
					"seconds":	1.0000120401382446,
					"bytes":	0,
					"bits_per_second":	0,
					"retransmits":	3,
					"snd_cwnd":	2896,
					"snd_wnd":	149376,
					"rtt":	92819,
					"rttvar":	7285,
					"pmtu":	1500,
					"omitted":	false,
					"sender":	true
				}],
			"sum":	{
				"start":	3.000338,
				"end":	4.00035,
				"seconds":	1.0000120401382446,
				"bytes":	0,
				"bits_per_second":	0,
				"retransmits":	3,
				"omitted":	false,
				"sender":	true
			}
		}, {
			"streams":	[{
					"socket":	5,
					"start":	4.00035,
					"end":	5.000452,
					"seconds":	1.0001020431518555,
					"bytes":	0,
					"bits_per_second":	0,
					"retransmits":	3,
					"snd_cwnd":	4344,
					"snd_wnd":	149376,
					"rtt":	102354,
					"rttvar":	19892,
					"pmtu":	1500,
					"omitted":	false,
					"sender":	true
				}],
			"sum":	{
				"start":	4.00035,
				"end":	5.000452,
				"seconds":	1.0001020431518555,
				"bytes":	0,
				"bits_per_second":	0,
				"retransmits":	3,
				"omitted":	false,
				"sender":	true
			}
		}, {
			"streams":	[{
					"socket":	5,
					"start":	5.000452,
					"end":	6.0003,
					"seconds":	0.99984800815582275,
					"bytes":	131072,
					"bits_per_second":	1048735.3992273826,
					"retransmits":	5,
					"snd_cwnd":	2896,
					"snd_wnd":	150912,
					"rtt":	97721,
					"rttvar":	16627,
					"pmtu":	1500,
					"omitted":	false,
					"sender":	true
				}],
			"sum":	{
				"start":	5.000452,
				"end":	6.0003,
				"seconds":	0.99984800815582275,
				"bytes":	131072,
				"bits_per_second":	1048735.3992273826,
				"retransmits":	5,
				"omitted":	false,
				"sender":	true
			}
		}, {
			"streams":	[{
					"socket":	5,
					"start":	6.0003,
					"end":	7.000347,
					"seconds":	1.000046968460083,
					"bytes":	0,
					"bits_per_second":	0,
					"retransmits":	3,
					"snd_cwnd":	4344,
					"snd_wnd":	149376,
					"rtt":	124033,
					"rttvar":	42949,
					"pmtu":	1500,
					"omitted":	false,
					"sender":	true
				}],
			"sum":	{
				"start":	6.0003,
				"end":	7.000347,
				"seconds":	1.000046968460083,
				"bytes":	0,
				"bits_per_second":	0,
				"retransmits":	3,
				"omitted":	false,
				"sender":	true
			}
		}, {
			"streams":	[{
					"socket":	5,
					"start":	7.000347,
					"end":	8.000202,
					"seconds":	0.99985498189926147,
					"bytes":	0,
					"bits_per_second":	0,
					"retransmits":	2,
					"snd_cwnd":	5792,
					"snd_wnd":	143104,
					"rtt":	93225,
					"rttvar":	8983,
					"pmtu":	1500,
					"omitted":	false,
					"sender":	true
				}],
			"sum":	{
				"start":	7.000347,
				"end":	8.000202,
				"seconds":	0.99985498189926147,
				"bytes":	0,
				"bits_per_second":	0,
				"retransmits":	2,
				"omitted":	false,
				"sender":	true
			}
		}, {
			"streams":	[{
					"socket":	5,
					"start":	8.000202,
					"end":	9.00011,
					"seconds":	0.9999079704284668,
					"bytes":	131072,
					"bits_per_second":	1048672.5088816711,
					"retransmits":	3,
					"snd_cwnd":	2896,
					"snd_wnd":	150912,
					"rtt":	94320,
					"rttvar":	13120,
					"pmtu":	1500,
					"omitted":	false,
					"sender":	true
				}],
			"sum":	{
				"start":	8.000202,
				"end":	9.00011,
				"seconds":	0.9999079704284668,
				"bytes":	131072,
				"bits_per_second":	1048672.5088816711,
				"retransmits":	3,
				"omitted":	false,
				"sender":	true
			}
		}, {
			"streams":	[{
					"socket":	5,
					"start":	9.00011,
					"end":	10.000438,
					"seconds":	1.0003279447555542,
					"bytes":	0,
					"bits_per_second":	0,
					"retransmits":	2,
					"snd_cwnd":	4344,
					"snd_wnd":	150912,
					"rtt":	101525,
					"rttvar":	19215,
					"pmtu":	1500,
					"omitted":	false,
					"sender":	true
				}],
			"sum":	{
				"start":	9.00011,
				"end":	10.000438,
				"seconds":	1.0003279447555542,
				"bytes":	0,
				"bits_per_second":	0,
				"retransmits":	2,
				"omitted":	false,
				"sender":	true
			}
		}, {
			"streams":	[{
					"socket":	5,
					"start":	10.000438,
					"end":	11.000481,
					"seconds":	1.0000430345535278,
					"bytes":	0,
					"bits_per_second":	0,
					"retransmits":	4,
					"snd_cwnd":	1448,
					"snd_wnd":	150912,
					"rtt":	106760,
					"rttvar":	31958,
					"pmtu":	1500,
					"omitted":	false,
					"sender":	true
				}],
			"sum":	{
				"start":	10.000438,
				"end":	11.000481,
				"seconds":	1.0000430345535278,
				"bytes":	0,
				"bits_per_second":	0,
				"retransmits":	4,
				"omitted":	false,
				"sender":	true
			}
		}, {
			"streams":	[{
					"socket":	5,
					"start":	11.000481,
					"end":	12.000463,
					"seconds":	0.99998199939727783,
					"bytes":	0,
					"bits_per_second":	0,
					"retransmits":	2,
					"snd_cwnd":	5792,
					"snd_wnd":	150912,
					"rtt":	98236,
					"rttvar":	16192,
					"pmtu":	1500,
					"omitted":	false,
					"sender":	true
				}],
			"sum":	{
				"start":	11.000481,
				"end":	12.000463,
				"seconds":	0.99998199939727783,
				"bytes":	0,
				"bits_per_second":	0,
				"retransmits":	2,
				"omitted":	false,
				"sender":	true
			}
		}, {
			"streams":	[{
					"socket":	5,
					"start":	12.000463,
					"end":	13.000352,
					"seconds":	0.99988901615142822,
					"bytes":	131072,
					"bits_per_second":	1048692.3879171789,
					"retransmits":	5,
					"snd_cwnd":	4344,
					"snd_wnd":	146944,
					"rtt":	99899,