{
	"start":	{
		"connected":	[{
				"socket":	5,
				"local_host":	"172.20.171.186",
				"local_port":	55718,
				"remote_host":	"54.227.41.78",
				"remote_port":	5201
			}],
		"version":	"iperf 3.16",
		"system_info":	"Linux DESKTOP-OR35M89 6.18.33.1-microsoft-standard-WSL2 #1 SMP PREEMPT_DYNAMIC Fri Jun  5 01:12:21 UTC 2026 x86_64",
		"timestamp":	{
			"time":	"Thu, 25 Jun 2026 22:18:59 GMT",
			"timesecs":	1782425939
		},
		"connecting_to":	{
			"host":	"54.227.41.78",
			"port":	5201
		},
		"cookie":	"utvnwzxrydsivf4fj6nqufkr56z4ossfxmnu",
		"tcp_mss_default":	1448,
		"target_bitrate":	100000000,
		"fq_rate":	0,
		"sock_bufsize":	0,
		"sndbuf_actual":	16384,
		"rcvbuf_actual":	131072,
		"test_start":	{
			"protocol":	"TCP",
			"num_streams":	1,
			"blksize":	131072,
			"omit":	0,
			"duration":	30,
			"bytes":	0,
			"blocks":	0,
			"reverse":	0,
			"tos":	0,
			"target_bitrate":	100000000,
			"bidir":	0,
			"fqrate":	0
		}
	},
	"intervals":	[{
			"streams":	[{
					"socket":	5,
					"start":	0,
					"end":	1.00033,
					"seconds":	1.0003299713134766,
					"bytes":	786432,
					"bits_per_second":	6289380.6847944846,
					"retransmits":	12,
					"snd_cwnd":	33304,
					"snd_wnd":	841984,
					"rtt":	97573,
					"rttvar":	1287,
					"pmtu":	1500,
					"omitted":	false,
					"sender":	true
				}],
			"sum":	{
				"start":	0,
				"end":	1.00033,
				"seconds":	1.0003299713134766,
				"bytes":	786432,
				"bits_per_second":	6289380.6847944846,
				"retransmits":	12,
				"omitted":	false,
				"sender":	true
			}
		}, {
			"streams":	[{
					"socket":	5,
					"start":	1.00033,
					"end":	2.000111,
					"seconds":	0.99978101253509521,
					"bytes":	262144,
					"bits_per_second":	2097611.3505920218,
					"retransmits":	6,
					"snd_cwnd":	13032,
					"snd_wnd":	843392,
					"rtt":	99687,
					"rttvar":	1622,
					"pmtu":	1500,
					"omitted":	false,
					"sender":	true
				}],
			"sum":	{
				"start":	1.00033,
				"end":	2.000111,
				"seconds":	0.99978101253509521,
				"bytes":	262144,
				"bits_per_second":	2097611.3505920218,
				"retransmits":	6,
				"omitted":	false,
				"sender":	true
			}
		}, {
			"streams":	[{
					"socket":	5,
					"start":	2.000111,
					"end":	3.000544,
					"seconds":	1.0004329681396484,
					"bytes":	0,
					"bits_per_second":	0,
					"retransmits":	4,
					"snd_cwnd":	8688,
					"snd_wnd":	843392,
					"rtt":	130508,
					"rttvar":	10705,
					"pmtu":	1500,
					"omitted":	false,
					"sender":	true
				}],
			"sum":	{
				"start":	2.000111,
				"end":	3.000544,
				"seconds":	1.0004329681396484,
				"bytes":	0,
				"bits_per_second":	0,
				"retransmits":	4,
				"omitted":	false,
				"sender":	true
			}
		}, {
			"streams":	[{
					"socket":	5,
					"start":	3.000544,
					"end":	4.000209,
					"seconds":	0.9996650218963623,
					"bytes":	0,
					"bits_per_second":	0,
					"retransmits":	2,
					"snd_cwnd":	8688,
					"snd_wnd":	841984,
					"rtt":	112596,
					"rttvar":	20155,
					"pmtu":	1500,
					"omitted":	false,
					"sender":	true
				}],
			"sum":	{
				"start":	3.000544,
				"end":	4.000209,
				"seconds":	0.9996650218963623,
				"bytes":	0,
				"bits_per_second":	0,
				"retransmits":	2,
				"omitted":	false,
				"sender":	true
			}
		}, {
			"streams":	[{
					"socket":	5,
					"start":	4.000209,
					"end":	5.000316,
					"seconds":	1.0001070499420166,
					"bytes":	262144,
					"bits_per_second":	2096927.52403014,
					"retransmits":	2,
					"snd_cwnd":	10136,
					"snd_wnd":	843392,
					"rtt":	106748,
					"rttvar":	14589,
					"pmtu":	1500,
					"omitted":	false,
					"sender":	true
				}],
			"sum":	{
				"start":	4.000209,
				"end":	5.000316,
				"seconds":	1.0001070499420166,
				"bytes":	262144,
				"bits_per_second":	2096927.52403014,
				"retransmits":	2,
				"omitted":	false,
				"sender":	true
			}
		}, {
			"streams":	[{
					"socket":	5,
					"start":	5.000316,
					"end":	6.000136,
					"seconds":	0.99981999397277832,
					"bytes":	0,
					"bits_per_second":	0,
					"retransmits":	3,
					"snd_cwnd":	10136,
					"snd_wnd":	843392,
					"rtt":	98510,
					"rttvar":	2060,
					"pmtu":	1500,
					"omitted":	false,
					"sender":	true
				}],
			"sum":	{
				"start":	5.000316,
				"end":	6.000136,
				"seconds":	0.99981999397277832,
				"bytes":	0,
				"bits_per_second":	0,
				"retransmits":	3,
				"omitted":	false,
				"sender":	true
			}
		}, {
			"streams":	[{
					"socket":	5,
					"start":	6.000136,
					"end":	7.000147,
					"seconds":	1.0000109672546387,
					"bytes":	262144,
					"bits_per_second":	2097129.0002522441,
					"retransmits":	2,
					"snd_cwnd":	7240,
					"snd_wnd":	843392,
					"rtt":	105003,
					"rttvar":	11011,
					"pmtu":	1500,
					"omitted":	false,
					"sender":	true
				}],
			"sum":	{
				"start":	6.000136,
				"end":	7.000147,
				"seconds":	1.0000109672546387,
				"bytes":	262144,
				"bits_per_second":	2097129.0002522441,
				"retransmits":	2,
				"omitted":	false,
				"sender":	true
			}
		}, {
			"streams":	[{
					"socket":	5,
					"start":	7.000147,
					"end":	8.000134,
					"seconds":	0.999987006187439,
					"bytes":	0,
					"bits_per_second":	0,
					"retransmits":	0,
					"snd_cwnd":	14480,
					"snd_wnd":	841984,
					"rtt":	101217,
					"rttvar":	4271,
					"pmtu":	1500,
					"omitted":	false,
					"sender":	true
				}],
			"sum":	{
				"start":	7.000147,
				"end":	8.000134,
				"seconds":	0.999987006187439,
				"bytes":	0,
				"bits_per_second":	0,
				"retransmits":	0,
				"omitted":	false,
				"sender":	true
			}
		}, {
			"streams":	[{
					"socket":	5,
					"start":	8.000134,
					"end":	9.000148,
					"seconds":	1.0000139474868774,
					"bytes":	0,
					"bits_per_second":	0,
					"retransmits":	3,
					"snd_cwnd":	10136,
					"snd_wnd":	843392,
					"rtt":	108755,
					"rttvar":	15778,
					"pmtu":	1500,
					"omitted":	false,
					"sender":	true
				}],
			"sum":	{
				"start":	8.000134,
				"end":	9.000148,
				"seconds":	1.0000139474868774,
				"bytes":	0,
				"bits_per_second":	0,
				"retransmits":	3,
				"omitted":	false,
				"sender":	true
			}
		}, {
			"streams":	[{
					"socket":	5,
					"start":	9.000148,
					"end":	10.00015,
					"seconds":	1.0000020265579224,
					"bytes":	262144,
					"bits_per_second":	2097147.7500086129,
					"retransmits":	3,
					"snd_cwnd":	7240,
					"snd_wnd":	843392,
					"rtt":	105352,
					"rttvar":	12365,
					"pmtu":	1500,
					"omitted":	false,
					"sender":	true
				}],
			"sum":	{
				"start":	9.000148,
				"end":	10.00015,
				"seconds":	1.0000020265579224,
				"bytes":	262144,
				"bits_per_second":	2097147.7500086129,
				"retransmits":	3,
				"omitted":	false,
				"sender":	true
			}
		}, {
			"streams":	[{
					"socket":	5,
					"start":	10.00015,
					"end":	11.000141,
					"seconds":	0.999990999698639,
					"bytes":	0,
					"bits_per_second":	0,
					"retransmits":	3,
					"snd_cwnd":	5792,
					"snd_wnd":	843392,
					"rtt":	110689,
					"rttvar":	18602,
					"pmtu":	1500,
					"omitted":	false,
					"sender":	true
				}],
			"sum":	{
				"start":	10.00015,
				"end":	11.000141,
				"seconds":	0.999990999698639,
				"bytes":	0,
				"bits_per_second":	0,
				"retransmits":	3,
				"omitted":	false,
				"sender":	true
			}
		}, {
			"streams":	[{
					"socket":	5,
					"start":	11.000141,
					"end":	12.000095,
					"seconds":	0.9999539852142334,
					"bytes":	0,
					"bits_per_second":	0,
					"retransmits":	3,
					"snd_cwnd":	4344,
					"snd_wnd":	841984,
					"rtt":	104788,
					"rttvar":	12924,
					"pmtu":	1500,
					"omitted":	false,
					"sender":	true
				}],
			"sum":	{
				"start":	11.000141,
				"end":	12.000095,
				"seconds":	0.9999539852142334,
				"bytes":	0,
				"bits_per_second":	0,
				"retransmits":	3,
				"omitted":	false,
				"sender":	true
			}
		}, {
			"streams":	[{
					"socket":	5,
					"start":	12.000095,
					"end":	13.000146,
					"seconds":	1.0000510215759277,
					"bytes":	0,
					"bits_per_second":	0,
					"retransmits":	2,
					"snd_cwnd":	4344,