{
	"start":	{
		"connected":	[{
				"socket":	5,
				"local_host":	"172.20.171.186",
				"local_port":	57358,
				"remote_host":	"54.227.41.78",
				"remote_port":	5201
			}],
		"version":	"iperf 3.16",
		"system_info":	"Linux DESKTOP-OR35M89 6.18.33.1-microsoft-standard-WSL2 #1 SMP PREEMPT_DYNAMIC Fri Jun  5 01:12:21 UTC 2026 x86_64",
		"timestamp":	{
			"time":	"Thu, 25 Jun 2026 22:31:01 GMT",
			"timesecs":	1782426661
		},
		"connecting_to":	{
			"host":	"54.227.41.78",
			"port":	5201
		},
		"cookie":	"bu3llvgcxkgpu5a5c52doc24vjcid3aca2m2",
		"tcp_mss_default":	1448,
		"target_bitrate":	100000000,
		"fq_rate":	0,
		"sock_bufsize":	0,
		"sndbuf_actual":	16384,
		"rcvbuf_actual":	131072,
		"test_start":	{
			"protocol":	"TCP",
			"num_streams":	1,
			"blksize":	131072,
			"omit":	0,
			"duration":	30,
			"bytes":	0,
			"blocks":	0,
			"reverse":	0,
			"tos":	0,
			"target_bitrate":	100000000,
			"bidir":	0,
			"fqrate":	0
		}
	},
	"intervals":	[{
			"streams":	[{
					"socket":	5,
					"start":	0,
					"end":	1.000165,
					"seconds":	1.0001649856567383,
					"bytes":	262144,
					"bits_per_second":	2096806.0570756206,
					"retransmits":	7,
					"snd_cwnd":	14480,
					"snd_wnd":	147840,
					"rtt":	94878,
					"rttvar":	9390,
					"pmtu":	1500,
					"omitted":	false,
					"sender":	true
				}],
			"sum":	{
				"start":	0,
				"end":	1.000165,
				"seconds":	1.0001649856567383,
				"bytes":	262144,
				"bits_per_second":	2096806.0570756206,
				"retransmits":	7,
				"omitted":	false,
				"sender":	true
			}
		}, {
			"streams":	[{
					"socket":	5,
					"start":	1.000165,
					"end":	2.000214,
					"seconds":	1.0000489950180054,
					"bytes":	131072,
					"bits_per_second":	1048524.6275169958,
					"retransmits":	3,
					"snd_cwnd":	10136,
					"snd_wnd":	149376,
					"rtt":	98964,
					"rttvar":	15719,
					"pmtu":	1500,
					"omitted":	false,
					"sender":	true
				}],
			"sum":	{
				"start":	1.000165,
				"end":	2.000214,
				"seconds":	1.0000489950180054,
				"bytes":	131072,
				"bits_per_second":	1048524.6275169958,
				"retransmits":	3,
				"omitted":	false,
				"sender":	true
			}
		}, {
			"streams":	[{
					"socket":	5,
					"start":	2.000214,
					"end":	3.000135,
					"seconds":	0.99992102384567261,
					"bytes":	131072,
					"bits_per_second":	1048658.8190407294,
					"retransmits":	0,
					"snd_cwnd":	17376,
					"snd_wnd":	149376,
					"rtt":	91433,
					"rttvar":	3039,
					"pmtu":	1500,
					"omitted":	false,
					"sender":	true
				}],
			"sum":	{
				"start":	2.000214,
				"end":	3.000135,
				"seconds":	0.99992102384567261,
				"bytes":	131072,
				"bits_per_second":	1048658.8190407294,
				"retransmits":	0,
				"omitted":	false,
				"sender":	true
			}
		}, {
			"streams":	[{
					"socket":	5,
					"start":	3.000135,
					"end":	4.000457,
					"seconds":	1.0003219842910767,
					"bytes":	262144,
					"bits_per_second":	2096476.9673499092,
					"retransmits":	0,
					"snd_cwnd":	26064,
					"snd_wnd":	147840,
					"rtt":	90590,
					"rttvar":	2877,
					"pmtu":	1500,
					"omitted":	false,
					"sender":	true
				}],
			"sum":	{
				"start":	3.000135,
				"end":	4.000457,
				"seconds":	1.0003219842910767,
				"bytes":	262144,
				"bits_per_second":	2096476.9673499092,
				"retransmits":	0,
				"omitted":	false,
				"sender":	true
			}
		}, {
			"streams":	[{
					"socket":	5,
					"start":	4.000457,
					"end":	5.000138,
					"seconds":	0.999680995941162,
					"bytes":	262144,
					"bits_per_second":	2097821.2134818169,
					"retransmits":	6,
					"snd_cwnd":	17376,
					"snd_wnd":	149376,
					"rtt":	89900,
					"rttvar":	1017,
					"pmtu":	1500,
					"omitted":	false,
					"sender":	true
				}],
			"sum":	{
				"start":	4.000457,
				"end":	5.000138,
				"seconds":	0.999680995941162,
				"bytes":	262144,
				"bits_per_second":	2097821.2134818169,
				"retransmits":	6,
				"omitted":	false,
				"sender":	true
			}
		}, {
			"streams":	[{
					"socket":	5,
					"start":	5.000138,
					"end":	6.000165,
					"seconds":	1.0000269412994385,
					"bytes":	131072,
					"bits_per_second":	1048547.7507610712,
					"retransmits":	6,
					"snd_cwnd":	11584,
					"snd_wnd":	149376,
					"rtt":	93385,
					"rttvar":	4467,
					"pmtu":	1500,
					"omitted":	false,
					"sender":	true
				}],
			"sum":	{
				"start":	5.000138,
				"end":	6.000165,
				"seconds":	1.0000269412994385,
				"bytes":	131072,
				"bits_per_second":	1048547.7507610712,
				"retransmits":	6,
				"omitted":	false,
				"sender":	true
			}
		}, {
			"streams":	[{
					"socket":	5,
					"start":	6.000165,
					"end":	7.000183,
					"seconds":	1.0000180006027222,
					"bytes":	131072,
					"bits_per_second":	1048557.1253397552,
					"retransmits":	3,
					"snd_cwnd":	8688,
					"snd_wnd":	134272,
					"rtt":	90378,
					"rttvar":	4075,
					"pmtu":	1500,
					"omitted":	false,
					"sender":	true
				}],
			"sum":	{
				"start":	6.000165,
				"end":	7.000183,
				"seconds":	1.0000180006027222,
				"bytes":	131072,
				"bits_per_second":	1048557.1253397552,
				"retransmits":	3,
				"omitted":	false,
				"sender":	true
			}
		}, {
			"streams":	[{
					"socket":	5,
					"start":	7.000183,
					"end":	8.000569,
					"seconds":	1.0003859996795654,
					"bytes":	0,
					"bits_per_second":	0,
					"retransmits":	4,
					"snd_cwnd":	7240,
					"snd_wnd":	147840,
					"rtt":	105336,
					"rttvar":	25208,
					"pmtu":	1500,
					"omitted":	false,
					"sender":	true
				}],
			"sum":	{
				"start":	7.000183,
				"end":	8.000569,
				"seconds":	1.0003859996795654,
				"bytes":	0,
				"bits_per_second":	0,
				"retransmits":	4,
				"omitted":	false,
				"sender":	true
			}
		}, {
			"streams":	[{
					"socket":	5,
					"start":	8.000569,
					"end":	9.000493,
					"seconds":	0.99992400407791138,
					"bytes":	131072,
					"bits_per_second":	1048655.6935563853,
					"retransmits":	2,
					"snd_cwnd":	8688,
					"snd_wnd":	147840,
					"rtt":	108530,
					"rttvar":	15738,
					"pmtu":	1500,
					"omitted":	false,
					"sender":	true
				}],
			"sum":	{
				"start":	8.000569,
				"end":	9.000493,
				"seconds":	0.99992400407791138,
				"bytes":	131072,
				"bits_per_second":	1048655.6935563853,
				"retransmits":	2,
				"omitted":	false,
				"sender":	true
			}
		}, {
			"streams":	[{
					"socket":	5,
					"start":	9.000493,
					"end":	10.000505,
					"seconds":	1.0000120401382446,
					"bytes":	0,
					"bits_per_second":	0,
					"retransmits":	0,
					"snd_cwnd":	11584,
					"snd_wnd":	149376,
					"rtt":	153208,
					"rttvar":	24403,
					"pmtu":	1500,
					"omitted":	false,
					"sender":	true
				}],
			"sum":	{
				"start":	9.000493,
				"end":	10.000505,
				"seconds":	1.0000120401382446,
				"bytes":	0,
				"bits_per_second":	0,
				"retransmits":	0,
				"omitted":	false,
				"sender":	true
			}
		}, {
			"streams":	[{
					"socket":	5,
					"start":	10.000505,
					"end":	11.000473,
					"seconds":	0.99996799230575562,
					"bytes":	131072,
					"bits_per_second":	1048609.5635742927,
					"retransmits":	0,
					"snd_cwnd":	17376,
					"snd_wnd":	149376,
					"rtt":	152927,
					"rttvar":	19791,
					"pmtu":	1500,
					"omitted":	false,
					"sender":	true
				}],
			"sum":	{
				"start":	10.000505,
				"end":	11.000473,
				"seconds":	0.99996799230575562,
				"bytes":	131072,
				"bits_per_second":	1048609.5635742927,
				"retransmits":	0,
				"omitted":	false,
				"sender":	true
			}
		}, {
			"streams":	[{
					"socket":	5,
					"start":	11.000473,
					"end":	12.000284,
					"seconds":	0.99981099367141724,
					"bytes":	131072,
					"bits_per_second":	1048774.2249657731,
					"retransmits":	3,
					"snd_cwnd":	10136,
					"snd_wnd":	149376,
					"rtt":	141392,
					"rttvar":	21743,
					"pmtu":	1500,
					"omitted":	false,
					"sender":	true
				}],
			"sum":	{
				"start":	11.000473,
				"end":	12.000284,
				"seconds":	0.99981099367141724,
				"bytes":	131072,
				"bits_per_second":	1048774.2249657731,
				"retransmits":	3,
				"omitted":	false,