{
	"start":	{
		"connected":	[{
				"socket":	5,
				"local_host":	"172.20.171.186",
				"local_port":	45394,
				"remote_host":	"54.227.41.78",
				"remote_port":	5201
			}],
		"version":	"iperf 3.16",
		"system_info":	"Linux DESKTOP-OR35M89 6.18.33.1-microsoft-standard-WSL2 #1 SMP PREEMPT_DYNAMIC Fri Jun  5 01:12:21 UTC 2026 x86_64",
		"timestamp":	{
			"time":	"Fri, 26 Jun 2026 00:11:17 GMT",
			"timesecs":	1782432677
		},
		"connecting_to":	{
			"host":	"54.227.41.78",
			"port":	5201
		},
		"cookie":	"67pgi5mwaxmnbksdn37szsk5zx2e3vg2v4ui",
		"tcp_mss_default":	1448,
		"target_bitrate":	100000000,
		"fq_rate":	0,
		"sock_bufsize":	0,
		"sndbuf_actual":	16384,
		"rcvbuf_actual":	131072,
		"test_start":	{
			"protocol":	"TCP",
			"num_streams":	1,
			"blksize":	131072,
			"omit":	0,
			"duration":	30,
			"bytes":	0,
			"blocks":	0,
			"reverse":	0,
			"tos":	0,
			"target_bitrate":	100000000,
			"bidir":	0,
			"fqrate":	0
		}
	},
	"intervals":	[{
			"streams":	[{
					"socket":	5,
					"start":	0,
					"end":	1.000582,
					"seconds":	1.0005819797515869,
					"bytes":	131072,
					"bits_per_second":	1047966.1049465716,
					"retransmits":	18,
					"snd_cwnd":	2896,
					"snd_wnd":	150528,
					"rtt":	98661,
					"rttvar":	1184,
					"pmtu":	1500,
					"omitted":	false,
					"sender":	true
				}],
			"sum":	{
				"start":	0,
				"end":	1.000582,
				"seconds":	1.0005819797515869,
				"bytes":	131072,
				"bits_per_second":	1047966.1049465716,
				"retransmits":	18,
				"omitted":	false,
				"sender":	true
			}
		}, {
			"streams":	[{
					"socket":	5,
					"start":	1.000582,
					"end":	2.000394,
					"seconds":	0.99981200695037842,
					"bytes":	131072,
					"bits_per_second":	1048773.1620650978,
					"retransmits":	13,
					"snd_cwnd":	2896,
					"snd_wnd":	155904,
					"rtt":	96759,
					"rttvar":	634,
					"pmtu":	1500,
					"omitted":	false,
					"sender":	true
				}],
			"sum":	{
				"start":	1.000582,
				"end":	2.000394,
				"seconds":	0.99981200695037842,
				"bytes":	131072,
				"bits_per_second":	1048773.1620650978,
				"retransmits":	13,
				"omitted":	false,
				"sender":	true
			}
		}, {
			"streams":	[{
					"socket":	5,
					"start":	2.000394,
					"end":	3.000552,
					"seconds":	1.0001579523086548,
					"bytes":	0,
					"bits_per_second":	0,
					"retransmits":	3,
					"snd_cwnd":	1448,
					"snd_wnd":	158464,
					"rtt":	96985,
					"rttvar":	912,
					"pmtu":	1500,
					"omitted":	false,
					"sender":	true
				}],
			"sum":	{
				"start":	2.000394,
				"end":	3.000552,
				"seconds":	1.0001579523086548,
				"bytes":	0,
				"bits_per_second":	0,
				"retransmits":	3,
				"omitted":	false,
				"sender":	true
			}
		}, {
			"streams":	[{
					"socket":	5,
					"start":	3.000552,
					"end":	4.000366,
					"seconds":	0.999813973903656,
					"bytes":	0,
					"bits_per_second":	0,
					"retransmits":	6,
					"snd_cwnd":	2896,
					"snd_wnd":	159616,
					"rtt":	97138,
					"rttvar":	1047,
					"pmtu":	1500,
					"omitted":	false,
					"sender":	true
				}],
			"sum":	{
				"start":	3.000552,
				"end":	4.000366,
				"seconds":	0.999813973903656,
				"bytes":	0,
				"bits_per_second":	0,
				"retransmits":	6,
				"omitted":	false,
				"sender":	true
			}
		}, {
			"streams":	[{
					"socket":	5,
					"start":	4.000366,
					"end":	5.000538,
					"seconds":	1.0001720190048218,
					"bytes":	0,
					"bits_per_second":	0,
					"retransmits":	4,
					"snd_cwnd":	2896,
					"snd_wnd":	161024,
					"rtt":	97406,
					"rttvar":	721,
					"pmtu":	1500,
					"omitted":	false,
					"sender":	true
				}],
			"sum":	{
				"start":	4.000366,
				"end":	5.000538,
				"seconds":	1.0001720190048218,
				"bytes":	0,
				"bits_per_second":	0,
				"retransmits":	4,
				"omitted":	false,
				"sender":	true
			}
		}, {
			"streams":	[{
					"socket":	5,
					"start":	5.000538,
					"end":	6.000591,
					"seconds":	1.00005304813385,
					"bytes":	0,
					"bits_per_second":	0,
					"retransmits":	3,
					"snd_cwnd":	5792,
					"snd_wnd":	162432,
					"rtt":	101964,
					"rttvar":	8798,
					"pmtu":	1500,
					"omitted":	false,
					"sender":	true
				}],
			"sum":	{
				"start":	5.000538,
				"end":	6.000591,
				"seconds":	1.00005304813385,
				"bytes":	0,
				"bits_per_second":	0,
				"retransmits":	3,
				"omitted":	false,
				"sender":	true
			}
		}, {
			"streams":	[{
					"socket":	5,
					"start":	6.000591,
					"end":	7.000546,
					"seconds":	0.99995499849319458,
					"bytes":	0,
					"bits_per_second":	0,
					"retransmits":	4,
					"snd_cwnd":	1448,
					"snd_wnd":	161024,
					"rtt":	103836,
					"rttvar":	9475,
					"pmtu":	1500,
					"omitted":	false,
					"sender":	true
				}],
			"sum":	{
				"start":	6.000591,
				"end":	7.000546,
				"seconds":	0.99995499849319458,
				"bytes":	0,
				"bits_per_second":	0,
				"retransmits":	4,
				"omitted":	false,
				"sender":	true
			}
		}, {
			"streams":	[{
					"socket":	5,
					"start":	7.000546,
					"end":	8.000526,
					"seconds":	0.99997997283935547,
					"bytes":	0,
					"bits_per_second":	0,
					"retransmits":	4,
					"snd_cwnd":	2896,
					"snd_wnd":	161024,
					"rtt":	99639,
					"rttvar":	4107,
					"pmtu":	1500,
					"omitted":	false,
					"sender":	true
				}],
			"sum":	{
				"start":	7.000546,
				"end":	8.000526,
				"seconds":	0.99997997283935547,
				"bytes":	0,
				"bits_per_second":	0,
				"retransmits":	4,
				"omitted":	false,
				"sender":	true
			}
		}, {
			"streams":	[{
					"socket":	5,
					"start":	8.000526,
					"end":	9.000525,
					"seconds":	0.99999898672103882,
					"bytes":	0,
					"bits_per_second":	0,
					"retransmits":	4,
					"snd_cwnd":	1448,
					"snd_wnd":	161024,
					"rtt":	97502,
					"rttvar":	1127,
					"pmtu":	1500,
					"omitted":	false,
					"sender":	true
				}],
			"sum":	{
				"start":	8.000526,
				"end":	9.000525,
				"seconds":	0.99999898672103882,
				"bytes":	0,
				"bits_per_second":	0,
				"retransmits":	4,
				"omitted":	false,
				"sender":	true
			}
		}, {
			"streams":	[{
					"socket":	5,
					"start":	9.000525,
					"end":	10.000547,
					"seconds":	1.0000220537185669,
					"bytes":	131072,
					"bits_per_second":	1048552.8755099809,
					"retransmits":	4,
					"snd_cwnd":	2896,
					"snd_wnd":	162432,
					"rtt":	102221,
					"rttvar":	11012,
					"pmtu":	1500,
					"omitted":	false,
					"sender":	true
				}],
			"sum":	{
				"start":	9.000525,
				"end":	10.000547,
				"seconds":	1.0000220537185669,
				"bytes":	131072,
				"bits_per_second":	1048552.8755099809,
				"retransmits":	4,
				"omitted":	false,
				"sender":	true
			}
		}, {
			"streams":	[{
					"socket":	5,
					"start":	10.000547,
					"end":	11.000561,
					"seconds":	1.0000139474868774,
					"bytes":	0,
					"bits_per_second":	0,
					"retransmits":	2,
					"snd_cwnd":	5792,
					"snd_wnd":	161024,
					"rtt":	105099,
					"rttvar":	12719,
					"pmtu":	1500,
					"omitted":	false,
					"sender":	true
				}],
			"sum":	{
				"start":	10.000547,
				"end":	11.000561,
				"seconds":	1.0000139474868774,
				"bytes":	0,
				"bits_per_second":	0,
				"retransmits":	2,
				"omitted":	false,
				"sender":	true
			}
		}, {
			"streams":	[{
					"socket":	5,
					"start":	11.000561,
					"end":	12.000547,
					"seconds":	0.99998599290847778,
					"bytes":	0,
					"bits_per_second":	0,
					"retransmits":	7,
					"snd_cwnd":	2896,
					"snd_wnd":	159744,
					"rtt":	100937,
					"rttvar":	6804,
					"pmtu":	1500,
					"omitted":	false,
					"sender":	true
				}],
			"sum":	{
				"start":	11.000561,
				"end":	12.000547,
				"seconds":	0.99998599290847778,
				"bytes":	0,
				"bits_per_second":	0,
				"retransmits":	7,
				"omitted":	false,
				"sender":	true
			}
		}, {
			"streams":	[{
					"socket":	5,
					"start":	12.000547,
					"end":	13.000543,
					"seconds":	0.9999960064888,
					"bytes":	0,
					"bits_per_second":	0,
					"retransmits":	4,
					"snd_cwnd":	2896,
					"snd_wnd":	159744,
					"rtt":	98081,
					"rttvar":	1437,
					"pmtu":	1500,