{
	"start":	{
		"connected":	[{
				"socket":	5,
				"local_host":	"172.20.171.186",
				"local_port":	34728,
				"remote_host":	"54.227.41.78",
				"remote_port":	5201
			}],
		"version":	"iperf 3.16",
		"system_info":	"Linux DESKTOP-OR35M89 6.18.33.1-microsoft-standard-WSL2 #1 SMP PREEMPT_DYNAMIC Fri Jun  5 01:12:21 UTC 2026 x86_64",
		"timestamp":	{
			"time":	"Thu, 25 Jun 2026 21:51:15 GMT",
			"timesecs":	1782424275
		},
		"connecting_to":	{
			"host":	"54.227.41.78",
			"port":	5201
		},
		"cookie":	"3q7x6mbne72k4ktutapd4xbsarbdnqyhuovs",
		"tcp_mss_default":	1448,
		"target_bitrate":	100000000,
		"fq_rate":	0,
		"sock_bufsize":	0,
		"sndbuf_actual":	16384,
		"rcvbuf_actual":	131072,
		"test_start":	{
			"protocol":	"TCP",
			"num_streams":	1,
			"blksize":	131072,
			"omit":	0,
			"duration":	30,
			"bytes":	0,
			"blocks":	0,
			"reverse":	0,
			"tos":	0,
			"target_bitrate":	100000000,
			"bidir":	0,
			"fqrate":	0
		}
	},
	"intervals":	[{
			"streams":	[{
					"socket":	5,
					"start":	0,
					"end":	1.000277,
					"seconds":	1.000277042388916,
					"bytes":	6029312,
					"bits_per_second":	48221136.701092087,
					"retransmits":	24,
					"snd_cwnd":	428608,
					"snd_wnd":	4597376,
					"rtt":	87653,
					"rttvar":	318,
					"pmtu":	1500,
					"omitted":	false,
					"sender":	true
				}],
			"sum":	{
				"start":	0,
				"end":	1.000277,
				"seconds":	1.000277042388916,
				"bytes":	6029312,
				"bits_per_second":	48221136.701092087,
				"retransmits":	24,
				"omitted":	false,
				"sender":	true
			}
		}, {
			"streams":	[{
					"socket":	5,
					"start":	1.000277,
					"end":	2.000131,
					"seconds":	0.999854028224945,
					"bytes":	3145728,
					"bits_per_second":	25169498.0363056,
					"retransmits":	15,
					"snd_cwnd":	97016,
					"snd_wnd":	4600064,
					"rtt":	88339,
					"rttvar":	623,
					"pmtu":	1500,
					"omitted":	false,
					"sender":	true
				}],
			"sum":	{
				"start":	1.000277,
				"end":	2.000131,
				"seconds":	0.999854028224945,
				"bytes":	3145728,
				"bits_per_second":	25169498.0363056,
				"retransmits":	15,
				"omitted":	false,
				"sender":	true
			}
		}, {
			"streams":	[{
					"socket":	5,
					"start":	2.000131,
					"end":	3.000262,
					"seconds":	1.0001310110092163,
					"bytes":	1441792,
					"bits_per_second":	11532825.072948078,
					"retransmits":	5,
					"snd_cwnd":	53576,
					"snd_wnd":	4598656,
					"rtt":	91250,
					"rttvar":	3354,
					"pmtu":	1500,
					"omitted":	false,
					"sender":	true
				}],
			"sum":	{
				"start":	2.000131,
				"end":	3.000262,
				"seconds":	1.0001310110092163,
				"bytes":	1441792,
				"bits_per_second":	11532825.072948078,
				"retransmits":	5,
				"omitted":	false,
				"sender":	true
			}
		}, {
			"streams":	[{
					"socket":	5,
					"start":	3.000262,
					"end":	4.000468,
					"seconds":	1.0002059936523438,
					"bytes":	0,
					"bits_per_second":	0,
					"retransmits":	1,
					"snd_cwnd":	44888,
					"snd_wnd":	4600064,
					"rtt":	88559,
					"rttvar":	655,
					"pmtu":	1500,
					"omitted":	false,
					"sender":	true
				}],
			"sum":	{
				"start":	3.000262,
				"end":	4.000468,
				"seconds":	1.0002059936523438,
				"bytes":	0,
				"bits_per_second":	0,
				"retransmits":	1,
				"omitted":	false,
				"sender":	true
			}
		}, {
			"streams":	[{
					"socket":	5,
					"start":	4.000468,
					"end":	5.000385,
					"seconds":	0.999916970729828,
					"bytes":	0,
					"bits_per_second":	0,
					"retransmits":	5,
					"snd_cwnd":	23168,
					"snd_wnd":	4598656,
					"rtt":	88847,
					"rttvar":	854,
					"pmtu":	1500,
					"omitted":	false,
					"sender":	true
				}],
			"sum":	{
				"start":	4.000468,
				"end":	5.000385,
				"seconds":	0.999916970729828,
				"bytes":	0,
				"bits_per_second":	0,
				"retransmits":	5,
				"omitted":	false,
				"sender":	true
			}
		}, {
			"streams":	[{
					"socket":	5,
					"start":	5.000385,
					"end":	6.000209,
					"seconds":	0.99982398748397827,
					"bytes":	0,
					"bits_per_second":	0,
					"retransmits":	6,
					"snd_cwnd":	14480,
					"snd_wnd":	4598656,
					"rtt":	89512,
					"rttvar":	996,
					"pmtu":	1500,
					"omitted":	false,
					"sender":	true
				}],
			"sum":	{
				"start":	5.000385,
				"end":	6.000209,
				"seconds":	0.99982398748397827,
				"bytes":	0,
				"bits_per_second":	0,
				"retransmits":	6,
				"omitted":	false,
				"sender":	true
			}
		}, {
			"streams":	[{
					"socket":	5,
					"start":	6.000209,
					"end":	7.000553,
					"seconds":	1.0003440380096436,
					"bytes":	0,
					"bits_per_second":	0,
					"retransmits":	2,
					"snd_cwnd":	13032,
					"snd_wnd":	4598656,
					"rtt":	97823,
					"rttvar":	9576,
					"pmtu":	1500,
					"omitted":	false,
					"sender":	true
				}],
			"sum":	{
				"start":	6.000209,
				"end":	7.000553,
				"seconds":	1.0003440380096436,
				"bytes":	0,
				"bits_per_second":	0,
				"retransmits":	2,
				"omitted":	false,
				"sender":	true
			}
		}, {
			"streams":	[{
					"socket":	5,
					"start":	7.000553,
					"end":	8.000248,
					"seconds":	0.99969500303268433,
					"bytes":	1441792,
					"bits_per_second":	11537855.010787617,
					"retransmits":	2,
					"snd_cwnd":	14480,
					"snd_wnd":	4600064,
					"rtt":	99721,
					"rttvar":	15324,
					"pmtu":	1500,
					"omitted":	false,
					"sender":	true
				}],
			"sum":	{
				"start":	7.000553,
				"end":	8.000248,
				"seconds":	0.99969500303268433,
				"bytes":	1441792,
				"bits_per_second":	11537855.010787617,
				"retransmits":	2,
				"omitted":	false,
				"sender":	true
			}
		}, {
			"streams":	[{
					"socket":	5,
					"start":	8.000248,
					"end":	9.000554,
					"seconds":	1.0003060102462769,
					"bytes":	0,
					"bits_per_second":	0,
					"retransmits":	0,
					"snd_cwnd":	21720,
					"snd_wnd":	4600064,
					"rtt":	90616,
					"rttvar":	3167,
					"pmtu":	1500,
					"omitted":	false,
					"sender":	true
				}],
			"sum":	{
				"start":	8.000248,
				"end":	9.000554,
				"seconds":	1.0003060102462769,
				"bytes":	0,
				"bits_per_second":	0,
				"retransmits":	0,
				"omitted":	false,
				"sender":	true
			}
		}, {
			"streams":	[{
					"socket":	5,
					"start":	9.000554,
					"end":	10.000436,
					"seconds":	0.99988198280334473,
					"bytes":	0,
					"bits_per_second":	0,
					"retransmits":	0,
					"snd_cwnd":	30408,
					"snd_wnd":	4600064,
					"rtt":	91836,
					"rttvar":	3611,
					"pmtu":	1500,
					"omitted":	false,
					"sender":	true
				}],
			"sum":	{
				"start":	9.000554,
				"end":	10.000436,
				"seconds":	0.99988198280334473,
				"bytes":	0,
				"bits_per_second":	0,
				"retransmits":	0,
				"omitted":	false,
				"sender":	true
			}
		}, {
			"streams":	[{
					"socket":	5,
					"start":	10.000436,
					"end":	11.000555,
					"seconds":	1.0001189708709717,
					"bytes":	0,
					"bits_per_second":	0,
					"retransmits":	1,
					"snd_cwnd":	28960,
					"snd_wnd":	4600064,
					"rtt":	91233,
					"rttvar":	2913,
					"pmtu":	1500,
					"omitted":	false,
					"sender":	true
				}],
			"sum":	{
				"start":	10.000436,
				"end":	11.000555,
				"seconds":	1.0001189708709717,
				"bytes":	0,
				"bits_per_second":	0,
				"retransmits":	1,
				"omitted":	false,
				"sender":	true
			}
		}, {
			"streams":	[{
					"socket":	5,
					"start":	11.000555,
					"end":	12.000512,
					"seconds":	0.999957025051117,
					"bytes":	0,
					"bits_per_second":	0,
					"retransmits":	1,
					"snd_cwnd":	26064,
					"snd_wnd":	4600064,
					"rtt":	90481,
					"rttvar":	2629,
					"pmtu":	1500,
					"omitted":	false,
					"sender":	true
				}],
			"sum":	{
				"start":	11.000555,
				"end":	12.000512,
				"seconds":	0.999957025051117,
				"bytes":	0,
				"bits_per_second":	0,
				"retransmits":	1,
				"omitted":	false,
				"sender":	true
			}
		}, {
			"streams":	[{
					"socket":	5,
					"start":	12.000512,
					"end":	13.000098,
					"seconds":	0.99958598613739,
					"bytes":	1441792,
					"bits_per_second":	11539113.352890324,
					"retransmits":	0,
					"snd_cwnd":	34752,