{
	"start":	{
		"connected":	[{
				"socket":	5,
				"local_host":	"172.20.171.186",
				"local_port":	47072,
				"remote_host":	"54.227.41.78",
				"remote_port":	5201
			}],
		"version":	"iperf 3.16",
		"system_info":	"Linux DESKTOP-OR35M89 6.18.33.1-microsoft-standard-WSL2 #1 SMP PREEMPT_DYNAMIC Fri Jun  5 01:12:21 UTC 2026 x86_64",
		"timestamp":	{
			"time":	"Thu, 25 Jun 2026 22:56:11 GMT",
			"timesecs":	1782428171
		},
		"connecting_to":	{
			"host":	"54.227.41.78",
			"port":	5201
		},
		"cookie":	"xggw7vuyoioq6eaabx2arldm4ddibkfcmfwn",
		"tcp_mss_default":	1448,
		"target_bitrate":	100000000,
		"fq_rate":	0,
		"sock_bufsize":	0,
		"sndbuf_actual":	16384,
		"rcvbuf_actual":	131072,
		"test_start":	{
			"protocol":	"TCP",
			"num_streams":	1,
			"blksize":	131072,
			"omit":	0,
			"duration":	30,
			"bytes":	0,
			"blocks":	0,
			"reverse":	0,
			"tos":	0,
			"target_bitrate":	100000000,
			"bidir":	0,
			"fqrate":	0
		}
	},
	"intervals":	[{
			"streams":	[{
					"socket":	5,
					"start":	0,
					"end":	1.0001,
					"seconds":	1.0001000165939331,
					"bytes":	524288,
					"bits_per_second":	4193884.5419527651,
					"retransmits":	7,
					"snd_cwnd":	20272,
					"snd_wnd":	374912,
					"rtt":	98868,
					"rttvar":	2114,
					"pmtu":	1500,
					"omitted":	false,
					"sender":	true
				}],
			"sum":	{
				"start":	0,
				"end":	1.0001,
				"seconds":	1.0001000165939331,
				"bytes":	524288,
				"bits_per_second":	4193884.5419527651,
				"retransmits":	7,
				"omitted":	false,
				"sender":	true
			}
		}, {
			"streams":	[{
					"socket":	5,
					"start":	1.0001,
					"end":	2.000095,
					"seconds":	0.999994993209839,
					"bytes":	131072,
					"bits_per_second":	1048581.2500262859,
					"retransmits":	5,
					"snd_cwnd":	11584,
					"snd_wnd":	373504,
					"rtt":	102166,
					"rttvar":	7409,
					"pmtu":	1500,
					"omitted":	false,
					"sender":	true
				}],
			"sum":	{
				"start":	1.0001,
				"end":	2.000095,
				"seconds":	0.999994993209839,
				"bytes":	131072,
				"bits_per_second":	1048581.2500262859,
				"retransmits":	5,
				"omitted":	false,
				"sender":	true
			}
		}, {
			"streams":	[{
					"socket":	5,
					"start":	2.000095,
					"end":	3.000099,
					"seconds":	1.0000040531158447,
					"bytes":	131072,
					"bits_per_second":	1048571.7500172256,
					"retransmits":	0,
					"snd_cwnd":	17376,
					"snd_wnd":	374912,
					"rtt":	102219,
					"rttvar":	4676,
					"pmtu":	1500,
					"omitted":	false,
					"sender":	true
				}],
			"sum":	{
				"start":	2.000095,
				"end":	3.000099,
				"seconds":	1.0000040531158447,
				"bytes":	131072,
				"bits_per_second":	1048571.7500172256,
				"retransmits":	0,
				"omitted":	false,
				"sender":	true
			}
		}, {
			"streams":	[{
					"socket":	5,
					"start":	3.000099,
					"end":	4.000454,
					"seconds":	1.0003550052642822,
					"bytes":	131072,
					"bits_per_second":	1048203.8821038121,
					"retransmits":	2,
					"snd_cwnd":	17376,
					"snd_wnd":	374912,
					"rtt":	101085,
					"rttvar":	5916,
					"pmtu":	1500,
					"omitted":	false,
					"sender":	true
				}],
			"sum":	{
				"start":	3.000099,
				"end":	4.000454,
				"seconds":	1.0003550052642822,
				"bytes":	131072,
				"bits_per_second":	1048203.8821038121,
				"retransmits":	2,
				"omitted":	false,
				"sender":	true
			}
		}, {
			"streams":	[{
					"socket":	5,
					"start":	4.000454,
					"end":	5.00055,
					"seconds":	1.0000959634780884,
					"bytes":	0,
					"bits_per_second":	0,
					"retransmits":	8,
					"snd_cwnd":	7240,
					"snd_wnd":	373504,
					"rtt":	100783,
					"rttvar":	6242,
					"pmtu":	1500,
					"omitted":	false,
					"sender":	true
				}],
			"sum":	{
				"start":	4.000454,
				"end":	5.00055,
				"seconds":	1.0000959634780884,
				"bytes":	0,
				"bits_per_second":	0,
				"retransmits":	8,
				"omitted":	false,
				"sender":	true
			}
		}, {
			"streams":	[{
					"socket":	5,
					"start":	5.00055,
					"end":	6.000559,
					"seconds":	1.0000089406967163,
					"bytes":	131072,
					"bits_per_second":	1048566.6250838183,
					"retransmits":	2,
					"snd_cwnd":	7240,
					"snd_wnd":	363264,
					"rtt":	98536,
					"rttvar":	1806,
					"pmtu":	1500,
					"omitted":	false,
					"sender":	true
				}],
			"sum":	{
				"start":	5.00055,
				"end":	6.000559,
				"seconds":	1.0000089406967163,
				"bytes":	131072,
				"bits_per_second":	1048566.6250838183,
				"retransmits":	2,
				"omitted":	false,
				"sender":	true
			}
		}, {
			"streams":	[{
					"socket":	5,
					"start":	6.000559,
					"end":	7.000138,
					"seconds":	0.99957901239395142,
					"bytes":	0,
					"bits_per_second":	0,
					"retransmits":	3,
					"snd_cwnd":	7240,
					"snd_wnd":	374912,
					"rtt":	110776,
					"rttvar":	15698,
					"pmtu":	1500,
					"omitted":	false,
					"sender":	true
				}],
			"sum":	{
				"start":	6.000559,
				"end":	7.000138,
				"seconds":	0.99957901239395142,
				"bytes":	0,
				"bits_per_second":	0,
				"retransmits":	3,
				"omitted":	false,
				"sender":	true
			}
		}, {
			"streams":	[{
					"socket":	5,
					"start":	7.000138,
					"end":	8.000572,
					"seconds":	1.0004340410232544,
					"bytes":	131072,
					"bits_per_second":	1048121.0724572162,
					"retransmits":	2,
					"snd_cwnd":	10136,
					"snd_wnd":	373504,
					"rtt":	107716,
					"rttvar":	15742,
					"pmtu":	1500,
					"omitted":	false,
					"sender":	true
				}],
			"sum":	{
				"start":	7.000138,
				"end":	8.000572,
				"seconds":	1.0004340410232544,
				"bytes":	131072,
				"bits_per_second":	1048121.0724572162,
				"retransmits":	2,
				"omitted":	false,
				"sender":	true
			}
		}, {
			"streams":	[{
					"socket":	5,
					"start":	8.000572,
					"end":	9.000512,
					"seconds":	0.99993997812271118,
					"bytes":	131072,
					"bits_per_second":	1048638.9412778537,
					"retransmits":	2,
					"snd_cwnd":	11584,
					"snd_wnd":	374912,
					"rtt":	100191,
					"rttvar":	2982,
					"pmtu":	1500,
					"omitted":	false,
					"sender":	true
				}],
			"sum":	{
				"start":	8.000572,
				"end":	9.000512,
				"seconds":	0.99993997812271118,
				"bytes":	131072,
				"bits_per_second":	1048638.9412778537,
				"retransmits":	2,
				"omitted":	false,
				"sender":	true
			}
		}, {
			"streams":	[{
					"socket":	5,
					"start":	9.000512,
					"end":	10.000569,
					"seconds":	1.0000569820404053,
					"bytes":	0,
					"bits_per_second":	0,
					"retransmits":	5,
					"snd_cwnd":	7240,
					"snd_wnd":	374912,
					"rtt":	103736,
					"rttvar":	11861,
					"pmtu":	1500,
					"omitted":	false,
					"sender":	true
				}],
			"sum":	{
				"start":	9.000512,
				"end":	10.000569,
				"seconds":	1.0000569820404053,
				"bytes":	0,
				"bits_per_second":	0,
				"retransmits":	5,
				"omitted":	false,
				"sender":	true
			}
		}, {
			"streams":	[{
					"socket":	5,
					"start":	10.000569,
					"end":	11.000567,
					"seconds":	0.99999797344207764,
					"bytes":	131072,
					"bits_per_second":	1048578.1250043064,
					"retransmits":	1,
					"snd_cwnd":	11584,
					"snd_wnd":	374912,
					"rtt":	107280,
					"rttvar":	14292,
					"pmtu":	1500,
					"omitted":	false,
					"sender":	true
				}],
			"sum":	{
				"start":	10.000569,
				"end":	11.000567,
				"seconds":	0.99999797344207764,
				"bytes":	131072,
				"bits_per_second":	1048578.1250043064,
				"retransmits":	1,
				"omitted":	false,
				"sender":	true
			}
		}, {
			"streams":	[{
					"socket":	5,
					"start":	11.000567,
					"end":	12.000647,
					"seconds":	1.0000799894332886,
					"bytes":	131072,
					"bits_per_second":	1048492.1317085772,
					"retransmits":	2,
					"snd_cwnd":	11584,
					"snd_wnd":	374912,
					"rtt":	100518,
					"rttvar":	6027,
					"pmtu":	1500,
					"omitted":	false,
					"sender":	true
				}],
			"sum":	{
				"start":	11.000567,
				"end":	12.000647,
				"seconds":	1.0000799894332886,
				"bytes":	131072,
				"bits_per_second":	1048492.1317085772,
				"retransmits":	2,
				"omitted":	false,
				"sender":	true
			}
		}, {
			"streams":	[{
					"socket":	5,