{
	"start":	{
		"connected":	[{
				"socket":	5,
				"local_host":	"172.20.171.186",
				"local_port":	48746,
				"remote_host":	"54.227.41.78",
				"remote_port":	5201
			}],
		"version":	"iperf 3.16",
		"system_info":	"Linux DESKTOP-OR35M89 6.18.33.1-microsoft-standard-WSL2 #1 SMP PREEMPT_DYNAMIC Fri Jun  5 01:12:21 UTC 2026 x86_64",
		"timestamp":	{
			"time":	"Thu, 25 Jun 2026 23:25:34 GMT",
			"timesecs":	1782429934
		},
		"connecting_to":	{
			"host":	"54.227.41.78",
			"port":	5201
		},
		"cookie":	"yqv7j6xcyjfm2i4sslhbiw5c75fex2tbqf4n",
		"tcp_mss_default":	1448,
		"target_bitrate":	100000000,
		"fq_rate":	0,
		"sock_bufsize":	0,
		"sndbuf_actual":	16384,
		"rcvbuf_actual":	131072,
		"test_start":	{
			"protocol":	"TCP",
			"num_streams":	1,
			"blksize":	131072,
			"omit":	0,
			"duration":	30,
			"bytes":	0,
			"blocks":	0,
			"reverse":	0,
			"tos":	0,
			"target_bitrate":	100000000,
			"bidir":	0,
			"fqrate":	0
		}
	},
	"intervals":	[{
			"streams":	[{
					"socket":	5,
					"start":	0,
					"end":	1.000125,
					"seconds":	1.0001250505447388,
					"bytes":	524288,
					"bits_per_second":	4193779.56558081,
					"retransmits":	16,
					"snd_cwnd":	21720,
					"snd_wnd":	228736,
					"rtt":	100887,
					"rttvar":	5197,
					"pmtu":	1500,
					"omitted":	false,
					"sender":	true
				}],
			"sum":	{
				"start":	0,
				"end":	1.000125,
				"seconds":	1.0001250505447388,
				"bytes":	524288,
				"bits_per_second":	4193779.56558081,
				"retransmits":	16,
				"omitted":	false,
				"sender":	true
			}
		}, {
			"streams":	[{
					"socket":	5,
					"start":	1.000125,
					"end":	2.000081,
					"seconds":	0.99995601177215576,
					"bytes":	131072,
					"bits_per_second":	1048622.1270290462,
					"retransmits":	4,
					"snd_cwnd":	14480,
					"snd_wnd":	230144,
					"rtt":	105739,
					"rttvar":	10009,
					"pmtu":	1500,
					"omitted":	false,
					"sender":	true
				}],
			"sum":	{
				"start":	1.000125,
				"end":	2.000081,
				"seconds":	0.99995601177215576,
				"bytes":	131072,
				"bits_per_second":	1048622.1270290462,
				"retransmits":	4,
				"omitted":	false,
				"sender":	true
			}
		}, {
			"streams":	[{
					"socket":	5,
					"start":	2.000081,
					"end":	3.000335,
					"seconds":	1.0002540349960327,
					"bytes":	262144,
					"bits_per_second":	2096619.3853027725,
					"retransmits":	2,
					"snd_cwnd":	14480,
					"snd_wnd":	230144,
					"rtt":	103680,
					"rttvar":	8654,
					"pmtu":	1500,
					"omitted":	false,
					"sender":	true
				}],
			"sum":	{
				"start":	2.000081,
				"end":	3.000335,
				"seconds":	1.0002540349960327,
				"bytes":	262144,
				"bits_per_second":	2096619.3853027725,
				"retransmits":	2,
				"omitted":	false,
				"sender":	true
			}
		}, {
			"streams":	[{
					"socket":	5,
					"start":	3.000335,
					"end":	4.000073,
					"seconds":	0.99973797798156738,
					"bytes":	0,
					"bits_per_second":	0,
					"retransmits":	7,
					"snd_cwnd":	4344,
					"snd_wnd":	230144,
					"rtt":	102480,
					"rttvar":	8927,
					"pmtu":	1500,
					"omitted":	false,
					"sender":	true
				}],
			"sum":	{
				"start":	3.000335,
				"end":	4.000073,
				"seconds":	0.99973797798156738,
				"bytes":	0,
				"bits_per_second":	0,
				"retransmits":	7,
				"omitted":	false,
				"sender":	true
			}
		}, {
			"streams":	[{
					"socket":	5,
					"start":	4.000073,
					"end":	5.000119,
					"seconds":	1.0000460147857666,
					"bytes":	131072,
					"bits_per_second":	1048527.7522201112,
					"retransmits":	2,
					"snd_cwnd":	5792,
					"snd_wnd":	219776,
					"rtt":	101322,
					"rttvar":	6771,
					"pmtu":	1500,
					"omitted":	false,
					"sender":	true
				}],
			"sum":	{
				"start":	4.000073,
				"end":	5.000119,
				"seconds":	1.0000460147857666,
				"bytes":	131072,
				"bits_per_second":	1048527.7522201112,
				"retransmits":	2,
				"omitted":	false,
				"sender":	true
			}
		}, {
			"streams":	[{
					"socket":	5,
					"start":	5.000119,
					"end":	6.000536,
					"seconds":	1.0004169940948486,
					"bytes":	0,
					"bits_per_second":	0,
					"retransmits":	2,
					"snd_cwnd":	4344,
					"snd_wnd":	230144,
					"rtt":	105786,
					"rttvar":	13868,
					"pmtu":	1500,
					"omitted":	false,
					"sender":	true
				}],
			"sum":	{
				"start":	5.000119,
				"end":	6.000536,
				"seconds":	1.0004169940948486,
				"bytes":	0,
				"bits_per_second":	0,
				"retransmits":	2,
				"omitted":	false,
				"sender":	true
			}
		}, {
			"streams":	[{
					"socket":	5,
					"start":	6.000536,
					"end":	7.000483,
					"seconds":	0.99994701147079468,
					"bytes":	0,
					"bits_per_second":	0,
					"retransmits":	6,
					"snd_cwnd":	1448,
					"snd_wnd":	230144,
					"rtt":	105818,
					"rttvar":	15177,
					"pmtu":	1500,
					"omitted":	false,
					"sender":	true
				}],
			"sum":	{
				"start":	6.000536,
				"end":	7.000483,
				"seconds":	0.99994701147079468,
				"bytes":	0,
				"bits_per_second":	0,
				"retransmits":	6,
				"omitted":	false,
				"sender":	true
			}
		}, {
			"streams":	[{
					"socket":	5,
					"start":	7.000483,
					"end":	8.000525,
					"seconds":	1.0000419616699219,
					"bytes":	0,
					"bits_per_second":	0,
					"retransmits":	4,
					"snd_cwnd":	5792,
					"snd_wnd":	228736,
					"rtt":	99538,
					"rttvar":	4367,
					"pmtu":	1500,
					"omitted":	false,
					"sender":	true
				}],
			"sum":	{
				"start":	7.000483,
				"end":	8.000525,
				"seconds":	1.0000419616699219,
				"bytes":	0,
				"bits_per_second":	0,
				"retransmits":	4,
				"omitted":	false,
				"sender":	true
			}
		}, {
			"streams":	[{
					"socket":	5,
					"start":	8.000525,
					"end":	9.000105,
					"seconds":	0.9995800256729126,
					"bytes":	0,
					"bits_per_second":	0,
					"retransmits":	4,
					"snd_cwnd":	4344,
					"snd_wnd":	228736,
					"rtt":	100685,
					"rttvar":	6099,
					"pmtu":	1500,
					"omitted":	false,
					"sender":	true
				}],
			"sum":	{
				"start":	8.000525,
				"end":	9.000105,
				"seconds":	0.9995800256729126,
				"bytes":	0,
				"bits_per_second":	0,
				"retransmits":	4,
				"omitted":	false,
				"sender":	true
			}
		}, {
			"streams":	[{
					"socket":	5,
					"start":	9.000105,
					"end":	10.000511,
					"seconds":	1.00040602684021,
					"bytes":	131072,
					"bits_per_second":	1048150.4227957675,
					"retransmits":	1,
					"snd_cwnd":	7240,
					"snd_wnd":	230144,
					"rtt":	108150,
					"rttvar":	15517,
					"pmtu":	1500,
					"omitted":	false,
					"sender":	true
				}],
			"sum":	{
				"start":	9.000105,
				"end":	10.000511,
				"seconds":	1.00040602684021,
				"bytes":	131072,
				"bits_per_second":	1048150.4227957675,
				"retransmits":	1,
				"omitted":	false,
				"sender":	true
			}
		}, {
			"streams":	[{
					"socket":	5,
					"start":	10.000511,
					"end":	11.000467,
					"seconds":	0.99995601177215576,
					"bytes":	0,
					"bits_per_second":	0,
					"retransmits":	5,
					"snd_cwnd":	4344,
					"snd_wnd":	224896,
					"rtt":	98058,
					"rttvar":	1729,
					"pmtu":	1500,
					"omitted":	false,
					"sender":	true
				}],
			"sum":	{
				"start":	10.000511,
				"end":	11.000467,
				"seconds":	0.99995601177215576,
				"bytes":	0,
				"bits_per_second":	0,
				"retransmits":	5,
				"omitted":	false,
				"sender":	true
			}
		}, {
			"streams":	[{
					"socket":	5,
					"start":	11.000467,
					"end":	12.00055,
					"seconds":	1.0000829696655273,
					"bytes":	0,
					"bits_per_second":	0,
					"retransmits":	3,
					"snd_cwnd":	4344,
					"snd_wnd":	228736,
					"rtt":	101349,
					"rttvar":	6861,
					"pmtu":	1500,
					"omitted":	false,
					"sender":	true
				}],
			"sum":	{
				"start":	11.000467,
				"end":	12.00055,
				"seconds":	1.0000829696655273,
				"bytes":	0,
				"bits_per_second":	0,
				"retransmits":	3,
				"omitted":	false,
				"sender":	true
			}
		}, {
			"streams":	[{
					"socket":	5,
					"start":	12.00055,
					"end":	13.000507,
					"seconds":	0.999957025051117,
					"bytes":	0,
					"bits_per_second":	0,
					"retransmits":	4,
					"snd_cwnd":	2896,