{
	"start":	{
		"connected":	[{
				"socket":	5,
				"local_host":	"172.20.171.186",
				"local_port":	47000,
				"remote_host":	"54.227.41.78",
				"remote_port":	5201
			}],
		"version":	"iperf 3.16",
		"system_info":	"Linux DESKTOP-OR35M89 6.18.33.1-microsoft-standard-WSL2 #1 SMP PREEMPT_DYNAMIC Fri Jun  5 01:12:21 UTC 2026 x86_64",
		"timestamp":	{
			"time":	"Thu, 25 Jun 2026 22:55:38 GMT",
			"timesecs":	1782428138
		},
		"connecting_to":	{
			"host":	"54.227.41.78",
			"port":	5201
		},
		"cookie":	"27t6jsict4xg6ekay6meuzrt6ike7yxu6wop",
		"tcp_mss_default":	1448,
		"target_bitrate":	100000000,
		"fq_rate":	0,
		"sock_bufsize":	0,
		"sndbuf_actual":	16384,
		"rcvbuf_actual":	131072,
		"test_start":	{
			"protocol":	"TCP",
			"num_streams":	1,
			"blksize":	131072,
			"omit":	0,
			"duration":	30,
			"bytes":	0,
			"blocks":	0,
			"reverse":	0,
			"tos":	0,
			"target_bitrate":	100000000,
			"bidir":	0,
			"fqrate":	0
		}
	},
	"intervals":	[{
			"streams":	[{
					"socket":	5,
					"start":	0,
					"end":	1.000118,
					"seconds":	1.0001180171966553,
					"bytes":	917504,
					"bits_per_second":	7339165.8522203332,
					"retransmits":	12,
					"snd_cwnd":	34752,
					"snd_wnd":	392832,
					"rtt":	102671,
					"rttvar":	5964,
					"pmtu":	1500,
					"omitted":	false,
					"sender":	true
				}],
			"sum":	{
				"start":	0,
				"end":	1.000118,
				"seconds":	1.0001180171966553,
				"bytes":	917504,
				"bits_per_second":	7339165.8522203332,
				"retransmits":	12,
				"omitted":	false,
				"sender":	true
			}
		}, {
			"streams":	[{
					"socket":	5,
					"start":	1.000118,
					"end":	2.000487,
					"seconds":	1.00036895275116,
					"bytes":	131072,
					"bits_per_second":	1048189.2676859512,
					"retransmits":	13,
					"snd_cwnd":	13032,
					"snd_wnd":	392960,
					"rtt":	101782,
					"rttvar":	2514,
					"pmtu":	1500,
					"omitted":	false,
					"sender":	true
				}],
			"sum":	{
				"start":	1.000118,
				"end":	2.000487,
				"seconds":	1.00036895275116,
				"bytes":	131072,
				"bits_per_second":	1048189.2676859512,
				"retransmits":	13,
				"omitted":	false,
				"sender":	true
			}
		}, {
			"streams":	[{
					"socket":	5,
					"start":	2.000487,
					"end":	3.00015,
					"seconds":	0.99966299533844,
					"bytes":	262144,
					"bits_per_second":	2097858.9882583385,
					"retransmits":	2,
					"snd_cwnd":	13032,
					"snd_wnd":	392832,
					"rtt":	102542,
					"rttvar":	7009,
					"pmtu":	1500,
					"omitted":	false,
					"sender":	true
				}],
			"sum":	{
				"start":	2.000487,
				"end":	3.00015,
				"seconds":	0.99966299533844,
				"bytes":	262144,
				"bits_per_second":	2097858.9882583385,
				"retransmits":	2,
				"omitted":	false,
				"sender":	true
			}
		}, {
			"streams":	[{
					"socket":	5,
					"start":	3.00015,
					"end":	4.000508,
					"seconds":	1.000357985496521,
					"bytes":	0,
					"bits_per_second":	0,
					"retransmits":	0,
					"snd_cwnd":	20272,
					"snd_wnd":	394368,
					"rtt":	99860,
					"rttvar":	1498,
					"pmtu":	1500,
					"omitted":	false,
					"sender":	true
				}],
			"sum":	{
				"start":	3.00015,
				"end":	4.000508,
				"seconds":	1.000357985496521,
				"bytes":	0,
				"bits_per_second":	0,
				"retransmits":	0,
				"omitted":	false,
				"sender":	true
			}
		}, {
			"streams":	[{
					"socket":	5,
					"start":	4.000508,
					"end":	5.000447,
					"seconds":	0.99993902444839478,
					"bytes":	262144,
					"bits_per_second":	2097279.8827977241,
					"retransmits":	4,
					"snd_cwnd":	11584,
					"snd_wnd":	394368,
					"rtt":	105000,
					"rttvar":	9876,
					"pmtu":	1500,
					"omitted":	false,
					"sender":	true
				}],
			"sum":	{
				"start":	4.000508,
				"end":	5.000447,
				"seconds":	0.99993902444839478,
				"bytes":	262144,
				"bits_per_second":	2097279.8827977241,
				"retransmits":	4,
				"omitted":	false,
				"sender":	true
			}
		}, {
			"streams":	[{
					"socket":	5,
					"start":	5.000447,
					"end":	6.000573,
					"seconds":	1.0001260042190552,
					"bytes":	0,
					"bits_per_second":	0,
					"retransmits":	3,
					"snd_cwnd":	5792,
					"snd_wnd":	394368,
					"rtt":	106725,
					"rttvar":	12663,
					"pmtu":	1500,
					"omitted":	false,
					"sender":	true
				}],
			"sum":	{
				"start":	5.000447,
				"end":	6.000573,
				"seconds":	1.0001260042190552,
				"bytes":	0,
				"bits_per_second":	0,
				"retransmits":	3,
				"omitted":	false,
				"sender":	true
			}
		}, {
			"streams":	[{
					"socket":	5,
					"start":	6.000573,
					"end":	7.000151,
					"seconds":	0.99957799911499023,
					"bytes":	0,
					"bits_per_second":	0,
					"retransmits":	2,
					"snd_cwnd":	7240,
					"snd_wnd":	392832,
					"rtt":	111583,
					"rttvar":	20768,
					"pmtu":	1500,
					"omitted":	false,
					"sender":	true
				}],
			"sum":	{
				"start":	6.000573,
				"end":	7.000151,
				"seconds":	0.99957799911499023,
				"bytes":	0,
				"bits_per_second":	0,
				"retransmits":	2,
				"omitted":	false,
				"sender":	true
			}
		}, {
			"streams":	[{
					"socket":	5,
					"start":	7.000151,
					"end":	8.000124,
					"seconds":	0.99997299909591675,
					"bytes":	262144,
					"bits_per_second":	2097208.6265289676,
					"retransmits":	6,
					"snd_cwnd":	4344,
					"snd_wnd":	392832,
					"rtt":	109005,
					"rttvar":	15782,
					"pmtu":	1500,
					"omitted":	false,
					"sender":	true
				}],
			"sum":	{
				"start":	7.000151,
				"end":	8.000124,
				"seconds":	0.99997299909591675,
				"bytes":	262144,
				"bits_per_second":	2097208.6265289676,
				"retransmits":	6,
				"omitted":	false,
				"sender":	true
			}
		}, {
			"streams":	[{
					"socket":	5,
					"start":	8.000124,
					"end":	9.000167,
					"seconds":	1.0000430345535278,
					"bytes":	0,
					"bits_per_second":	0,
					"retransmits":	0,
					"snd_cwnd":	11584,
					"snd_wnd":	394368,
					"rtt":	108637,
					"rttvar":	11639,
					"pmtu":	1500,
					"omitted":	false,
					"sender":	true
				}],
			"sum":	{
				"start":	8.000124,
				"end":	9.000167,
				"seconds":	1.0000430345535278,
				"bytes":	0,
				"bits_per_second":	0,
				"retransmits":	0,
				"omitted":	false,
				"sender":	true
			}
		}, {
			"streams":	[{
					"socket":	5,
					"start":	9.000167,
					"end":	10.000474,
					"seconds":	1.0003069639205933,
					"bytes":	0,
					"bits_per_second":	0,
					"retransmits":	3,
					"snd_cwnd":	8688,
					"snd_wnd":	394368,
					"rtt":	110154,
					"rttvar":	18235,
					"pmtu":	1500,
					"omitted":	false,
					"sender":	true
				}],
			"sum":	{
				"start":	9.000167,
				"end":	10.000474,
				"seconds":	1.0003069639205933,
				"bytes":	0,
				"bits_per_second":	0,
				"retransmits":	3,
				"omitted":	false,
				"sender":	true
			}
		}, {
			"streams":	[{
					"socket":	5,
					"start":	10.000474,
					"end":	11.000479,
					"seconds":	1.0000050067901611,
					"bytes":	0,
					"bits_per_second":	0,
					"retransmits":	2,
					"snd_cwnd":	10136,
					"snd_wnd":	394368,
					"rtt":	105290,
					"rttvar":	11356,
					"pmtu":	1500,
					"omitted":	false,
					"sender":	true
				}],
			"sum":	{
				"start":	10.000474,
				"end":	11.000479,
				"seconds":	1.0000050067901611,
				"bytes":	0,
				"bits_per_second":	0,
				"retransmits":	2,
				"omitted":	false,
				"sender":	true
			}
		}, {
			"streams":	[{
					"socket":	5,
					"start":	11.000479,
					"end":	12.000498,
					"seconds":	1.0000189542770386,
					"bytes":	262144,
					"bits_per_second":	2097112.2507534183,
					"retransmits":	5,
					"snd_cwnd":	2896,
					"snd_wnd":	392960,
					"rtt":	106163,
					"rttvar":	14346,
					"pmtu":	1500,
					"omitted":	false,
					"sender":	true
				}],
			"sum":	{
				"start":	11.000479,
				"end":	12.000498,
				"seconds":	1.0000189542770386,
				"bytes":	262144,
				"bits_per_second":	2097112.2507534183,
				"retransmits":	5,
				"omitted":	false,
				"sender":	true
			}
		}, {
			"streams":	[{
					"socket":	5,
					"start":	12.000498,
					"end":	13.000118,
					"seconds":	0.999620020389557,
					"bytes":	0,
					"bits_per_second":	0,