{
	"start":	{
		"connected":	[{
				"socket":	5,
				"local_host":	"172.20.171.186",
				"local_port":	52802,
				"remote_host":	"54.227.41.78",
				"remote_port":	5201
			}],
		"version":	"iperf 3.16",
		"system_info":	"Linux DESKTOP-OR35M89 6.18.33.1-microsoft-standard-WSL2 #1 SMP PREEMPT_DYNAMIC Fri Jun  5 01:12:21 UTC 2026 x86_64",
		"timestamp":	{
			"time":	"Thu, 25 Jun 2026 22:33:46 GMT",
			"timesecs":	1782426826
		},
		"connecting_to":	{
			"host":	"54.227.41.78",
			"port":	5201
		},
		"cookie":	"hcjeiuihdeprxij3qo5exsdlmdepeq5jw2oi",
		"tcp_mss_default":	1448,
		"target_bitrate":	100000000,
		"fq_rate":	0,
		"sock_bufsize":	0,
		"sndbuf_actual":	16384,
		"rcvbuf_actual":	131072,
		"test_start":	{
			"protocol":	"TCP",
			"num_streams":	1,
			"blksize":	131072,
			"omit":	0,
			"duration":	30,
			"bytes":	0,
			"blocks":	0,
			"reverse":	0,
			"tos":	0,
			"target_bitrate":	100000000,
			"bidir":	0,
			"fqrate":	0
		}
	},
	"intervals":	[{
			"streams":	[{
					"socket":	5,
					"start":	0,
					"end":	1.000101,
					"seconds":	1.0001009702682495,
					"bytes":	1179648,
					"bits_per_second":	9436231.22120233,
					"retransmits":	9,
					"snd_cwnd":	63712,
					"snd_wnd":	866560,
					"rtt":	98041,
					"rttvar":	2241,
					"pmtu":	1500,
					"omitted":	false,
					"sender":	true
				}],
			"sum":	{
				"start":	0,
				"end":	1.000101,
				"seconds":	1.0001009702682495,
				"bytes":	1179648,
				"bits_per_second":	9436231.22120233,
				"retransmits":	9,
				"omitted":	false,
				"sender":	true
			}
		}, {
			"streams":	[{
					"socket":	5,
					"start":	1.000101,
					"end":	2.000524,
					"seconds":	1.0004229545593262,
					"bytes":	262144,
					"bits_per_second":	2096265.3750020852,
					"retransmits":	8,
					"snd_cwnd":	24616,
					"snd_wnd":	889600,
					"rtt":	101244,
					"rttvar":	5646,
					"pmtu":	1500,
					"omitted":	false,
					"sender":	true
				}],
			"sum":	{
				"start":	1.000101,
				"end":	2.000524,
				"seconds":	1.0004229545593262,
				"bytes":	262144,
				"bits_per_second":	2096265.3750020852,
				"retransmits":	8,
				"omitted":	false,
				"sender":	true
			}
		}, {
			"streams":	[{
					"socket":	5,
					"start":	2.000524,
					"end":	3.000144,
					"seconds":	0.999620020389557,
					"bytes":	262144,
					"bits_per_second":	2097949.1779113524,
					"retransmits":	2,
					"snd_cwnd":	23168,
					"snd_wnd":	889600,
					"rtt":	99990,
					"rttvar":	3030,
					"pmtu":	1500,
					"omitted":	false,
					"sender":	true
				}],
			"sum":	{
				"start":	2.000524,
				"end":	3.000144,
				"seconds":	0.999620020389557,
				"bytes":	262144,
				"bits_per_second":	2097949.1779113524,
				"retransmits":	2,
				"omitted":	false,
				"sender":	true
			}
		}, {
			"streams":	[{
					"socket":	5,
					"start":	3.000144,
					"end":	4.000478,
					"seconds":	1.0003340244293213,
					"bytes":	131072,
					"bits_per_second":	1048225.8669529912,
					"retransmits":	3,
					"snd_cwnd":	8688,
					"snd_wnd":	889600,
					"rtt":	109201,
					"rttvar":	16997,
					"pmtu":	1500,
					"omitted":	false,
					"sender":	true
				}],
			"sum":	{
				"start":	3.000144,
				"end":	4.000478,
				"seconds":	1.0003340244293213,
				"bytes":	131072,
				"bits_per_second":	1048225.8669529912,
				"retransmits":	3,
				"omitted":	false,
				"sender":	true
			}
		}, {
			"streams":	[{
					"socket":	5,
					"start":	4.000478,
					"end":	5.000099,
					"seconds":	0.99962097406387329,
					"bytes":	0,
					"bits_per_second":	0,
					"retransmits":	1,
					"snd_cwnd":	11584,
					"snd_wnd":	889600,
					"rtt":	107637,
					"rttvar":	13951,
					"pmtu":	1500,
					"omitted":	false,
					"sender":	true
				}],
			"sum":	{
				"start":	4.000478,
				"end":	5.000099,
				"seconds":	0.99962097406387329,
				"bytes":	0,
				"bits_per_second":	0,
				"retransmits":	1,
				"omitted":	false,
				"sender":	true
			}
		}, {
			"streams":	[{
					"socket":	5,
					"start":	5.000099,
					"end":	6.000151,
					"seconds":	1.0000519752502441,
					"bytes":	262144,
					"bits_per_second":	2097043.0056650077,
					"retransmits":	5,
					"snd_cwnd":	8688,
					"snd_wnd":	888064,
					"rtt":	102159,
					"rttvar":	8069,
					"pmtu":	1500,
					"omitted":	false,
					"sender":	true
				}],
			"sum":	{
				"start":	5.000099,
				"end":	6.000151,
				"seconds":	1.0000519752502441,
				"bytes":	262144,
				"bits_per_second":	2097043.0056650077,
				"retransmits":	5,
				"omitted":	false,
				"sender":	true
			}
		}, {
			"streams":	[{
					"socket":	5,
					"start":	6.000151,
					"end":	7.000182,
					"seconds":	1.0000309944152832,
					"bytes":	0,
					"bits_per_second":	0,
					"retransmits":	3,
					"snd_cwnd":	8688,
					"snd_wnd":	889600,
					"rtt":	106110,
					"rttvar":	12477,
					"pmtu":	1500,
					"omitted":	false,
					"sender":	true
				}],
			"sum":	{
				"start":	6.000151,
				"end":	7.000182,
				"seconds":	1.0000309944152832,
				"bytes":	0,
				"bits_per_second":	0,
				"retransmits":	3,
				"omitted":	false,
				"sender":	true
			}
		}, {
			"streams":	[{
					"socket":	5,
					"start":	7.000182,
					"end":	8.000099,
					"seconds":	0.999916970729828,
					"bytes":	0,
					"bits_per_second":	0,
					"retransmits":	2,
					"snd_cwnd":	10136,
					"snd_wnd":	889600,
					"rtt":	106770,
					"rttvar":	11981,
					"pmtu":	1500,
					"omitted":	false,
					"sender":	true
				}],
			"sum":	{
				"start":	7.000182,
				"end":	8.000099,
				"seconds":	0.999916970729828,
				"bytes":	0,
				"bits_per_second":	0,
				"retransmits":	2,
				"omitted":	false,
				"sender":	true
			}
		}, {
			"streams":	[{
					"socket":	5,
					"start":	8.000099,
					"end":	9.000143,
					"seconds":	1.0000439882278442,
					"bytes":	262144,
					"bits_per_second":	2097059.7540577354,
					"retransmits":	1,
					"snd_cwnd":	11584,
					"snd_wnd":	889600,
					"rtt":	98787,
					"rttvar":	693,
					"pmtu":	1500,
					"omitted":	false,
					"sender":	true
				}],
			"sum":	{
				"start":	8.000099,
				"end":	9.000143,
				"seconds":	1.0000439882278442,
				"bytes":	262144,
				"bits_per_second":	2097059.7540577354,
				"retransmits":	1,
				"omitted":	false,
				"sender":	true
			}
		}, {
			"streams":	[{
					"socket":	5,
					"start":	9.000143,
					"end":	10.000326,
					"seconds":	1.0001829862594604,
					"bytes":	0,
					"bits_per_second":	0,
					"retransmits":	0,
					"snd_cwnd":	17376,
					"snd_wnd":	889600,
					"rtt":	107228,
					"rttvar":	14689,
					"pmtu":	1500,
					"omitted":	false,
					"sender":	true
				}],
			"sum":	{
				"start":	9.000143,
				"end":	10.000326,
				"seconds":	1.0001829862594604,
				"bytes":	0,
				"bits_per_second":	0,
				"retransmits":	0,
				"omitted":	false,
				"sender":	true
			}
		}, {
			"streams":	[{
					"socket":	5,
					"start":	10.000326,
					"end":	11.000485,
					"seconds":	1.0001590251922607,
					"bytes":	262144,
					"bits_per_second":	2096818.553026469,
					"retransmits":	2,
					"snd_cwnd":	18824,
					"snd_wnd":	889600,
					"rtt":	103994,
					"rttvar":	9430,
					"pmtu":	1500,
					"omitted":	false,
					"sender":	true
				}],
			"sum":	{
				"start":	10.000326,
				"end":	11.000485,
				"seconds":	1.0001590251922607,
				"bytes":	262144,
				"bits_per_second":	2096818.553026469,
				"retransmits":	2,
				"omitted":	false,
				"sender":	true
			}
		}, {
			"streams":	[{
					"socket":	5,
					"start":	11.000485,
					"end":	12.000538,
					"seconds":	1.00005304813385,
					"bytes":	262144,
					"bits_per_second":	2097040.7559012917,
					"retransmits":	4,
					"snd_cwnd":	11584,
					"snd_wnd":	889600,
					"rtt":	104011,
					"rttvar":	9472,
					"pmtu":	1500,
					"omitted":	false,
					"sender":	true
				}],
			"sum":	{
				"start":	11.000485,
				"end":	12.000538,
				"seconds":	1.00005304813385,
				"bytes":	262144,
				"bits_per_second":	2097040.7559012917,
				"retransmits":	4,
				"omitted":	false,
				"sender":	true
			}
		}, {
			"streams":	[{
					"socket":	5,
					"start":	12.000538,
					"end":	13.000145,