{
	"start":	{
		"connected":	[{
				"socket":	5,
				"local_host":	"172.20.171.186",
				"local_port":	35628,
				"remote_host":	"54.227.41.78",
				"remote_port":	5201
			}],
		"version":	"iperf 3.16",
		"system_info":	"Linux DESKTOP-OR35M89 6.18.33.1-microsoft-standard-WSL2 #1 SMP PREEMPT_DYNAMIC Fri Jun  5 01:12:21 UTC 2026 x86_64",
		"timestamp":	{
			"time":	"Thu, 25 Jun 2026 23:40:39 GMT",
			"timesecs":	1782430839
		},
		"connecting_to":	{
			"host":	"54.227.41.78",
			"port":	5201
		},
		"cookie":	"i5oj2xqrqk5qnbfl2brwuhpbuh45no7q3u7b",
		"tcp_mss_default":	1448,
		"target_bitrate":	100000000,
		"fq_rate":	0,
		"sock_bufsize":	0,
		"sndbuf_actual":	16384,
		"rcvbuf_actual":	131072,
		"test_start":	{
			"protocol":	"TCP",
			"num_streams":	1,
			"blksize":	131072,
			"omit":	0,
			"duration":	30,
			"bytes":	0,
			"blocks":	0,
			"reverse":	0,
			"tos":	0,
			"target_bitrate":	100000000,
			"bidir":	0,
			"fqrate":	0
		}
	},
	"intervals":	[{
			"streams":	[{
					"socket":	5,
					"start":	0,
					"end":	1.000173,
					"seconds":	1.0001729726791382,
					"bytes":	262144,
					"bits_per_second":	2096789.3127349878,
					"retransmits":	17,
					"snd_cwnd":	11584,
					"snd_wnd":	147968,
					"rtt":	89122,
					"rttvar":	913,
					"pmtu":	1500,
					"omitted":	false,
					"sender":	true
				}],
			"sum":	{
				"start":	0,
				"end":	1.000173,
				"seconds":	1.0001729726791382,
				"bytes":	262144,
				"bits_per_second":	2096789.3127349878,
				"retransmits":	17,
				"omitted":	false,
				"sender":	true
			}
		}, {
			"streams":	[{
					"socket":	5,
					"start":	1.000173,
					"end":	2.000111,
					"seconds":	0.99993801116943359,
					"bytes":	131072,
					"bits_per_second":	1048641.0040295238,
					"retransmits":	9,
					"snd_cwnd":	2896,
					"snd_wnd":	146560,
					"rtt":	99826,
					"rttvar":	21484,
					"pmtu":	1500,
					"omitted":	false,
					"sender":	true
				}],
			"sum":	{
				"start":	1.000173,
				"end":	2.000111,
				"seconds":	0.99993801116943359,
				"bytes":	131072,
				"bits_per_second":	1048641.0040295238,
				"retransmits":	9,
				"omitted":	false,
				"sender":	true
			}
		}, {
			"streams":	[{
					"socket":	5,
					"start":	2.000111,
					"end":	3.000149,
					"seconds":	1.0000380277633667,
					"bytes":	0,
					"bits_per_second":	0,
					"retransmits":	3,
					"snd_cwnd":	2896,
					"snd_wnd":	146688,
					"rtt":	95356,
					"rttvar":	13737,
					"pmtu":	1500,
					"omitted":	false,
					"sender":	true
				}],
			"sum":	{
				"start":	2.000111,
				"end":	3.000149,
				"seconds":	1.0000380277633667,
				"bytes":	0,
				"bits_per_second":	0,
				"retransmits":	3,
				"omitted":	false,
				"sender":	true
			}
		}, {
			"streams":	[{
					"socket":	5,
					"start":	3.000149,
					"end":	4.00011,
					"seconds":	0.999961018562317,
					"bytes":	0,
					"bits_per_second":	0,
					"retransmits":	2,
					"snd_cwnd":	1448,
					"snd_wnd":	149376,
					"rtt":	103672,
					"rttvar":	28461,
					"pmtu":	1500,
					"omitted":	false,
					"sender":	true
				}],
			"sum":	{
				"start":	3.000149,
				"end":	4.00011,
				"seconds":	0.999961018562317,
				"bytes":	0,
				"bits_per_second":	0,
				"retransmits":	2,
				"omitted":	false,
				"sender":	true
			}
		}, {
			"streams":	[{
					"socket":	5,
					"start":	4.00011,
					"end":	5.000187,
					"seconds":	1.00007700920105,
					"bytes":	0,
					"bits_per_second":	0,
					"retransmits":	2,
					"snd_cwnd":	5792,
					"snd_wnd":	147968,
					"rtt":	89538,
					"rttvar":	2309,
					"pmtu":	1500,
					"omitted":	false,
					"sender":	true
				}],
			"sum":	{
				"start":	4.00011,
				"end":	5.000187,
				"seconds":	1.00007700920105,
				"bytes":	0,
				"bits_per_second":	0,
				"retransmits":	2,
				"omitted":	false,
				"sender":	true
			}
		}, {
			"streams":	[{
					"socket":	5,
					"start":	5.000187,
					"end":	6.000442,
					"seconds":	1.0002549886703491,
					"bytes":	0,
					"bits_per_second":	0,
					"retransmits":	4,
					"snd_cwnd":	4344,
					"snd_wnd":	149376,
					"rtt":	103812,
					"rttvar":	28051,
					"pmtu":	1500,
					"omitted":	false,
					"sender":	true
				}],
			"sum":	{
				"start":	5.000187,
				"end":	6.000442,
				"seconds":	1.0002549886703491,
				"bytes":	0,
				"bits_per_second":	0,
				"retransmits":	4,
				"omitted":	false,
				"sender":	true
			}
		}, {
			"streams":	[{
					"socket":	5,
					"start":	6.000442,
					"end":	7.000112,
					"seconds":	0.99967002868652344,
					"bytes":	131072,
					"bits_per_second":	1048922.11420776,
					"retransmits":	4,
					"snd_cwnd":	2896,
					"snd_wnd":	146560,
					"rtt":	103529,
					"rttvar":	26153,
					"pmtu":	1500,
					"omitted":	false,
					"sender":	true
				}],
			"sum":	{
				"start":	6.000442,
				"end":	7.000112,
				"seconds":	0.99967002868652344,
				"bytes":	131072,
				"bits_per_second":	1048922.11420776,
				"retransmits":	4,
				"omitted":	false,
				"sender":	true
			}
		}, {
			"streams":	[{
					"socket":	5,
					"start":	7.000112,
					"end":	8.000203,
					"seconds":	1.0000909566879272,
					"bytes":	0,
					"bits_per_second":	0,
					"retransmits":	2,
					"snd_cwnd":	1448,
					"snd_wnd":	149376,
					"rtt":	108461,
					"rttvar":	34296,
					"pmtu":	1500,
					"omitted":	false,
					"sender":	true
				}],
			"sum":	{
				"start":	7.000112,
				"end":	8.000203,
				"seconds":	1.0000909566879272,
				"bytes":	0,
				"bits_per_second":	0,
				"retransmits":	2,
				"omitted":	false,
				"sender":	true
			}
		}, {
			"streams":	[{
					"socket":	5,
					"start":	8.000203,
					"end":	9.000112,
					"seconds":	0.999908983707428,
					"bytes":	0,
					"bits_per_second":	0,
					"retransmits":	2,
					"snd_cwnd":	1448,
					"snd_wnd":	147968,
					"rtt":	98338,
					"rttvar":	19542,
					"pmtu":	1500,
					"omitted":	false,
					"sender":	true
				}],
			"sum":	{
				"start":	8.000203,
				"end":	9.000112,
				"seconds":	0.999908983707428,
				"bytes":	0,
				"bits_per_second":	0,
				"retransmits":	2,
				"omitted":	false,
				"sender":	true
			}
		}, {
			"streams":	[{
					"socket":	5,
					"start":	9.000112,
					"end":	10.000448,
					"seconds":	1.0003360509872437,
					"bytes":	0,
					"bits_per_second":	0,
					"retransmits":	4,
					"snd_cwnd":	4344,
					"snd_wnd":	147968,
					"rtt":	91406,
					"rttvar":	7500,
					"pmtu":	1500,
					"omitted":	false,
					"sender":	true
				}],
			"sum":	{
				"start":	9.000112,
				"end":	10.000448,
				"seconds":	1.0003360509872437,
				"bytes":	0,
				"bits_per_second":	0,
				"retransmits":	4,
				"omitted":	false,
				"sender":	true
			}
		}, {
			"streams":	[{
					"socket":	5,
					"start":	10.000448,
					"end":	11.000198,
					"seconds":	0.999750018119812,
					"bytes":	0,
					"bits_per_second":	0,
					"retransmits":	1,
					"snd_cwnd":	7240,
					"snd_wnd":	149376,
					"rtt":	97976,
					"rttvar":	13412,
					"pmtu":	1500,
					"omitted":	false,
					"sender":	true
				}],
			"sum":	{
				"start":	10.000448,
				"end":	11.000198,
				"seconds":	0.999750018119812,
				"bytes":	0,
				"bits_per_second":	0,
				"retransmits":	1,
				"omitted":	false,
				"sender":	true
			}
		}, {
			"streams":	[{
					"socket":	5,
					"start":	11.000198,
					"end":	12.000344,
					"seconds":	1.0001460313797,
					"bytes":	131072,
					"bits_per_second":	1048422.89735779,
					"retransmits":	6,
					"snd_cwnd":	2896,
					"snd_wnd":	147968,
					"rtt":	93864,
					"rttvar":	11035,
					"pmtu":	1500,
					"omitted":	false,
					"sender":	true
				}],
			"sum":	{
				"start":	11.000198,
				"end":	12.000344,
				"seconds":	1.0001460313797,
				"bytes":	131072,
				"bits_per_second":	1048422.89735779,
				"retransmits":	6,
				"omitted":	false,
				"sender":	true
			}
		}, {
			"streams":	[{
					"socket":	5,
					"start":	12.000344,
					"end":	13.000455,
					"seconds":	1.0001109838485718,
					"bytes":	0,
					"bits_per_second":	0,
					"retransmits":	4,
					"snd_cwnd":	1448,
					"snd_wnd":	146688,
					"rtt":	96161,
					"rttvar":	13433,