{
	"start":	{
		"connected":	[{
				"socket":	5,
				"local_host":	"172.20.171.186",
				"local_port":	46224,
				"remote_host":	"54.227.41.78",
				"remote_port":	5201
			}],
		"version":	"iperf 3.16",
		"system_info":	"Linux DESKTOP-OR35M89 6.18.33.1-microsoft-standard-WSL2 #1 SMP PREEMPT_DYNAMIC Fri Jun  5 01:12:21 UTC 2026 x86_64",
		"timestamp":	{
			"time":	"Thu, 25 Jun 2026 21:52:53 GMT",
			"timesecs":	1782424373
		},
		"connecting_to":	{
			"host":	"54.227.41.78",
			"port":	5201
		},
		"cookie":	"nljri46t4bg32ot4xp5oyd2v23fn2maeg4zt",
		"tcp_mss_default":	1448,
		"target_bitrate":	100000000,
		"fq_rate":	0,
		"sock_bufsize":	0,
		"sndbuf_actual":	16384,
		"rcvbuf_actual":	131072,
		"test_start":	{
			"protocol":	"TCP",
			"num_streams":	1,
			"blksize":	131072,
			"omit":	0,
			"duration":	30,
			"bytes":	0,
			"blocks":	0,
			"reverse":	0,
			"tos":	0,
			"target_bitrate":	100000000,
			"bidir":	0,
			"fqrate":	0
		}
	},
	"intervals":	[{
			"streams":	[{
					"socket":	5,
					"start":	0,
					"end":	1.000555,
					"seconds":	1.0005550384521484,
					"bytes":	131072,
					"bits_per_second":	1047994.3228531833,
					"retransmits":	3,
					"snd_cwnd":	11584,
					"snd_wnd":	126208,
					"rtt":	107423,
					"rttvar":	12835,
					"pmtu":	1500,
					"omitted":	false,
					"sender":	true
				}],
			"sum":	{
				"start":	0,
				"end":	1.000555,
				"seconds":	1.0005550384521484,
				"bytes":	131072,
				"bits_per_second":	1047994.3228531833,
				"retransmits":	3,
				"omitted":	false,
				"sender":	true
			}
		}, {
			"streams":	[{
					"socket":	5,
					"start":	1.000555,
					"end":	2.000546,
					"seconds":	0.999990999698639,
					"bytes":	131072,
					"bits_per_second":	1048585.437584941,
					"retransmits":	0,
					"snd_cwnd":	18824,
					"snd_wnd":	126208,
					"rtt":	102969,
					"rttvar":	8820,
					"pmtu":	1500,
					"omitted":	false,
					"sender":	true
				}],
			"sum":	{
				"start":	1.000555,
				"end":	2.000546,
				"seconds":	0.999990999698639,
				"bytes":	131072,
				"bits_per_second":	1048585.437584941,
				"retransmits":	0,
				"omitted":	false,
				"sender":	true
			}
		}, {
			"streams":	[{
					"socket":	5,
					"start":	2.000546,
					"end":	3.000569,
					"seconds":	1.0000230073928833,
					"bytes":	131072,
					"bits_per_second":	1048551.8755550405,
					"retransmits":	7,
					"snd_cwnd":	11584,
					"snd_wnd":	134912,
					"rtt":	99599,
					"rttvar":	1478,
					"pmtu":	1500,
					"omitted":	false,
					"sender":	true
				}],
			"sum":	{
				"start":	2.000546,
				"end":	3.000569,
				"seconds":	1.0000230073928833,
				"bytes":	131072,
				"bits_per_second":	1048551.8755550405,
				"retransmits":	7,
				"omitted":	false,
				"sender":	true
			}
		}, {
			"streams":	[{
					"socket":	5,
					"start":	3.000569,
					"end":	4.000559,
					"seconds":	0.99998998641967773,
					"bytes":	131072,
					"bits_per_second":	1048586.5001051438,
					"retransmits":	0,
					"snd_cwnd":	18824,
					"snd_wnd":	136448,
					"rtt":	99721,
					"rttvar":	1586,
					"pmtu":	1500,
					"omitted":	false,
					"sender":	true
				}],
			"sum":	{
				"start":	3.000569,
				"end":	4.000559,
				"seconds":	0.99998998641967773,
				"bytes":	131072,
				"bits_per_second":	1048586.5001051438,
				"retransmits":	0,
				"omitted":	false,
				"sender":	true
			}
		}, {
			"streams":	[{
					"socket":	5,
					"start":	4.000559,
					"end":	5.00018,
					"seconds":	0.99962097406387329,
					"bytes":	262144,
					"bits_per_second":	2097947.1763924765,
					"retransmits":	2,
					"snd_cwnd":	17376,
					"snd_wnd":	136448,
					"rtt":	105926,
					"rttvar":	12517,
					"pmtu":	1500,
					"omitted":	false,
					"sender":	true
				}],
			"sum":	{
				"start":	4.000559,
				"end":	5.00018,
				"seconds":	0.99962097406387329,
				"bytes":	262144,
				"bits_per_second":	2097947.1763924765,
				"retransmits":	2,
				"omitted":	false,
				"sender":	true
			}
		}, {
			"streams":	[{
					"socket":	5,
					"start":	5.00018,
					"end":	6.000541,
					"seconds":	1.00036096572876,
					"bytes":	131072,
					"bits_per_second":	1048197.636576229,
					"retransmits":	2,
					"snd_cwnd":	17376,
					"snd_wnd":	137856,
					"rtt":	102679,
					"rttvar":	6997,
					"pmtu":	1500,
					"omitted":	false,
					"sender":	true
				}],
			"sum":	{
				"start":	5.00018,
				"end":	6.000541,
				"seconds":	1.00036096572876,
				"bytes":	131072,
				"bits_per_second":	1048197.636576229,
				"retransmits":	2,
				"omitted":	false,
				"sender":	true
			}
		}, {
			"streams":	[{
					"socket":	5,
					"start":	6.000541,
					"end":	7.000244,
					"seconds":	0.99970299005508423,
					"bytes":	262144,
					"bits_per_second":	2097775.0600550328,
					"retransmits":	2,
					"snd_cwnd":	21720,
					"snd_wnd":	137856,
					"rtt":	98555,
					"rttvar":	696,
					"pmtu":	1500,
					"omitted":	false,
					"sender":	true
				}],
			"sum":	{
				"start":	6.000541,
				"end":	7.000244,
				"seconds":	0.99970299005508423,
				"bytes":	262144,
				"bits_per_second":	2097775.0600550328,
				"retransmits":	2,
				"omitted":	false,
				"sender":	true
			}
		}, {
			"streams":	[{
					"socket":	5,
					"start":	7.000244,
					"end":	8.000548,
					"seconds":	1.0003039836883545,
					"bytes":	131072,
					"bits_per_second":	1048257.3468653552,
					"retransmits":	3,
					"snd_cwnd":	10136,
					"snd_wnd":	139264,
					"rtt":	99032,
					"rttvar":	1071,
					"pmtu":	1500,
					"omitted":	false,
					"sender":	true
				}],
			"sum":	{
				"start":	7.000244,
				"end":	8.000548,
				"seconds":	1.0003039836883545,
				"bytes":	131072,
				"bits_per_second":	1048257.3468653552,
				"retransmits":	3,
				"omitted":	false,
				"sender":	true
			}
		}, {
			"streams":	[{
					"socket":	5,
					"start":	8.000548,
					"end":	9.000554,
					"seconds":	1.0000059604644775,
					"bytes":	131072,
					"bits_per_second":	1048569.7500372527,
					"retransmits":	3,
					"snd_cwnd":	11584,
					"snd_wnd":	140800,
					"rtt":	107015,
					"rttvar":	12722,
					"pmtu":	1500,
					"omitted":	false,
					"sender":	true
				}],
			"sum":	{
				"start":	8.000548,
				"end":	9.000554,
				"seconds":	1.0000059604644775,
				"bytes":	131072,
				"bits_per_second":	1048569.7500372527,
				"retransmits":	3,
				"omitted":	false,
				"sender":	true
			}
		}, {
			"streams":	[{
					"socket":	5,
					"start":	9.000554,
					"end":	10.000531,
					"seconds":	0.9999769926071167,
					"bytes":	131072,
					"bits_per_second":	1048600.1255550662,
					"retransmits":	2,
					"snd_cwnd":	11584,
					"snd_wnd":	140800,
					"rtt":	100014,
					"rttvar":	1171,
					"pmtu":	1500,
					"omitted":	false,
					"sender":	true
				}],
			"sum":	{
				"start":	9.000554,
				"end":	10.000531,
				"seconds":	0.9999769926071167,
				"bytes":	131072,
				"bits_per_second":	1048600.1255550662,
				"retransmits":	2,
				"omitted":	false,
				"sender":	true
			}
		}, {
			"streams":	[{
					"socket":	5,
					"start":	10.000531,
					"end":	11.000557,
					"seconds":	1.0000259876251221,
					"bytes":	131072,
					"bits_per_second":	1048548.7507081444,
					"retransmits":	3,
					"snd_cwnd":	8688,
					"snd_wnd":	140800,
					"rtt":	107448,
					"rttvar":	15451,
					"pmtu":	1500,
					"omitted":	false,
					"sender":	true
				}],
			"sum":	{
				"start":	10.000531,
				"end":	11.000557,
				"seconds":	1.0000259876251221,
				"bytes":	131072,
				"bits_per_second":	1048548.7507081444,
				"retransmits":	3,
				"omitted":	false,
				"sender":	true
			}
		}, {
			"streams":	[{
					"socket":	5,
					"start":	11.000557,
					"end":	12.000549,
					"seconds":	0.9999920129776,
					"bytes":	0,
					"bits_per_second":	0,
					"retransmits":	0,
					"snd_cwnd":	14480,
					"snd_wnd":	140800,
					"rtt":	103387,
					"rttvar":	8712,
					"pmtu":	1500,
					"omitted":	false,
					"sender":	true
				}],
			"sum":	{
				"start":	11.000557,
				"end":	12.000549,
				"seconds":	0.9999920129776,
				"bytes":	0,
				"bits_per_second":	0,
				"retransmits":	0,