{
	"start":	{
		"connected":	[{
				"socket":	5,
				"local_host":	"172.20.171.186",
				"local_port":	49408,
				"remote_host":	"54.227.41.78",
				"remote_port":	5201
			}],
		"version":	"iperf 3.16",
		"system_info":	"Linux DESKTOP-OR35M89 6.18.33.1-microsoft-standard-WSL2 #1 SMP PREEMPT_DYNAMIC Fri Jun  5 01:12:21 UTC 2026 x86_64",
		"timestamp":	{
			"time":	"Thu, 25 Jun 2026 22:33:13 GMT",
			"timesecs":	1782426793
		},
		"connecting_to":	{
			"host":	"54.227.41.78",
			"port":	5201
		},
		"cookie":	"ut64ms7wymtigjvusuqfx4itrgwgs2ns7ejq",
		"tcp_mss_default":	1448,
		"target_bitrate":	100000000,
		"fq_rate":	0,
		"sock_bufsize":	0,
		"sndbuf_actual":	16384,
		"rcvbuf_actual":	131072,
		"test_start":	{
			"protocol":	"TCP",
			"num_streams":	1,
			"blksize":	131072,
			"omit":	0,
			"duration":	30,
			"bytes":	0,
			"blocks":	0,
			"reverse":	0,
			"tos":	0,
			"target_bitrate":	100000000,
			"bidir":	0,
			"fqrate":	0
		}
	},
	"intervals":	[{
			"streams":	[{
					"socket":	5,
					"start":	0,
					"end":	1.000581,
					"seconds":	1.0005810260772705,
					"bytes":	1048576,
					"bits_per_second":	8383736.8302766364,
					"retransmits":	5,
					"snd_cwnd":	150592,
					"snd_wnd":	333824,
					"rtt":	159184,
					"rttvar":	13267,
					"pmtu":	1500,
					"omitted":	false,
					"sender":	true
				}],
			"sum":	{
				"start":	0,
				"end":	1.000581,
				"seconds":	1.0005810260772705,
				"bytes":	1048576,
				"bits_per_second":	8383736.8302766364,
				"retransmits":	5,
				"omitted":	false,
				"sender":	true
			}
		}, {
			"streams":	[{
					"socket":	5,
					"start":	1.000581,
					"end":	2.000593,
					"seconds":	1.0000120401382446,
					"bytes":	1048576,
					"bits_per_second":	8388507.00121604,
					"retransmits":	11,
					"snd_cwnd":	53576,
					"snd_wnd":	4420096,
					"rtt":	138332,
					"rttvar":	10871,
					"pmtu":	1500,
					"omitted":	false,
					"sender":	true
				}],
			"sum":	{
				"start":	1.000581,
				"end":	2.000593,
				"seconds":	1.0000120401382446,
				"bytes":	1048576,
				"bits_per_second":	8388507.00121604,
				"retransmits":	11,
				"omitted":	false,
				"sender":	true
			}
		}, {
			"streams":	[{
					"socket":	5,
					"start":	2.000593,
					"end":	3.000572,
					"seconds":	0.999979019165039,
					"bytes":	0,
					"bits_per_second":	0,
					"retransmits":	7,
					"snd_cwnd":	26064,
					"snd_wnd":	4420096,
					"rtt":	183691,
					"rttvar":	20035,
					"pmtu":	1500,
					"omitted":	false,
					"sender":	true
				}],
			"sum":	{
				"start":	2.000593,
				"end":	3.000572,
				"seconds":	0.999979019165039,
				"bytes":	0,
				"bits_per_second":	0,
				"retransmits":	7,
				"omitted":	false,
				"sender":	true
			}
		}, {
			"streams":	[{
					"socket":	5,
					"start":	3.000572,
					"end":	4.000564,
					"seconds":	0.9999920129776,
					"bytes":	0,
					"bits_per_second":	0,
					"retransmits":	6,
					"snd_cwnd":	15928,
					"snd_wnd":	4421504,
					"rtt":	142433,
					"rttvar":	11191,
					"pmtu":	1500,
					"omitted":	false,
					"sender":	true
				}],
			"sum":	{
				"start":	3.000572,
				"end":	4.000564,
				"seconds":	0.9999920129776,
				"bytes":	0,
				"bits_per_second":	0,
				"retransmits":	6,
				"omitted":	false,
				"sender":	true
			}
		}, {
			"streams":	[{
					"socket":	5,
					"start":	4.000564,
					"end":	5.000106,
					"seconds":	0.999541997909546,
					"bytes":	393216,
					"bits_per_second":	3147169.41016887,
					"retransmits":	5,
					"snd_cwnd":	13032,
					"snd_wnd":	4421504,
					"rtt":	145207,
					"rttvar":	23552,
					"pmtu":	1500,
					"omitted":	false,
					"sender":	true
				}],
			"sum":	{
				"start":	4.000564,
				"end":	5.000106,
				"seconds":	0.999541997909546,
				"bytes":	393216,
				"bits_per_second":	3147169.41016887,
				"retransmits":	5,
				"omitted":	false,
				"sender":	true
			}
		}, {
			"streams":	[{
					"socket":	5,
					"start":	5.000106,
					"end":	6.000562,
					"seconds":	1.0004559755325317,
					"bytes":	0,
					"bits_per_second":	0,
					"retransmits":	0,
					"snd_cwnd":	17376,
					"snd_wnd":	4420096,
					"rtt":	138459,
					"rttvar":	15160,
					"pmtu":	1500,
					"omitted":	false,
					"sender":	true
				}],
			"sum":	{
				"start":	5.000106,
				"end":	6.000562,
				"seconds":	1.0004559755325317,
				"bytes":	0,
				"bits_per_second":	0,
				"retransmits":	0,
				"omitted":	false,
				"sender":	true
			}
		}, {
			"streams":	[{
					"socket":	5,
					"start":	6.000562,
					"end":	7.000556,
					"seconds":	0.99999397993087769,
					"bytes":	0,
					"bits_per_second":	0,
					"retransmits":	3,
					"snd_cwnd":	13032,
					"snd_wnd":	4421504,
					"rtt":	137722,
					"rttvar":	12327,
					"pmtu":	1500,
					"omitted":	false,
					"sender":	true
				}],
			"sum":	{
				"start":	6.000562,
				"end":	7.000556,
				"seconds":	0.99999397993087769,
				"bytes":	0,
				"bits_per_second":	0,
				"retransmits":	3,
				"omitted":	false,
				"sender":	true
			}
		}, {
			"streams":	[{
					"socket":	5,
					"start":	7.000556,
					"end":	8.000568,
					"seconds":	1.0000120401382446,
					"bytes":	0,
					"bits_per_second":	0,
					"retransmits":	1,
					"snd_cwnd":	11584,
					"snd_wnd":	4421504,
					"rtt":	135645,
					"rttvar":	7306,
					"pmtu":	1500,
					"omitted":	false,
					"sender":	true
				}],
			"sum":	{
				"start":	7.000556,
				"end":	8.000568,
				"seconds":	1.0000120401382446,
				"bytes":	0,
				"bits_per_second":	0,
				"retransmits":	1,
				"omitted":	false,
				"sender":	true
			}
		}, {
			"streams":	[{
					"socket":	5,
					"start":	8.000568,
					"end":	9.000507,
					"seconds":	0.99993902444839478,
					"bytes":	0,
					"bits_per_second":	0,
					"retransmits":	0,
					"snd_cwnd":	17376,
					"snd_wnd":	4421504,
					"rtt":	157001,
					"rttvar":	20549,
					"pmtu":	1500,
					"omitted":	false,
					"sender":	true
				}],
			"sum":	{
				"start":	8.000568,
				"end":	9.000507,
				"seconds":	0.99993902444839478,
				"bytes":	0,
				"bits_per_second":	0,
				"retransmits":	0,
				"omitted":	false,
				"sender":	true
			}
		}, {
			"streams":	[{
					"socket":	5,
					"start":	9.000507,
					"end":	10.000118,
					"seconds":	0.9996110200881958,
					"bytes":	524288,
					"bits_per_second":	4195936.1348676765,
					"retransmits":	1,
					"snd_cwnd":	14480,
					"snd_wnd":	4420096,
					"rtt":	141829,
					"rttvar":	5859,
					"pmtu":	1500,
					"omitted":	false,
					"sender":	true
				}],
			"sum":	{
				"start":	9.000507,
				"end":	10.000118,
				"seconds":	0.9996110200881958,
				"bytes":	524288,
				"bits_per_second":	4195936.1348676765,
				"retransmits":	1,
				"omitted":	false,
				"sender":	true
			}
		}, {
			"streams":	[{
					"socket":	5,
					"start":	10.000118,
					"end":	11.000551,
					"seconds":	1.0004329681396484,
					"bytes":	0,
					"bits_per_second":	0,
					"retransmits":	5,
					"snd_cwnd":	8688,
					"snd_wnd":	4421504,
					"rtt":	191804,
					"rttvar":	18390,
					"pmtu":	1500,
					"omitted":	false,
					"sender":	true
				}],
			"sum":	{
				"start":	10.000118,
				"end":	11.000551,
				"seconds":	1.0004329681396484,
				"bytes":	0,
				"bits_per_second":	0,
				"retransmits":	5,
				"omitted":	false,
				"sender":	true
			}
		}, {
			"streams":	[{
					"socket":	5,
					"start":	11.000551,
					"end":	12.000443,
					"seconds":	0.999891996383667,
					"bytes":	0,
					"bits_per_second":	0,
					"retransmits":	2,
					"snd_cwnd":	7240,
					"snd_wnd":	4421504,
					"rtt":	139981,
					"rttvar":	18271,
					"pmtu":	1500,
					"omitted":	false,
					"sender":	true
				}],
			"sum":	{
				"start":	11.000551,
				"end":	12.000443,
				"seconds":	0.999891996383667,
				"bytes":	0,
				"bits_per_second":	0,
				"retransmits":	2,
				"omitted":	false,
				"sender":	true
			}
		}, {
			"streams":	[{
					"socket":	5,
					"start":	12.000443,
					"end":	13.000327,
					"seconds":	0.999884009361267,
					"bytes":	0,
					"bits_per_second":	0,
					"retransmits":	2,
					"snd_cwnd":	7240,
					"snd_wnd":	4420096,