{
	"start":	{
		"connected":	[{
				"socket":	5,
				"local_host":	"172.20.171.186",
				"local_port":	35008,
				"remote_host":	"54.227.41.78",
				"remote_port":	5201
			}],
		"version":	"iperf 3.16",
		"system_info":	"Linux DESKTOP-OR35M89 6.18.33.1-microsoft-standard-WSL2 #1 SMP PREEMPT_DYNAMIC Fri Jun  5 01:12:21 UTC 2026 x86_64",
		"timestamp":	{
			"time":	"Thu, 25 Jun 2026 22:59:27 GMT",
			"timesecs":	1782428367
		},
		"connecting_to":	{
			"host":	"54.227.41.78",
			"port":	5201
		},
		"cookie":	"hwzx7nlua3y6suuqlulh757z53hlmy42q75j",
		"tcp_mss_default":	1448,
		"target_bitrate":	100000000,
		"fq_rate":	0,
		"sock_bufsize":	0,
		"sndbuf_actual":	16384,
		"rcvbuf_actual":	131072,
		"test_start":	{
			"protocol":	"TCP",
			"num_streams":	1,
			"blksize":	131072,
			"omit":	0,
			"duration":	30,
			"bytes":	0,
			"blocks":	0,
			"reverse":	0,
			"tos":	0,
			"target_bitrate":	100000000,
			"bidir":	0,
			"fqrate":	0
		}
	},
	"intervals":	[{
			"streams":	[{
					"socket":	5,
					"start":	0,
					"end":	1.000145,
					"seconds":	1.0001449584960938,
					"bytes":	393216,
					"bits_per_second":	3145272.0660914937,
					"retransmits":	3,
					"snd_cwnd":	23168,
					"snd_wnd":	156672,
					"rtt":	91313,
					"rttvar":	5642,
					"pmtu":	1500,
					"omitted":	false,
					"sender":	true
				}],
			"sum":	{
				"start":	0,
				"end":	1.000145,
				"seconds":	1.0001449584960938,
				"bytes":	393216,
				"bits_per_second":	3145272.0660914937,
				"retransmits":	3,
				"omitted":	false,
				"sender":	true
			}
		}, {
			"streams":	[{
					"socket":	5,
					"start":	1.000145,
					"end":	2.000148,
					"seconds":	1.0000029802322388,
					"bytes":	131072,
					"bits_per_second":	1048572.8750093132,
					"retransmits":	6,
					"snd_cwnd":	15928,
					"snd_wnd":	156672,
					"rtt":	92748,
					"rttvar":	6719,
					"pmtu":	1500,
					"omitted":	false,
					"sender":	true
				}],
			"sum":	{
				"start":	1.000145,
				"end":	2.000148,
				"seconds":	1.0000029802322388,
				"bytes":	131072,
				"bits_per_second":	1048572.8750093132,
				"retransmits":	6,
				"omitted":	false,
				"sender":	true
			}
		}, {
			"streams":	[{
					"socket":	5,
					"start":	2.000148,
					"end":	3.000202,
					"seconds":	1.0000540018081665,
					"bytes":	131072,
					"bits_per_second":	1048519.3780576873,
					"retransmits":	3,
					"snd_cwnd":	8688,
					"snd_wnd":	156672,
					"rtt":	95160,
					"rttvar":	8052,
					"pmtu":	1500,
					"omitted":	false,
					"sender":	true
				}],
			"sum":	{
				"start":	2.000148,
				"end":	3.000202,
				"seconds":	1.0000540018081665,
				"bytes":	131072,
				"bits_per_second":	1048519.3780576873,
				"retransmits":	3,
				"omitted":	false,
				"sender":	true
			}
		}, {
			"streams":	[{
					"socket":	5,
					"start":	3.000202,
					"end":	4.000311,
					"seconds":	1.0001089572906494,
					"bytes":	131072,
					"bits_per_second":	1048461.7624470142,
					"retransmits":	2,
					"snd_cwnd":	11584,
					"snd_wnd":	156672,
					"rtt":	95927,
					"rttvar":	8770,
					"pmtu":	1500,
					"omitted":	false,
					"sender":	true
				}],
			"sum":	{
				"start":	3.000202,
				"end":	4.000311,
				"seconds":	1.0001089572906494,
				"bytes":	131072,
				"bits_per_second":	1048461.7624470142,
				"retransmits":	2,
				"omitted":	false,
				"sender":	true
			}
		}, {
			"streams":	[{
					"socket":	5,
					"start":	4.000311,
					"end":	5.00015,
					"seconds":	0.99983900785446167,
					"bytes":	131072,
					"bits_per_second":	1048744.8396818626,
					"retransmits":	4,
					"snd_cwnd":	8688,
					"snd_wnd":	155264,
					"rtt":	108174,
					"rttvar":	23016,
					"pmtu":	1500,
					"omitted":	false,
					"sender":	true
				}],
			"sum":	{
				"start":	4.000311,
				"end":	5.00015,
				"seconds":	0.99983900785446167,
				"bytes":	131072,
				"bits_per_second":	1048744.8396818626,
				"retransmits":	4,
				"omitted":	false,
				"sender":	true
			}
		}, {
			"streams":	[{
					"socket":	5,
					"start":	5.00015,
					"end":	6.000152,
					"seconds":	1.0000020265579224,
					"bytes":	0,
					"bits_per_second":	0,
					"retransmits":	5,
					"snd_cwnd":	8688,
					"snd_wnd":	156672,
					"rtt":	98764,
					"rttvar":	16026,
					"pmtu":	1500,
					"omitted":	false,
					"sender":	true
				}],
			"sum":	{
				"start":	5.00015,
				"end":	6.000152,
				"seconds":	1.0000020265579224,
				"bytes":	0,
				"bits_per_second":	0,
				"retransmits":	5,
				"omitted":	false,
				"sender":	true
			}
		}, {
			"streams":	[{
					"socket":	5,
					"start":	6.000152,
					"end":	7.000205,
					"seconds":	1.00005304813385,
					"bytes":	0,
					"bits_per_second":	0,
					"retransmits":	5,
					"snd_cwnd":	4344,
					"snd_wnd":	156672,
					"rtt":	115488,
					"rttvar":	30427,
					"pmtu":	1500,
					"omitted":	false,
					"sender":	true
				}],
			"sum":	{
				"start":	6.000152,
				"end":	7.000205,
				"seconds":	1.00005304813385,
				"bytes":	0,
				"bits_per_second":	0,
				"retransmits":	5,
				"omitted":	false,
				"sender":	true
			}
		}, {
			"streams":	[{
					"socket":	5,
					"start":	7.000205,
					"end":	8.000154,
					"seconds":	0.99994897842407227,
					"bytes":	131072,
					"bits_per_second":	1048629.5027297935,
					"retransmits":	1,
					"snd_cwnd":	8688,
					"snd_wnd":	156672,
					"rtt":	102168,
					"rttvar":	18002,
					"pmtu":	1500,
					"omitted":	false,
					"sender":	true
				}],
			"sum":	{
				"start":	7.000205,
				"end":	8.000154,
				"seconds":	0.99994897842407227,
				"bytes":	131072,
				"bits_per_second":	1048629.5027297935,
				"retransmits":	1,
				"omitted":	false,
				"sender":	true
			}
		}, {
			"streams":	[{
					"socket":	5,
					"start":	8.000154,
					"end":	9.000104,
					"seconds":	0.99994999170303345,
					"bytes":	0,
					"bits_per_second":	0,
					"retransmits":	4,
					"snd_cwnd":	5792,
					"snd_wnd":	155264,
					"rtt":	95153,
					"rttvar":	9968,
					"pmtu":	1500,
					"omitted":	false,
					"sender":	true
				}],
			"sum":	{
				"start":	8.000154,
				"end":	9.000104,
				"seconds":	0.99994999170303345,
				"bytes":	0,
				"bits_per_second":	0,
				"retransmits":	4,
				"omitted":	false,
				"sender":	true
			}
		}, {
			"streams":	[{
					"socket":	5,
					"start":	9.000104,
					"end":	10.000151,
					"seconds":	1.000046968460083,
					"bytes":	131072,
					"bits_per_second":	1048526.752313088,
					"retransmits":	0,
					"snd_cwnd":	11584,
					"snd_wnd":	156672,
					"rtt":	96205,
					"rttvar":	11188,
					"pmtu":	1500,
					"omitted":	false,
					"sender":	true
				}],
			"sum":	{
				"start":	9.000104,
				"end":	10.000151,
				"seconds":	1.000046968460083,
				"bytes":	131072,
				"bits_per_second":	1048526.752313088,
				"retransmits":	0,
				"omitted":	false,
				"sender":	true
			}
		}, {
			"streams":	[{
					"socket":	5,
					"start":	10.000151,
					"end":	11.000155,
					"seconds":	1.0000040531158447,
					"bytes":	131072,
					"bits_per_second":	1048571.7500172256,
					"retransmits":	4,
					"snd_cwnd":	10136,
					"snd_wnd":	155264,
					"rtt":	94886,
					"rttvar":	7748,
					"pmtu":	1500,
					"omitted":	false,
					"sender":	true
				}],
			"sum":	{
				"start":	10.000151,
				"end":	11.000155,
				"seconds":	1.0000040531158447,
				"bytes":	131072,
				"bits_per_second":	1048571.7500172256,
				"retransmits":	4,
				"omitted":	false,
				"sender":	true
			}
		}, {
			"streams":	[{
					"socket":	5,
					"start":	11.000155,
					"end":	12.000142,
					"seconds":	0.999987006187439,
					"bytes":	131072,
					"bits_per_second":	1048589.625177043,
					"retransmits":	5,
					"snd_cwnd":	10136,
					"snd_wnd":	156672,
					"rtt":	89780,
					"rttvar":	2374,
					"pmtu":	1500,
					"omitted":	false,
					"sender":	true
				}],
			"sum":	{
				"start":	11.000155,
				"end":	12.000142,
				"seconds":	0.999987006187439,
				"bytes":	131072,
				"bits_per_second":	1048589.625177043,
				"retransmits":	5,
				"omitted":	false,
				"sender":	true
			}
		}, {
			"streams":	[{
					"socket":	5,