{
	"start":	{
		"connected":	[{
				"socket":	5,
				"local_host":	"172.20.171.186",
				"local_port":	44078,
				"remote_host":	"54.227.41.78",
				"remote_port":	5201
			}],
		"version":	"iperf 3.16",
		"system_info":	"Linux DESKTOP-OR35M89 6.18.33.1-microsoft-standard-WSL2 #1 SMP PREEMPT_DYNAMIC Fri Jun  5 01:12:21 UTC 2026 x86_64",
		"timestamp":	{
			"time":	"Thu, 25 Jun 2026 22:58:22 GMT",
			"timesecs":	1782428302
		},
		"connecting_to":	{
			"host":	"54.227.41.78",
			"port":	5201
		},
		"cookie":	"t5mlfvdvf56dvzw7tnnugetg2xih3brp75ud",
		"tcp_mss_default":	1448,
		"target_bitrate":	100000000,
		"fq_rate":	0,
		"sock_bufsize":	0,
		"sndbuf_actual":	16384,
		"rcvbuf_actual":	131072,
		"test_start":	{
			"protocol":	"TCP",
			"num_streams":	1,
			"blksize":	131072,
			"omit":	0,
			"duration":	30,
			"bytes":	0,
			"blocks":	0,
			"reverse":	0,
			"tos":	0,
			"target_bitrate":	100000000,
			"bidir":	0,
			"fqrate":	0
		}
	},
	"intervals":	[{
			"streams":	[{
					"socket":	5,
					"start":	0,
					"end":	1.000114,
					"seconds":	1.0001139640808105,
					"bytes":	393216,
					"bits_per_second":	3145369.5408514673,
					"retransmits":	7,
					"snd_cwnd":	18824,
					"snd_wnd":	275968,
					"rtt":	103452,
					"rttvar":	8883,
					"pmtu":	1500,
					"omitted":	false,
					"sender":	true
				}],
			"sum":	{
				"start":	0,
				"end":	1.000114,
				"seconds":	1.0001139640808105,
				"bytes":	393216,
				"bits_per_second":	3145369.5408514673,
				"retransmits":	7,
				"omitted":	false,
				"sender":	true
			}
		}, {
			"streams":	[{
					"socket":	5,
					"start":	1.000114,
					"end":	2.000147,
					"seconds":	1.0000330209732056,
					"bytes":	131072,
					"bits_per_second":	1048541.3761433135,
					"retransmits":	2,
					"snd_cwnd":	18824,
					"snd_wnd":	277376,
					"rtt":	103812,
					"rttvar":	7020,
					"pmtu":	1500,
					"omitted":	false,
					"sender":	true
				}],
			"sum":	{
				"start":	1.000114,
				"end":	2.000147,
				"seconds":	1.0000330209732056,
				"bytes":	131072,
				"bits_per_second":	1048541.3761433135,
				"retransmits":	2,
				"omitted":	false,
				"sender":	true
			}
		}, {
			"streams":	[{
					"socket":	5,
					"start":	2.000147,
					"end":	3.000166,
					"seconds":	1.0000189542770386,
					"bytes":	262144,
					"bits_per_second":	2097112.2507534183,
					"retransmits":	1,
					"snd_cwnd":	18824,
					"snd_wnd":	277376,
					"rtt":	107038,
					"rttvar":	9205,
					"pmtu":	1500,
					"omitted":	false,
					"sender":	true
				}],
			"sum":	{
				"start":	2.000147,
				"end":	3.000166,
				"seconds":	1.0000189542770386,
				"bytes":	262144,
				"bits_per_second":	2097112.2507534183,
				"retransmits":	1,
				"omitted":	false,
				"sender":	true
			}
		}, {
			"streams":	[{
					"socket":	5,
					"start":	3.000166,
					"end":	4.000116,
					"seconds":	0.99994999170303345,
					"bytes":	0,
					"bits_per_second":	0,
					"retransmits":	9,
					"snd_cwnd":	5792,
					"snd_wnd":	277376,
					"rtt":	101973,
					"rttvar":	4365,
					"pmtu":	1500,
					"omitted":	false,
					"sender":	true
				}],
			"sum":	{
				"start":	3.000166,
				"end":	4.000116,
				"seconds":	0.99994999170303345,
				"bytes":	0,
				"bits_per_second":	0,
				"retransmits":	9,
				"omitted":	false,
				"sender":	true
			}
		}, {
			"streams":	[{
					"socket":	5,
					"start":	4.000116,
					"end":	5.00019,
					"seconds":	1.000074028968811,
					"bytes":	131072,
					"bits_per_second":	1048498.3807460733,
					"retransmits":	5,
					"snd_cwnd":	2896,
					"snd_wnd":	273408,
					"rtt":	106087,
					"rttvar":	14470,
					"pmtu":	1500,
					"omitted":	false,
					"sender":	true
				}],
			"sum":	{
				"start":	4.000116,
				"end":	5.00019,
				"seconds":	1.000074028968811,
				"bytes":	131072,
				"bits_per_second":	1048498.3807460733,
				"retransmits":	5,
				"omitted":	false,
				"sender":	true
			}
		}, {
			"streams":	[{
					"socket":	5,
					"start":	5.00019,
					"end":	6.000162,
					"seconds":	0.99997198581695557,
					"bytes":	0,
					"bits_per_second":	0,
					"retransmits":	1,
					"snd_cwnd":	5792,
					"snd_wnd":	277376,
					"rtt":	117738,
					"rttvar":	31620,
					"pmtu":	1500,
					"omitted":	false,
					"sender":	true
				}],
			"sum":	{
				"start":	5.00019,
				"end":	6.000162,
				"seconds":	0.99997198581695557,
				"bytes":	0,
				"bits_per_second":	0,
				"retransmits":	1,
				"omitted":	false,
				"sender":	true
			}
		}, {
			"streams":	[{
					"socket":	5,
					"start":	6.000162,
					"end":	7.000121,
					"seconds":	0.99995899200439453,
					"bytes":	0,
					"bits_per_second":	0,
					"retransmits":	3,
					"snd_cwnd":	5792,
					"snd_wnd":	277376,
					"rtt":	103323,
					"rttvar":	10142,
					"pmtu":	1500,
					"omitted":	false,
					"sender":	true
				}],
			"sum":	{
				"start":	6.000162,
				"end":	7.000121,
				"seconds":	0.99995899200439453,
				"bytes":	0,
				"bits_per_second":	0,
				"retransmits":	3,
				"omitted":	false,
				"sender":	true
			}
		}, {
			"streams":	[{
					"socket":	5,
					"start":	7.000121,
					"end":	8.000137,
					"seconds":	1.0000159740448,
					"bytes":	131072,
					"bits_per_second":	1048559.2502675609,
					"retransmits":	2,
					"snd_cwnd":	5792,
					"snd_wnd":	277376,
					"rtt":	106488,
					"rttvar":	10801,
					"pmtu":	1500,
					"omitted":	false,
					"sender":	true
				}],
			"sum":	{
				"start":	7.000121,
				"end":	8.000137,
				"seconds":	1.0000159740448,
				"bytes":	131072,
				"bits_per_second":	1048559.2502675609,
				"retransmits":	2,
				"omitted":	false,
				"sender":	true
			}
		}, {
			"streams":	[{
					"socket":	5,
					"start":	8.000137,
					"end":	9.000151,
					"seconds":	1.0000139474868774,
					"bytes":	131072,
					"bits_per_second":	1048561.3752039792,
					"retransmits":	2,
					"snd_cwnd":	8688,
					"snd_wnd":	277376,
					"rtt":	103506,
					"rttvar":	8609,
					"pmtu":	1500,
					"omitted":	false,
					"sender":	true
				}],
			"sum":	{
				"start":	8.000137,
				"end":	9.000151,
				"seconds":	1.0000139474868774,
				"bytes":	131072,
				"bits_per_second":	1048561.3752039792,
				"retransmits":	2,
				"omitted":	false,
				"sender":	true
			}
		}, {
			"streams":	[{
					"socket":	5,
					"start":	9.000151,
					"end":	10.000105,
					"seconds":	0.9999539852142334,
					"bytes":	0,
					"bits_per_second":	0,
					"retransmits":	1,
					"snd_cwnd":	10136,
					"snd_wnd":	275968,
					"rtt":	99939,
					"rttvar":	1913,
					"pmtu":	1500,
					"omitted":	false,
					"sender":	true
				}],
			"sum":	{
				"start":	9.000151,
				"end":	10.000105,
				"seconds":	0.9999539852142334,
				"bytes":	0,
				"bits_per_second":	0,
				"retransmits":	1,
				"omitted":	false,
				"sender":	true
			}
		}, {
			"streams":	[{
					"socket":	5,
					"start":	10.000105,
					"end":	11.000573,
					"seconds":	1.0004680156707764,
					"bytes":	131072,
					"bits_per_second":	1048085.4795712475,
					"retransmits":	5,
					"snd_cwnd":	7240,
					"snd_wnd":	277376,
					"rtt":	102617,
					"rttvar":	7476,
					"pmtu":	1500,
					"omitted":	false,
					"sender":	true
				}],
			"sum":	{
				"start":	10.000105,
				"end":	11.000573,
				"seconds":	1.0004680156707764,
				"bytes":	131072,
				"bits_per_second":	1048085.4795712475,
				"retransmits":	5,
				"omitted":	false,
				"sender":	true
			}
		}, {
			"streams":	[{
					"socket":	5,
					"start":	11.000573,
					"end":	12.000626,
					"seconds":	1.00005304813385,
					"bytes":	0,
					"bits_per_second":	0,
					"retransmits":	2,
					"snd_cwnd":	8688,
					"snd_wnd":	277376,
					"rtt":	109258,
					"rttvar":	14512,
					"pmtu":	1500,
					"omitted":	false,
					"sender":	true
				}],
			"sum":	{
				"start":	11.000573,
				"end":	12.000626,
				"seconds":	1.00005304813385,
				"bytes":	0,
				"bits_per_second":	0,
				"retransmits":	2,
				"omitted":	false,
				"sender":	true
			}
		}, {
			"streams":	[{
					"socket":	5,
					"start":	12.000626,
					"end":	13.000098,
					"seconds":	0.99947202205657959,