{
	"start":	{
		"connected":	[{
				"socket":	5,
				"local_host":	"172.20.171.186",
				"local_port":	35376,
				"remote_host":	"54.227.41.78",
				"remote_port":	5201
			}],
		"version":	"iperf 3.16",
		"system_info":	"Linux DESKTOP-OR35M89 6.18.33.1-microsoft-standard-WSL2 #1 SMP PREEMPT_DYNAMIC Fri Jun  5 01:12:21 UTC 2026 x86_64",
		"timestamp":	{
			"time":	"Thu, 25 Jun 2026 23:26:41 GMT",
			"timesecs":	1782430001
		},
		"connecting_to":	{
			"host":	"54.227.41.78",
			"port":	5201
		},
		"cookie":	"itr3xfojo6h5ke3dhj4o7t6uacnygyhksqn7",
		"tcp_mss_default":	1448,
		"target_bitrate":	100000000,
		"fq_rate":	0,
		"sock_bufsize":	0,
		"sndbuf_actual":	16384,
		"rcvbuf_actual":	131072,
		"test_start":	{
			"protocol":	"TCP",
			"num_streams":	1,
			"blksize":	131072,
			"omit":	0,
			"duration":	30,
			"bytes":	0,
			"blocks":	0,
			"reverse":	0,
			"tos":	0,
			"target_bitrate":	100000000,
			"bidir":	0,
			"fqrate":	0
		}
	},
	"intervals":	[{
			"streams":	[{
					"socket":	5,
					"start":	0,
					"end":	1.000191,
					"seconds":	1.0001909732818604,
					"bytes":	131072,
					"bits_per_second":	1048375.7882350978,
					"retransmits":	14,
					"snd_cwnd":	10136,
					"snd_wnd":	145152,
					"rtt":	110486,
					"rttvar":	1875,
					"pmtu":	1500,
					"omitted":	false,
					"sender":	true
				}],
			"sum":	{
				"start":	0,
				"end":	1.000191,
				"seconds":	1.0001909732818604,
				"bytes":	131072,
				"bits_per_second":	1048375.7882350978,
				"retransmits":	14,
				"omitted":	false,
				"sender":	true
			}
		}, {
			"streams":	[{
					"socket":	5,
					"start":	1.000191,
					"end":	2.000151,
					"seconds":	0.99996000528335571,
					"bytes":	131072,
					"bits_per_second":	1048617.9391773455,
					"retransmits":	2,
					"snd_cwnd":	11584,
					"snd_wnd":	145152,
					"rtt":	119628,
					"rttvar":	16579,
					"pmtu":	1500,
					"omitted":	false,
					"sender":	true
				}],
			"sum":	{
				"start":	1.000191,
				"end":	2.000151,
				"seconds":	0.99996000528335571,
				"bytes":	131072,
				"bits_per_second":	1048617.9391773455,
				"retransmits":	2,
				"omitted":	false,
				"sender":	true
			}
		}, {
			"streams":	[{
					"socket":	5,
					"start":	2.000151,
					"end":	3.000593,
					"seconds":	1.0004420280456543,
					"bytes":	0,
					"bits_per_second":	0,
					"retransmits":	9,
					"snd_cwnd":	4344,
					"snd_wnd":	143744,
					"rtt":	128997,
					"rttvar":	34229,
					"pmtu":	1500,
					"omitted":	false,
					"sender":	true
				}],
			"sum":	{
				"start":	2.000151,
				"end":	3.000593,
				"seconds":	1.0004420280456543,
				"bytes":	0,
				"bits_per_second":	0,
				"retransmits":	9,
				"omitted":	false,
				"sender":	true
			}
		}, {
			"streams":	[{
					"socket":	5,
					"start":	3.000593,
					"end":	4.000128,
					"seconds":	0.99953502416610718,
					"bytes":	131072,
					"bits_per_second":	1049063.7893102414,
					"retransmits":	3,
					"snd_cwnd":	5792,
					"snd_wnd":	143616,
					"rtt":	110906,
					"rttvar":	3401,
					"pmtu":	1500,
					"omitted":	false,
					"sender":	true
				}],
			"sum":	{
				"start":	3.000593,
				"end":	4.000128,
				"seconds":	0.99953502416610718,
				"bytes":	131072,
				"bits_per_second":	1049063.7893102414,
				"retransmits":	3,
				"omitted":	false,
				"sender":	true
			}
		}, {
			"streams":	[{
					"socket":	5,
					"start":	4.000128,
					"end":	5.000587,
					"seconds":	1.0004589557647705,
					"bytes":	0,
					"bits_per_second":	0,
					"retransmits":	5,
					"snd_cwnd":	2896,
					"snd_wnd":	142336,
					"rtt":	122988,
					"rttvar":	26403,
					"pmtu":	1500,
					"omitted":	false,
					"sender":	true
				}],
			"sum":	{
				"start":	4.000128,
				"end":	5.000587,
				"seconds":	1.0004589557647705,
				"bytes":	0,
				"bits_per_second":	0,
				"retransmits":	5,
				"omitted":	false,
				"sender":	true
			}
		}, {
			"streams":	[{
					"socket":	5,
					"start":	5.000587,
					"end":	6.000288,
					"seconds":	0.99970102310180664,
					"bytes":	0,
					"bits_per_second":	0,
					"retransmits":	1,
					"snd_cwnd":	4344,
					"snd_wnd":	145152,
					"rtt":	206737,
					"rttvar":	182728,
					"pmtu":	1500,
					"omitted":	false,
					"sender":	true
				}],
			"sum":	{
				"start":	5.000587,
				"end":	6.000288,
				"seconds":	0.99970102310180664,
				"bytes":	0,
				"bits_per_second":	0,
				"retransmits":	1,
				"omitted":	false,
				"sender":	true
			}
		}, {
			"streams":	[{
					"socket":	5,
					"start":	6.000288,
					"end":	7.000588,
					"seconds":	1.0003000497817993,
					"bytes":	0,
					"bits_per_second":	0,
					"retransmits":	2,
					"snd_cwnd":	1448,
					"snd_wnd":	145152,
					"rtt":	194426,
					"rttvar":	161668,
					"pmtu":	1500,
					"omitted":	false,
					"sender":	true
				}],
			"sum":	{
				"start":	6.000288,
				"end":	7.000588,
				"seconds":	1.0003000497817993,
				"bytes":	0,
				"bits_per_second":	0,
				"retransmits":	2,
				"omitted":	false,
				"sender":	true
			}
		}, {
			"streams":	[{
					"socket":	5,
					"start":	7.000588,
					"end":	8.000146,
					"seconds":	0.9995579719543457,
					"bytes":	0,
					"bits_per_second":	0,
					"retransmits":	3,
					"snd_cwnd":	4344,
					"snd_wnd":	143616,
					"rtt":	129341,
					"rttvar":	37361,
					"pmtu":	1500,
					"omitted":	false,
					"sender":	true
				}],
			"sum":	{
				"start":	7.000588,
				"end":	8.000146,
				"seconds":	0.9995579719543457,
				"bytes":	0,
				"bits_per_second":	0,
				"retransmits":	3,
				"omitted":	false,
				"sender":	true
			}
		}, {
			"streams":	[{
					"socket":	5,
					"start":	8.000146,
					"end":	9.000596,
					"seconds":	1.0004500150680542,
					"bytes":	0,
					"bits_per_second":	0,
					"retransmits":	2,
					"snd_cwnd":	5792,
					"snd_wnd":	145152,
					"rtt":	131102,
					"rttvar":	29275,
					"pmtu":	1500,
					"omitted":	false,
					"sender":	true
				}],
			"sum":	{
				"start":	8.000146,
				"end":	9.000596,
				"seconds":	1.0004500150680542,
				"bytes":	0,
				"bits_per_second":	0,
				"retransmits":	2,
				"omitted":	false,
				"sender":	true
			}
		}, {
			"streams":	[{
					"socket":	5,
					"start":	9.000596,
					"end":	10.000611,
					"seconds":	1.0000150203704834,
					"bytes":	131072,
					"bits_per_second":	1048560.2502365672,
					"retransmits":	2,
					"snd_cwnd":	5792,
					"snd_wnd":	145152,
					"rtt":	146946,
					"rttvar":	41783,
					"pmtu":	1500,
					"omitted":	false,
					"sender":	true
				}],
			"sum":	{
				"start":	9.000596,
				"end":	10.000611,
				"seconds":	1.0000150203704834,
				"bytes":	131072,
				"bits_per_second":	1048560.2502365672,
				"retransmits":	2,
				"omitted":	false,
				"sender":	true
			}
		}, {
			"streams":	[{
					"socket":	5,
					"start":	10.000611,
					"end":	11.000215,
					"seconds":	0.9996039867401123,
					"bytes":	0,
					"bits_per_second":	0,
					"retransmits":	2,
					"snd_cwnd":	7240,
					"snd_wnd":	143744,
					"rtt":	119302,
					"rttvar":	15757,
					"pmtu":	1500,
					"omitted":	false,
					"sender":	true
				}],
			"sum":	{
				"start":	10.000611,
				"end":	11.000215,
				"seconds":	0.9996039867401123,
				"bytes":	0,
				"bits_per_second":	0,
				"retransmits":	2,
				"omitted":	false,
				"sender":	true
			}
		}, {
			"streams":	[{
					"socket":	5,
					"start":	11.000215,
					"end":	12.000193,
					"seconds":	0.999978005886078,
					"bytes":	131072,
					"bits_per_second":	1048599.0630072504,
					"retransmits":	1,
					"snd_cwnd":	8688,
					"snd_wnd":	145152,
					"rtt":	117775,
					"rttvar":	13976,
					"pmtu":	1500,
					"omitted":	false,
					"sender":	true
				}],
			"sum":	{
				"start":	11.000215,
				"end":	12.000193,
				"seconds":	0.999978005886078,
				"bytes":	131072,
				"bits_per_second":	1048599.0630072504,
				"retransmits":	1,
				"omitted":	false,
				"sender":	true
			}
		}, {
			"streams":	[{
					"socket":	5,
					"start":	12.000193,
					"end":	13.000224,
					"seconds":	1.0000309944152832,
					"bytes":	0,
					"bits_per_second":	0,
					"retransmits":	3,