{
	"start":	{
		"connected":	[{
				"socket":	5,
				"local_host":	"172.20.171.186",
				"local_port":	49448,
				"remote_host":	"54.227.41.78",
				"remote_port":	5201
			}],
		"version":	"iperf 3.16",
		"system_info":	"Linux DESKTOP-OR35M89 6.18.33.1-microsoft-standard-WSL2 #1 SMP PREEMPT_DYNAMIC Fri Jun  5 01:12:21 UTC 2026 x86_64",
		"timestamp":	{
			"time":	"Thu, 25 Jun 2026 23:36:46 GMT",
			"timesecs":	1782430606
		},
		"connecting_to":	{
			"host":	"54.227.41.78",
			"port":	5201
		},
		"cookie":	"yi2tpstdptljgfx6pp2pkwfyvnvsdfmc7ep5",
		"tcp_mss_default":	1448,
		"target_bitrate":	100000000,
		"fq_rate":	0,
		"sock_bufsize":	0,
		"sndbuf_actual":	16384,
		"rcvbuf_actual":	131072,
		"test_start":	{
			"protocol":	"TCP",
			"num_streams":	1,
			"blksize":	131072,
			"omit":	0,
			"duration":	30,
			"bytes":	0,
			"blocks":	0,
			"reverse":	0,
			"tos":	0,
			"target_bitrate":	100000000,
			"bidir":	0,
			"fqrate":	0
		}
	},
	"intervals":	[{
			"streams":	[{
					"socket":	5,
					"start":	0,
					"end":	1.000433,
					"seconds":	1.0004329681396484,
					"bytes":	262144,
					"bits_per_second":	2096244.3929649296,
					"retransmits":	12,
					"snd_cwnd":	10136,
					"snd_wnd":	420352,
					"rtt":	97845,
					"rttvar":	1417,
					"pmtu":	1500,
					"omitted":	false,
					"sender":	true
				}],
			"sum":	{
				"start":	0,
				"end":	1.000433,
				"seconds":	1.0004329681396484,
				"bytes":	262144,
				"bits_per_second":	2096244.3929649296,
				"retransmits":	12,
				"omitted":	false,
				"sender":	true
			}
		}, {
			"streams":	[{
					"socket":	5,
					"start":	1.000433,
					"end":	2.000504,
					"seconds":	1.0000710487365723,
					"bytes":	131072,
					"bits_per_second":	1048501.5052927549,
					"retransmits":	3,
					"snd_cwnd":	8688,
					"snd_wnd":	421760,
					"rtt":	106853,
					"rttvar":	13783,
					"pmtu":	1500,
					"omitted":	false,
					"sender":	true
				}],
			"sum":	{
				"start":	1.000433,
				"end":	2.000504,
				"seconds":	1.0000710487365723,
				"bytes":	131072,
				"bits_per_second":	1048501.5052927549,
				"retransmits":	3,
				"omitted":	false,
				"sender":	true
			}
		}, {
			"streams":	[{
					"socket":	5,
					"start":	2.000504,
					"end":	3.000435,
					"seconds":	0.99993097782135,
					"bytes":	0,
					"bits_per_second":	0,
					"retransmits":	4,
					"snd_cwnd":	2896,
					"snd_wnd":	417792,
					"rtt":	99766,
					"rttvar":	4311,
					"pmtu":	1500,
					"omitted":	false,
					"sender":	true
				}],
			"sum":	{
				"start":	2.000504,
				"end":	3.000435,
				"seconds":	0.99993097782135,
				"bytes":	0,
				"bits_per_second":	0,
				"retransmits":	4,
				"omitted":	false,
				"sender":	true
			}
		}, {
			"streams":	[{
					"socket":	5,
					"start":	3.000435,
					"end":	4.000433,
					"seconds":	0.99999797344207764,
					"bytes":	131072,
					"bits_per_second":	1048578.1250043064,
					"retransmits":	2,
					"snd_cwnd":	4344,
					"snd_wnd":	416512,
					"rtt":	109936,
					"rttvar":	20685,
					"pmtu":	1500,
					"omitted":	false,
					"sender":	true
				}],
			"sum":	{
				"start":	3.000435,
				"end":	4.000433,
				"seconds":	0.99999797344207764,
				"bytes":	131072,
				"bits_per_second":	1048578.1250043064,
				"retransmits":	2,
				"omitted":	false,
				"sender":	true
			}
		}, {
			"streams":	[{
					"socket":	5,
					"start":	4.000433,
					"end":	5.000425,
					"seconds":	0.9999920129776,
					"bytes":	0,
					"bits_per_second":	0,
					"retransmits":	4,
					"snd_cwnd":	4344,
					"snd_wnd":	420352,
					"rtt":	111129,
					"rttvar":	15904,
					"pmtu":	1500,
					"omitted":	false,
					"sender":	true
				}],
			"sum":	{
				"start":	4.000433,
				"end":	5.000425,
				"seconds":	0.9999920129776,
				"bytes":	0,
				"bits_per_second":	0,
				"retransmits":	4,
				"omitted":	false,
				"sender":	true
			}
		}, {
			"streams":	[{
					"socket":	5,
					"start":	5.000425,
					"end":	6.000446,
					"seconds":	1.0000209808349609,
					"bytes":	0,
					"bits_per_second":	0,
					"retransmits":	1,
					"snd_cwnd":	5792,
					"snd_wnd":	421760,
					"rtt":	131630,
					"rttvar":	40908,
					"pmtu":	1500,
					"omitted":	false,
					"sender":	true
				}],
			"sum":	{
				"start":	5.000425,
				"end":	6.000446,
				"seconds":	1.0000209808349609,
				"bytes":	0,
				"bits_per_second":	0,
				"retransmits":	1,
				"omitted":	false,
				"sender":	true
			}
		}, {
			"streams":	[{
					"socket":	5,
					"start":	6.000446,
					"end":	7.000459,
					"seconds":	1.000012993812561,
					"bytes":	131072,
					"bits_per_second":	1048562.3751770384,
					"retransmits":	0,
					"snd_cwnd":	13032,
					"snd_wnd":	421760,
					"rtt":	101259,
					"rttvar":	2928,
					"pmtu":	1500,
					"omitted":	false,
					"sender":	true
				}],
			"sum":	{
				"start":	6.000446,
				"end":	7.000459,
				"seconds":	1.000012993812561,
				"bytes":	131072,
				"bits_per_second":	1048562.3751770384,
				"retransmits":	0,
				"omitted":	false,
				"sender":	true
			}
		}, {
			"streams":	[{
					"socket":	5,
					"start":	7.000459,
					"end":	8.000438,
					"seconds":	0.999979019165039,
					"bytes":	131072,
					"bits_per_second":	1048598.0004615881,
					"retransmits":	2,
					"snd_cwnd":	14480,
					"snd_wnd":	421760,
					"rtt":	100602,
					"rttvar":	3792,
					"pmtu":	1500,
					"omitted":	false,
					"sender":	true
				}],
			"sum":	{
				"start":	7.000459,
				"end":	8.000438,
				"seconds":	0.999979019165039,
				"bytes":	131072,
				"bits_per_second":	1048598.0004615881,
				"retransmits":	2,
				"omitted":	false,
				"sender":	true
			}
		}, {
			"streams":	[{
					"socket":	5,
					"start":	8.000438,
					"end":	9.000114,
					"seconds":	0.999675989151001,
					"bytes":	131072,
					"bits_per_second":	1048915.8601183654,
					"retransmits":	10,
					"snd_cwnd":	5792,
					"snd_wnd":	418944,
					"rtt":	98516,
					"rttvar":	1431,
					"pmtu":	1500,
					"omitted":	false,
					"sender":	true
				}],
			"sum":	{
				"start":	8.000438,
				"end":	9.000114,
				"seconds":	0.999675989151001,
				"bytes":	131072,
				"bits_per_second":	1048915.8601183654,
				"retransmits":	10,
				"omitted":	false,
				"sender":	true
			}
		}, {
			"streams":	[{
					"socket":	5,
					"start":	9.000114,
					"end":	10.000431,
					"seconds":	1.0003169775009155,
					"bytes":	0,
					"bits_per_second":	0,
					"retransmits":	4,
					"snd_cwnd":	1448,
					"snd_wnd":	417792,
					"rtt":	133064,
					"rttvar":	43990,
					"pmtu":	1500,
					"omitted":	false,
					"sender":	true
				}],
			"sum":	{
				"start":	9.000114,
				"end":	10.000431,
				"seconds":	1.0003169775009155,
				"bytes":	0,
				"bits_per_second":	0,
				"retransmits":	4,
				"omitted":	false,
				"sender":	true
			}
		}, {
			"streams":	[{
					"socket":	5,
					"start":	10.000431,
					"end":	11.000235,
					"seconds":	0.99980401992797852,
					"bytes":	0,
					"bits_per_second":	0,
					"retransmits":	2,
					"snd_cwnd":	5792,
					"snd_wnd":	421760,
					"rtt":	125946,
					"rttvar":	35723,
					"pmtu":	1500,
					"omitted":	false,
					"sender":	true
				}],
			"sum":	{
				"start":	10.000431,
				"end":	11.000235,
				"seconds":	0.99980401992797852,
				"bytes":	0,
				"bits_per_second":	0,
				"retransmits":	2,
				"omitted":	false,
				"sender":	true
			}
		}, {
			"streams":	[{
					"socket":	5,
					"start":	11.000235,
					"end":	12.000268,
					"seconds":	1.0000330209732056,
					"bytes":	0,
					"bits_per_second":	0,
					"retransmits":	2,
					"snd_cwnd":	7240,
					"snd_wnd":	421760,
					"rtt":	111065,
					"rttvar":	18105,
					"pmtu":	1500,
					"omitted":	false,
					"sender":	true
				}],
			"sum":	{
				"start":	11.000235,
				"end":	12.000268,
				"seconds":	1.0000330209732056,
				"bytes":	0,
				"bits_per_second":	0,
				"retransmits":	2,
				"omitted":	false,
				"sender":	true
			}
		}, {
			"streams":	[{
					"socket":	5,
					"start":	12.000268,
					"end":	13.000319,
					"seconds":	1.0000510215759277,
					"bytes":	131072,