{
	"start":	{
		"connected":	[{
				"socket":	5,
				"local_host":	"172.20.171.186",
				"local_port":	54296,
				"remote_host":	"54.227.41.78",
				"remote_port":	5201
			}],
		"version":	"iperf 3.16",
		"system_info":	"Linux DESKTOP-OR35M89 6.18.33.1-microsoft-standard-WSL2 #1 SMP PREEMPT_DYNAMIC Fri Jun  5 01:12:21 UTC 2026 x86_64",
		"timestamp":	{
			"time":	"Thu, 25 Jun 2026 23:38:58 GMT",
			"timesecs":	1782430738
		},
		"connecting_to":	{
			"host":	"54.227.41.78",
			"port":	5201
		},
		"cookie":	"onkfynamrq27xmjep62pl6lus6gel4dchw6w",
		"tcp_mss_default":	1448,
		"target_bitrate":	100000000,
		"fq_rate":	0,
		"sock_bufsize":	0,
		"sndbuf_actual":	16384,
		"rcvbuf_actual":	131072,
		"test_start":	{
			"protocol":	"TCP",
			"num_streams":	1,
			"blksize":	131072,
			"omit":	0,
			"duration":	30,
			"bytes":	0,
			"blocks":	0,
			"reverse":	0,
			"tos":	0,
			"target_bitrate":	100000000,
			"bidir":	0,
			"fqrate":	0
		}
	},
	"intervals":	[{
			"streams":	[{
					"socket":	5,
					"start":	0,
					"end":	1.000156,
					"seconds":	1.000156044960022,
					"bytes":	393216,
					"bits_per_second":	3145237.201586619,
					"retransmits":	21,
					"snd_cwnd":	10136,
					"snd_wnd":	163968,
					"rtt":	97915,
					"rttvar":	1694,
					"pmtu":	1500,
					"omitted":	false,
					"sender":	true
				}],
			"sum":	{
				"start":	0,
				"end":	1.000156,
				"seconds":	1.000156044960022,
				"bytes":	393216,
				"bits_per_second":	3145237.201586619,
				"retransmits":	21,
				"omitted":	false,
				"sender":	true
			}
		}, {
			"streams":	[{
					"socket":	5,
					"start":	1.000156,
					"end":	2.000508,
					"seconds":	1.0003520250320435,
					"bytes":	131072,
					"bits_per_second":	1048207.0048955135,
					"retransmits":	4,
					"snd_cwnd":	2896,
					"snd_wnd":	161408,
					"rtt":	103158,
					"rttvar":	10175,
					"pmtu":	1500,
					"omitted":	false,
					"sender":	true
				}],
			"sum":	{
				"start":	1.000156,
				"end":	2.000508,
				"seconds":	1.0003520250320435,
				"bytes":	131072,
				"bits_per_second":	1048207.0048955135,
				"retransmits":	4,
				"omitted":	false,
				"sender":	true
			}
		}, {
			"streams":	[{
					"socket":	5,
					"start":	2.000508,
					"end":	3.000552,
					"seconds":	1.0000439882278442,
					"bytes":	0,
					"bits_per_second":	0,
					"retransmits":	4,
					"snd_cwnd":	1448,
					"snd_wnd":	162560,
					"rtt":	107255,
					"rttvar":	17218,
					"pmtu":	1500,
					"omitted":	false,
					"sender":	true
				}],
			"sum":	{
				"start":	2.000508,
				"end":	3.000552,
				"seconds":	1.0000439882278442,
				"bytes":	0,
				"bits_per_second":	0,
				"retransmits":	4,
				"omitted":	false,
				"sender":	true
			}
		}, {
			"streams":	[{
					"socket":	5,
					"start":	3.000552,
					"end":	4.000509,
					"seconds":	0.999957025051117,
					"bytes":	0,
					"bits_per_second":	0,
					"retransmits":	0,
					"snd_cwnd":	8688,
					"snd_wnd":	165376,
					"rtt":	109978,
					"rttvar":	17520,
					"pmtu":	1500,
					"omitted":	false,
					"sender":	true
				}],
			"sum":	{
				"start":	3.000552,
				"end":	4.000509,
				"seconds":	0.999957025051117,
				"bytes":	0,
				"bits_per_second":	0,
				"retransmits":	0,
				"omitted":	false,
				"sender":	true
			}
		}, {
			"streams":	[{
					"socket":	5,
					"start":	4.000509,
					"end":	5.000557,
					"seconds":	1.000048041343689,
					"bytes":	131072,
					"bits_per_second":	1048525.6274199664,
					"retransmits":	3,
					"snd_cwnd":	10136,
					"snd_wnd":	165376,
					"rtt":	100119,
					"rttvar":	3437,
					"pmtu":	1500,
					"omitted":	false,
					"sender":	true
				}],
			"sum":	{
				"start":	4.000509,
				"end":	5.000557,
				"seconds":	1.000048041343689,
				"bytes":	131072,
				"bits_per_second":	1048525.6274199664,
				"retransmits":	3,
				"omitted":	false,
				"sender":	true
			}
		}, {
			"streams":	[{
					"socket":	5,
					"start":	5.000557,
					"end":	6.000497,
					"seconds":	0.99993997812271118,
					"bytes":	0,
					"bits_per_second":	0,
					"retransmits":	4,
					"snd_cwnd":	2896,
					"snd_wnd":	160128,
					"rtt":	103371,
					"rttvar":	10756,
					"pmtu":	1500,
					"omitted":	false,
					"sender":	true
				}],
			"sum":	{
				"start":	5.000557,
				"end":	6.000497,
				"seconds":	0.99993997812271118,
				"bytes":	0,
				"bits_per_second":	0,
				"retransmits":	4,
				"omitted":	false,
				"sender":	true
			}
		}, {
			"streams":	[{
					"socket":	5,
					"start":	6.000497,
					"end":	7.000513,
					"seconds":	1.0000159740448,
					"bytes":	131072,
					"bits_per_second":	1048559.2502675609,
					"retransmits":	1,
					"snd_cwnd":	8688,
					"snd_wnd":	163968,
					"rtt":	104778,
					"rttvar":	12276,
					"pmtu":	1500,
					"omitted":	false,
					"sender":	true
				}],
			"sum":	{
				"start":	6.000497,
				"end":	7.000513,
				"seconds":	1.0000159740448,
				"bytes":	131072,
				"bits_per_second":	1048559.2502675609,
				"retransmits":	1,
				"omitted":	false,
				"sender":	true
			}
		}, {
			"streams":	[{
					"socket":	5,
					"start":	7.000513,
					"end":	8.000551,
					"seconds":	1.0000380277633667,
					"bytes":	0,
					"bits_per_second":	0,
					"retransmits":	5,
					"snd_cwnd":	4344,
					"snd_wnd":	165376,
					"rtt":	114574,
					"rttvar":	27090,
					"pmtu":	1500,
					"omitted":	false,
					"sender":	true
				}],
			"sum":	{
				"start":	7.000513,
				"end":	8.000551,
				"seconds":	1.0000380277633667,
				"bytes":	0,
				"bits_per_second":	0,
				"retransmits":	5,
				"omitted":	false,
				"sender":	true
			}
		}, {
			"streams":	[{
					"socket":	5,
					"start":	8.000551,
					"end":	9.000661,
					"seconds":	1.0001100301742554,
					"bytes":	0,
					"bits_per_second":	0,
					"retransmits":	3,
					"snd_cwnd":	2896,
					"snd_wnd":	165376,
					"rtt":	113520,
					"rttvar":	24240,
					"pmtu":	1500,
					"omitted":	false,
					"sender":	true
				}],
			"sum":	{
				"start":	8.000551,
				"end":	9.000661,
				"seconds":	1.0001100301742554,
				"bytes":	0,
				"bits_per_second":	0,
				"retransmits":	3,
				"omitted":	false,
				"sender":	true
			}
		}, {
			"streams":	[{
					"socket":	5,
					"start":	9.000661,
					"end":	10.000493,
					"seconds":	0.99983197450637817,
					"bytes":	131072,
					"bits_per_second":	1048752.2171089668,
					"retransmits":	2,
					"snd_cwnd":	4344,
					"snd_wnd":	165376,
					"rtt":	121147,
					"rttvar":	31835,
					"pmtu":	1500,
					"omitted":	false,
					"sender":	true
				}],
			"sum":	{
				"start":	9.000661,
				"end":	10.000493,
				"seconds":	0.99983197450637817,
				"bytes":	131072,
				"bits_per_second":	1048752.2171089668,
				"retransmits":	2,
				"omitted":	false,
				"sender":	true
			}
		}, {
			"streams":	[{
					"socket":	5,
					"start":	10.000493,
					"end":	11.000523,
					"seconds":	1.0000300407409668,
					"bytes":	0,
					"bits_per_second":	0,
					"retransmits":	2,
					"snd_cwnd":	5792,
					"snd_wnd":	165376,
					"rtt":	119914,
					"rttvar":	31071,
					"pmtu":	1500,
					"omitted":	false,
					"sender":	true
				}],
			"sum":	{
				"start":	10.000493,
				"end":	11.000523,
				"seconds":	1.0000300407409668,
				"bytes":	0,
				"bits_per_second":	0,
				"retransmits":	2,
				"omitted":	false,
				"sender":	true
			}
		}, {
			"streams":	[{
					"socket":	5,
					"start":	11.000523,
					"end":	12.000507,
					"seconds":	0.9999840259552002,
					"bytes":	0,
					"bits_per_second":	0,
					"retransmits":	1,
					"snd_cwnd":	7240,
					"snd_wnd":	165376,
					"rtt":	109808,
					"rttvar":	17098,
					"pmtu":	1500,
					"omitted":	false,
					"sender":	true
				}],
			"sum":	{
				"start":	11.000523,
				"end":	12.000507,
				"seconds":	0.9999840259552002,
				"bytes":	0,
				"bits_per_second":	0,
				"retransmits":	1,
				"omitted":	false,
				"sender":	true
			}
		}, {
			"streams":	[{
					"socket":	5,
					"start":	12.000507,
					"end":	13.000492,
					"seconds":	0.9999849796295166,
					"bytes":	0,
					"bits_per_second":	0,
					"retransmits":	5,
					"snd_cwnd":	7240,