{
	"start":	{
		"connected":	[{
				"socket":	5,
				"local_host":	"172.20.171.186",
				"local_port":	36126,
				"remote_host":	"54.227.41.78",
				"remote_port":	5201
			}],
		"version":	"iperf 3.16",
		"system_info":	"Linux DESKTOP-OR35M89 6.18.33.1-microsoft-standard-WSL2 #1 SMP PREEMPT_DYNAMIC Fri Jun  5 01:12:21 UTC 2026 x86_64",
		"timestamp":	{
			"time":	"Thu, 25 Jun 2026 22:27:12 GMT",
			"timesecs":	1782426432
		},
		"connecting_to":	{
			"host":	"54.227.41.78",
			"port":	5201
		},
		"cookie":	"p4ks3u2p3hr57wrtxlfr6xja7zhciw7w3b6z",
		"tcp_mss_default":	1448,
		"target_bitrate":	100000000,
		"fq_rate":	0,
		"sock_bufsize":	0,
		"sndbuf_actual":	16384,
		"rcvbuf_actual":	131072,
		"test_start":	{
			"protocol":	"TCP",
			"num_streams":	1,
			"blksize":	131072,
			"omit":	0,
			"duration":	30,
			"bytes":	0,
			"blocks":	0,
			"reverse":	0,
			"tos":	0,
			"target_bitrate":	100000000,
			"bidir":	0,
			"fqrate":	0
		}
	},
	"intervals":	[{
			"streams":	[{
					"socket":	5,
					"start":	0,
					"end":	1.000152,
					"seconds":	1.0001519918441772,
					"bytes":	1048576,
					"bits_per_second":	8387333.19376015,
					"retransmits":	12,
					"snd_cwnd":	40544,
					"snd_wnd":	372736,
					"rtt":	87777,
					"rttvar":	1104,
					"pmtu":	1500,
					"omitted":	false,
					"sender":	true
				}],
			"sum":	{
				"start":	0,
				"end":	1.000152,
				"seconds":	1.0001519918441772,
				"bytes":	1048576,
				"bits_per_second":	8387333.19376015,
				"retransmits":	12,
				"omitted":	false,
				"sender":	true
			}
		}, {
			"streams":	[{
					"socket":	5,
					"start":	1.000152,
					"end":	2.000144,
					"seconds":	0.9999920129776,
					"bytes":	131072,
					"bits_per_second":	1048584.3750668918,
					"retransmits":	4,
					"snd_cwnd":	13032,
					"snd_wnd":	374272,
					"rtt":	91869,
					"rttvar":	4962,
					"pmtu":	1500,
					"omitted":	false,
					"sender":	true
				}],
			"sum":	{
				"start":	1.000152,
				"end":	2.000144,
				"seconds":	0.9999920129776,
				"bytes":	131072,
				"bits_per_second":	1048584.3750668918,
				"retransmits":	4,
				"omitted":	false,
				"sender":	true
			}
		}, {
			"streams":	[{
					"socket":	5,
					"start":	2.000144,
					"end":	3.000198,
					"seconds":	1.0000540018081665,
					"bytes":	0,
					"bits_per_second":	0,
					"retransmits":	1,
					"snd_cwnd":	10136,
					"snd_wnd":	374272,
					"rtt":	102470,
					"rttvar":	18655,
					"pmtu":	1500,
					"omitted":	false,
					"sender":	true
				}],
			"sum":	{
				"start":	2.000144,
				"end":	3.000198,
				"seconds":	1.0000540018081665,
				"bytes":	0,
				"bits_per_second":	0,
				"retransmits":	1,
				"omitted":	false,
				"sender":	true
			}
		}, {
			"streams":	[{
					"socket":	5,
					"start":	3.000198,
					"end":	4.000142,
					"seconds":	0.999943971633911,
					"bytes":	262144,
					"bits_per_second":	2097269.5065837018,
					"retransmits":	4,
					"snd_cwnd":	5792,
					"snd_wnd":	372864,
					"rtt":	100711,
					"rttvar":	18192,
					"pmtu":	1500,
					"omitted":	false,
					"sender":	true
				}],
			"sum":	{
				"start":	3.000198,
				"end":	4.000142,
				"seconds":	0.999943971633911,
				"bytes":	262144,
				"bits_per_second":	2097269.5065837018,
				"retransmits":	4,
				"omitted":	false,
				"sender":	true
			}
		}, {
			"streams":	[{
					"socket":	5,
					"start":	4.000142,
					"end":	5.000182,
					"seconds":	1.0000400543212891,
					"bytes":	0,
					"bits_per_second":	0,
					"retransmits":	4,
					"snd_cwnd":	4344,
					"snd_wnd":	374272,
					"rtt":	98083,
					"rttvar":	15694,
					"pmtu":	1500,
					"omitted":	false,
					"sender":	true
				}],
			"sum":	{
				"start":	4.000142,
				"end":	5.000182,
				"seconds":	1.0000400543212891,
				"bytes":	0,
				"bits_per_second":	0,
				"retransmits":	4,
				"omitted":	false,
				"sender":	true
			}
		}, {
			"streams":	[{
					"socket":	5,
					"start":	5.000182,
					"end":	6.000122,
					"seconds":	0.99993997812271118,
					"bytes":	0,
					"bits_per_second":	0,
					"retransmits":	0,
					"snd_cwnd":	11584,
					"snd_wnd":	374272,
					"rtt":	96330,
					"rttvar":	10480,
					"pmtu":	1500,
					"omitted":	false,
					"sender":	true
				}],
			"sum":	{
				"start":	5.000182,
				"end":	6.000122,
				"seconds":	0.99993997812271118,
				"bytes":	0,
				"bits_per_second":	0,
				"retransmits":	0,
				"omitted":	false,
				"sender":	true
			}
		}, {
			"streams":	[{
					"socket":	5,
					"start":	6.000122,
					"end":	7.000146,
					"seconds":	1.0000239610672,
					"bytes":	262144,
					"bits_per_second":	2097101.7512040148,
					"retransmits":	5,
					"snd_cwnd":	4344,
					"snd_wnd":	374272,
					"rtt":	97292,
					"rttvar":	15118,
					"pmtu":	1500,
					"omitted":	false,
					"sender":	true
				}],
			"sum":	{
				"start":	6.000122,
				"end":	7.000146,
				"seconds":	1.0000239610672,
				"bytes":	262144,
				"bits_per_second":	2097101.7512040148,
				"retransmits":	5,
				"omitted":	false,
				"sender":	true
			}
		}, {
			"streams":	[{
					"socket":	5,
					"start":	7.000146,
					"end":	8.000137,
					"seconds":	0.999990999698639,
					"bytes":	0,
					"bits_per_second":	0,
					"retransmits":	2,
					"snd_cwnd":	5792,
					"snd_wnd":	371456,
					"rtt":	93754,
					"rttvar":	8515,
					"pmtu":	1500,
					"omitted":	false,
					"sender":	true
				}],
			"sum":	{
				"start":	7.000146,
				"end":	8.000137,
				"seconds":	0.999990999698639,
				"bytes":	0,
				"bits_per_second":	0,
				"retransmits":	2,
				"omitted":	false,
				"sender":	true
			}
		}, {
			"streams":	[{
					"socket":	5,
					"start":	8.000137,
					"end":	9.000198,
					"seconds":	1.00006103515625,
					"bytes":	0,
					"bits_per_second":	0,
					"retransmits":	0,
					"snd_cwnd":	13032,
					"snd_wnd":	374272,
					"rtt":	96802,
					"rttvar":	8309,
					"pmtu":	1500,
					"omitted":	false,
					"sender":	true
				}],
			"sum":	{
				"start":	8.000137,
				"end":	9.000198,
				"seconds":	1.00006103515625,
				"bytes":	0,
				"bits_per_second":	0,
				"retransmits":	0,
				"omitted":	false,
				"sender":	true
			}
		}, {
			"streams":	[{
					"socket":	5,
					"start":	9.000198,
					"end":	10.000162,
					"seconds":	0.99996399879455566,
					"bytes":	262144,
					"bits_per_second":	2097227.5027181888,
					"retransmits":	3,
					"snd_cwnd":	8688,
					"snd_wnd":	374272,
					"rtt":	97860,
					"rttvar":	13140,
					"pmtu":	1500,
					"omitted":	false,
					"sender":	true
				}],
			"sum":	{
				"start":	9.000198,
				"end":	10.000162,
				"seconds":	0.99996399879455566,
				"bytes":	262144,
				"bits_per_second":	2097227.5027181888,
				"retransmits":	3,
				"omitted":	false,
				"sender":	true
			}
		}, {
			"streams":	[{
					"socket":	5,
					"start":	10.000162,
					"end":	11.000162,
					"seconds":	1,
					"bytes":	0,
					"bits_per_second":	0,
					"retransmits":	3,
					"snd_cwnd":	7240,
					"snd_wnd":	374272,
					"rtt":	101093,
					"rttvar":	19656,
					"pmtu":	1500,
					"omitted":	false,
					"sender":	true
				}],
			"sum":	{
				"start":	10.000162,
				"end":	11.000162,
				"seconds":	1,
				"bytes":	0,
				"bits_per_second":	0,
				"retransmits":	3,
				"omitted":	false,
				"sender":	true
			}
		}, {
			"streams":	[{
					"socket":	5,
					"start":	11.000162,
					"end":	12.000201,
					"seconds":	1.0000389814376831,
					"bytes":	0,
					"bits_per_second":	0,
					"retransmits":	2,
					"snd_cwnd":	8688,
					"snd_wnd":	374272,
					"rtt":	95059,
					"rttvar":	9621,
					"pmtu":	1500,
					"omitted":	false,
					"sender":	true
				}],
			"sum":	{
				"start":	11.000162,
				"end":	12.000201,
				"seconds":	1.0000389814376831,
				"bytes":	0,
				"bits_per_second":	0,
				"retransmits":	2,
				"omitted":	false,
				"sender":	true
			}
		}, {
			"streams":	[{
					"socket":	5,
					"start":	12.000201,
					"end":	13.000158,
					"seconds":	0.999957025051117,
					"bytes":	0,
					"bits_per_second":	0,
					"retransmits":	3,
					"snd_cwnd":	7240,
					"snd_wnd":	372736,
					"rtt":	96897,