{
	"start":	{
		"connected":	[{
				"socket":	5,
				"local_host":	"172.20.171.186",
				"local_port":	35400,
				"remote_host":	"54.227.41.78",
				"remote_port":	5201
			}],
		"version":	"iperf 3.16",
		"system_info":	"Linux DESKTOP-OR35M89 6.18.33.1-microsoft-standard-WSL2 #1 SMP PREEMPT_DYNAMIC Fri Jun  5 01:12:21 UTC 2026 x86_64",
		"timestamp":	{
			"time":	"Thu, 25 Jun 2026 23:27:15 GMT",
			"timesecs":	1782430035
		},
		"connecting_to":	{
			"host":	"54.227.41.78",
			"port":	5201
		},
		"cookie":	"aaiiwch7ewcw2owsz6sf2mkxa3mmnv37mtka",
		"tcp_mss_default":	1448,
		"target_bitrate":	100000000,
		"fq_rate":	0,
		"sock_bufsize":	0,
		"sndbuf_actual":	16384,
		"rcvbuf_actual":	131072,
		"test_start":	{
			"protocol":	"TCP",
			"num_streams":	1,
			"blksize":	131072,
			"omit":	0,
			"duration":	30,
			"bytes":	0,
			"blocks":	0,
			"reverse":	0,
			"tos":	0,
			"target_bitrate":	100000000,
			"bidir":	0,
			"fqrate":	0
		}
	},
	"intervals":	[{
			"streams":	[{
					"socket":	5,
					"start":	0,
					"end":	1.000161,
					"seconds":	1.0001610517501831,
					"bytes":	262144,
					"bits_per_second":	2096814.3043864695,
					"retransmits":	7,
					"snd_cwnd":	13032,
					"snd_wnd":	149376,
					"rtt":	99885,
					"rttvar":	2719,
					"pmtu":	1500,
					"omitted":	false,
					"sender":	true
				}],
			"sum":	{
				"start":	0,
				"end":	1.000161,
				"seconds":	1.0001610517501831,
				"bytes":	262144,
				"bits_per_second":	2096814.3043864695,
				"retransmits":	7,
				"omitted":	false,
				"sender":	true
			}
		}, {
			"streams":	[{
					"socket":	5,
					"start":	1.000161,
					"end":	2.000452,
					"seconds":	1.0002909898757935,
					"bytes":	131072,
					"bits_per_second":	1048270.9637624569,
					"retransmits":	4,
					"snd_cwnd":	7240,
					"snd_wnd":	149376,
					"rtt":	104825,
					"rttvar":	11743,
					"pmtu":	1500,
					"omitted":	false,
					"sender":	true
				}],
			"sum":	{
				"start":	1.000161,
				"end":	2.000452,
				"seconds":	1.0002909898757935,
				"bytes":	131072,
				"bits_per_second":	1048270.9637624569,
				"retransmits":	4,
				"omitted":	false,
				"sender":	true
			}
		}, {
			"streams":	[{
					"socket":	5,
					"start":	2.000452,
					"end":	3.000459,
					"seconds":	1.0000070333480835,
					"bytes":	0,
					"bits_per_second":	0,
					"retransmits":	3,
					"snd_cwnd":	4344,
					"snd_wnd":	149376,
					"rtt":	104036,
					"rttvar":	11302,
					"pmtu":	1500,
					"omitted":	false,
					"sender":	true
				}],
			"sum":	{
				"start":	2.000452,
				"end":	3.000459,
				"seconds":	1.0000070333480835,
				"bytes":	0,
				"bits_per_second":	0,
				"retransmits":	3,
				"omitted":	false,
				"sender":	true
			}
		}, {
			"streams":	[{
					"socket":	5,
					"start":	3.000459,
					"end":	4.000564,
					"seconds":	1.0001050233840942,
					"bytes":	131072,
					"bits_per_second":	1048465.8865644856,
					"retransmits":	0,
					"snd_cwnd":	10136,
					"snd_wnd":	149376,
					"rtt":	102154,
					"rttvar":	6588,
					"pmtu":	1500,
					"omitted":	false,
					"sender":	true
				}],
			"sum":	{
				"start":	3.000459,
				"end":	4.000564,
				"seconds":	1.0001050233840942,
				"bytes":	131072,
				"bits_per_second":	1048465.8865644856,
				"retransmits":	0,
				"omitted":	false,
				"sender":	true
			}
		}, {
			"streams":	[{
					"socket":	5,
					"start":	4.000564,
					"end":	5.00046,
					"seconds":	0.999895989894867,
					"bytes":	0,
					"bits_per_second":	0,
					"retransmits":	7,
					"snd_cwnd":	5792,
					"snd_wnd":	142848,
					"rtt":	100081,
					"rttvar":	3866,
					"pmtu":	1500,
					"omitted":	false,
					"sender":	true
				}],
			"sum":	{
				"start":	4.000564,
				"end":	5.00046,
				"seconds":	0.999895989894867,
				"bytes":	0,
				"bits_per_second":	0,
				"retransmits":	7,
				"omitted":	false,
				"sender":	true
			}
		}, {
			"streams":	[{
					"socket":	5,
					"start":	5.00046,
					"end":	6.000424,
					"seconds":	0.99996399879455566,
					"bytes":	131072,
					"bits_per_second":	1048613.7513590944,
					"retransmits":	4,
					"snd_cwnd":	2896,
					"snd_wnd":	144128,
					"rtt":	101717,
					"rttvar":	9326,
					"pmtu":	1500,
					"omitted":	false,
					"sender":	true
				}],
			"sum":	{
				"start":	5.00046,
				"end":	6.000424,
				"seconds":	0.99996399879455566,
				"bytes":	131072,
				"bits_per_second":	1048613.7513590944,
				"retransmits":	4,
				"omitted":	false,
				"sender":	true
			}
		}, {
			"streams":	[{
					"socket":	5,
					"start":	6.000424,
					"end":	7.00019,
					"seconds":	0.99976599216461182,
					"bytes":	0,
					"bits_per_second":	0,
					"retransmits":	0,
					"snd_cwnd":	8688,
					"snd_wnd":	149376,
					"rtt":	113880,
					"rttvar":	22124,
					"pmtu":	1500,
					"omitted":	false,
					"sender":	true
				}],
			"sum":	{
				"start":	6.000424,
				"end":	7.00019,
				"seconds":	0.99976599216461182,
				"bytes":	0,
				"bits_per_second":	0,
				"retransmits":	0,
				"omitted":	false,
				"sender":	true
			}
		}, {
			"streams":	[{
					"socket":	5,
					"start":	7.00019,
					"end":	8.000565,
					"seconds":	1.0003750324249268,
					"bytes":	131072,
					"bits_per_second":	1048182.8974262115,
					"retransmits":	4,
					"snd_cwnd":	5792,
					"snd_wnd":	149376,
					"rtt":	109621,
					"rttvar":	14294,
					"pmtu":	1500,
					"omitted":	false,
					"sender":	true
				}],
			"sum":	{
				"start":	7.00019,
				"end":	8.000565,
				"seconds":	1.0003750324249268,
				"bytes":	131072,
				"bits_per_second":	1048182.8974262115,
				"retransmits":	4,
				"omitted":	false,
				"sender":	true
			}
		}, {
			"streams":	[{
					"socket":	5,
					"start":	8.000565,
					"end":	9.000452,
					"seconds":	0.999886989593506,
					"bytes":	0,
					"bits_per_second":	0,
					"retransmits":	3,
					"snd_cwnd":	2896,
					"snd_wnd":	147968,
					"rtt":	111758,
					"rttvar":	23537,
					"pmtu":	1500,
					"omitted":	false,
					"sender":	true
				}],
			"sum":	{
				"start":	8.000565,
				"end":	9.000452,
				"seconds":	0.999886989593506,
				"bytes":	0,
				"bits_per_second":	0,
				"retransmits":	3,
				"omitted":	false,
				"sender":	true
			}
		}, {
			"streams":	[{
					"socket":	5,
					"start":	9.000452,
					"end":	10.000538,
					"seconds":	1.0000859498977661,
					"bytes":	0,
					"bits_per_second":	0,
					"retransmits":	3,
					"snd_cwnd":	2896,
					"snd_wnd":	149376,
					"rtt":	114205,
					"rttvar":	28371,
					"pmtu":	1500,
					"omitted":	false,
					"sender":	true
				}],
			"sum":	{
				"start":	9.000452,
				"end":	10.000538,
				"seconds":	1.0000859498977661,
				"bytes":	0,
				"bits_per_second":	0,
				"retransmits":	3,
				"omitted":	false,
				"sender":	true
			}
		}, {
			"streams":	[{
					"socket":	5,
					"start":	10.000538,
					"end":	11.000457,
					"seconds":	0.99991899728775024,
					"bytes":	0,
					"bits_per_second":	0,
					"retransmits":	2,
					"snd_cwnd":	5792,
					"snd_wnd":	147968,
					"rtt":	104198,
					"rttvar":	10365,
					"pmtu":	1500,
					"omitted":	false,
					"sender":	true
				}],
			"sum":	{
				"start":	10.000538,
				"end":	11.000457,
				"seconds":	0.99991899728775024,
				"bytes":	0,
				"bits_per_second":	0,
				"retransmits":	2,
				"omitted":	false,
				"sender":	true
			}
		}, {
			"streams":	[{
					"socket":	5,
					"start":	11.000457,
					"end":	12.000418,
					"seconds":	0.999961018562317,
					"bytes":	131072,
					"bits_per_second":	1048616.8765934284,
					"retransmits":	3,
					"snd_cwnd":	5792,
					"snd_wnd":	149376,
					"rtt":	112909,
					"rttvar":	22212,
					"pmtu":	1500,
					"omitted":	false,
					"sender":	true
				}],
			"sum":	{
				"start":	11.000457,
				"end":	12.000418,
				"seconds":	0.999961018562317,
				"bytes":	131072,
				"bits_per_second":	1048616.8765934284,
				"retransmits":	3,
				"omitted":	false,
				"sender":	true
			}
		}, {
			"streams":	[{
					"socket":	5,
					"start":	12.000418,
					"end":	13.000583,
					"seconds":	1.0001649856567383,
					"bytes":	0,
					"bits_per_second":	0,