{
	"start":	{
		"connected":	[{
				"socket":	5,
				"local_host":	"172.20.171.186",
				"local_port":	41186,
				"remote_host":	"54.227.41.78",
				"remote_port":	5201
			}],
		"version":	"iperf 3.16",
		"system_info":	"Linux DESKTOP-OR35M89 6.18.33.1-microsoft-standard-WSL2 #1 SMP PREEMPT_DYNAMIC Fri Jun  5 01:12:21 UTC 2026 x86_64",
		"timestamp":	{
			"time":	"Thu, 25 Jun 2026 23:01:38 GMT",
			"timesecs":	1782428498
		},
		"connecting_to":	{
			"host":	"54.227.41.78",
			"port":	5201
		},
		"cookie":	"43qn5le45c7tbfbe5qf3vdimx3mtgjwes236",
		"tcp_mss_default":	1448,
		"target_bitrate":	100000000,
		"fq_rate":	0,
		"sock_bufsize":	0,
		"sndbuf_actual":	16384,
		"rcvbuf_actual":	131072,
		"test_start":	{
			"protocol":	"TCP",
			"num_streams":	1,
			"blksize":	131072,
			"omit":	0,
			"duration":	30,
			"bytes":	0,
			"blocks":	0,
			"reverse":	0,
			"tos":	0,
			"target_bitrate":	100000000,
			"bidir":	0,
			"fqrate":	0
		}
	},
	"intervals":	[{
			"streams":	[{
					"socket":	5,
					"start":	0,
					"end":	1.000093,
					"seconds":	1.0000929832458496,
					"bytes":	131072,
					"bits_per_second":	1048478.5090650236,
					"retransmits":	7,
					"snd_cwnd":	7240,
					"snd_wnd":	136448,
					"rtt":	92323,
					"rttvar":	8090,
					"pmtu":	1500,
					"omitted":	false,
					"sender":	true
				}],
			"sum":	{
				"start":	0,
				"end":	1.000093,
				"seconds":	1.0000929832458496,
				"bytes":	131072,
				"bits_per_second":	1048478.5090650236,
				"retransmits":	7,
				"omitted":	false,
				"sender":	true
			}
		}, {
			"streams":	[{
					"socket":	5,
					"start":	1.000093,
					"end":	2.000139,
					"seconds":	1.0000460147857666,
					"bytes":	0,
					"bits_per_second":	0,
					"retransmits":	3,
					"snd_cwnd":	4344,
					"snd_wnd":	134912,
					"rtt":	92355,
					"rttvar":	8890,
					"pmtu":	1500,
					"omitted":	false,
					"sender":	true
				}],
			"sum":	{
				"start":	1.000093,
				"end":	2.000139,
				"seconds":	1.0000460147857666,
				"bytes":	0,
				"bits_per_second":	0,
				"retransmits":	3,
				"omitted":	false,
				"sender":	true
			}
		}, {
			"streams":	[{
					"socket":	5,
					"start":	2.000139,
					"end":	3.000125,
					"seconds":	0.99998599290847778,
					"bytes":	131072,
					"bits_per_second":	1048590.687705732,
					"retransmits":	5,
					"snd_cwnd":	2896,
					"snd_wnd":	133632,
					"rtt":	98910,
					"rttvar":	18712,
					"pmtu":	1500,
					"omitted":	false,
					"sender":	true
				}],
			"sum":	{
				"start":	2.000139,
				"end":	3.000125,
				"seconds":	0.99998599290847778,
				"bytes":	131072,
				"bits_per_second":	1048590.687705732,
				"retransmits":	5,
				"omitted":	false,
				"sender":	true
			}
		}, {
			"streams":	[{
					"socket":	5,
					"start":	3.000125,
					"end":	4.000146,
					"seconds":	1.0000209808349609,
					"bytes":	0,
					"bits_per_second":	0,
					"retransmits":	3,
					"snd_cwnd":	4344,
					"snd_wnd":	134912,
					"rtt":	107052,
					"rttvar":	31276,
					"pmtu":	1500,
					"omitted":	false,
					"sender":	true
				}],
			"sum":	{
				"start":	3.000125,
				"end":	4.000146,
				"seconds":	1.0000209808349609,
				"bytes":	0,
				"bits_per_second":	0,
				"retransmits":	3,
				"omitted":	false,
				"sender":	true
			}
		}, {
			"streams":	[{
					"socket":	5,
					"start":	4.000146,
					"end":	5.000136,
					"seconds":	0.99998998641967773,
					"bytes":	0,
					"bits_per_second":	0,
					"retransmits":	3,
					"snd_cwnd":	4344,
					"snd_wnd":	134912,
					"rtt":	104309,
					"rttvar":	23872,
					"pmtu":	1500,
					"omitted":	false,
					"sender":	true
				}],
			"sum":	{
				"start":	4.000146,
				"end":	5.000136,
				"seconds":	0.99998998641967773,
				"bytes":	0,
				"bits_per_second":	0,
				"retransmits":	3,
				"omitted":	false,
				"sender":	true
			}
		}, {
			"streams":	[{
					"socket":	5,
					"start":	5.000136,
					"end":	6.000111,
					"seconds":	0.999975025653839,
					"bytes":	131072,
					"bits_per_second":	1048602.188154032,
					"retransmits":	1,
					"snd_cwnd":	7240,
					"snd_wnd":	134912,
					"rtt":	97558,
					"rttvar":	14563,
					"pmtu":	1500,
					"omitted":	false,
					"sender":	true
				}],
			"sum":	{
				"start":	5.000136,
				"end":	6.000111,
				"seconds":	0.999975025653839,
				"bytes":	131072,
				"bits_per_second":	1048602.188154032,
				"retransmits":	1,
				"omitted":	false,
				"sender":	true
			}
		}, {
			"streams":	[{
					"socket":	5,
					"start":	6.000111,
					"end":	7.000116,
					"seconds":	1.0000050067901611,
					"bytes":	0,
					"bits_per_second":	0,
					"retransmits":	4,
					"snd_cwnd":	5792,
					"snd_wnd":	136448,
					"rtt":	91212,
					"rttvar":	6231,
					"pmtu":	1500,
					"omitted":	false,
					"sender":	true
				}],
			"sum":	{
				"start":	6.000111,
				"end":	7.000116,
				"seconds":	1.0000050067901611,
				"bytes":	0,
				"bits_per_second":	0,
				"retransmits":	4,
				"omitted":	false,
				"sender":	true
			}
		}, {
			"streams":	[{
					"socket":	5,
					"start":	7.000116,
					"end":	8.000132,
					"seconds":	1.0000159740448,
					"bytes":	131072,
					"bits_per_second":	1048559.2502675609,
					"retransmits":	1,
					"snd_cwnd":	11584,
					"snd_wnd":	136448,
					"rtt":	90190,
					"rttvar":	2777,
					"pmtu":	1500,
					"omitted":	false,
					"sender":	true
				}],
			"sum":	{
				"start":	7.000116,
				"end":	8.000132,
				"seconds":	1.0000159740448,
				"bytes":	131072,
				"bits_per_second":	1048559.2502675609,
				"retransmits":	1,
				"omitted":	false,
				"sender":	true
			}
		}, {
			"streams":	[{
					"socket":	5,
					"start":	8.000132,
					"end":	9.000169,
					"seconds":	1.0000369548797607,
					"bytes":	131072,
					"bits_per_second":	1048537.2514319486,
					"retransmits":	5,
					"snd_cwnd":	7240,
					"snd_wnd":	134912,
					"rtt":	92897,
					"rttvar":	9700,
					"pmtu":	1500,
					"omitted":	false,
					"sender":	true
				}],
			"sum":	{
				"start":	8.000132,
				"end":	9.000169,
				"seconds":	1.0000369548797607,
				"bytes":	131072,
				"bits_per_second":	1048537.2514319486,
				"retransmits":	5,
				"omitted":	false,
				"sender":	true
			}
		}, {
			"streams":	[{
					"socket":	5,
					"start":	9.000169,
					"end":	10.0001,
					"seconds":	0.99993097782135,
					"bytes":	0,
					"bits_per_second":	0,
					"retransmits":	2,
					"snd_cwnd":	5792,
					"snd_wnd":	134912,
					"rtt":	98970,
					"rttvar":	16886,
					"pmtu":	1500,
					"omitted":	false,
					"sender":	true
				}],
			"sum":	{
				"start":	9.000169,
				"end":	10.0001,
				"seconds":	0.99993097782135,
				"bytes":	0,
				"bits_per_second":	0,
				"retransmits":	2,
				"omitted":	false,
				"sender":	true
			}
		}, {
			"streams":	[{
					"socket":	5,
					"start":	10.0001,
					"end":	11.000137,
					"seconds":	1.0000369548797607,
					"bytes":	131072,
					"bits_per_second":	1048537.2514319486,
					"retransmits":	3,
					"snd_cwnd":	4344,
					"snd_wnd":	136448,
					"rtt":	98773,
					"rttvar":	17180,
					"pmtu":	1500,
					"omitted":	false,
					"sender":	true
				}],
			"sum":	{
				"start":	10.0001,
				"end":	11.000137,
				"seconds":	1.0000369548797607,
				"bytes":	131072,
				"bits_per_second":	1048537.2514319486,
				"retransmits":	3,
				"omitted":	false,
				"sender":	true
			}
		}, {
			"streams":	[{
					"socket":	5,
					"start":	11.000137,
					"end":	12.000135,
					"seconds":	0.99999797344207764,
					"bytes":	0,
					"bits_per_second":	0,
					"retransmits":	2,
					"snd_cwnd":	7240,
					"snd_wnd":	136448,
					"rtt":	102932,
					"rttvar":	19304,
					"pmtu":	1500,
					"omitted":	false,
					"sender":	true
				}],
			"sum":	{
				"start":	11.000137,
				"end":	12.000135,
				"seconds":	0.99999797344207764,
				"bytes":	0,
				"bits_per_second":	0,
				"retransmits":	2,
				"omitted":	false,
				"sender":	true
			}
		}, {
			"streams":	[{
					"socket":	5,
					"start":	12.000135,
					"end":	13.000139,
					"seconds":	1.0000040531158447,
					"bytes":	131072,
					"bits_per_second":	1048571.7500172256,