{
	"start":	{
		"connected":	[{
				"socket":	5,
				"local_host":	"172.20.171.186",
				"local_port":	41458,
				"remote_host":	"54.227.41.78",
				"remote_port":	5201
			}],
		"version":	"iperf 3.16",
		"system_info":	"Linux DESKTOP-OR35M89 6.18.33.1-microsoft-standard-WSL2 #1 SMP PREEMPT_DYNAMIC Fri Jun  5 01:12:21 UTC 2026 x86_64",
		"timestamp":	{
			"time":	"Thu, 25 Jun 2026 23:03:49 GMT",
			"timesecs":	1782428629
		},
		"connecting_to":	{
			"host":	"54.227.41.78",
			"port":	5201
		},
		"cookie":	"or2m6d6cizu5p5loxjfctkmctdoxsiyzmpmx",
		"tcp_mss_default":	1448,
		"target_bitrate":	100000000,
		"fq_rate":	0,
		"sock_bufsize":	0,
		"sndbuf_actual":	16384,
		"rcvbuf_actual":	131072,
		"test_start":	{
			"protocol":	"TCP",
			"num_streams":	1,
			"blksize":	131072,
			"omit":	0,
			"duration":	30,
			"bytes":	0,
			"blocks":	0,
			"reverse":	0,
			"tos":	0,
			"target_bitrate":	100000000,
			"bidir":	0,
			"fqrate":	0
		}
	},
	"intervals":	[{
			"streams":	[{
					"socket":	5,
					"start":	0,
					"end":	1.000185,
					"seconds":	1.0001850128173828,
					"bytes":	262144,
					"bits_per_second":	2096764.0717716943,
					"retransmits":	6,
					"snd_cwnd":	11584,
					"snd_wnd":	225792,
					"rtt":	101799,
					"rttvar":	4836,
					"pmtu":	1500,
					"omitted":	false,
					"sender":	true
				}],
			"sum":	{
				"start":	0,
				"end":	1.000185,
				"seconds":	1.0001850128173828,
				"bytes":	262144,
				"bits_per_second":	2096764.0717716943,
				"retransmits":	6,
				"omitted":	false,
				"sender":	true
			}
		}, {
			"streams":	[{
					"socket":	5,
					"start":	1.000185,
					"end":	2.000146,
					"seconds":	0.999961018562317,
					"bytes":	131072,
					"bits_per_second":	1048616.8765934284,
					"retransmits":	2,
					"snd_cwnd":	11584,
					"snd_wnd":	225792,
					"rtt":	105789,
					"rttvar":	11459,
					"pmtu":	1500,
					"omitted":	false,
					"sender":	true
				}],
			"sum":	{
				"start":	1.000185,
				"end":	2.000146,
				"seconds":	0.999961018562317,
				"bytes":	131072,
				"bits_per_second":	1048616.8765934284,
				"retransmits":	2,
				"omitted":	false,
				"sender":	true
			}
		}, {
			"streams":	[{
					"socket":	5,
					"start":	2.000146,
					"end":	3.00018,
					"seconds":	1.000033974647522,
					"bytes":	0,
					"bits_per_second":	0,
					"retransmits":	5,
					"snd_cwnd":	7240,
					"snd_wnd":	225792,
					"rtt":	105523,
					"rttvar":	12934,
					"pmtu":	1500,
					"omitted":	false,
					"sender":	true
				}],
			"sum":	{
				"start":	2.000146,
				"end":	3.00018,
				"seconds":	1.000033974647522,
				"bytes":	0,
				"bits_per_second":	0,
				"retransmits":	5,
				"omitted":	false,
				"sender":	true
			}
		}, {
			"streams":	[{
					"socket":	5,
					"start":	3.00018,
					"end":	4.000133,
					"seconds":	0.99995297193527222,
					"bytes":	131072,
					"bits_per_second":	1048625.3148191804,
					"retransmits":	0,
					"snd_cwnd":	14480,
					"snd_wnd":	224384,
					"rtt":	104688,
					"rttvar":	10982,
					"pmtu":	1500,
					"omitted":	false,
					"sender":	true
				}],
			"sum":	{
				"start":	3.00018,
				"end":	4.000133,
				"seconds":	0.99995297193527222,
				"bytes":	131072,
				"bits_per_second":	1048625.3148191804,
				"retransmits":	0,
				"omitted":	false,
				"sender":	true
			}
		}, {
			"streams":	[{
					"socket":	5,
					"start":	4.000133,
					"end":	5.000156,
					"seconds":	1.0000230073928833,
					"bytes":	0,
					"bits_per_second":	0,
					"retransmits":	4,
					"snd_cwnd":	8688,
					"snd_wnd":	225792,
					"rtt":	111472,
					"rttvar":	20499,
					"pmtu":	1500,
					"omitted":	false,
					"sender":	true
				}],
			"sum":	{
				"start":	4.000133,
				"end":	5.000156,
				"seconds":	1.0000230073928833,
				"bytes":	0,
				"bits_per_second":	0,
				"retransmits":	4,
				"omitted":	false,
				"sender":	true
			}
		}, {
			"streams":	[{
					"socket":	5,
					"start":	5.000156,
					"end":	6.000461,
					"seconds":	1.0003050565719604,
					"bytes":	131072,
					"bits_per_second":	1048256.2225502126,
					"retransmits":	2,
					"snd_cwnd":	10136,
					"snd_wnd":	225792,
					"rtt":	103877,
					"rttvar":	7720,
					"pmtu":	1500,
					"omitted":	false,
					"sender":	true
				}],
			"sum":	{
				"start":	5.000156,
				"end":	6.000461,
				"seconds":	1.0003050565719604,
				"bytes":	131072,
				"bits_per_second":	1048256.2225502126,
				"retransmits":	2,
				"omitted":	false,
				"sender":	true
			}
		}, {
			"streams":	[{
					"socket":	5,
					"start":	6.000461,
					"end":	7.000166,
					"seconds":	0.99970501661300659,
					"bytes":	0,
					"bits_per_second":	0,
					"retransmits":	3,
					"snd_cwnd":	7240,
					"snd_wnd":	225792,
					"rtt":	116673,
					"rttvar":	24321,
					"pmtu":	1500,
					"omitted":	false,
					"sender":	true
				}],
			"sum":	{
				"start":	6.000461,
				"end":	7.000166,
				"seconds":	0.99970501661300659,
				"bytes":	0,
				"bits_per_second":	0,
				"retransmits":	3,
				"omitted":	false,
				"sender":	true
			}
		}, {
			"streams":	[{
					"socket":	5,
					"start":	7.000166,
					"end":	8.000179,
					"seconds":	1.000012993812561,
					"bytes":	131072,
					"bits_per_second":	1048562.3751770384,
					"retransmits":	3,
					"snd_cwnd":	7240,
					"snd_wnd":	225792,
					"rtt":	104917,
					"rttvar":	10135,
					"pmtu":	1500,
					"omitted":	false,
					"sender":	true
				}],
			"sum":	{
				"start":	7.000166,
				"end":	8.000179,
				"seconds":	1.000012993812561,
				"bytes":	131072,
				"bits_per_second":	1048562.3751770384,
				"retransmits":	3,
				"omitted":	false,
				"sender":	true
			}
		}, {
			"streams":	[{
					"socket":	5,
					"start":	8.000179,
					"end":	9.000086,
					"seconds":	0.99990701675415039,
					"bytes":	131072,
					"bits_per_second":	1048673.5090667096,
					"retransmits":	1,
					"snd_cwnd":	10136,
					"snd_wnd":	225792,
					"rtt":	113619,
					"rttvar":	21586,
					"pmtu":	1500,
					"omitted":	false,
					"sender":	true
				}],
			"sum":	{
				"start":	8.000179,
				"end":	9.000086,
				"seconds":	0.99990701675415039,
				"bytes":	131072,
				"bits_per_second":	1048673.5090667096,
				"retransmits":	1,
				"omitted":	false,
				"sender":	true
			}
		}, {
			"streams":	[{
					"socket":	5,
					"start":	9.000086,
					"end":	10.000084,
					"seconds":	0.99999797344207764,
					"bytes":	0,
					"bits_per_second":	0,
					"retransmits":	4,
					"snd_cwnd":	2896,
					"snd_wnd":	225792,
					"rtt":	107133,
					"rttvar":	16459,
					"pmtu":	1500,
					"omitted":	false,
					"sender":	true
				}],
			"sum":	{
				"start":	9.000086,
				"end":	10.000084,
				"seconds":	0.99999797344207764,
				"bytes":	0,
				"bits_per_second":	0,
				"retransmits":	4,
				"omitted":	false,
				"sender":	true
			}
		}, {
			"streams":	[{
					"socket":	5,
					"start":	10.000084,
					"end":	11.000489,
					"seconds":	1.000404953956604,
					"bytes":	0,
					"bits_per_second":	0,
					"retransmits":	0,
					"snd_cwnd":	8688,
					"snd_wnd":	225792,
					"rtt":	115466,
					"rttvar":	23091,
					"pmtu":	1500,
					"omitted":	false,
					"sender":	true
				}],
			"sum":	{
				"start":	10.000084,
				"end":	11.000489,
				"seconds":	1.000404953956604,
				"bytes":	0,
				"bits_per_second":	0,
				"retransmits":	0,
				"omitted":	false,
				"sender":	true
			}
		}, {
			"streams":	[{
					"socket":	5,
					"start":	11.000489,
					"end":	12.000159,
					"seconds":	0.99967002868652344,
					"bytes":	131072,
					"bits_per_second":	1048922.11420776,
					"retransmits":	1,
					"snd_cwnd":	11584,
					"snd_wnd":	225792,
					"rtt":	99397,
					"rttvar":	2137,
					"pmtu":	1500,
					"omitted":	false,
					"sender":	true
				}],
			"sum":	{
				"start":	11.000489,
				"end":	12.000159,
				"seconds":	0.99967002868652344,
				"bytes":	131072,
				"bits_per_second":	1048922.11420776,
				"retransmits":	1,
				"omitted":	false,
				"sender":	true
			}
		}, {
			"streams":	[{
					"socket":	5,
					"start":	12.000159,
					"end":	13.000561,
					"seconds":	1.0004019737243652,