{
	"start":	{
		"connected":	[{
				"socket":	5,
				"local_host":	"172.20.171.186",
				"local_port":	38726,
				"remote_host":	"54.227.41.78",
				"remote_port":	5201
			}],
		"version":	"iperf 3.16",
		"system_info":	"Linux DESKTOP-OR35M89 6.18.33.1-microsoft-standard-WSL2 #1 SMP PREEMPT_DYNAMIC Fri Jun  5 01:12:21 UTC 2026 x86_64",
		"timestamp":	{
			"time":	"Thu, 25 Jun 2026 22:23:54 GMT",
			"timesecs":	1782426234
		},
		"connecting_to":	{
			"host":	"54.227.41.78",
			"port":	5201
		},
		"cookie":	"mr74xmfaox5hju7cv5vhqlikwugwipcuxioy",
		"tcp_mss_default":	1448,
		"target_bitrate":	100000000,
		"fq_rate":	0,
		"sock_bufsize":	0,
		"sndbuf_actual":	16384,
		"rcvbuf_actual":	131072,
		"test_start":	{
			"protocol":	"TCP",
			"num_streams":	1,
			"blksize":	131072,
			"omit":	0,
			"duration":	30,
			"bytes":	0,
			"blocks":	0,
			"reverse":	0,
			"tos":	0,
			"target_bitrate":	100000000,
			"bidir":	0,
			"fqrate":	0
		}
	},
	"intervals":	[{
			"streams":	[{
					"socket":	5,
					"start":	0,
					"end":	1.000119,
					"seconds":	1.0001189708709717,
					"bytes":	393216,
					"bits_per_second":	3145353.794519552,
					"retransmits":	5,
					"snd_cwnd":	17376,
					"snd_wnd":	180480,
					"rtt":	102521,
					"rttvar":	4966,
					"pmtu":	1500,
					"omitted":	false,
					"sender":	true
				}],
			"sum":	{
				"start":	0,
				"end":	1.000119,
				"seconds":	1.0001189708709717,
				"bytes":	393216,
				"bits_per_second":	3145353.794519552,
				"retransmits":	5,
				"omitted":	false,
				"sender":	true
			}
		}, {
			"streams":	[{
					"socket":	5,
					"start":	1.000119,
					"end":	2.000434,
					"seconds":	1.0003149509429932,
					"bytes":	262144,
					"bits_per_second":	2096491.7079596007,
					"retransmits":	3,
					"snd_cwnd":	10136,
					"snd_wnd":	179072,
					"rtt":	98686,
					"rttvar":	1482,
					"pmtu":	1500,
					"omitted":	false,
					"sender":	true
				}],
			"sum":	{
				"start":	1.000119,
				"end":	2.000434,
				"seconds":	1.0003149509429932,
				"bytes":	262144,
				"bits_per_second":	2096491.7079596007,
				"retransmits":	3,
				"omitted":	false,
				"sender":	true
			}
		}, {
			"streams":	[{
					"socket":	5,
					"start":	2.000434,
					"end":	3.000117,
					"seconds":	0.99968302249908447,
					"bytes":	131072,
					"bits_per_second":	1048908.4803888027,
					"retransmits":	2,
					"snd_cwnd":	7240,
					"snd_wnd":	180480,
					"rtt":	106380,
					"rttvar":	13620,
					"pmtu":	1500,
					"omitted":	false,
					"sender":	true
				}],
			"sum":	{
				"start":	2.000434,
				"end":	3.000117,
				"seconds":	0.99968302249908447,
				"bytes":	131072,
				"bits_per_second":	1048908.4803888027,
				"retransmits":	2,
				"omitted":	false,
				"sender":	true
			}
		}, {
			"streams":	[{
					"socket":	5,
					"start":	3.000117,
					"end":	4.000285,
					"seconds":	1.0001679658889771,
					"bytes":	0,
					"bits_per_second":	0,
					"retransmits":	5,
					"snd_cwnd":	7240,
					"snd_wnd":	167552,
					"rtt":	102548,
					"rttvar":	7590,
					"pmtu":	1500,
					"omitted":	false,
					"sender":	true
				}],
			"sum":	{
				"start":	3.000117,
				"end":	4.000285,
				"seconds":	1.0001679658889771,
				"bytes":	0,
				"bits_per_second":	0,
				"retransmits":	5,
				"omitted":	false,
				"sender":	true
			}
		}, {
			"streams":	[{
					"socket":	5,
					"start":	4.000285,
					"end":	5.000111,
					"seconds":	0.99982601404190063,
					"bytes":	131072,
					"bits_per_second":	1048758.4692470867,
					"retransmits":	2,
					"snd_cwnd":	10136,
					"snd_wnd":	180480,
					"rtt":	105363,
					"rttvar":	11868,
					"pmtu":	1500,
					"omitted":	false,
					"sender":	true
				}],
			"sum":	{
				"start":	4.000285,
				"end":	5.000111,
				"seconds":	0.99982601404190063,
				"bytes":	131072,
				"bits_per_second":	1048758.4692470867,
				"retransmits":	2,
				"omitted":	false,
				"sender":	true
			}
		}, {
			"streams":	[{
					"socket":	5,
					"start":	5.000111,
					"end":	6.000371,
					"seconds":	1.00025999546051,
					"bytes":	0,
					"bits_per_second":	0,
					"retransmits":	2,
					"snd_cwnd":	10136,
					"snd_wnd":	179072,
					"rtt":	109883,
					"rttvar":	17516,
					"pmtu":	1500,
					"omitted":	false,
					"sender":	true
				}],
			"sum":	{
				"start":	5.000111,
				"end":	6.000371,
				"seconds":	1.00025999546051,
				"bytes":	0,
				"bits_per_second":	0,
				"retransmits":	2,
				"omitted":	false,
				"sender":	true
			}
		}, {
			"streams":	[{
					"socket":	5,
					"start":	6.000371,
					"end":	7.00011,
					"seconds":	0.99973899126052856,
					"bytes":	0,
					"bits_per_second":	0,
					"retransmits":	2,
					"snd_cwnd":	8688,
					"snd_wnd":	180480,
					"rtt":	107086,
					"rttvar":	2349,
					"pmtu":	1500,
					"omitted":	false,
					"sender":	true
				}],
			"sum":	{
				"start":	6.000371,
				"end":	7.00011,
				"seconds":	0.99973899126052856,
				"bytes":	0,
				"bits_per_second":	0,
				"retransmits":	2,
				"omitted":	false,
				"sender":	true
			}
		}, {
			"streams":	[{
					"socket":	5,
					"start":	7.00011,
					"end":	8.000587,
					"seconds":	1.0004769563674927,
					"bytes":	131072,
					"bits_per_second":	1048076.1134240854,
					"retransmits":	2,
					"snd_cwnd":	10136,
					"snd_wnd":	180480,
					"rtt":	118443,
					"rttvar":	19493,
					"pmtu":	1500,
					"omitted":	false,
					"sender":	true
				}],
			"sum":	{
				"start":	7.00011,
				"end":	8.000587,
				"seconds":	1.0004769563674927,
				"bytes":	131072,
				"bits_per_second":	1048076.1134240854,
				"retransmits":	2,
				"omitted":	false,
				"sender":	true
			}
		}, {
			"streams":	[{
					"socket":	5,
					"start":	8.000587,
					"end":	9.000432,
					"seconds":	0.999845027923584,
					"bytes":	0,
					"bits_per_second":	0,
					"retransmits":	2,
					"snd_cwnd":	11584,
					"snd_wnd":	180480,
					"rtt":	114326,
					"rttvar":	12159,
					"pmtu":	1500,
					"omitted":	false,
					"sender":	true
				}],
			"sum":	{
				"start":	8.000587,
				"end":	9.000432,
				"seconds":	0.999845027923584,
				"bytes":	0,
				"bits_per_second":	0,
				"retransmits":	2,
				"omitted":	false,
				"sender":	true
			}
		}, {
			"streams":	[{
					"socket":	5,
					"start":	9.000432,
					"end":	10.000439,
					"seconds":	1.0000070333480835,
					"bytes":	131072,
					"bits_per_second":	1048568.6250518706,
					"retransmits":	2,
					"snd_cwnd":	11584,
					"snd_wnd":	180480,
					"rtt":	114938,
					"rttvar":	14359,
					"pmtu":	1500,
					"omitted":	false,
					"sender":	true
				}],
			"sum":	{
				"start":	9.000432,
				"end":	10.000439,
				"seconds":	1.0000070333480835,
				"bytes":	131072,
				"bits_per_second":	1048568.6250518706,
				"retransmits":	2,
				"omitted":	false,
				"sender":	true
			}
		}, {
			"streams":	[{
					"socket":	5,
					"start":	10.000439,
					"end":	11.000461,
					"seconds":	1.0000220537185669,
					"bytes":	131072,
					"bits_per_second":	1048552.8755099809,
					"retransmits":	1,
					"snd_cwnd":	14480,
					"snd_wnd":	180480,
					"rtt":	108176,
					"rttvar":	2782,
					"pmtu":	1500,
					"omitted":	false,
					"sender":	true
				}],
			"sum":	{
				"start":	10.000439,
				"end":	11.000461,
				"seconds":	1.0000220537185669,
				"bytes":	131072,
				"bits_per_second":	1048552.8755099809,
				"retransmits":	1,
				"omitted":	false,
				"sender":	true
			}
		}, {
			"streams":	[{
					"socket":	5,
					"start":	11.000461,
					"end":	12.000159,
					"seconds":	0.999697983264923,
					"bytes":	131072,
					"bits_per_second":	1048892.78317382,
					"retransmits":	5,
					"snd_cwnd":	8688,
					"snd_wnd":	180480,
					"rtt":	112393,
					"rttvar":	10705,
					"pmtu":	1500,
					"omitted":	false,
					"sender":	true
				}],
			"sum":	{
				"start":	11.000461,
				"end":	12.000159,
				"seconds":	0.999697983264923,
				"bytes":	131072,
				"bits_per_second":	1048892.78317382,
				"retransmits":	5,
				"omitted":	false,
				"sender":	true
			}
		}, {
			"streams":	[{
					"socket":	5,
					"start":	12.000159,
					"end":	13.00043,