{
	"start":	{
		"connected":	[{
				"socket":	5,
				"local_host":	"172.20.171.186",
				"local_port":	57194,
				"remote_host":	"54.227.41.78",
				"remote_port":	5201
			}],
		"version":	"iperf 3.16",
		"system_info":	"Linux DESKTOP-OR35M89 6.18.33.1-microsoft-standard-WSL2 #1 SMP PREEMPT_DYNAMIC Fri Jun  5 01:12:21 UTC 2026 x86_64",
		"timestamp":	{
			"time":	"Thu, 25 Jun 2026 23:01:05 GMT",
			"timesecs":	1782428465
		},
		"connecting_to":	{
			"host":	"54.227.41.78",
			"port":	5201
		},
		"cookie":	"gbs5gymwekiwbwmb36cydab7t7ywua4qzkle",
		"tcp_mss_default":	1448,
		"target_bitrate":	100000000,
		"fq_rate":	0,
		"sock_bufsize":	0,
		"sndbuf_actual":	16384,
		"rcvbuf_actual":	131072,
		"test_start":	{
			"protocol":	"TCP",
			"num_streams":	1,
			"blksize":	131072,
			"omit":	0,
			"duration":	30,
			"bytes":	0,
			"blocks":	0,
			"reverse":	0,
			"tos":	0,
			"target_bitrate":	100000000,
			"bidir":	0,
			"fqrate":	0
		}
	},
	"intervals":	[{
			"streams":	[{
					"socket":	5,
					"start":	0,
					"end":	1.000149,
					"seconds":	1.0001490116119385,
					"bytes":	1572864,
					"bits_per_second":	12581037.279355146,
					"retransmits":	23,
					"snd_cwnd":	73848,
					"snd_wnd":	1939072,
					"rtt":	88640,
					"rttvar":	1714,
					"pmtu":	1500,
					"omitted":	false,
					"sender":	true
				}],
			"sum":	{
				"start":	0,
				"end":	1.000149,
				"seconds":	1.0001490116119385,
				"bytes":	1572864,
				"bits_per_second":	12581037.279355146,
				"retransmits":	23,
				"omitted":	false,
				"sender":	true
			}
		}, {
			"streams":	[{
					"socket":	5,
					"start":	1.000149,
					"end":	2.000146,
					"seconds":	0.99999701976776123,
					"bytes":	393216,
					"bits_per_second":	3145737.37502794,
					"retransmits":	8,
					"snd_cwnd":	26064,
					"snd_wnd":	1940480,
					"rtt":	90967,
					"rttvar":	2666,
					"pmtu":	1500,
					"omitted":	false,
					"sender":	true
				}],
			"sum":	{
				"start":	1.000149,
				"end":	2.000146,
				"seconds":	0.99999701976776123,
				"bytes":	393216,
				"bits_per_second":	3145737.37502794,
				"retransmits":	8,
				"omitted":	false,
				"sender":	true
			}
		}, {
			"streams":	[{
					"socket":	5,
					"start":	2.000146,
					"end":	3.00022,
					"seconds":	1.000074028968811,
					"bytes":	393216,
					"bits_per_second":	3145495.14223822,
					"retransmits":	5,
					"snd_cwnd":	11584,
					"snd_wnd":	1940480,
					"rtt":	91290,
					"rttvar":	5754,
					"pmtu":	1500,
					"omitted":	false,
					"sender":	true
				}],
			"sum":	{
				"start":	2.000146,
				"end":	3.00022,
				"seconds":	1.000074028968811,
				"bytes":	393216,
				"bits_per_second":	3145495.14223822,
				"retransmits":	5,
				"omitted":	false,
				"sender":	true
			}
		}, {
			"streams":	[{
					"socket":	5,
					"start":	3.00022,
					"end":	4.000136,
					"seconds":	0.99991601705551147,
					"bytes":	0,
					"bits_per_second":	0,
					"retransmits":	2,
					"snd_cwnd":	10136,
					"snd_wnd":	1940480,
					"rtt":	100182,
					"rttvar":	15199,
					"pmtu":	1500,
					"omitted":	false,
					"sender":	true
				}],
			"sum":	{
				"start":	3.00022,
				"end":	4.000136,
				"seconds":	0.99991601705551147,
				"bytes":	0,
				"bits_per_second":	0,
				"retransmits":	2,
				"omitted":	false,
				"sender":	true
			}
		}, {
			"streams":	[{
					"socket":	5,
					"start":	4.000136,
					"end":	5.000146,
					"seconds":	1.0000100135803223,
					"bytes":	0,
					"bits_per_second":	0,
					"retransmits":	1,
					"snd_cwnd":	11584,
					"snd_wnd":	1940480,
					"rtt":	91365,
					"rttvar":	4999,
					"pmtu":	1500,
					"omitted":	false,
					"sender":	true
				}],
			"sum":	{
				"start":	4.000136,
				"end":	5.000146,
				"seconds":	1.0000100135803223,
				"bytes":	0,
				"bits_per_second":	0,
				"retransmits":	1,
				"omitted":	false,
				"sender":	true
			}
		}, {
			"streams":	[{
					"socket":	5,
					"start":	5.000146,
					"end":	6.000136,
					"seconds":	0.99998998641967773,
					"bytes":	0,
					"bits_per_second":	0,
					"retransmits":	6,
					"snd_cwnd":	7240,
					"snd_wnd":	1940480,
					"rtt":	95303,
					"rttvar":	8582,
					"pmtu":	1500,
					"omitted":	false,
					"sender":	true
				}],
			"sum":	{
				"start":	5.000146,
				"end":	6.000136,
				"seconds":	0.99998998641967773,
				"bytes":	0,
				"bits_per_second":	0,
				"retransmits":	6,
				"omitted":	false,
				"sender":	true
			}
		}, {
			"streams":	[{
					"socket":	5,
					"start":	6.000136,
					"end":	7.000183,
					"seconds":	1.000046968460083,
					"bytes":	0,
					"bits_per_second":	0,
					"retransmits":	1,
					"snd_cwnd":	8688,
					"snd_wnd":	1927552,
					"rtt":	90997,
					"rttvar":	4012,
					"pmtu":	1500,
					"omitted":	false,
					"sender":	true
				}],
			"sum":	{
				"start":	6.000136,
				"end":	7.000183,
				"seconds":	1.000046968460083,
				"bytes":	0,
				"bits_per_second":	0,
				"retransmits":	1,
				"omitted":	false,
				"sender":	true
			}
		}, {
			"streams":	[{
					"socket":	5,
					"start":	7.000183,
					"end":	8.000515,
					"seconds":	1.0003319978713989,
					"bytes":	393216,
					"bits_per_second":	3144683.9716152013,
					"retransmits":	6,
					"snd_cwnd":	4344,
					"snd_wnd":	1939072,
					"rtt":	96260,
					"rttvar":	14228,
					"pmtu":	1500,
					"omitted":	false,
					"sender":	true
				}],
			"sum":	{
				"start":	7.000183,
				"end":	8.000515,
				"seconds":	1.0003319978713989,
				"bytes":	393216,
				"bits_per_second":	3144683.9716152013,
				"retransmits":	6,
				"omitted":	false,
				"sender":	true
			}
		}, {
			"streams":	[{
					"socket":	5,
					"start":	8.000515,
					"end":	9.000159,
					"seconds":	0.99964398145675659,
					"bytes":	0,
					"bits_per_second":	0,
					"retransmits":	0,
					"snd_cwnd":	10136,
					"snd_wnd":	1940480,
					"rtt":	97856,
					"rttvar":	12489,
					"pmtu":	1500,
					"omitted":	false,
					"sender":	true
				}],
			"sum":	{
				"start":	8.000515,
				"end":	9.000159,
				"seconds":	0.99964398145675659,
				"bytes":	0,
				"bits_per_second":	0,
				"retransmits":	0,
				"omitted":	false,
				"sender":	true
			}
		}, {
			"streams":	[{
					"socket":	5,
					"start":	9.000159,
					"end":	10.000156,
					"seconds":	0.99999701976776123,
					"bytes":	0,
					"bits_per_second":	0,
					"retransmits":	0,
					"snd_cwnd":	18824,
					"snd_wnd":	1940480,
					"rtt":	97445,
					"rttvar":	13202,
					"pmtu":	1500,
					"omitted":	false,
					"sender":	true
				}],
			"sum":	{
				"start":	9.000159,
				"end":	10.000156,
				"seconds":	0.99999701976776123,
				"bytes":	0,
				"bits_per_second":	0,
				"retransmits":	0,
				"omitted":	false,
				"sender":	true
			}
		}, {
			"streams":	[{
					"socket":	5,
					"start":	10.000156,
					"end":	11.000152,
					"seconds":	0.9999960064888,
					"bytes":	393216,
					"bits_per_second":	3145740.5625501685,
					"retransmits":	2,
					"snd_cwnd":	18824,
					"snd_wnd":	1940480,
					"rtt":	91139,
					"rttvar":	3380,
					"pmtu":	1500,
					"omitted":	false,
					"sender":	true
				}],
			"sum":	{
				"start":	10.000156,
				"end":	11.000152,
				"seconds":	0.9999960064888,
				"bytes":	393216,
				"bits_per_second":	3145740.5625501685,
				"retransmits":	2,
				"omitted":	false,
				"sender":	true
			}
		}, {
			"streams":	[{
					"socket":	5,
					"start":	11.000152,
					"end":	12.000245,
					"seconds":	1.0000929832458496,
					"bytes":	0,
					"bits_per_second":	0,
					"retransmits":	4,
					"snd_cwnd":	11584,
					"snd_wnd":	1923712,
					"rtt":	89931,
					"rttvar":	2025,
					"pmtu":	1500,
					"omitted":	false,
					"sender":	true
				}],
			"sum":	{
				"start":	11.000152,
				"end":	12.000245,
				"seconds":	1.0000929832458496,
				"bytes":	0,
				"bits_per_second":	0,
				"retransmits":	4,
				"omitted":	false,
				"sender":	true
			}
		}, {
			"streams":	[{
					"socket":	5,
					"start":	12.000245,
					"end":	13.000185,
					"seconds":	0.99993997812271118,
					"bytes":	393216,
					"bits_per_second":	3145916.823833561,
					"retransmits":	2,