{
	"start":	{
		"connected":	[{
				"socket":	5,
				"local_host":	"172.20.171.186",
				"local_port":	52750,
				"remote_host":	"54.227.41.78",
				"remote_port":	5201
			}],
		"version":	"iperf 3.16",
		"system_info":	"Linux DESKTOP-OR35M89 6.18.33.1-microsoft-standard-WSL2 #1 SMP PREEMPT_DYNAMIC Fri Jun  5 01:12:21 UTC 2026 x86_64",
		"timestamp":	{
			"time":	"Thu, 25 Jun 2026 23:07:06 GMT",
			"timesecs":	1782428826
		},
		"connecting_to":	{
			"host":	"54.227.41.78",
			"port":	5201
		},
		"cookie":	"imaftacvsxhm3kd2hme6pbalcr6k37y4kxes",
		"tcp_mss_default":	1448,
		"target_bitrate":	100000000,
		"fq_rate":	0,
		"sock_bufsize":	0,
		"sndbuf_actual":	16384,
		"rcvbuf_actual":	131072,
		"test_start":	{
			"protocol":	"TCP",
			"num_streams":	1,
			"blksize":	131072,
			"omit":	0,
			"duration":	30,
			"bytes":	0,
			"blocks":	0,
			"reverse":	0,
			"tos":	0,
			"target_bitrate":	100000000,
			"bidir":	0,
			"fqrate":	0
		}
	},
	"intervals":	[{
			"streams":	[{
					"socket":	5,
					"start":	0,
					"end":	1.000277,
					"seconds":	1.000277042388916,
					"bytes":	262144,
					"bits_per_second":	2096571.1609170472,
					"retransmits":	5,
					"snd_cwnd":	18824,
					"snd_wnd":	130432,
					"rtt":	187790,
					"rttvar":	50989,
					"pmtu":	1500,
					"omitted":	false,
					"sender":	true
				}],
			"sum":	{
				"start":	0,
				"end":	1.000277,
				"seconds":	1.000277042388916,
				"bytes":	262144,
				"bits_per_second":	2096571.1609170472,
				"retransmits":	5,
				"omitted":	false,
				"sender":	true
			}
		}, {
			"streams":	[{
					"socket":	5,
					"start":	1.000277,
					"end":	2.000259,
					"seconds":	0.99998199939727783,
					"bytes":	0,
					"bits_per_second":	0,
					"retransmits":	4,
					"snd_cwnd":	15928,
					"snd_wnd":	153728,
					"rtt":	198869,
					"rttvar":	18222,
					"pmtu":	1500,
					"omitted":	false,
					"sender":	true
				}],
			"sum":	{
				"start":	1.000277,
				"end":	2.000259,
				"seconds":	0.99998199939727783,
				"bytes":	0,
				"bits_per_second":	0,
				"retransmits":	4,
				"omitted":	false,
				"sender":	true
			}
		}, {
			"streams":	[{
					"socket":	5,
					"start":	2.000259,
					"end":	3.000158,
					"seconds":	0.99989902973175049,
					"bytes":	131072,
					"bits_per_second":	1048681.8856913066,
					"retransmits":	2,
					"snd_cwnd":	11584,
					"snd_wnd":	153728,
					"rtt":	211411,
					"rttvar":	18062,
					"pmtu":	1500,
					"omitted":	false,
					"sender":	true
				}],
			"sum":	{
				"start":	2.000259,
				"end":	3.000158,
				"seconds":	0.99989902973175049,
				"bytes":	131072,
				"bits_per_second":	1048681.8856913066,
				"retransmits":	2,
				"omitted":	false,
				"sender":	true
			}
		}, {
			"streams":	[{
					"socket":	5,
					"start":	3.000158,
					"end":	4.000085,
					"seconds":	0.99992698431015,
					"bytes":	0,
					"bits_per_second":	0,
					"retransmits":	0,
					"snd_cwnd":	15928,
					"snd_wnd":	153728,
					"rtt":	202737,
					"rttvar":	16164,
					"pmtu":	1500,
					"omitted":	false,
					"sender":	true
				}],
			"sum":	{
				"start":	3.000158,
				"end":	4.000085,
				"seconds":	0.99992698431015,
				"bytes":	0,
				"bits_per_second":	0,
				"retransmits":	0,
				"omitted":	false,
				"sender":	true
			}
		}, {
			"streams":	[{
					"socket":	5,
					"start":	4.000085,
					"end":	5.000521,
					"seconds":	1.0004359483718872,
					"bytes":	131072,
					"bits_per_second":	1048119.0741960603,
					"retransmits":	3,
					"snd_cwnd":	10136,
					"snd_wnd":	153728,
					"rtt":	209983,
					"rttvar":	18574,
					"pmtu":	1500,
					"omitted":	false,
					"sender":	true
				}],
			"sum":	{
				"start":	4.000085,
				"end":	5.000521,
				"seconds":	1.0004359483718872,
				"bytes":	131072,
				"bits_per_second":	1048119.0741960603,
				"retransmits":	3,
				"omitted":	false,
				"sender":	true
			}
		}, {
			"streams":	[{
					"socket":	5,
					"start":	5.000521,
					"end":	6.000316,
					"seconds":	0.99979501962661743,
					"bytes":	0,
					"bits_per_second":	0,
					"retransmits":	5,
					"snd_cwnd":	7240,
					"snd_wnd":	153728,
					"rtt":	109642,
					"rttvar":	21122,
					"pmtu":	1500,
					"omitted":	false,
					"sender":	true
				}],
			"sum":	{
				"start":	5.000521,
				"end":	6.000316,
				"seconds":	0.99979501962661743,
				"bytes":	0,
				"bits_per_second":	0,
				"retransmits":	5,
				"omitted":	false,
				"sender":	true
			}
		}, {
			"streams":	[{
					"socket":	5,
					"start":	6.000316,
					"end":	7.000521,
					"seconds":	1.0002050399780273,
					"bytes":	131072,
					"bits_per_second":	1048361.0440745582,
					"retransmits":	3,
					"snd_cwnd":	7240,
					"snd_wnd":	153728,
					"rtt":	90867,
					"rttvar":	3177,
					"pmtu":	1500,
					"omitted":	false,
					"sender":	true
				}],
			"sum":	{
				"start":	6.000316,
				"end":	7.000521,
				"seconds":	1.0002050399780273,
				"bytes":	131072,
				"bits_per_second":	1048361.0440745582,
				"retransmits":	3,
				"omitted":	false,
				"sender":	true
			}
		}, {
			"streams":	[{
					"socket":	5,
					"start":	7.000521,
					"end":	8.000093,
					"seconds":	0.999571979045868,
					"bytes":	131072,
					"bits_per_second":	1049025.0046834131,
					"retransmits":	0,
					"snd_cwnd":	14480,
					"snd_wnd":	153728,
					"rtt":	104186,
					"rttvar":	9515,
					"pmtu":	1500,
					"omitted":	false,
					"sender":	true
				}],
			"sum":	{
				"start":	7.000521,
				"end":	8.000093,
				"seconds":	0.999571979045868,
				"bytes":	131072,
				"bits_per_second":	1049025.0046834131,
				"retransmits":	0,
				"omitted":	false,
				"sender":	true
			}
		}, {
			"streams":	[{
					"socket":	5,
					"start":	8.000093,
					"end":	9.000531,
					"seconds":	1.0004379749298096,
					"bytes":	131072,
					"bits_per_second":	1048116.9510519308,
					"retransmits":	6,
					"snd_cwnd":	5792,
					"snd_wnd":	153728,
					"rtt":	101259,
					"rttvar":	8900,
					"pmtu":	1500,
					"omitted":	false,
					"sender":	true
				}],
			"sum":	{
				"start":	8.000093,
				"end":	9.000531,
				"seconds":	1.0004379749298096,
				"bytes":	131072,
				"bits_per_second":	1048116.9510519308,
				"retransmits":	6,
				"omitted":	false,
				"sender":	true
			}
		}, {
			"streams":	[{
					"socket":	5,
					"start":	9.000531,
					"end":	10.000142,
					"seconds":	0.9996110200881958,
					"bytes":	0,
					"bits_per_second":	0,
					"retransmits":	2,
					"snd_cwnd":	7240,
					"snd_wnd":	153728,
					"rtt":	97030,
					"rttvar":	14232,
					"pmtu":	1500,
					"omitted":	false,
					"sender":	true
				}],
			"sum":	{
				"start":	9.000531,
				"end":	10.000142,
				"seconds":	0.9996110200881958,
				"bytes":	0,
				"bits_per_second":	0,
				"retransmits":	2,
				"omitted":	false,
				"sender":	true
			}
		}, {
			"streams":	[{
					"socket":	5,
					"start":	10.000142,
					"end":	11.000382,
					"seconds":	1.0002399682998657,
					"bytes":	131072,
					"bits_per_second":	1048324.4353675372,
					"retransmits":	2,
					"snd_cwnd":	10136,
					"snd_wnd":	153728,
					"rtt":	96649,
					"rttvar":	12940,
					"pmtu":	1500,
					"omitted":	false,
					"sender":	true
				}],
			"sum":	{
				"start":	10.000142,
				"end":	11.000382,
				"seconds":	1.0002399682998657,
				"bytes":	131072,
				"bits_per_second":	1048324.4353675372,
				"retransmits":	2,
				"omitted":	false,
				"sender":	true
			}
		}, {
			"streams":	[{
					"socket":	5,
					"start":	11.000382,
					"end":	12.000165,
					"seconds":	0.9997829794883728,
					"bytes":	131072,
					"bits_per_second":	1048803.61189645,
					"retransmits":	6,
					"snd_cwnd":	4344,
					"snd_wnd":	153728,
					"rtt":	94011,
					"rttvar":	6598,
					"pmtu":	1500,
					"omitted":	false,
					"sender":	true
				}],
			"sum":	{
				"start":	11.000382,
				"end":	12.000165,
				"seconds":	0.9997829794883728,
				"bytes":	131072,
				"bits_per_second":	1048803.61189645,
				"retransmits":	6,
				"omitted":	false,
				"sender":	true
			}
		}, {
			"streams":	[{
					"socket":	5,
					"start":	12.000165,
					"end":	13.000415,