{
	"start":	{
		"connected":	[{
				"socket":	5,
				"local_host":	"172.20.171.186",
				"local_port":	59920,
				"remote_host":	"54.227.41.78",
				"remote_port":	5201
			}],
		"version":	"iperf 3.16",
		"system_info":	"Linux DESKTOP-OR35M89 6.18.33.1-microsoft-standard-WSL2 #1 SMP PREEMPT_DYNAMIC Fri Jun  5 01:12:21 UTC 2026 x86_64",
		"timestamp":	{
			"time":	"Thu, 25 Jun 2026 21:46:52 GMT",
			"timesecs":	1782424012
		},
		"connecting_to":	{
			"host":	"54.227.41.78",
			"port":	5201
		},
		"cookie":	"uwpyj4co3hohh2mfos3yti6k6bni4jbqtivl",
		"tcp_mss_default":	1448,
		"target_bitrate":	100000000,
		"fq_rate":	0,
		"sock_bufsize":	0,
		"sndbuf_actual":	16384,
		"rcvbuf_actual":	131072,
		"test_start":	{
			"protocol":	"TCP",
			"num_streams":	1,
			"blksize":	131072,
			"omit":	0,
			"duration":	30,
			"bytes":	0,
			"blocks":	0,
			"reverse":	0,
			"tos":	0,
			"target_bitrate":	100000000,
			"bidir":	0,
			"fqrate":	0
		}
	},
	"intervals":	[{
			"streams":	[{
					"socket":	5,
					"start":	0,
					"end":	1.000599,
					"seconds":	1.0005990266799927,
					"bytes":	2621440,
					"bits_per_second":	20958965.020767529,
					"retransmits":	5,
					"snd_cwnd":	273672,
					"snd_wnd":	4425088,
					"rtt":	104686,
					"rttvar":	11231,
					"pmtu":	1500,
					"omitted":	false,
					"sender":	true
				}],
			"sum":	{
				"start":	0,
				"end":	1.000599,
				"seconds":	1.0005990266799927,
				"bytes":	2621440,
				"bits_per_second":	20958965.020767529,
				"retransmits":	5,
				"omitted":	false,
				"sender":	true
			}
		}, {
			"streams":	[{
					"socket":	5,
					"start":	1.000599,
					"end":	2.000504,
					"seconds":	0.999904990196228,
					"bytes":	2490368,
					"bits_per_second":	19924837.05485877,
					"retransmits":	9,
					"snd_cwnd":	150592,
					"snd_wnd":	4426496,
					"rtt":	97222,
					"rttvar":	735,
					"pmtu":	1500,
					"omitted":	false,
					"sender":	true
				}],
			"sum":	{
				"start":	1.000599,
				"end":	2.000504,
				"seconds":	0.999904990196228,
				"bytes":	2490368,
				"bits_per_second":	19924837.05485877,
				"retransmits":	9,
				"omitted":	false,
				"sender":	true
			}
		}, {
			"streams":	[{
					"socket":	5,
					"start":	2.000504,
					"end":	3.000171,
					"seconds":	0.99966698884964,
					"bytes":	786432,
					"bits_per_second":	6293551.8229324054,
					"retransmits":	5,
					"snd_cwnd":	82536,
					"snd_wnd":	4426496,
					"rtt":	97378,
					"rttvar":	1809,
					"pmtu":	1500,
					"omitted":	false,
					"sender":	true
				}],
			"sum":	{
				"start":	2.000504,
				"end":	3.000171,
				"seconds":	0.99966698884964,
				"bytes":	786432,
				"bits_per_second":	6293551.8229324054,
				"retransmits":	5,
				"omitted":	false,
				"sender":	true
			}
		}, {
			"streams":	[{
					"socket":	5,
					"start":	3.000171,
					"end":	4.000117,
					"seconds":	0.9999459981918335,
					"bytes":	786432,
					"bits_per_second":	6291795.7683481053,
					"retransmits":	2,
					"snd_cwnd":	66608,
					"snd_wnd":	4426496,
					"rtt":	103426,
					"rttvar":	5356,
					"pmtu":	1500,
					"omitted":	false,
					"sender":	true
				}],
			"sum":	{
				"start":	3.000171,
				"end":	4.000117,
				"seconds":	0.9999459981918335,
				"bytes":	786432,
				"bits_per_second":	6291795.7683481053,
				"retransmits":	2,
				"omitted":	false,
				"sender":	true
			}
		}, {
			"streams":	[{
					"socket":	5,
					"start":	4.000117,
					"end":	5.000102,
					"seconds":	0.9999849796295166,
					"bytes":	655360,
					"bits_per_second":	5242958.7511828719,
					"retransmits":	6,
					"snd_cwnd":	34752,
					"snd_wnd":	4425088,
					"rtt":	99448,
					"rttvar":	691,
					"pmtu":	1500,
					"omitted":	false,
					"sender":	true
				}],
			"sum":	{
				"start":	4.000117,
				"end":	5.000102,
				"seconds":	0.9999849796295166,
				"bytes":	655360,
				"bits_per_second":	5242958.7511828719,
				"retransmits":	6,
				"omitted":	false,
				"sender":	true
			}
		}, {
			"streams":	[{
					"socket":	5,
					"start":	5.000102,
					"end":	6.000251,
					"seconds":	1.0001490116119385,
					"bytes":	786432,
					"bits_per_second":	6290518.639677573,
					"retransmits":	0,
					"snd_cwnd":	41992,
					"snd_wnd":	4426496,
					"rtt":	103464,
					"rttvar":	7835,
					"pmtu":	1500,
					"omitted":	false,
					"sender":	true
				}],
			"sum":	{
				"start":	5.000102,
				"end":	6.000251,
				"seconds":	1.0001490116119385,
				"bytes":	786432,
				"bits_per_second":	6290518.639677573,
				"retransmits":	0,
				"omitted":	false,
				"sender":	true
			}
		}, {
			"streams":	[{
					"socket":	5,
					"start":	6.000251,
					"end":	7.000168,
					"seconds":	0.999916970729828,
					"bytes":	0,
					"bits_per_second":	0,
					"retransmits":	2,
					"snd_cwnd":	37648,
					"snd_wnd":	4426496,
					"rtt":	99108,
					"rttvar":	1594,
					"pmtu":	1500,
					"omitted":	false,
					"sender":	true
				}],
			"sum":	{
				"start":	6.000251,
				"end":	7.000168,
				"seconds":	0.999916970729828,
				"bytes":	0,
				"bits_per_second":	0,
				"retransmits":	2,
				"omitted":	false,
				"sender":	true
			}
		}, {
			"streams":	[{
					"socket":	5,
					"start":	7.000168,
					"end":	8.000257,
					"seconds":	1.0000890493392944,
					"bytes":	0,
					"bits_per_second":	0,
					"retransmits":	5,
					"snd_cwnd":	20272,
					"snd_wnd":	4411008,
					"rtt":	98702,
					"rttvar":	1536,
					"pmtu":	1500,
					"omitted":	false,
					"sender":	true
				}],
			"sum":	{
				"start":	7.000168,
				"end":	8.000257,
				"seconds":	1.0000890493392944,
				"bytes":	0,
				"bits_per_second":	0,
				"retransmits":	5,
				"omitted":	false,
				"sender":	true
			}
		}, {
			"streams":	[{
					"socket":	5,
					"start":	8.000257,
					"end":	9.000585,
					"seconds":	1.0003279447555542,
					"bytes":	786432,
					"bits_per_second":	6289393.4264101917,
					"retransmits":	1,
					"snd_cwnd":	18824,
					"snd_wnd":	4426496,
					"rtt":	104433,
					"rttvar":	8925,
					"pmtu":	1500,
					"omitted":	false,
					"sender":	true
				}],
			"sum":	{
				"start":	8.000257,
				"end":	9.000585,
				"seconds":	1.0003279447555542,
				"bytes":	786432,
				"bits_per_second":	6289393.4264101917,
				"retransmits":	1,
				"omitted":	false,
				"sender":	true
			}
		}, {
			"streams":	[{
					"socket":	5,
					"start":	9.000585,
					"end":	10.000614,
					"seconds":	1.0000289678573608,
					"bytes":	0,
					"bits_per_second":	0,
					"retransmits":	0,
					"snd_cwnd":	26064,
					"snd_wnd":	4426496,
					"rtt":	101935,
					"rttvar":	4780,
					"pmtu":	1500,
					"omitted":	false,
					"sender":	true
				}],
			"sum":	{
				"start":	9.000585,
				"end":	10.000614,
				"seconds":	1.0000289678573608,
				"bytes":	0,
				"bits_per_second":	0,
				"retransmits":	0,
				"omitted":	false,
				"sender":	true
			}
		}, {
			"streams":	[{
					"socket":	5,
					"start":	10.000614,
					"end":	11.000128,
					"seconds":	0.99951398372650146,
					"bytes":	0,
					"bits_per_second":	0,
					"retransmits":	0,
					"snd_cwnd":	33304,
					"snd_wnd":	4426496,
					"rtt":	100489,
					"rttvar":	4542,
					"pmtu":	1500,
					"omitted":	false,
					"sender":	true
				}],
			"sum":	{
				"start":	10.000614,
				"end":	11.000128,
				"seconds":	0.99951398372650146,
				"bytes":	0,
				"bits_per_second":	0,
				"retransmits":	0,
				"omitted":	false,
				"sender":	true
			}
		}, {
			"streams":	[{
					"socket":	5,
					"start":	11.000128,
					"end":	12.000136,
					"seconds":	1.0000079870224,
					"bytes":	786432,
					"bits_per_second":	6291405.7504013451,
					"retransmits":	1,
					"snd_cwnd":	27512,
					"snd_wnd":	4426496,
					"rtt":	99858,
					"rttvar":	902,
					"pmtu":	1500,
					"omitted":	false,
					"sender":	true
				}],
			"sum":	{
				"start":	11.000128,
				"end":	12.000136,
				"seconds":	1.0000079870224,
				"bytes":	786432,
				"bits_per_second":	6291405.7504013451,
				"retransmits":	1,
				"omitted":	false,
				"sender":	true
			}
		}, {
			"streams":	[{
					"socket":	5,
					"start":	12.000136,
					"end":	13.000658,