{
	"start":	{
		"connected":	[{
				"socket":	5,
				"local_host":	"172.20.171.186",
				"local_port":	40648,
				"remote_host":	"54.227.41.78",
				"remote_port":	5201
			}],
		"version":	"iperf 3.16",
		"system_info":	"Linux DESKTOP-OR35M89 6.18.33.1-microsoft-standard-WSL2 #1 SMP PREEMPT_DYNAMIC Fri Jun  5 01:12:21 UTC 2026 x86_64",
		"timestamp":	{
			"time":	"Thu, 25 Jun 2026 21:47:25 GMT",
			"timesecs":	1782424045
		},
		"connecting_to":	{
			"host":	"54.227.41.78",
			"port":	5201
		},
		"cookie":	"3w5hbczwbht3z3wco632ofzb5ql3f4gaps3a",
		"tcp_mss_default":	1448,
		"target_bitrate":	100000000,
		"fq_rate":	0,
		"sock_bufsize":	0,
		"sndbuf_actual":	16384,
		"rcvbuf_actual":	131072,
		"test_start":	{
			"protocol":	"TCP",
			"num_streams":	1,
			"blksize":	131072,
			"omit":	0,
			"duration":	30,
			"bytes":	0,
			"blocks":	0,
			"reverse":	0,
			"tos":	0,
			"target_bitrate":	100000000,
			"bidir":	0,
			"fqrate":	0
		}
	},
	"intervals":	[{
			"streams":	[{
					"socket":	5,
					"start":	0,
					"end":	1.000123,
					"seconds":	1.0001230239868164,
					"bytes":	393216,
					"bits_per_second":	3145341.0476044263,
					"retransmits":	4,
					"snd_cwnd":	31856,
					"snd_wnd":	330624,
					"rtt":	144325,
					"rttvar":	43584,
					"pmtu":	1500,
					"omitted":	false,
					"sender":	true
				}],
			"sum":	{
				"start":	0,
				"end":	1.000123,
				"seconds":	1.0001230239868164,
				"bytes":	393216,
				"bits_per_second":	3145341.0476044263,
				"retransmits":	4,
				"omitted":	false,
				"sender":	true
			}
		}, {
			"streams":	[{
					"socket":	5,
					"start":	1.000123,
					"end":	2.000579,
					"seconds":	1.0004559755325317,
					"bytes":	262144,
					"bits_per_second":	2096196.1858278762,
					"retransmits":	22,
					"snd_cwnd":	21720,
					"snd_wnd":	330624,
					"rtt":	108376,
					"rttvar":	4715,
					"pmtu":	1500,
					"omitted":	false,
					"sender":	true
				}],
			"sum":	{
				"start":	1.000123,
				"end":	2.000579,
				"seconds":	1.0004559755325317,
				"bytes":	262144,
				"bits_per_second":	2096196.1858278762,
				"retransmits":	22,
				"omitted":	false,
				"sender":	true
			}
		}, {
			"streams":	[{
					"socket":	5,
					"start":	2.000579,
					"end":	3.000147,
					"seconds":	0.999567985534668,
					"bytes":	0,
					"bits_per_second":	0,
					"retransmits":	17,
					"snd_cwnd":	15928,
					"snd_wnd":	327808,
					"rtt":	108761,
					"rttvar":	3061,
					"pmtu":	1500,
					"omitted":	false,
					"sender":	true
				}],
			"sum":	{
				"start":	2.000579,
				"end":	3.000147,
				"seconds":	0.999567985534668,
				"bytes":	0,
				"bits_per_second":	0,
				"retransmits":	17,
				"omitted":	false,
				"sender":	true
			}
		}, {
			"streams":	[{
					"socket":	5,
					"start":	3.000147,
					"end":	4.000198,
					"seconds":	1.0000510215759277,
					"bytes":	131072,
					"bits_per_second":	1048522.5027295151,
					"retransmits":	0,
					"snd_cwnd":	21720,
					"snd_wnd":	330624,
					"rtt":	119109,
					"rttvar":	14198,
					"pmtu":	1500,
					"omitted":	false,
					"sender":	true
				}],
			"sum":	{
				"start":	3.000147,
				"end":	4.000198,
				"seconds":	1.0000510215759277,
				"bytes":	131072,
				"bits_per_second":	1048522.5027295151,
				"retransmits":	0,
				"omitted":	false,
				"sender":	true
			}
		}, {
			"streams":	[{
					"socket":	5,
					"start":	4.000198,
					"end":	5.000188,
					"seconds":	0.99998998641967773,
					"bytes":	262144,
					"bits_per_second":	2097173.0002102875,
					"retransmits":	2,
					"snd_cwnd":	20272,
					"snd_wnd":	330624,
					"rtt":	103359,
					"rttvar":	8436,
					"pmtu":	1500,
					"omitted":	false,
					"sender":	true
				}],
			"sum":	{
				"start":	4.000198,
				"end":	5.000188,
				"seconds":	0.99998998641967773,
				"bytes":	262144,
				"bits_per_second":	2097173.0002102875,
				"retransmits":	2,
				"omitted":	false,
				"sender":	true
			}
		}, {
			"streams":	[{
					"socket":	5,
					"start":	5.000188,
					"end":	6.000197,
					"seconds":	1.0000089406967163,
					"bytes":	131072,
					"bits_per_second":	1048566.6250838183,
					"retransmits":	1,
					"snd_cwnd":	17376,
					"snd_wnd":	330624,
					"rtt":	101723,
					"rttvar":	5547,
					"pmtu":	1500,
					"omitted":	false,
					"sender":	true
				}],
			"sum":	{
				"start":	5.000188,
				"end":	6.000197,
				"seconds":	1.0000089406967163,
				"bytes":	131072,
				"bits_per_second":	1048566.6250838183,
				"retransmits":	1,
				"omitted":	false,
				"sender":	true
			}
		}, {
			"streams":	[{
					"socket":	5,
					"start":	6.000197,
					"end":	7.000198,
					"seconds":	1.0000009536743164,
					"bytes":	262144,
					"bits_per_second":	2097150.0000019073,
					"retransmits":	2,
					"snd_cwnd":	11584,
					"snd_wnd":	329216,
					"rtt":	99463,
					"rttvar":	1586,
					"pmtu":	1500,
					"omitted":	false,
					"sender":	true
				}],
			"sum":	{
				"start":	6.000197,
				"end":	7.000198,
				"seconds":	1.0000009536743164,
				"bytes":	262144,
				"bits_per_second":	2097150.0000019073,
				"retransmits":	2,
				"omitted":	false,
				"sender":	true
			}
		}, {
			"streams":	[{
					"socket":	5,
					"start":	7.000198,
					"end":	8.000207,
					"seconds":	1.0000089406967163,
					"bytes":	131072,
					"bits_per_second":	1048566.6250838183,
					"retransmits":	0,
					"snd_cwnd":	18824,
					"snd_wnd":	330624,
					"rtt":	99782,
					"rttvar":	2393,
					"pmtu":	1500,
					"omitted":	false,
					"sender":	true
				}],
			"sum":	{
				"start":	7.000198,
				"end":	8.000207,
				"seconds":	1.0000089406967163,
				"bytes":	131072,
				"bits_per_second":	1048566.6250838183,
				"retransmits":	0,
				"omitted":	false,
				"sender":	true
			}
		}, {
			"streams":	[{
					"socket":	5,
					"start":	8.000207,
					"end":	9.000127,
					"seconds":	0.99992001056671143,
					"bytes":	131072,
					"bits_per_second":	1048659.8817096504,
					"retransmits":	0,
					"snd_cwnd":	26064,
					"snd_wnd":	330624,
					"rtt":	100672,
					"rttvar":	4245,
					"pmtu":	1500,
					"omitted":	false,
					"sender":	true
				}],
			"sum":	{
				"start":	8.000207,
				"end":	9.000127,
				"seconds":	0.99992001056671143,
				"bytes":	131072,
				"bits_per_second":	1048659.8817096504,
				"retransmits":	0,
				"omitted":	false,
				"sender":	true
			}
		}, {
			"streams":	[{
					"socket":	5,
					"start":	9.000127,
					"end":	10.000116,
					"seconds":	0.99998897314071655,
					"bytes":	262144,
					"bits_per_second":	2097175.1252549989,
					"retransmits":	2,
					"snd_cwnd":	26064,
					"snd_wnd":	330624,
					"rtt":	148678,
					"rttvar":	40776,
					"pmtu":	1500,
					"omitted":	false,
					"sender":	true
				}],
			"sum":	{
				"start":	9.000127,
				"end":	10.000116,
				"seconds":	0.99998897314071655,
				"bytes":	262144,
				"bits_per_second":	2097175.1252549989,
				"retransmits":	2,
				"omitted":	false,
				"sender":	true
			}
		}, {
			"streams":	[{
					"socket":	5,
					"start":	10.000116,
					"end":	11.000121,
					"seconds":	1.0000050067901611,
					"bytes":	131072,
					"bits_per_second":	1048570.7500262855,
					"retransmits":	2,
					"snd_cwnd":	20272,
					"snd_wnd":	330624,
					"rtt":	128119,
					"rttvar":	18263,
					"pmtu":	1500,
					"omitted":	false,
					"sender":	true
				}],
			"sum":	{
				"start":	10.000116,
				"end":	11.000121,
				"seconds":	1.0000050067901611,
				"bytes":	131072,
				"bits_per_second":	1048570.7500262855,
				"retransmits":	2,
				"omitted":	false,
				"sender":	true
			}
		}, {
			"streams":	[{
					"socket":	5,
					"start":	11.000121,
					"end":	12.000578,
					"seconds":	1.0004570484161377,
					"bytes":	262144,
					"bits_per_second":	2096193.9378807743,
					"retransmits":	0,
					"snd_cwnd":	28960,
					"snd_wnd":	330624,
					"rtt":	173119,
					"rttvar":	25905,
					"pmtu":	1500,
					"omitted":	false,
					"sender":	true
				}],
			"sum":	{
				"start":	11.000121,
				"end":	12.000578,
				"seconds":	1.0004570484161377,
				"bytes":	262144,
				"bits_per_second":	2096193.9378807743,