{
	"start":	{
		"connected":	[{
				"socket":	5,
				"local_host":	"172.20.171.186",
				"local_port":	44024,
				"remote_host":	"54.227.41.78",
				"remote_port":	5201
			}],
		"version":	"iperf 3.16",
		"system_info":	"Linux DESKTOP-OR35M89 6.18.33.1-microsoft-standard-WSL2 #1 SMP PREEMPT_DYNAMIC Fri Jun  5 01:12:21 UTC 2026 x86_64",
		"timestamp":	{
			"time":	"Thu, 25 Jun 2026 21:47:58 GMT",
			"timesecs":	1782424078
		},
		"connecting_to":	{
			"host":	"54.227.41.78",
			"port":	5201
		},
		"cookie":	"tfgm4jcv6pmttxk7l6alyj2zhnqar3zmb6vd",
		"tcp_mss_default":	1448,
		"target_bitrate":	100000000,
		"fq_rate":	0,
		"sock_bufsize":	0,
		"sndbuf_actual":	16384,
		"rcvbuf_actual":	131072,
		"test_start":	{
			"protocol":	"TCP",
			"num_streams":	1,
			"blksize":	131072,
			"omit":	0,
			"duration":	30,
			"bytes":	0,
			"blocks":	0,
			"reverse":	0,
			"tos":	0,
			"target_bitrate":	100000000,
			"bidir":	0,
			"fqrate":	0
		}
	},
	"intervals":	[{
			"streams":	[{
					"socket":	5,
					"start":	0,
					"end":	1.000459,
					"seconds":	1.0004589557647705,
					"bytes":	1703936,
					"bits_per_second":	13625234.620024789,
					"retransmits":	8,
					"snd_cwnd":	94120,
					"snd_wnd":	1233408,
					"rtt":	100196,
					"rttvar":	3057,
					"pmtu":	1500,
					"omitted":	false,
					"sender":	true
				}],
			"sum":	{
				"start":	0,
				"end":	1.000459,
				"seconds":	1.0004589557647705,
				"bytes":	1703936,
				"bits_per_second":	13625234.620024789,
				"retransmits":	8,
				"omitted":	false,
				"sender":	true
			}
		}, {
			"streams":	[{
					"socket":	5,
					"start":	1.000459,
					"end":	2.000132,
					"seconds":	0.99967300891876221,
					"bytes":	786432,
					"bits_per_second":	6293513.9229224417,
					"retransmits":	2,
					"snd_cwnd":	76744,
					"snd_wnd":	1233408,
					"rtt":	99406,
					"rttvar":	1278,
					"pmtu":	1500,
					"omitted":	false,
					"sender":	true
				}],
			"sum":	{
				"start":	1.000459,
				"end":	2.000132,
				"seconds":	0.99967300891876221,
				"bytes":	786432,
				"bits_per_second":	6293513.9229224417,
				"retransmits":	2,
				"omitted":	false,
				"sender":	true
			}
		}, {
			"streams":	[{
					"socket":	5,
					"start":	2.000132,
					"end":	3.000529,
					"seconds":	1.0003969669342041,
					"bytes":	393216,
					"bits_per_second":	3144479.7455157558,
					"retransmits":	9,
					"snd_cwnd":	13032,
					"snd_wnd":	1233408,
					"rtt":	100594,
					"rttvar":	3074,
					"pmtu":	1500,
					"omitted":	false,
					"sender":	true
				}],
			"sum":	{
				"start":	2.000132,
				"end":	3.000529,
				"seconds":	1.0003969669342041,
				"bytes":	393216,
				"bits_per_second":	3144479.7455157558,
				"retransmits":	9,
				"omitted":	false,
				"sender":	true
			}
		}, {
			"streams":	[{
					"socket":	5,
					"start":	3.000529,
					"end":	4.000533,
					"seconds":	1.0000040531158447,
					"bytes":	0,
					"bits_per_second":	0,
					"retransmits":	0,
					"snd_cwnd":	18824,
					"snd_wnd":	1234816,
					"rtt":	104795,
					"rttvar":	8354,
					"pmtu":	1500,
					"omitted":	false,
					"sender":	true
				}],
			"sum":	{
				"start":	3.000529,
				"end":	4.000533,
				"seconds":	1.0000040531158447,
				"bytes":	0,
				"bits_per_second":	0,
				"retransmits":	0,
				"omitted":	false,
				"sender":	true
			}
		}, {
			"streams":	[{
					"socket":	5,
					"start":	4.000533,
					"end":	5.000536,
					"seconds":	1.0000029802322388,
					"bytes":	524288,
					"bits_per_second":	4194291.5000372529,
					"retransmits":	4,
					"snd_cwnd":	11584,
					"snd_wnd":	1220608,
					"rtt":	101131,
					"rttvar":	5137,
					"pmtu":	1500,
					"omitted":	false,
					"sender":	true
				}],
			"sum":	{
				"start":	4.000533,
				"end":	5.000536,
				"seconds":	1.0000029802322388,
				"bytes":	524288,
				"bits_per_second":	4194291.5000372529,
				"retransmits":	4,
				"omitted":	false,
				"sender":	true
			}
		}, {
			"streams":	[{
					"socket":	5,
					"start":	5.000536,
					"end":	6.000543,
					"seconds":	1.0000070333480835,
					"bytes":	0,
					"bits_per_second":	0,
					"retransmits":	0,
					"snd_cwnd":	18824,
					"snd_wnd":	1234816,
					"rtt":	105154,
					"rttvar":	11145,
					"pmtu":	1500,
					"omitted":	false,
					"sender":	true
				}],
			"sum":	{
				"start":	5.000536,
				"end":	6.000543,
				"seconds":	1.0000070333480835,
				"bytes":	0,
				"bits_per_second":	0,
				"retransmits":	0,
				"omitted":	false,
				"sender":	true
			}
		}, {
			"streams":	[{
					"socket":	5,
					"start":	6.000543,
					"end":	7.00056,
					"seconds":	1.0000170469284058,
					"bytes":	0,
					"bits_per_second":	0,
					"retransmits":	0,
					"snd_cwnd":	26064,
					"snd_wnd":	1234816,
					"rtt":	99836,
					"rttvar":	1839,
					"pmtu":	1500,
					"omitted":	false,
					"sender":	true
				}],
			"sum":	{
				"start":	6.000543,
				"end":	7.00056,
				"seconds":	1.0000170469284058,
				"bytes":	0,
				"bits_per_second":	0,
				"retransmits":	0,
				"omitted":	false,
				"sender":	true
			}
		}, {
			"streams":	[{
					"socket":	5,
					"start":	7.00056,
					"end":	8.000548,
					"seconds":	0.9999880194664,
					"bytes":	262144,
					"bits_per_second":	2097177.1253010146,
					"retransmits":	0,
					"snd_cwnd":	33304,
					"snd_wnd":	1234816,
					"rtt":	99694,
					"rttvar":	1013,
					"pmtu":	1500,
					"omitted":	false,
					"sender":	true
				}],
			"sum":	{
				"start":	7.00056,
				"end":	8.000548,
				"seconds":	0.9999880194664,
				"bytes":	262144,
				"bits_per_second":	2097177.1253010146,
				"retransmits":	0,
				"omitted":	false,
				"sender":	true
			}
		}, {
			"streams":	[{
					"socket":	5,
					"start":	8.000548,
					"end":	9.000218,
					"seconds":	0.99967002868652344,
					"bytes":	393216,
					"bits_per_second":	3146766.34262328,
					"retransmits":	3,
					"snd_cwnd":	31856,
					"snd_wnd":	1234816,
					"rtt":	103514,
					"rttvar":	8381,
					"pmtu":	1500,
					"omitted":	false,
					"sender":	true
				}],
			"sum":	{
				"start":	8.000548,
				"end":	9.000218,
				"seconds":	0.99967002868652344,
				"bytes":	393216,
				"bits_per_second":	3146766.34262328,
				"retransmits":	3,
				"omitted":	false,
				"sender":	true
			}
		}, {
			"streams":	[{
					"socket":	5,
					"start":	9.000218,
					"end":	10.00055,
					"seconds":	1.0003319978713989,
					"bytes":	393216,
					"bits_per_second":	3144683.9716152013,
					"retransmits":	2,
					"snd_cwnd":	27512,
					"snd_wnd":	1234816,
					"rtt":	101090,
					"rttvar":	3245,
					"pmtu":	1500,
					"omitted":	false,
					"sender":	true
				}],
			"sum":	{
				"start":	9.000218,
				"end":	10.00055,
				"seconds":	1.0003319978713989,
				"bytes":	393216,
				"bits_per_second":	3144683.9716152013,
				"retransmits":	2,
				"omitted":	false,
				"sender":	true
			}
		}, {
			"streams":	[{
					"socket":	5,
					"start":	10.00055,
					"end":	11.000545,
					"seconds":	0.999994993209839,
					"bytes":	0,
					"bits_per_second":	0,
					"retransmits":	0,
					"snd_cwnd":	33304,
					"snd_wnd":	1234816,
					"rtt":	101847,
					"rttvar":	5080,
					"pmtu":	1500,
					"omitted":	false,
					"sender":	true
				}],
			"sum":	{
				"start":	10.00055,
				"end":	11.000545,
				"seconds":	0.999994993209839,
				"bytes":	0,
				"bits_per_second":	0,
				"retransmits":	0,
				"omitted":	false,
				"sender":	true
			}
		}, {
			"streams":	[{
					"socket":	5,
					"start":	11.000545,
					"end":	12.00054,
					"seconds":	0.999994993209839,
					"bytes":	393216,
					"bits_per_second":	3145743.7500788574,
					"retransmits":	1,
					"snd_cwnd":	30408,
					"snd_wnd":	1234816,
					"rtt":	102776,
					"rttvar":	7057,
					"pmtu":	1500,
					"omitted":	false,
					"sender":	true
				}],
			"sum":	{
				"start":	11.000545,
				"end":	12.00054,
				"seconds":	0.999994993209839,
				"bytes":	393216,
				"bits_per_second":	3145743.7500788574,
				"retransmits":	1,
				"omitted":	false,
				"sender":	true
			}
		}, {
			"streams":	[{
					"socket":	5,
					"start":	12.00054,
					"end":	13.000412,