{
	"start":	{
		"connected":	[{
				"socket":	5,
				"local_host":	"172.20.171.186",
				"local_port":	53252,
				"remote_host":	"54.227.41.78",
				"remote_port":	5201
			}],
		"version":	"iperf 3.16",
		"system_info":	"Linux DESKTOP-OR35M89 6.18.33.1-microsoft-standard-WSL2 #1 SMP PREEMPT_DYNAMIC Fri Jun  5 01:12:21 UTC 2026 x86_64",
		"timestamp":	{
			"time":	"Thu, 25 Jun 2026 21:52:20 GMT",
			"timesecs":	1782424340
		},
		"connecting_to":	{
			"host":	"54.227.41.78",
			"port":	5201
		},
		"cookie":	"4nahqj6w5gas6xqykf3n22za5qothrngztut",
		"tcp_mss_default":	1448,
		"target_bitrate":	100000000,
		"fq_rate":	0,
		"sock_bufsize":	0,
		"sndbuf_actual":	16384,
		"rcvbuf_actual":	131072,
		"test_start":	{
			"protocol":	"TCP",
			"num_streams":	1,
			"blksize":	131072,
			"omit":	0,
			"duration":	30,
			"bytes":	0,
			"blocks":	0,
			"reverse":	0,
			"tos":	0,
			"target_bitrate":	100000000,
			"bidir":	0,
			"fqrate":	0
		}
	},
	"intervals":	[{
			"streams":	[{
					"socket":	5,
					"start":	0,
					"end":	1.000521,
					"seconds":	1.0005209445953369,
					"bytes":	4849664,
					"bits_per_second":	38777111.273459315,
					"retransmits":	7,
					"snd_cwnd":	431504,
					"snd_wnd":	2553216,
					"rtt":	139304,
					"rttvar":	10660,
					"pmtu":	1500,
					"omitted":	false,
					"sender":	true
				}],
			"sum":	{
				"start":	0,
				"end":	1.000521,
				"seconds":	1.0005209445953369,
				"bytes":	4849664,
				"bits_per_second":	38777111.273459315,
				"retransmits":	7,
				"omitted":	false,
				"sender":	true
			}
		}, {
			"streams":	[{
					"socket":	5,
					"start":	1.000521,
					"end":	2.000169,
					"seconds":	0.99964797496795654,
					"bytes":	1441792,
					"bits_per_second":	11538397.804856986,
					"retransmits":	11,
					"snd_cwnd":	111496,
					"snd_wnd":	3150336,
					"rtt":	99582,
					"rttvar":	2226,
					"pmtu":	1500,
					"omitted":	false,
					"sender":	true
				}],
			"sum":	{
				"start":	1.000521,
				"end":	2.000169,
				"seconds":	0.99964797496795654,
				"bytes":	1441792,
				"bits_per_second":	11538397.804856986,
				"retransmits":	11,
				"omitted":	false,
				"sender":	true
			}
		}, {
			"streams":	[{
					"socket":	5,
					"start":	2.000169,
					"end":	3.000182,
					"seconds":	1.000012993812561,
					"bytes":	1179648,
					"bits_per_second":	9437061.3765933458,
					"retransmits":	5,
					"snd_cwnd":	53576,
					"snd_wnd":	3148928,
					"rtt":	99958,
					"rttvar":	1879,
					"pmtu":	1500,
					"omitted":	false,
					"sender":	true
				}],
			"sum":	{
				"start":	2.000169,
				"end":	3.000182,
				"seconds":	1.000012993812561,
				"bytes":	1179648,
				"bits_per_second":	9437061.3765933458,
				"retransmits":	5,
				"omitted":	false,
				"sender":	true
			}
		}, {
			"streams":	[{
					"socket":	5,
					"start":	3.000182,
					"end":	4.000572,
					"seconds":	1.00039005279541,
					"bytes":	0,
					"bits_per_second":	0,
					"retransmits":	3,
					"snd_cwnd":	24616,
					"snd_wnd":	3150336,
					"rtt":	115425,
					"rttvar":	11188,
					"pmtu":	1500,
					"omitted":	false,
					"sender":	true
				}],
			"sum":	{
				"start":	3.000182,
				"end":	4.000572,
				"seconds":	1.00039005279541,
				"bytes":	0,
				"bits_per_second":	0,
				"retransmits":	3,
				"omitted":	false,
				"sender":	true
			}
		}, {
			"streams":	[{
					"socket":	5,
					"start":	4.000572,
					"end":	5.000583,
					"seconds":	1.0000109672546387,
					"bytes":	0,
					"bits_per_second":	0,
					"retransmits":	2,
					"snd_cwnd":	23168,
					"snd_wnd":	3150336,
					"rtt":	131703,
					"rttvar":	8353,
					"pmtu":	1500,
					"omitted":	false,
					"sender":	true
				}],
			"sum":	{
				"start":	4.000572,
				"end":	5.000583,
				"seconds":	1.0000109672546387,
				"bytes":	0,
				"bits_per_second":	0,
				"retransmits":	2,
				"omitted":	false,
				"sender":	true
			}
		}, {
			"streams":	[{
					"socket":	5,
					"start":	5.000583,
					"end":	6.000557,
					"seconds":	0.999974012374878,
					"bytes":	0,
					"bits_per_second":	0,
					"retransmits":	2,
					"snd_cwnd":	24616,
					"snd_wnd":	3150336,
					"rtt":	99968,
					"rttvar":	2704,
					"pmtu":	1500,
					"omitted":	false,
					"sender":	true
				}],
			"sum":	{
				"start":	5.000583,
				"end":	6.000557,
				"seconds":	0.999974012374878,
				"bytes":	0,
				"bits_per_second":	0,
				"retransmits":	2,
				"omitted":	false,
				"sender":	true
			}
		}, {
			"streams":	[{
					"socket":	5,
					"start":	6.000557,
					"end":	7.000573,
					"seconds":	1.0000159740448,
					"bytes":	1310720,
					"bits_per_second":	10485592.50267561,
					"retransmits":	3,
					"snd_cwnd":	15928,
					"snd_wnd":	3148928,
					"rtt":	128563,
					"rttvar":	5776,
					"pmtu":	1500,
					"omitted":	false,
					"sender":	true
				}],
			"sum":	{
				"start":	6.000557,
				"end":	7.000573,
				"seconds":	1.0000159740448,
				"bytes":	1310720,
				"bits_per_second":	10485592.50267561,
				"retransmits":	3,
				"omitted":	false,
				"sender":	true
			}
		}, {
			"streams":	[{
					"socket":	5,
					"start":	7.000573,
					"end":	8.000555,
					"seconds":	0.99998199939727783,
					"bytes":	0,
					"bits_per_second":	0,
					"retransmits":	3,
					"snd_cwnd":	15928,
					"snd_wnd":	3150336,
					"rtt":	107482,
					"rttvar":	11701,
					"pmtu":	1500,
					"omitted":	false,
					"sender":	true
				}],
			"sum":	{
				"start":	7.000573,
				"end":	8.000555,
				"seconds":	0.99998199939727783,
				"bytes":	0,
				"bits_per_second":	0,
				"retransmits":	3,
				"omitted":	false,
				"sender":	true
			}
		}, {
			"streams":	[{
					"socket":	5,
					"start":	8.000555,
					"end":	9.000556,
					"seconds":	1.0000009536743164,
					"bytes":	0,
					"bits_per_second":	0,
					"retransmits":	3,
					"snd_cwnd":	13032,
					"snd_wnd":	3150336,
					"rtt":	103666,
					"rttvar":	9725,
					"pmtu":	1500,
					"omitted":	false,
					"sender":	true
				}],
			"sum":	{
				"start":	8.000555,
				"end":	9.000556,
				"seconds":	1.0000009536743164,
				"bytes":	0,
				"bits_per_second":	0,
				"retransmits":	3,
				"omitted":	false,
				"sender":	true
			}
		}, {
			"streams":	[{
					"socket":	5,
					"start":	9.000556,
					"end":	10.000576,
					"seconds":	1.0000200271606445,
					"bytes":	0,
					"bits_per_second":	0,
					"retransmits":	0,
					"snd_cwnd":	18824,
					"snd_wnd":	3150336,
					"rtt":	100736,
					"rttvar":	2947,
					"pmtu":	1500,
					"omitted":	false,
					"sender":	true
				}],
			"sum":	{
				"start":	9.000556,
				"end":	10.000576,
				"seconds":	1.0000200271606445,
				"bytes":	0,
				"bits_per_second":	0,
				"retransmits":	0,
				"omitted":	false,
				"sender":	true
			}
		}, {
			"streams":	[{
					"socket":	5,
					"start":	10.000576,
					"end":	11.000554,
					"seconds":	0.999978005886078,
					"bytes":	0,
					"bits_per_second":	0,
					"retransmits":	2,
					"snd_cwnd":	17376,
					"snd_wnd":	3150336,
					"rtt":	98262,
					"rttvar":	678,
					"pmtu":	1500,
					"omitted":	false,
					"sender":	true
				}],
			"sum":	{
				"start":	10.000576,
				"end":	11.000554,
				"seconds":	0.999978005886078,
				"bytes":	0,
				"bits_per_second":	0,
				"retransmits":	2,
				"omitted":	false,
				"sender":	true
			}
		}, {
			"streams":	[{
					"socket":	5,
					"start":	11.000554,
					"end":	12.000564,
					"seconds":	1.0000100135803223,
					"bytes":	0,
					"bits_per_second":	0,
					"retransmits":	0,
					"snd_cwnd":	24616,
					"snd_wnd":	3150336,
					"rtt":	100597,
					"rttvar":	2451,
					"pmtu":	1500,
					"omitted":	false,
					"sender":	true
				}],
			"sum":	{
				"start":	11.000554,
				"end":	12.000564,
				"seconds":	1.0000100135803223,
				"bytes":	0,
				"bits_per_second":	0,
				"retransmits":	0,
				"omitted":	false,
				"sender":	true
			}
		}, {
			"streams":	[{
					"socket":	5,
					"start":	12.000564,
					"end":	13.000583,
					"seconds":	1.0000189542770386,
					"bytes":	0,
					"bits_per_second":	0,
					"retransmits":	4,
					"snd_cwnd":	13032,
					"snd_wnd":	3150336,