{
	"start":	{
		"connected":	[{
				"socket":	5,
				"local_host":	"172.20.171.186",
				"local_port":	54926,
				"remote_host":	"54.227.41.78",
				"remote_port":	5201
			}],
		"version":	"iperf 3.16",
		"system_info":	"Linux DESKTOP-OR35M89 6.18.33.1-microsoft-standard-WSL2 #1 SMP PREEMPT_DYNAMIC Fri Jun  5 01:12:21 UTC 2026 x86_64",
		"timestamp":	{
			"time":	"Thu, 25 Jun 2026 22:31:34 GMT",
			"timesecs":	1782426694
		},
		"connecting_to":	{
			"host":	"54.227.41.78",
			"port":	5201
		},
		"cookie":	"s5yggufbjc35nr6mmh26n5yi63kyivgaappn",
		"tcp_mss_default":	1448,
		"target_bitrate":	100000000,
		"fq_rate":	0,
		"sock_bufsize":	0,
		"sndbuf_actual":	16384,
		"rcvbuf_actual":	131072,
		"test_start":	{
			"protocol":	"TCP",
			"num_streams":	1,
			"blksize":	131072,
			"omit":	0,
			"duration":	30,
			"bytes":	0,
			"blocks":	0,
			"reverse":	0,
			"tos":	0,
			"target_bitrate":	100000000,
			"bidir":	0,
			"fqrate":	0
		}
	},
	"intervals":	[{
			"streams":	[{
					"socket":	5,
					"start":	0,
					"end":	1.000554,
					"seconds":	1.0005539655685425,
					"bytes":	524288,
					"bits_per_second":	4191981.7864263626,
					"retransmits":	8,
					"snd_cwnd":	20272,
					"snd_wnd":	168320,
					"rtt":	90686,
					"rttvar":	3821,
					"pmtu":	1500,
					"omitted":	false,
					"sender":	true
				}],
			"sum":	{
				"start":	0,
				"end":	1.000554,
				"seconds":	1.0005539655685425,
				"bytes":	524288,
				"bits_per_second":	4191981.7864263626,
				"retransmits":	8,
				"omitted":	false,
				"sender":	true
			}
		}, {
			"streams":	[{
					"socket":	5,
					"start":	1.000554,
					"end":	2.000569,
					"seconds":	1.0000150203704834,
					"bytes":	131072,
					"bits_per_second":	1048560.2502365672,
					"retransmits":	2,
					"snd_cwnd":	18824,
					"snd_wnd":	168320,
					"rtt":	92766,
					"rttvar":	7080,
					"pmtu":	1500,
					"omitted":	false,
					"sender":	true
				}],
			"sum":	{
				"start":	1.000554,
				"end":	2.000569,
				"seconds":	1.0000150203704834,
				"bytes":	131072,
				"bits_per_second":	1048560.2502365672,
				"retransmits":	2,
				"omitted":	false,
				"sender":	true
			}
		}, {
			"streams":	[{
					"socket":	5,
					"start":	2.000569,
					"end":	3.000169,
					"seconds":	0.99959999322891235,
					"bytes":	262144,
					"bits_per_second":	2097991.2106899582,
					"retransmits":	1,
					"snd_cwnd":	20272,
					"snd_wnd":	168320,
					"rtt":	89991,
					"rttvar":	2437,
					"pmtu":	1500,
					"omitted":	false,
					"sender":	true
				}],
			"sum":	{
				"start":	2.000569,
				"end":	3.000169,
				"seconds":	0.99959999322891235,
				"bytes":	262144,
				"bits_per_second":	2097991.2106899582,
				"retransmits":	1,
				"omitted":	false,
				"sender":	true
			}
		}, {
			"streams":	[{
					"socket":	5,
					"start":	3.000169,
					"end":	4.000541,
					"seconds":	1.000372052192688,
					"bytes":	131072,
					"bits_per_second":	1048186.0200928795,
					"retransmits":	4,
					"snd_cwnd":	13032,
					"snd_wnd":	168320,
					"rtt":	95543,
					"rttvar":	9409,
					"pmtu":	1500,
					"omitted":	false,
					"sender":	true
				}],
			"sum":	{
				"start":	3.000169,
				"end":	4.000541,
				"seconds":	1.000372052192688,
				"bytes":	131072,
				"bits_per_second":	1048186.0200928795,
				"retransmits":	4,
				"omitted":	false,
				"sender":	true
			}
		}, {
			"streams":	[{
					"socket":	5,
					"start":	4.000541,
					"end":	5.000124,
					"seconds":	0.99958300590515137,
					"bytes":	131072,
					"bits_per_second":	1049013.4324067305,
					"retransmits":	3,
					"snd_cwnd":	10136,
					"snd_wnd":	168320,
					"rtt":	94982,
					"rttvar":	9453,
					"pmtu":	1500,
					"omitted":	false,
					"sender":	true
				}],
			"sum":	{
				"start":	4.000541,
				"end":	5.000124,
				"seconds":	0.99958300590515137,
				"bytes":	131072,
				"bits_per_second":	1049013.4324067305,
				"retransmits":	3,
				"omitted":	false,
				"sender":	true
			}
		}, {
			"streams":	[{
					"socket":	5,
					"start":	5.000124,
					"end":	6.000577,
					"seconds":	1.000452995300293,
					"bytes":	131072,
					"bits_per_second":	1048101.2150753395,
					"retransmits":	6,
					"snd_cwnd":	5792,
					"snd_wnd":	163840,
					"rtt":	91952,
					"rttvar":	8124,
					"pmtu":	1500,
					"omitted":	false,
					"sender":	true
				}],
			"sum":	{
				"start":	5.000124,
				"end":	6.000577,
				"seconds":	1.000452995300293,
				"bytes":	131072,
				"bits_per_second":	1048101.2150753395,
				"retransmits":	6,
				"omitted":	false,
				"sender":	true
			}
		}, {
			"streams":	[{
					"socket":	5,
					"start":	6.000577,
					"end":	7.000127,
					"seconds":	0.9995499849319458,
					"bytes":	0,
					"bits_per_second":	0,
					"retransmits":	1,
					"snd_cwnd":	8688,
					"snd_wnd":	168320,
					"rtt":	99187,
					"rttvar":	15077,
					"pmtu":	1500,
					"omitted":	false,
					"sender":	true
				}],
			"sum":	{
				"start":	6.000577,
				"end":	7.000127,
				"seconds":	0.9995499849319458,
				"bytes":	0,
				"bits_per_second":	0,
				"retransmits":	1,
				"omitted":	false,
				"sender":	true
			}
		}, {
			"streams":	[{
					"socket":	5,
					"start":	7.000127,
					"end":	8.000553,
					"seconds":	1.0004260540008545,
					"bytes":	131072,
					"bits_per_second":	1048129.4402585644,
					"retransmits":	1,
					"snd_cwnd":	13032,
					"snd_wnd":	168320,
					"rtt":	90098,
					"rttvar":	2961,
					"pmtu":	1500,
					"omitted":	false,
					"sender":	true
				}],
			"sum":	{
				"start":	7.000127,
				"end":	8.000553,
				"seconds":	1.0004260540008545,
				"bytes":	131072,
				"bits_per_second":	1048129.4402585644,
				"retransmits":	1,
				"omitted":	false,
				"sender":	true
			}
		}, {
			"streams":	[{
					"socket":	5,
					"start":	8.000553,
					"end":	9.000435,
					"seconds":	0.99988198280334473,
					"bytes":	131072,
					"bits_per_second":	1048699.764606352,
					"retransmits":	1,
					"snd_cwnd":	15928,
					"snd_wnd":	168320,
					"rtt":	90733,
					"rttvar":	3348,
					"pmtu":	1500,
					"omitted":	false,
					"sender":	true
				}],
			"sum":	{
				"start":	8.000553,
				"end":	9.000435,
				"seconds":	0.99988198280334473,
				"bytes":	131072,
				"bits_per_second":	1048699.764606352,
				"retransmits":	1,
				"omitted":	false,
				"sender":	true
			}
		}, {
			"streams":	[{
					"socket":	5,
					"start":	9.000435,
					"end":	10.000412,
					"seconds":	0.9999769926071167,
					"bytes":	262144,
					"bits_per_second":	2097200.2511101323,
					"retransmits":	4,
					"snd_cwnd":	14480,
					"snd_wnd":	166912,
					"rtt":	93864,
					"rttvar":	8631,
					"pmtu":	1500,
					"omitted":	false,
					"sender":	true
				}],
			"sum":	{
				"start":	9.000435,
				"end":	10.000412,
				"seconds":	0.9999769926071167,
				"bytes":	262144,
				"bits_per_second":	2097200.2511101323,
				"retransmits":	4,
				"omitted":	false,
				"sender":	true
			}
		}, {
			"streams":	[{
					"socket":	5,
					"start":	10.000412,
					"end":	11.000547,
					"seconds":	1.0001349449157715,
					"bytes":	131072,
					"bits_per_second":	1048434.5190921292,
					"retransmits":	0,
					"snd_cwnd":	18824,
					"snd_wnd":	168320,
					"rtt":	92108,
					"rttvar":	5091,
					"pmtu":	1500,
					"omitted":	false,
					"sender":	true
				}],
			"sum":	{
				"start":	10.000412,
				"end":	11.000547,
				"seconds":	1.0001349449157715,
				"bytes":	131072,
				"bits_per_second":	1048434.5190921292,
				"retransmits":	0,
				"omitted":	false,
				"sender":	true
			}
		}, {
			"streams":	[{
					"socket":	5,
					"start":	11.000547,
					"end":	12.000228,
					"seconds":	0.999680995941162,
					"bytes":	131072,
					"bits_per_second":	1048910.6067409085,
					"retransmits":	2,
					"snd_cwnd":	20272,
					"snd_wnd":	166784,
					"rtt":	96311,
					"rttvar":	12824,
					"pmtu":	1500,
					"omitted":	false,
					"sender":	true
				}],
			"sum":	{
				"start":	11.000547,
				"end":	12.000228,
				"seconds":	0.999680995941162,
				"bytes":	131072,
				"bits_per_second":	1048910.6067409085,
				"retransmits":	2,