{
	"start":	{
		"connected":	[{
				"socket":	5,
				"local_host":	"172.20.171.186",
				"local_port":	53992,
				"remote_host":	"54.227.41.78",
				"remote_port":	5201
			}],
		"version":	"iperf 3.16",
		"system_info":	"Linux DESKTOP-OR35M89 6.18.33.1-microsoft-standard-WSL2 #1 SMP PREEMPT_DYNAMIC Fri Jun  5 01:12:21 UTC 2026 x86_64",
		"timestamp":	{
			"time":	"Thu, 25 Jun 2026 22:25:34 GMT",
			"timesecs":	1782426334
		},
		"connecting_to":	{
			"host":	"54.227.41.78",
			"port":	5201
		},
		"cookie":	"jnsteifkexmcpjoh6yk72wbb2bfglgbn7nmu",
		"tcp_mss_default":	1448,
		"target_bitrate":	100000000,
		"fq_rate":	0,
		"sock_bufsize":	0,
		"sndbuf_actual":	16384,
		"rcvbuf_actual":	131072,
		"test_start":	{
			"protocol":	"TCP",
			"num_streams":	1,
			"blksize":	131072,
			"omit":	0,
			"duration":	30,
			"bytes":	0,
			"blocks":	0,
			"reverse":	0,
			"tos":	0,
			"target_bitrate":	100000000,
			"bidir":	0,
			"fqrate":	0
		}
	},
	"intervals":	[{
			"streams":	[{
					"socket":	5,
					"start":	0,
					"end":	1.000569,
					"seconds":	1.0005689859390259,
					"bytes":	786432,
					"bits_per_second":	6287878.285669148,
					"retransmits":	16,
					"snd_cwnd":	15928,
					"snd_wnd":	696320,
					"rtt":	88827,
					"rttvar":	1455,
					"pmtu":	1500,
					"omitted":	false,
					"sender":	true
				}],
			"sum":	{
				"start":	0,
				"end":	1.000569,
				"seconds":	1.0005689859390259,
				"bytes":	786432,
				"bits_per_second":	6287878.285669148,
				"retransmits":	16,
				"omitted":	false,
				"sender":	true
			}
		}, {
			"streams":	[{
					"socket":	5,
					"start":	1.000569,
					"end":	2.000262,
					"seconds":	0.999692976474762,
					"bytes":	262144,
					"bits_per_second":	2097796.0727454848,
					"retransmits":	2,
					"snd_cwnd":	14480,
					"snd_wnd":	699008,
					"rtt":	92441,
					"rttvar":	5380,
					"pmtu":	1500,
					"omitted":	false,
					"sender":	true
				}],
			"sum":	{
				"start":	1.000569,
				"end":	2.000262,
				"seconds":	0.999692976474762,
				"bytes":	262144,
				"bits_per_second":	2097796.0727454848,
				"retransmits":	2,
				"omitted":	false,
				"sender":	true
			}
		}, {
			"streams":	[{
					"socket":	5,
					"start":	2.000262,
					"end":	3.000149,
					"seconds":	0.999886989593506,
					"bytes":	262144,
					"bits_per_second":	2097389.0267864936,
					"retransmits":	1,
					"snd_cwnd":	15928,
					"snd_wnd":	699008,
					"rtt":	90351,
					"rttvar":	2100,
					"pmtu":	1500,
					"omitted":	false,
					"sender":	true
				}],
			"sum":	{
				"start":	2.000262,
				"end":	3.000149,
				"seconds":	0.999886989593506,
				"bytes":	262144,
				"bits_per_second":	2097389.0267864936,
				"retransmits":	1,
				"omitted":	false,
				"sender":	true
			}
		}, {
			"streams":	[{
					"socket":	5,
					"start":	3.000149,
					"end":	4.000287,
					"seconds":	1.0001380443573,
					"bytes":	0,
					"bits_per_second":	0,
					"retransmits":	0,
					"snd_cwnd":	24616,
					"snd_wnd":	699008,
					"rtt":	91730,
					"rttvar":	3814,
					"pmtu":	1500,
					"omitted":	false,
					"sender":	true
				}],
			"sum":	{
				"start":	3.000149,
				"end":	4.000287,
				"seconds":	1.0001380443573,
				"bytes":	0,
				"bits_per_second":	0,
				"retransmits":	0,
				"omitted":	false,
				"sender":	true
			}
		}, {
			"streams":	[{
					"socket":	5,
					"start":	4.000287,
					"end":	5.000154,
					"seconds":	0.999867022037506,
					"bytes":	524288,
					"bits_per_second":	4194861.8241783222,
					"retransmits":	1,
					"snd_cwnd":	21720,
					"snd_wnd":	697600,
					"rtt":	89219,
					"rttvar":	626,
					"pmtu":	1500,
					"omitted":	false,
					"sender":	true
				}],
			"sum":	{
				"start":	4.000287,
				"end":	5.000154,
				"seconds":	0.999867022037506,
				"bytes":	524288,
				"bits_per_second":	4194861.8241783222,
				"retransmits":	1,
				"omitted":	false,
				"sender":	true
			}
		}, {
			"streams":	[{
					"socket":	5,
					"start":	5.000154,
					"end":	6.000154,
					"seconds":	1,
					"bytes":	0,
					"bits_per_second":	0,
					"retransmits":	2,
					"snd_cwnd":	15928,
					"snd_wnd":	699008,
					"rtt":	95233,
					"rttvar":	10986,
					"pmtu":	1500,
					"omitted":	false,
					"sender":	true
				}],
			"sum":	{
				"start":	5.000154,
				"end":	6.000154,
				"seconds":	1,
				"bytes":	0,
				"bits_per_second":	0,
				"retransmits":	2,
				"omitted":	false,
				"sender":	true
			}
		}, {
			"streams":	[{
					"socket":	5,
					"start":	6.000154,
					"end":	7.000571,
					"seconds":	1.0004169940948486,
					"bytes":	262144,
					"bits_per_second":	2096277.8645093378,
					"retransmits":	5,
					"snd_cwnd":	11584,
					"snd_wnd":	699008,
					"rtt":	96944,
					"rttvar":	13749,
					"pmtu":	1500,
					"omitted":	false,
					"sender":	true
				}],
			"sum":	{
				"start":	6.000154,
				"end":	7.000571,
				"seconds":	1.0004169940948486,
				"bytes":	262144,
				"bits_per_second":	2096277.8645093378,
				"retransmits":	5,
				"omitted":	false,
				"sender":	true
			}
		}, {
			"streams":	[{
					"socket":	5,
					"start":	7.000571,
					"end":	8.000576,
					"seconds":	1.0000050067901611,
					"bytes":	0,
					"bits_per_second":	0,
					"retransmits":	1,
					"snd_cwnd":	13032,
					"snd_wnd":	699008,
					"rtt":	92546,
					"rttvar":	5559,
					"pmtu":	1500,
					"omitted":	false,
					"sender":	true
				}],
			"sum":	{
				"start":	7.000571,
				"end":	8.000576,
				"seconds":	1.0000050067901611,
				"bytes":	0,
				"bits_per_second":	0,
				"retransmits":	1,
				"omitted":	false,
				"sender":	true
			}
		}, {
			"streams":	[{
					"socket":	5,
					"start":	8.000576,
					"end":	9.000597,
					"seconds":	1.0000209808349609,
					"bytes":	262144,
					"bits_per_second":	2097108.0009231374,
					"retransmits":	3,
					"snd_cwnd":	7240,
					"snd_wnd":	699008,
					"rtt":	99348,
					"rttvar":	16292,
					"pmtu":	1500,
					"omitted":	false,
					"sender":	true
				}],
			"sum":	{
				"start":	8.000576,
				"end":	9.000597,
				"seconds":	1.0000209808349609,
				"bytes":	262144,
				"bits_per_second":	2097108.0009231374,
				"retransmits":	3,
				"omitted":	false,
				"sender":	true
			}
		}, {
			"streams":	[{
					"socket":	5,
					"start":	9.000597,
					"end":	10.000124,
					"seconds":	0.9995269775390625,
					"bytes":	0,
					"bits_per_second":	0,
					"retransmits":	2,
					"snd_cwnd":	7240,
					"snd_wnd":	697600,
					"rtt":	92528,
					"rttvar":	5334,
					"pmtu":	1500,
					"omitted":	false,
					"sender":	true
				}],
			"sum":	{
				"start":	9.000597,
				"end":	10.000124,
				"seconds":	0.9995269775390625,
				"bytes":	0,
				"bits_per_second":	0,
				"retransmits":	2,
				"omitted":	false,
				"sender":	true
			}
		}, {
			"streams":	[{
					"socket":	5,
					"start":	10.000124,
					"end":	11.000056,
					"seconds":	0.99993199110031128,
					"bytes":	0,
					"bits_per_second":	0,
					"retransmits":	4,
					"snd_cwnd":	5792,
					"snd_wnd":	697600,
					"rtt":	105458,
					"rttvar":	24103,
					"pmtu":	1500,
					"omitted":	false,
					"sender":	true
				}],
			"sum":	{
				"start":	10.000124,
				"end":	11.000056,
				"seconds":	0.99993199110031128,
				"bytes":	0,
				"bits_per_second":	0,
				"retransmits":	4,
				"omitted":	false,
				"sender":	true
			}
		}, {
			"streams":	[{
					"socket":	5,
					"start":	11.000056,
					"end":	12.000587,
					"seconds":	1.0005309581756592,
					"bytes":	262144,
					"bits_per_second":	2096039.0909081812,
					"retransmits":	1,
					"snd_cwnd":	8688,
					"snd_wnd":	699008,
					"rtt":	98240,
					"rttvar":	14324,
					"pmtu":	1500,
					"omitted":	false,
					"sender":	true
				}],
			"sum":	{
				"start":	11.000056,
				"end":	12.000587,
				"seconds":	1.0005309581756592,
				"bytes":	262144,
				"bits_per_second":	2096039.0909081812,
				"retransmits":	1,
				"omitted":	false,
				"sender":	true
			}
		}, {
			"streams":	[{
					"socket":	5,
					"start":	12.000587,
					"end":	13.000179,
					"seconds":	0.99959200620651245,
					"bytes":	0,
					"bits_per_second":	0,