{
	"start":	{
		"connected":	[{
				"socket":	5,
				"local_host":	"172.20.171.186",
				"local_port":	48842,
				"remote_host":	"54.227.41.78",
				"remote_port":	5201
			}],
		"version":	"iperf 3.16",
		"system_info":	"Linux DESKTOP-OR35M89 6.18.33.1-microsoft-standard-WSL2 #1 SMP PREEMPT_DYNAMIC Fri Jun  5 01:12:21 UTC 2026 x86_64",
		"timestamp":	{
			"time":	"Thu, 25 Jun 2026 22:20:04 GMT",
			"timesecs":	1782426004
		},
		"connecting_to":	{
			"host":	"54.227.41.78",
			"port":	5201
		},
		"cookie":	"bepbhrplmoilmrvk4chi6dlceuq2ekxj75o3",
		"tcp_mss_default":	1448,
		"target_bitrate":	100000000,
		"fq_rate":	0,
		"sock_bufsize":	0,
		"sndbuf_actual":	16384,
		"rcvbuf_actual":	131072,
		"test_start":	{
			"protocol":	"TCP",
			"num_streams":	1,
			"blksize":	131072,
			"omit":	0,
			"duration":	30,
			"bytes":	0,
			"blocks":	0,
			"reverse":	0,
			"tos":	0,
			"target_bitrate":	100000000,
			"bidir":	0,
			"fqrate":	0
		}
	},
	"intervals":	[{
			"streams":	[{
					"socket":	5,
					"start":	0,
					"end":	1.000177,
					"seconds":	1.0001770257949829,
					"bytes":	786432,
					"bits_per_second":	6290342.4471275825,
					"retransmits":	15,
					"snd_cwnd":	40544,
					"snd_wnd":	917504,
					"rtt":	97121,
					"rttvar":	1248,
					"pmtu":	1500,
					"omitted":	false,
					"sender":	true
				}],
			"sum":	{
				"start":	0,
				"end":	1.000177,
				"seconds":	1.0001770257949829,
				"bytes":	786432,
				"bits_per_second":	6290342.4471275825,
				"retransmits":	15,
				"omitted":	false,
				"sender":	true
			}
		}, {
			"streams":	[{
					"socket":	5,
					"start":	1.000177,
					"end":	2.000112,
					"seconds":	0.99993497133255,
					"bytes":	262144,
					"bits_per_second":	2097288.3838688615,
					"retransmits":	8,
					"snd_cwnd":	8688,
					"snd_wnd":	917632,
					"rtt":	99417,
					"rttvar":	3821,
					"pmtu":	1500,
					"omitted":	false,
					"sender":	true
				}],
			"sum":	{
				"start":	1.000177,
				"end":	2.000112,
				"seconds":	0.99993497133255,
				"bytes":	262144,
				"bits_per_second":	2097288.3838688615,
				"retransmits":	8,
				"omitted":	false,
				"sender":	true
			}
		}, {
			"streams":	[{
					"socket":	5,
					"start":	2.000112,
					"end":	3.000627,
					"seconds":	1.0005149841308594,
					"bytes":	262144,
					"bits_per_second":	2096072.5558965835,
					"retransmits":	2,
					"snd_cwnd":	10136,
					"snd_wnd":	919040,
					"rtt":	103870,
					"rttvar":	9581,
					"pmtu":	1500,
					"omitted":	false,
					"sender":	true
				}],
			"sum":	{
				"start":	2.000112,
				"end":	3.000627,
				"seconds":	1.0005149841308594,
				"bytes":	262144,
				"bits_per_second":	2096072.5558965835,
				"retransmits":	2,
				"omitted":	false,
				"sender":	true
			}
		}, {
			"streams":	[{
					"socket":	5,
					"start":	3.000627,
					"end":	4.000168,
					"seconds":	0.99954098463058472,
					"bytes":	0,
					"bits_per_second":	0,
					"retransmits":	3,
					"snd_cwnd":	10136,
					"snd_wnd":	917504,
					"rtt":	100516,
					"rttvar":	3946,
					"pmtu":	1500,
					"omitted":	false,
					"sender":	true
				}],
			"sum":	{
				"start":	3.000627,
				"end":	4.000168,
				"seconds":	0.99954098463058472,
				"bytes":	0,
				"bits_per_second":	0,
				"retransmits":	3,
				"omitted":	false,
				"sender":	true
			}
		}, {
			"streams":	[{
					"socket":	5,
					"start":	4.000168,
					"end":	5.000175,
					"seconds":	1.0000070333480835,
					"bytes":	0,
					"bits_per_second":	0,
					"retransmits":	2,
					"snd_cwnd":	10136,
					"snd_wnd":	919040,
					"rtt":	102497,
					"rttvar":	5301,
					"pmtu":	1500,
					"omitted":	false,
					"sender":	true
				}],
			"sum":	{
				"start":	4.000168,
				"end":	5.000175,
				"seconds":	1.0000070333480835,
				"bytes":	0,
				"bits_per_second":	0,
				"retransmits":	2,
				"omitted":	false,
				"sender":	true
			}
		}, {
			"streams":	[{
					"socket":	5,
					"start":	5.000175,
					"end":	6.000111,
					"seconds":	0.99993598461151123,
					"bytes":	262144,
					"bits_per_second":	2097286.2585946163,
					"retransmits":	3,
					"snd_cwnd":	11584,
					"snd_wnd":	917504,
					"rtt":	99249,
					"rttvar":	2966,
					"pmtu":	1500,
					"omitted":	false,
					"sender":	true
				}],
			"sum":	{
				"start":	5.000175,
				"end":	6.000111,
				"seconds":	0.99993598461151123,
				"bytes":	262144,
				"bits_per_second":	2097286.2585946163,
				"retransmits":	3,
				"omitted":	false,
				"sender":	true
			}
		}, {
			"streams":	[{
					"socket":	5,
					"start":	6.000111,
					"end":	7.000147,
					"seconds":	1.0000360012054443,
					"bytes":	0,
					"bits_per_second":	0,
					"retransmits":	0,
					"snd_cwnd":	17376,
					"snd_wnd":	919040,
					"rtt":	101187,
					"rttvar":	4008,
					"pmtu":	1500,
					"omitted":	false,
					"sender":	true
				}],
			"sum":	{
				"start":	6.000111,
				"end":	7.000147,
				"seconds":	1.0000360012054443,
				"bytes":	0,
				"bits_per_second":	0,
				"retransmits":	0,
				"omitted":	false,
				"sender":	true
			}
		}, {
			"streams":	[{
					"socket":	5,
					"start":	7.000147,
					"end":	8.000196,
					"seconds":	1.0000489950180054,
					"bytes":	262144,
					"bits_per_second":	2097049.2550339915,
					"retransmits":	2,
					"snd_cwnd":	17376,
					"snd_wnd":	919040,
					"rtt":	102705,
					"rttvar":	7268,
					"pmtu":	1500,
					"omitted":	false,
					"sender":	true
				}],
			"sum":	{
				"start":	7.000147,
				"end":	8.000196,
				"seconds":	1.0000489950180054,
				"bytes":	262144,
				"bits_per_second":	2097049.2550339915,
				"retransmits":	2,
				"omitted":	false,
				"sender":	true
			}
		}, {
			"streams":	[{
					"socket":	5,
					"start":	8.000196,
					"end":	9.000262,
					"seconds":	1.0000660419464111,
					"bytes":	262144,
					"bits_per_second":	2097013.5091462056,
					"retransmits":	2,
					"snd_cwnd":	18824,
					"snd_wnd":	919040,
					"rtt":	104314,
					"rttvar":	9996,
					"pmtu":	1500,
					"omitted":	false,
					"sender":	true
				}],
			"sum":	{
				"start":	8.000196,
				"end":	9.000262,
				"seconds":	1.0000660419464111,
				"bytes":	262144,
				"bits_per_second":	2097013.5091462056,
				"retransmits":	2,
				"omitted":	false,
				"sender":	true
			}
		}, {
			"streams":	[{
					"socket":	5,
					"start":	9.000262,
					"end":	10.000248,
					"seconds":	0.99998599290847778,
					"bytes":	0,
					"bits_per_second":	0,
					"retransmits":	0,
					"snd_cwnd":	24616,
					"snd_wnd":	919040,
					"rtt":	100777,
					"rttvar":	4658,
					"pmtu":	1500,
					"omitted":	false,
					"sender":	true
				}],
			"sum":	{
				"start":	9.000262,
				"end":	10.000248,
				"seconds":	0.99998599290847778,
				"bytes":	0,
				"bits_per_second":	0,
				"retransmits":	0,
				"omitted":	false,
				"sender":	true
			}
		}, {
			"streams":	[{
					"socket":	5,
					"start":	10.000248,
					"end":	11.000091,
					"seconds":	0.99984300136566162,
					"bytes":	262144,
					"bits_per_second":	2097481.3016999173,
					"retransmits":	3,
					"snd_cwnd":	14480,
					"snd_wnd":	919040,
					"rtt":	102614,
					"rttvar":	5751,
					"pmtu":	1500,
					"omitted":	false,
					"sender":	true
				}],
			"sum":	{
				"start":	10.000248,
				"end":	11.000091,
				"seconds":	0.99984300136566162,
				"bytes":	262144,
				"bits_per_second":	2097481.3016999173,
				"retransmits":	3,
				"omitted":	false,
				"sender":	true
			}
		}, {
			"streams":	[{
					"socket":	5,
					"start":	11.000091,
					"end":	12.000137,
					"seconds":	1.0000460147857666,
					"bytes":	262144,
					"bits_per_second":	2097055.5044402224,
					"retransmits":	2,
					"snd_cwnd":	15928,
					"snd_wnd":	919040,
					"rtt":	98243,
					"rttvar":	1326,
					"pmtu":	1500,
					"omitted":	false,
					"sender":	true
				}],
			"sum":	{
				"start":	11.000091,
				"end":	12.000137,
				"seconds":	1.0000460147857666,
				"bytes":	262144,
				"bits_per_second":	2097055.5044402224,
				"retransmits":	2,
				"omitted":	false,
				"sender":	true
			}
		}, {
			"streams":	[{
					"socket":	5,
					"start":	12.000137,