{
	"start":	{
		"connected":	[{
				"socket":	5,
				"local_host":	"172.20.171.186",
				"local_port":	38448,
				"remote_host":	"54.227.41.78",
				"remote_port":	5201
			}],
		"version":	"iperf 3.16",
		"system_info":	"Linux DESKTOP-OR35M89 6.18.33.1-microsoft-standard-WSL2 #1 SMP PREEMPT_DYNAMIC Fri Jun  5 01:12:21 UTC 2026 x86_64",
		"timestamp":	{
			"time":	"Thu, 25 Jun 2026 23:33:57 GMT",
			"timesecs":	1782430437
		},
		"connecting_to":	{
			"host":	"54.227.41.78",
			"port":	5201
		},
		"cookie":	"y7litgixexo2dtjo3yfwbe7x4himzzkezcox",
		"tcp_mss_default":	1448,
		"target_bitrate":	100000000,
		"fq_rate":	0,
		"sock_bufsize":	0,
		"sndbuf_actual":	16384,
		"rcvbuf_actual":	131072,
		"test_start":	{
			"protocol":	"TCP",
			"num_streams":	1,
			"blksize":	131072,
			"omit":	0,
			"duration":	30,
			"bytes":	0,
			"blocks":	0,
			"reverse":	0,
			"tos":	0,
			"target_bitrate":	100000000,
			"bidir":	0,
			"fqrate":	0
		}
	},
	"intervals":	[{
			"streams":	[{
					"socket":	5,
					"start":	0,
					"end":	1.000558,
					"seconds":	1.0005580186843872,
					"bytes":	655360,
					"bits_per_second":	5239956.0066429265,
					"retransmits":	27,
					"snd_cwnd":	8688,
					"snd_wnd":	218880,
					"rtt":	88869,
					"rttvar":	738,
					"pmtu":	1500,
					"omitted":	false,
					"sender":	true
				}],
			"sum":	{
				"start":	0,
				"end":	1.000558,
				"seconds":	1.0005580186843872,
				"bytes":	655360,
				"bits_per_second":	5239956.0066429265,
				"retransmits":	27,
				"omitted":	false,
				"sender":	true
			}
		}, {
			"streams":	[{
					"socket":	5,
					"start":	1.000558,
					"end":	2.000525,
					"seconds":	0.99996697902679443,
					"bytes":	131072,
					"bits_per_second":	1048610.6261433889,
					"retransmits":	7,
					"snd_cwnd":	7240,
					"snd_wnd":	220288,
					"rtt":	95317,
					"rttvar":	10008,
					"pmtu":	1500,
					"omitted":	false,
					"sender":	true
				}],
			"sum":	{
				"start":	1.000558,
				"end":	2.000525,
				"seconds":	0.99996697902679443,
				"bytes":	131072,
				"bits_per_second":	1048610.6261433889,
				"retransmits":	7,
				"omitted":	false,
				"sender":	true
			}
		}, {
			"streams":	[{
					"socket":	5,
					"start":	2.000525,
					"end":	3.000411,
					"seconds":	0.99988597631454468,
					"bytes":	0,
					"bits_per_second":	0,
					"retransmits":	5,
					"snd_cwnd":	4344,
					"snd_wnd":	220288,
					"rtt":	102757,
					"rttvar":	24575,
					"pmtu":	1500,
					"omitted":	false,
					"sender":	true
				}],
			"sum":	{
				"start":	2.000525,
				"end":	3.000411,
				"seconds":	0.99988597631454468,
				"bytes":	0,
				"bits_per_second":	0,
				"retransmits":	5,
				"omitted":	false,
				"sender":	true
			}
		}, {
			"streams":	[{
					"socket":	5,
					"start":	3.000411,
					"end":	4.000453,
					"seconds":	1.0000419616699219,
					"bytes":	0,
					"bits_per_second":	0,
					"retransmits":	2,
					"snd_cwnd":	7240,
					"snd_wnd":	218880,
					"rtt":	107282,
					"rttvar":	26572,
					"pmtu":	1500,
					"omitted":	false,
					"sender":	true
				}],
			"sum":	{
				"start":	3.000411,
				"end":	4.000453,
				"seconds":	1.0000419616699219,
				"bytes":	0,
				"bits_per_second":	0,
				"retransmits":	2,
				"omitted":	false,
				"sender":	true
			}
		}, {
			"streams":	[{
					"socket":	5,
					"start":	4.000453,
					"end":	5.00039,
					"seconds":	0.99993699789047241,
					"bytes":	0,
					"bits_per_second":	0,
					"retransmits":	7,
					"snd_cwnd":	2896,
					"snd_wnd":	213760,
					"rtt":	90613,
					"rttvar":	5403,
					"pmtu":	1500,
					"omitted":	false,
					"sender":	true
				}],
			"sum":	{
				"start":	4.000453,
				"end":	5.00039,
				"seconds":	0.99993699789047241,
				"bytes":	0,
				"bits_per_second":	0,
				"retransmits":	7,
				"omitted":	false,
				"sender":	true
			}
		}, {
			"streams":	[{
					"socket":	5,
					"start":	5.00039,
					"end":	6.000127,
					"seconds":	0.999737024307251,
					"bytes":	0,
					"bits_per_second":	0,
					"retransmits":	1,
					"snd_cwnd":	1448,
					"snd_wnd":	220288,
					"rtt":	106018,
					"rttvar":	28202,
					"pmtu":	1500,
					"omitted":	false,
					"sender":	true
				}],
			"sum":	{
				"start":	5.00039,
				"end":	6.000127,
				"seconds":	0.999737024307251,
				"bytes":	0,
				"bits_per_second":	0,
				"retransmits":	1,
				"omitted":	false,
				"sender":	true
			}
		}, {
			"streams":	[{
					"socket":	5,
					"start":	6.000127,
					"end":	7.000145,
					"seconds":	1.0000180006027222,
					"bytes":	131072,
					"bits_per_second":	1048557.1253397552,
					"retransmits":	7,
					"snd_cwnd":	2896,
					"snd_wnd":	218880,
					"rtt":	89541,
					"rttvar":	3476,
					"pmtu":	1500,
					"omitted":	false,
					"sender":	true
				}],
			"sum":	{
				"start":	6.000127,
				"end":	7.000145,
				"seconds":	1.0000180006027222,
				"bytes":	131072,
				"bits_per_second":	1048557.1253397552,
				"retransmits":	7,
				"omitted":	false,
				"sender":	true
			}
		}, {
			"streams":	[{
					"socket":	5,
					"start":	7.000145,
					"end":	8.000138,
					"seconds":	0.99999302625656128,
					"bytes":	0,
					"bits_per_second":	0,
					"retransmits":	1,
					"snd_cwnd":	7240,
					"snd_wnd":	218880,
					"rtt":	119366,
					"rttvar":	30569,
					"pmtu":	1500,
					"omitted":	false,
					"sender":	true
				}],
			"sum":	{
				"start":	7.000145,
				"end":	8.000138,
				"seconds":	0.99999302625656128,
				"bytes":	0,
				"bits_per_second":	0,
				"retransmits":	1,
				"omitted":	false,
				"sender":	true
			}
		}, {
			"streams":	[{
					"socket":	5,
					"start":	8.000138,
					"end":	9.000331,
					"seconds":	1.0001929998397827,
					"bytes":	0,
					"bits_per_second":	0,
					"retransmits":	3,
					"snd_cwnd":	8688,
					"snd_wnd":	220288,
					"rtt":	101196,
					"rttvar":	17922,
					"pmtu":	1500,
					"omitted":	false,
					"sender":	true
				}],
			"sum":	{
				"start":	8.000138,
				"end":	9.000331,
				"seconds":	1.0001929998397827,
				"bytes":	0,
				"bits_per_second":	0,
				"retransmits":	3,
				"omitted":	false,
				"sender":	true
			}
		}, {
			"streams":	[{
					"socket":	5,
					"start":	9.000331,
					"end":	10.000328,
					"seconds":	0.99999701976776123,
					"bytes":	0,
					"bits_per_second":	0,
					"retransmits":	4,
					"snd_cwnd":	11584,
					"snd_wnd":	220288,
					"rtt":	94144,
					"rttvar":	9018,
					"pmtu":	1500,
					"omitted":	false,
					"sender":	true
				}],
			"sum":	{
				"start":	9.000331,
				"end":	10.000328,
				"seconds":	0.99999701976776123,
				"bytes":	0,
				"bits_per_second":	0,
				"retransmits":	4,
				"omitted":	false,
				"sender":	true
			}
		}, {
			"streams":	[{
					"socket":	5,
					"start":	10.000328,
					"end":	11.000191,
					"seconds":	0.999863028526306,
					"bytes":	262144,
					"bits_per_second":	2097439.2893504458,
					"retransmits":	4,
					"snd_cwnd":	8688,
					"snd_wnd":	220288,
					"rtt":	101522,
					"rttvar":	17713,
					"pmtu":	1500,
					"omitted":	false,
					"sender":	true
				}],
			"sum":	{
				"start":	10.000328,
				"end":	11.000191,
				"seconds":	0.999863028526306,
				"bytes":	262144,
				"bits_per_second":	2097439.2893504458,
				"retransmits":	4,
				"omitted":	false,
				"sender":	true
			}
		}, {
			"streams":	[{
					"socket":	5,
					"start":	11.000191,
					"end":	12.000241,
					"seconds":	1.0000499486923218,
					"bytes":	0,
					"bits_per_second":	0,
					"retransmits":	6,
					"snd_cwnd":	2896,
					"snd_wnd":	218880,
					"rtt":	94519,
					"rttvar":	12022,
					"pmtu":	1500,
					"omitted":	false,
					"sender":	true
				}],
			"sum":	{
				"start":	11.000191,
				"end":	12.000241,
				"seconds":	1.0000499486923218,
				"bytes":	0,
				"bits_per_second":	0,
				"retransmits":	6,
				"omitted":	false,
				"sender":	true
			}
		}, {
			"streams":	[{
					"socket":	5,
					"start":	12.000241,
					"end":	13.000186,
					"seconds":	0.99994498491287231,
					"bytes":	0,
					"bits_per_second":	0,
					"retransmits":	4,
					"snd_cwnd":	4344,
					"snd_wnd":	220288,
					"rtt":	108357,