{
	"start":	{
		"connected":	[{
				"socket":	5,
				"local_host":	"172.20.171.186",
				"local_port":	41794,
				"remote_host":	"54.227.41.78",
				"remote_port":	5201
			}],
		"version":	"iperf 3.16",
		"system_info":	"Linux DESKTOP-OR35M89 6.18.33.1-microsoft-standard-WSL2 #1 SMP PREEMPT_DYNAMIC Fri Jun  5 01:12:21 UTC 2026 x86_64",
		"timestamp":	{
			"time":	"Thu, 25 Jun 2026 23:02:11 GMT",
			"timesecs":	1782428531
		},
		"connecting_to":	{
			"host":	"54.227.41.78",
			"port":	5201
		},
		"cookie":	"ja5skadthyljksvqemgjawkfko5zsd3yfmvk",
		"tcp_mss_default":	1448,
		"target_bitrate":	100000000,
		"fq_rate":	0,
		"sock_bufsize":	0,
		"sndbuf_actual":	16384,
		"rcvbuf_actual":	131072,
		"test_start":	{
			"protocol":	"TCP",
			"num_streams":	1,
			"blksize":	131072,
			"omit":	0,
			"duration":	30,
			"bytes":	0,
			"blocks":	0,
			"reverse":	0,
			"tos":	0,
			"target_bitrate":	100000000,
			"bidir":	0,
			"fqrate":	0
		}
	},
	"intervals":	[{
			"streams":	[{
					"socket":	5,
					"start":	0,
					"end":	1.000114,
					"seconds":	1.0001139640808105,
					"bytes":	786432,
					"bits_per_second":	6290739.0817029346,
					"retransmits":	14,
					"snd_cwnd":	23168,
					"snd_wnd":	191616,
					"rtt":	89161,
					"rttvar":	811,
					"pmtu":	1500,
					"omitted":	false,
					"sender":	true
				}],
			"sum":	{
				"start":	0,
				"end":	1.000114,
				"seconds":	1.0001139640808105,
				"bytes":	786432,
				"bits_per_second":	6290739.0817029346,
				"retransmits":	14,
				"omitted":	false,
				"sender":	true
			}
		}, {
			"streams":	[{
					"socket":	5,
					"start":	1.000114,
					"end":	2.000072,
					"seconds":	0.99995797872543335,
					"bytes":	131072,
					"bits_per_second":	1048620.06435164,
					"retransmits":	5,
					"snd_cwnd":	10136,
					"snd_wnd":	200064,
					"rtt":	93525,
					"rttvar":	6888,
					"pmtu":	1500,
					"omitted":	false,
					"sender":	true
				}],
			"sum":	{
				"start":	1.000114,
				"end":	2.000072,
				"seconds":	0.99995797872543335,
				"bytes":	131072,
				"bits_per_second":	1048620.06435164,
				"retransmits":	5,
				"omitted":	false,
				"sender":	true
			}
		}, {
			"streams":	[{
					"socket":	5,
					"start":	2.000072,
					"end":	3.000454,
					"seconds":	1.0003819465637207,
					"bytes":	0,
					"bits_per_second":	0,
					"retransmits":	3,
					"snd_cwnd":	7240,
					"snd_wnd":	200064,
					"rtt":	112850,
					"rttvar":	27198,
					"pmtu":	1500,
					"omitted":	false,
					"sender":	true
				}],
			"sum":	{
				"start":	2.000072,
				"end":	3.000454,
				"seconds":	1.0003819465637207,
				"bytes":	0,
				"bits_per_second":	0,
				"retransmits":	3,
				"omitted":	false,
				"sender":	true
			}
		}, {
			"streams":	[{
					"socket":	5,
					"start":	3.000454,
					"end":	4.000136,
					"seconds":	0.99968200922012329,
					"bytes":	262144,
					"bits_per_second":	2097819.0871275561,
					"retransmits":	0,
					"snd_cwnd":	15928,
					"snd_wnd":	200064,
					"rtt":	91834,
					"rttvar":	5356,
					"pmtu":	1500,
					"omitted":	false,
					"sender":	true
				}],
			"sum":	{
				"start":	3.000454,
				"end":	4.000136,
				"seconds":	0.99968200922012329,
				"bytes":	262144,
				"bits_per_second":	2097819.0871275561,
				"retransmits":	0,
				"omitted":	false,
				"sender":	true
			}
		}, {
			"streams":	[{
					"socket":	5,
					"start":	4.000136,
					"end":	5.000117,
					"seconds":	0.99998098611831665,
					"bytes":	131072,
					"bits_per_second":	1048595.9378790965,
					"retransmits":	4,
					"snd_cwnd":	5792,
					"snd_wnd":	198656,
					"rtt":	105165,
					"rttvar":	25360,
					"pmtu":	1500,
					"omitted":	false,
					"sender":	true
				}],
			"sum":	{
				"start":	4.000136,
				"end":	5.000117,
				"seconds":	0.99998098611831665,
				"bytes":	131072,
				"bits_per_second":	1048595.9378790965,
				"retransmits":	4,
				"omitted":	false,
				"sender":	true
			}
		}, {
			"streams":	[{
					"socket":	5,
					"start":	5.000117,
					"end":	6.000497,
					"seconds":	1.0003800392150879,
					"bytes":	0,
					"bits_per_second":	0,
					"retransmits":	4,
					"snd_cwnd":	4344,
					"snd_wnd":	200064,
					"rtt":	98920,
					"rttvar":	16429,
					"pmtu":	1500,
					"omitted":	false,
					"sender":	true
				}],
			"sum":	{
				"start":	5.000117,
				"end":	6.000497,
				"seconds":	1.0003800392150879,
				"bytes":	0,
				"bits_per_second":	0,
				"retransmits":	4,
				"omitted":	false,
				"sender":	true
			}
		}, {
			"streams":	[{
					"socket":	5,
					"start":	6.000497,
					"end":	7.000518,
					"seconds":	1.0000209808349609,
					"bytes":	0,
					"bits_per_second":	0,
					"retransmits":	2,
					"snd_cwnd":	7240,
					"snd_wnd":	198656,
					"rtt":	98753,
					"rttvar":	15692,
					"pmtu":	1500,
					"omitted":	false,
					"sender":	true
				}],
			"sum":	{
				"start":	6.000497,
				"end":	7.000518,
				"seconds":	1.0000209808349609,
				"bytes":	0,
				"bits_per_second":	0,
				"retransmits":	2,
				"omitted":	false,
				"sender":	true
			}
		}, {
			"streams":	[{
					"socket":	5,
					"start":	7.000518,
					"end":	8.000101,
					"seconds":	0.99958300590515137,
					"bytes":	0,
					"bits_per_second":	0,
					"retransmits":	2,
					"snd_cwnd":	8688,
					"snd_wnd":	200064,
					"rtt":	102151,
					"rttvar":	17864,
					"pmtu":	1500,
					"omitted":	false,
					"sender":	true
				}],
			"sum":	{
				"start":	7.000518,
				"end":	8.000101,
				"seconds":	0.99958300590515137,
				"bytes":	0,
				"bits_per_second":	0,
				"retransmits":	2,
				"omitted":	false,
				"sender":	true
			}
		}, {
			"streams":	[{
					"socket":	5,
					"start":	8.000101,
					"end":	9.000462,
					"seconds":	1.00036096572876,
					"bytes":	131072,
					"bits_per_second":	1048197.636576229,
					"retransmits":	2,
					"snd_cwnd":	11584,
					"snd_wnd":	200064,
					"rtt":	96956,
					"rttvar":	9541,
					"pmtu":	1500,
					"omitted":	false,
					"sender":	true
				}],
			"sum":	{
				"start":	8.000101,
				"end":	9.000462,
				"seconds":	1.00036096572876,
				"bytes":	131072,
				"bits_per_second":	1048197.636576229,
				"retransmits":	2,
				"omitted":	false,
				"sender":	true
			}
		}, {
			"streams":	[{
					"socket":	5,
					"start":	9.000462,
					"end":	10.000529,
					"seconds":	1.0000669956207275,
					"bytes":	262144,
					"bits_per_second":	2097011.5094122542,
					"retransmits":	2,
					"snd_cwnd":	13032,
					"snd_wnd":	198656,
					"rtt":	92547,
					"rttvar":	5858,
					"pmtu":	1500,
					"omitted":	false,
					"sender":	true
				}],
			"sum":	{
				"start":	9.000462,
				"end":	10.000529,
				"seconds":	1.0000669956207275,
				"bytes":	262144,
				"bits_per_second":	2097011.5094122542,
				"retransmits":	2,
				"omitted":	false,
				"sender":	true
			}
		}, {
			"streams":	[{
					"socket":	5,
					"start":	10.000529,
					"end":	11.000495,
					"seconds":	0.999966025352478,
					"bytes":	0,
					"bits_per_second":	0,
					"retransmits":	7,
					"snd_cwnd":	10136,
					"snd_wnd":	200064,
					"rtt":	98754,
					"rttvar":	15967,
					"pmtu":	1500,
					"omitted":	false,
					"sender":	true
				}],
			"sum":	{
				"start":	10.000529,
				"end":	11.000495,
				"seconds":	0.999966025352478,
				"bytes":	0,
				"bits_per_second":	0,
				"retransmits":	7,
				"omitted":	false,
				"sender":	true
			}
		}, {
			"streams":	[{
					"socket":	5,
					"start":	11.000495,
					"end":	12.000116,
					"seconds":	0.99962097406387329,
					"bytes":	131072,
					"bits_per_second":	1048973.5881962383,
					"retransmits":	5,
					"snd_cwnd":	7240,
					"snd_wnd":	200064,
					"rtt":	90235,
					"rttvar":	2215,
					"pmtu":	1500,
					"omitted":	false,
					"sender":	true
				}],
			"sum":	{
				"start":	11.000495,
				"end":	12.000116,
				"seconds":	0.99962097406387329,
				"bytes":	131072,
				"bits_per_second":	1048973.5881962383,
				"retransmits":	5,
				"omitted":	false,
				"sender":	true
			}
		}, {
			"streams":	[{
					"socket":	5,
					"start":	12.000116,
					"end":	13.000466,
					"seconds":	1.0003499984741211,