{
	"start":	{
		"connected":	[{
				"socket":	5,
				"local_host":	"172.20.171.186",
				"local_port":	52962,
				"remote_host":	"54.227.41.78",
				"remote_port":	5201
			}],
		"version":	"iperf 3.16",
		"system_info":	"Linux DESKTOP-OR35M89 6.18.33.1-microsoft-standard-WSL2 #1 SMP PREEMPT_DYNAMIC Fri Jun  5 01:12:21 UTC 2026 x86_64",
		"timestamp":	{
			"time":	"Thu, 25 Jun 2026 22:01:36 GMT",
			"timesecs":	1782424896
		},
		"connecting_to":	{
			"host":	"54.227.41.78",
			"port":	5201
		},
		"cookie":	"twtdnjuhae3vmjy6luzudill6rp4fixnwbnc",
		"tcp_mss_default":	1448,
		"target_bitrate":	100000000,
		"fq_rate":	0,
		"sock_bufsize":	0,
		"sndbuf_actual":	16384,
		"rcvbuf_actual":	131072,
		"test_start":	{
			"protocol":	"TCP",
			"num_streams":	1,
			"blksize":	131072,
			"omit":	0,
			"duration":	30,
			"bytes":	0,
			"blocks":	0,
			"reverse":	0,
			"tos":	0,
			"target_bitrate":	100000000,
			"bidir":	0,
			"fqrate":	0
		}
	},
	"intervals":	[{
			"streams":	[{
					"socket":	5,
					"start":	0,
					"end":	1.000342,
					"seconds":	1.0003420114517212,
					"bytes":	2621440,
					"bits_per_second":	20964349.952238444,
					"retransmits":	12,
					"snd_cwnd":	172312,
					"snd_wnd":	4549888,
					"rtt":	88950,
					"rttvar":	906,
					"pmtu":	1500,
					"omitted":	false,
					"sender":	true
				}],
			"sum":	{
				"start":	0,
				"end":	1.000342,
				"seconds":	1.0003420114517212,
				"bytes":	2621440,
				"bits_per_second":	20964349.952238444,
				"retransmits":	12,
				"omitted":	false,
				"sender":	true
			}
		}, {
			"streams":	[{
					"socket":	5,
					"start":	1.000342,
					"end":	2.00015,
					"seconds":	0.99980801343917847,
					"bytes":	1572864,
					"bits_per_second":	12585328.213880593,
					"retransmits":	10,
					"snd_cwnd":	46336,
					"snd_wnd":	4600064,
					"rtt":	89541,
					"rttvar":	737,
					"pmtu":	1500,
					"omitted":	false,
					"sender":	true
				}],
			"sum":	{
				"start":	1.000342,
				"end":	2.00015,
				"seconds":	0.99980801343917847,
				"bytes":	1572864,
				"bits_per_second":	12585328.213880593,
				"retransmits":	10,
				"omitted":	false,
				"sender":	true
			}
		}, {
			"streams":	[{
					"socket":	5,
					"start":	2.00015,
					"end":	3.000412,
					"seconds":	1.0002620220184326,
					"bytes":	655360,
					"bits_per_second":	5241506.609858457,
					"retransmits":	2,
					"snd_cwnd":	34752,
					"snd_wnd":	4600064,
					"rtt":	88593,
					"rttvar":	881,
					"pmtu":	1500,
					"omitted":	false,
					"sender":	true
				}],
			"sum":	{
				"start":	2.00015,
				"end":	3.000412,
				"seconds":	1.0002620220184326,
				"bytes":	655360,
				"bits_per_second":	5241506.609858457,
				"retransmits":	2,
				"omitted":	false,
				"sender":	true
			}
		}, {
			"streams":	[{
					"socket":	5,
					"start":	3.000412,
					"end":	4.000264,
					"seconds":	0.99985200166702271,
					"bytes":	0,
					"bits_per_second":	0,
					"retransmits":	1,
					"snd_cwnd":	30408,
					"snd_wnd":	4600064,
					"rtt":	90297,
					"rttvar":	761,
					"pmtu":	1500,
					"omitted":	false,
					"sender":	true
				}],
			"sum":	{
				"start":	3.000412,
				"end":	4.000264,
				"seconds":	0.99985200166702271,
				"bytes":	0,
				"bits_per_second":	0,
				"retransmits":	1,
				"omitted":	false,
				"sender":	true
			}
		}, {
			"streams":	[{
					"socket":	5,
					"start":	4.000264,
					"end":	5.000407,
					"seconds":	1.0001430511474609,
					"bytes":	655360,
					"bits_per_second":	5242130.1072730152,
					"retransmits":	0,
					"snd_cwnd":	39096,
					"snd_wnd":	4600064,
					"rtt":	93453,
					"rttvar":	6856,
					"pmtu":	1500,
					"omitted":	false,
					"sender":	true
				}],
			"sum":	{
				"start":	4.000264,
				"end":	5.000407,
				"seconds":	1.0001430511474609,
				"bytes":	655360,
				"bits_per_second":	5242130.1072730152,
				"retransmits":	0,
				"omitted":	false,
				"sender":	true
			}
		}, {
			"streams":	[{
					"socket":	5,
					"start":	5.000407,
					"end":	6.000218,
					"seconds":	0.99981099367141724,
					"bytes":	0,
					"bits_per_second":	0,
					"retransmits":	6,
					"snd_cwnd":	14480,
					"snd_wnd":	4600064,
					"rtt":	88890,
					"rttvar":	1174,
					"pmtu":	1500,
					"omitted":	false,
					"sender":	true
				}],
			"sum":	{
				"start":	5.000407,
				"end":	6.000218,
				"seconds":	0.99981099367141724,
				"bytes":	0,
				"bits_per_second":	0,
				"retransmits":	6,
				"omitted":	false,
				"sender":	true
			}
		}, {
			"streams":	[{
					"socket":	5,
					"start":	6.000218,
					"end":	7.000228,
					"seconds":	1.0000100135803223,
					"bytes":	0,
					"bits_per_second":	0,
					"retransmits":	2,
					"snd_cwnd":	15928,
					"snd_wnd":	4600064,
					"rtt":	96080,
					"rttvar":	12062,
					"pmtu":	1500,
					"omitted":	false,
					"sender":	true
				}],
			"sum":	{
				"start":	6.000218,
				"end":	7.000228,
				"seconds":	1.0000100135803223,
				"bytes":	0,
				"bits_per_second":	0,
				"retransmits":	2,
				"omitted":	false,
				"sender":	true
			}
		}, {
			"streams":	[{
					"socket":	5,
					"start":	7.000228,
					"end":	8.000133,
					"seconds":	0.999904990196228,
					"bytes":	0,
					"bits_per_second":	0,
					"retransmits":	0,
					"snd_cwnd":	23168,
					"snd_wnd":	4600064,
					"rtt":	90763,
					"rttvar":	1961,
					"pmtu":	1500,
					"omitted":	false,
					"sender":	true
				}],
			"sum":	{
				"start":	7.000228,
				"end":	8.000133,
				"seconds":	0.999904990196228,
				"bytes":	0,
				"bits_per_second":	0,
				"retransmits":	0,
				"omitted":	false,
				"sender":	true
			}
		}, {
			"streams":	[{
					"socket":	5,
					"start":	8.000133,
					"end":	9.000257,
					"seconds":	1.0001239776611328,
					"bytes":	655360,
					"bits_per_second":	5242230.08057549,
					"retransmits":	0,
					"snd_cwnd":	31856,
					"snd_wnd":	4600064,
					"rtt":	90507,
					"rttvar":	1187,
					"pmtu":	1500,
					"omitted":	false,
					"sender":	true
				}],
			"sum":	{
				"start":	8.000133,
				"end":	9.000257,
				"seconds":	1.0001239776611328,
				"bytes":	655360,
				"bits_per_second":	5242230.08057549,
				"retransmits":	0,
				"omitted":	false,
				"sender":	true
			}
		}, {
			"streams":	[{
					"socket":	5,
					"start":	9.000257,
					"end":	10.000471,
					"seconds":	1.0002139806747437,
					"bytes":	0,
					"bits_per_second":	0,
					"retransmits":	7,
					"snd_cwnd":	13032,
					"snd_wnd":	4598656,
					"rtt":	89395,
					"rttvar":	1570,
					"pmtu":	1500,
					"omitted":	false,
					"sender":	true
				}],
			"sum":	{
				"start":	9.000257,
				"end":	10.000471,
				"seconds":	1.0002139806747437,
				"bytes":	0,
				"bits_per_second":	0,
				"retransmits":	7,
				"omitted":	false,
				"sender":	true
			}
		}, {
			"streams":	[{
					"socket":	5,
					"start":	10.000471,
					"end":	11.000265,
					"seconds":	0.99979400634765625,
					"bytes":	0,
					"bits_per_second":	0,
					"retransmits":	1,
					"snd_cwnd":	14480,
					"snd_wnd":	4600064,
					"rtt":	92662,
					"rttvar":	7076,
					"pmtu":	1500,
					"omitted":	false,
					"sender":	true
				}],
			"sum":	{
				"start":	10.000471,
				"end":	11.000265,
				"seconds":	0.99979400634765625,
				"bytes":	0,
				"bits_per_second":	0,
				"retransmits":	1,
				"omitted":	false,
				"sender":	true
			}
		}, {
			"streams":	[{
					"socket":	5,
					"start":	11.000265,
					"end":	12.00026,
					"seconds":	0.999994993209839,
					"bytes":	786432,
					"bits_per_second":	6291487.5001577148,
					"retransmits":	0,
					"snd_cwnd":	21720,
					"snd_wnd":	4600064,
					"rtt":	95163,
					"rttvar":	10128,
					"pmtu":	1500,
					"omitted":	false,
					"sender":	true
				}],
			"sum":	{
				"start":	11.000265,
				"end":	12.00026,
				"seconds":	0.999994993209839,
				"bytes":	786432,
				"bits_per_second":	6291487.5001577148,
				"retransmits":	0,
				"omitted":	false,
				"sender":	true
			}
		}, {
			"streams":	[{
					"socket":	5,
					"start":	12.00026,
					"end":	13.000397,
					"seconds":	1.0001369714736938,
					"bytes":	0,
					"bits_per_second":	0,