{
	"start":	{
		"connected":	[{
				"socket":	5,
				"local_host":	"172.20.171.186",
				"local_port":	40682,
				"remote_host":	"54.227.41.78",
				"remote_port":	5201
			}],
		"version":	"iperf 3.16",
		"system_info":	"Linux DESKTOP-OR35M89 6.18.33.1-microsoft-standard-WSL2 #1 SMP PREEMPT_DYNAMIC Fri Jun  5 01:12:21 UTC 2026 x86_64",
		"timestamp":	{
			"time":	"Thu, 25 Jun 2026 21:48:31 GMT",
			"timesecs":	1782424111
		},
		"connecting_to":	{
			"host":	"54.227.41.78",
			"port":	5201
		},
		"cookie":	"cec75mszbyibljep5nufothujyyqeknmbga2",
		"tcp_mss_default":	1448,
		"target_bitrate":	100000000,
		"fq_rate":	0,
		"sock_bufsize":	0,
		"sndbuf_actual":	16384,
		"rcvbuf_actual":	131072,
		"test_start":	{
			"protocol":	"TCP",
			"num_streams":	1,
			"blksize":	131072,
			"omit":	0,
			"duration":	30,
			"bytes":	0,
			"blocks":	0,
			"reverse":	0,
			"tos":	0,
			"target_bitrate":	100000000,
			"bidir":	0,
			"fqrate":	0
		}
	},
	"intervals":	[{
			"streams":	[{
					"socket":	5,
					"start":	0,
					"end":	1.000136,
					"seconds":	1.0001360177993774,
					"bytes":	1835008,
					"bits_per_second":	14678067.521556605,
					"retransmits":	4,
					"snd_cwnd":	130320,
					"snd_wnd":	3143424,
					"rtt":	97325,
					"rttvar":	600,
					"pmtu":	1500,
					"omitted":	false,
					"sender":	true
				}],
			"sum":	{
				"start":	0,
				"end":	1.000136,
				"seconds":	1.0001360177993774,
				"bytes":	1835008,
				"bits_per_second":	14678067.521556605,
				"retransmits":	4,
				"omitted":	false,
				"sender":	true
			}
		}, {
			"streams":	[{
					"socket":	5,
					"start":	1.000136,
					"end":	2.00063,
					"seconds":	1.0004940032958984,
					"bytes":	1179648,
					"bits_per_second":	9432524.3019062169,
					"retransmits":	9,
					"snd_cwnd":	53576,
					"snd_wnd":	4458368,
					"rtt":	105467,
					"rttvar":	2867,
					"pmtu":	1500,
					"omitted":	false,
					"sender":	true
				}],
			"sum":	{
				"start":	1.000136,
				"end":	2.00063,
				"seconds":	1.0004940032958984,
				"bytes":	1179648,
				"bits_per_second":	9432524.3019062169,
				"retransmits":	9,
				"omitted":	false,
				"sender":	true
			}
		}, {
			"streams":	[{
					"socket":	5,
					"start":	2.00063,
					"end":	3.000554,
					"seconds":	0.99992400407791138,
					"bytes":	524288,
					"bits_per_second":	4194622.77422554,
					"retransmits":	0,
					"snd_cwnd":	57920,
					"snd_wnd":	4458368,
					"rtt":	98885,
					"rttvar":	1595,
					"pmtu":	1500,
					"omitted":	false,
					"sender":	true
				}],
			"sum":	{
				"start":	2.00063,
				"end":	3.000554,
				"seconds":	0.99992400407791138,
				"bytes":	524288,
				"bits_per_second":	4194622.77422554,
				"retransmits":	0,
				"omitted":	false,
				"sender":	true
			}
		}, {
			"streams":	[{
					"socket":	5,
					"start":	3.000554,
					"end":	4.000221,
					"seconds":	0.99966698884964,
					"bytes":	655360,
					"bits_per_second":	5244626.5191103378,
					"retransmits":	4,
					"snd_cwnd":	30408,
					"snd_wnd":	4458368,
					"rtt":	99733,
					"rttvar":	1784,
					"pmtu":	1500,
					"omitted":	false,
					"sender":	true
				}],
			"sum":	{
				"start":	3.000554,
				"end":	4.000221,
				"seconds":	0.99966698884964,
				"bytes":	655360,
				"bits_per_second":	5244626.5191103378,
				"retransmits":	4,
				"omitted":	false,
				"sender":	true
			}
		}, {
			"streams":	[{
					"socket":	5,
					"start":	4.000221,
					"end":	5.000559,
					"seconds":	1.0003379583358765,
					"bytes":	524288,
					"bits_per_second":	4192886.9788940949,
					"retransmits":	5,
					"snd_cwnd":	17376,
					"snd_wnd":	4458368,
					"rtt":	102239,
					"rttvar":	6050,
					"pmtu":	1500,
					"omitted":	false,
					"sender":	true
				}],
			"sum":	{
				"start":	4.000221,
				"end":	5.000559,
				"seconds":	1.0003379583358765,
				"bytes":	524288,
				"bits_per_second":	4192886.9788940949,
				"retransmits":	5,
				"omitted":	false,
				"sender":	true
			}
		}, {
			"streams":	[{
					"socket":	5,
					"start":	5.000559,
					"end":	6.000539,
					"seconds":	0.99997997283935547,
					"bytes":	0,
					"bits_per_second":	0,
					"retransmits":	2,
					"snd_cwnd":	15928,
					"snd_wnd":	4458368,
					"rtt":	98856,
					"rttvar":	765,
					"pmtu":	1500,
					"omitted":	false,
					"sender":	true
				}],
			"sum":	{
				"start":	5.000559,
				"end":	6.000539,
				"seconds":	0.99997997283935547,
				"bytes":	0,
				"bits_per_second":	0,
				"retransmits":	2,
				"omitted":	false,
				"sender":	true
			}
		}, {
			"streams":	[{
					"socket":	5,
					"start":	6.000539,
					"end":	7.000127,
					"seconds":	0.9995880126953125,
					"bytes":	0,
					"bits_per_second":	0,
					"retransmits":	0,
					"snd_cwnd":	23168,
					"snd_wnd":	4458368,
					"rtt":	102078,
					"rttvar":	5205,
					"pmtu":	1500,
					"omitted":	false,
					"sender":	true
				}],
			"sum":	{
				"start":	6.000539,
				"end":	7.000127,
				"seconds":	0.9995880126953125,
				"bytes":	0,
				"bits_per_second":	0,
				"retransmits":	0,
				"omitted":	false,
				"sender":	true
			}
		}, {
			"streams":	[{
					"socket":	5,
					"start":	7.000127,
					"end":	8.000135,
					"seconds":	1.0000079870224,
					"bytes":	524288,
					"bits_per_second":	4194270.5002675629,
					"retransmits":	3,
					"snd_cwnd":	14480,
					"snd_wnd":	4458368,
					"rtt":	107881,
					"rttvar":	14110,
					"pmtu":	1500,
					"omitted":	false,
					"sender":	true
				}],
			"sum":	{
				"start":	7.000127,
				"end":	8.000135,
				"seconds":	1.0000079870224,
				"bytes":	524288,
				"bits_per_second":	4194270.5002675629,
				"retransmits":	3,
				"omitted":	false,
				"sender":	true
			}
		}, {
			"streams":	[{
					"socket":	5,
					"start":	8.000135,
					"end":	9.000531,
					"seconds":	1.0003960132598877,
					"bytes":	0,
					"bits_per_second":	0,
					"retransmits":	2,
					"snd_cwnd":	14480,
					"snd_wnd":	4458368,
					"rtt":	102142,
					"rttvar":	6162,
					"pmtu":	1500,
					"omitted":	false,
					"sender":	true
				}],
			"sum":	{
				"start":	8.000135,
				"end":	9.000531,
				"seconds":	1.0003960132598877,
				"bytes":	0,
				"bits_per_second":	0,
				"retransmits":	2,
				"omitted":	false,
				"sender":	true
			}
		}, {
			"streams":	[{
					"socket":	5,
					"start":	9.000531,
					"end":	10.000559,
					"seconds":	1.0000280141830444,
					"bytes":	0,
					"bits_per_second":	0,
					"retransmits":	4,
					"snd_cwnd":	8688,
					"snd_wnd":	4458368,
					"rtt":	99953,
					"rttvar":	1454,
					"pmtu":	1500,
					"omitted":	false,
					"sender":	true
				}],
			"sum":	{
				"start":	9.000531,
				"end":	10.000559,
				"seconds":	1.0000280141830444,
				"bytes":	0,
				"bits_per_second":	0,
				"retransmits":	4,
				"omitted":	false,
				"sender":	true
			}
		}, {
			"streams":	[{
					"socket":	5,
					"start":	10.000559,
					"end":	11.000583,
					"seconds":	1.0000239610672,
					"bytes":	0,
					"bits_per_second":	0,
					"retransmits":	0,
					"snd_cwnd":	14480,
					"snd_wnd":	4458368,
					"rtt":	102444,
					"rttvar":	6126,
					"pmtu":	1500,
					"omitted":	false,
					"sender":	true
				}],
			"sum":	{
				"start":	10.000559,
				"end":	11.000583,
				"seconds":	1.0000239610672,
				"bytes":	0,
				"bits_per_second":	0,
				"retransmits":	0,
				"omitted":	false,
				"sender":	true
			}
		}, {
			"streams":	[{
					"socket":	5,
					"start":	11.000583,
					"end":	12.000551,
					"seconds":	0.99996799230575562,
					"bytes":	524288,
					"bits_per_second":	4194438.25429717,
					"retransmits":	1,
					"snd_cwnd":	14480,
					"snd_wnd":	4456832,
					"rtt":	99667,
					"rttvar":	987,
					"pmtu":	1500,
					"omitted":	false,
					"sender":	true
				}],
			"sum":	{
				"start":	11.000583,
				"end":	12.000551,
				"seconds":	0.99996799230575562,
				"bytes":	524288,
				"bits_per_second":	4194438.25429717,
				"retransmits":	1,
				"omitted":	false,
				"sender":	true
			}
		}, {
			"streams":	[{
					"socket":	5,
					"start":	12.000551,
					"end":	13.000567,
					"seconds":	1.0000159740448,
					"bytes":	0,