{
	"start":	{
		"connected":	[{
				"socket":	5,
				"local_host":	"172.20.171.186",
				"local_port":	38358,
				"remote_host":	"54.227.41.78",
				"remote_port":	5201
			}],
		"version":	"iperf 3.16",
		"system_info":	"Linux DESKTOP-OR35M89 6.18.33.1-microsoft-standard-WSL2 #1 SMP PREEMPT_DYNAMIC Fri Jun  5 01:12:21 UTC 2026 x86_64",
		"timestamp":	{
			"time":	"Thu, 25 Jun 2026 23:03:16 GMT",
			"timesecs":	1782428596
		},
		"connecting_to":	{
			"host":	"54.227.41.78",
			"port":	5201
		},
		"cookie":	"kvvid7u6vyx2dqddrlmxxwycrlb7v5k7jst6",
		"tcp_mss_default":	1448,
		"target_bitrate":	100000000,
		"fq_rate":	0,
		"sock_bufsize":	0,
		"sndbuf_actual":	16384,
		"rcvbuf_actual":	131072,
		"test_start":	{
			"protocol":	"TCP",
			"num_streams":	1,
			"blksize":	131072,
			"omit":	0,
			"duration":	30,
			"bytes":	0,
			"blocks":	0,
			"reverse":	0,
			"tos":	0,
			"target_bitrate":	100000000,
			"bidir":	0,
			"fqrate":	0
		}
	},
	"intervals":	[{
			"streams":	[{
					"socket":	5,
					"start":	0,
					"end":	1.000151,
					"seconds":	1.0001510381698608,
					"bytes":	131072,
					"bits_per_second":	1048417.6489170578,
					"retransmits":	2,
					"snd_cwnd":	15928,
					"snd_wnd":	129024,
					"rtt":	98870,
					"rttvar":	9045,
					"pmtu":	1500,
					"omitted":	false,
					"sender":	true
				}],
			"sum":	{
				"start":	0,
				"end":	1.000151,
				"seconds":	1.0001510381698608,
				"bytes":	131072,
				"bits_per_second":	1048417.6489170578,
				"retransmits":	2,
				"omitted":	false,
				"sender":	true
			}
		}, {
			"streams":	[{
					"socket":	5,
					"start":	1.000151,
					"end":	2.000139,
					"seconds":	0.9999880194664,
					"bytes":	262144,
					"bits_per_second":	2097177.1253010146,
					"retransmits":	4,
					"snd_cwnd":	13032,
					"snd_wnd":	133504,
					"rtt":	98421,
					"rttvar":	8498,
					"pmtu":	1500,
					"omitted":	false,
					"sender":	true
				}],
			"sum":	{
				"start":	1.000151,
				"end":	2.000139,
				"seconds":	0.9999880194664,
				"bytes":	262144,
				"bits_per_second":	2097177.1253010146,
				"retransmits":	4,
				"omitted":	false,
				"sender":	true
			}
		}, {
			"streams":	[{
					"socket":	5,
					"start":	2.000139,
					"end":	3.00014,
					"seconds":	1.0000009536743164,
					"bytes":	0,
					"bits_per_second":	0,
					"retransmits":	6,
					"snd_cwnd":	7240,
					"snd_wnd":	130560,
					"rtt":	96012,
					"rttvar":	2921,
					"pmtu":	1500,
					"omitted":	false,
					"sender":	true
				}],
			"sum":	{
				"start":	2.000139,
				"end":	3.00014,
				"seconds":	1.0000009536743164,
				"bytes":	0,
				"bits_per_second":	0,
				"retransmits":	6,
				"omitted":	false,
				"sender":	true
			}
		}, {
			"streams":	[{
					"socket":	5,
					"start":	3.00014,
					"end":	4.000124,
					"seconds":	0.9999840259552002,
					"bytes":	131072,
					"bits_per_second":	1048592.7502675694,
					"retransmits":	3,
					"snd_cwnd":	8688,
					"snd_wnd":	133504,
					"rtt":	102651,
					"rttvar":	13656,
					"pmtu":	1500,
					"omitted":	false,
					"sender":	true
				}],
			"sum":	{
				"start":	3.00014,
				"end":	4.000124,
				"seconds":	0.9999840259552002,
				"bytes":	131072,
				"bits_per_second":	1048592.7502675694,
				"retransmits":	3,
				"omitted":	false,
				"sender":	true
			}
		}, {
			"streams":	[{
					"socket":	5,
					"start":	4.000124,
					"end":	5.000136,
					"seconds":	1.0000120401382446,
					"bytes":	0,
					"bits_per_second":	0,
					"retransmits":	4,
					"snd_cwnd":	5792,
					"snd_wnd":	133504,
					"rtt":	98234,
					"rttvar":	6673,
					"pmtu":	1500,
					"omitted":	false,
					"sender":	true
				}],
			"sum":	{
				"start":	4.000124,
				"end":	5.000136,
				"seconds":	1.0000120401382446,
				"bytes":	0,
				"bits_per_second":	0,
				"retransmits":	4,
				"omitted":	false,
				"sender":	true
			}
		}, {
			"streams":	[{
					"socket":	5,
					"start":	5.000136,
					"end":	6.000136,
					"seconds":	1,
					"bytes":	131072,
					"bits_per_second":	1048576,
					"retransmits":	2,
					"snd_cwnd":	8688,
					"snd_wnd":	133504,
					"rtt":	99021,
					"rttvar":	9345,
					"pmtu":	1500,
					"omitted":	false,
					"sender":	true
				}],
			"sum":	{
				"start":	5.000136,
				"end":	6.000136,
				"seconds":	1,
				"bytes":	131072,
				"bits_per_second":	1048576,
				"retransmits":	2,
				"omitted":	false,
				"sender":	true
			}
		}, {
			"streams":	[{
					"socket":	5,
					"start":	6.000136,
					"end":	7.000103,
					"seconds":	0.99996697902679443,
					"bytes":	131072,
					"bits_per_second":	1048610.6261433889,
					"retransmits":	2,
					"snd_cwnd":	10136,
					"snd_wnd":	130560,
					"rtt":	97658,
					"rttvar":	6827,
					"pmtu":	1500,
					"omitted":	false,
					"sender":	true
				}],
			"sum":	{
				"start":	6.000136,
				"end":	7.000103,
				"seconds":	0.99996697902679443,
				"bytes":	131072,
				"bits_per_second":	1048610.6261433889,
				"retransmits":	2,
				"omitted":	false,
				"sender":	true
			}
		}, {
			"streams":	[{
					"socket":	5,
					"start":	7.000103,
					"end":	8.000105,
					"seconds":	1.0000020265579224,
					"bytes":	131072,
					"bits_per_second":	1048573.8750043064,
					"retransmits":	3,
					"snd_cwnd":	13032,
					"snd_wnd":	133504,
					"rtt":	94941,
					"rttvar":	2103,
					"pmtu":	1500,
					"omitted":	false,
					"sender":	true
				}],
			"sum":	{
				"start":	7.000103,
				"end":	8.000105,
				"seconds":	1.0000020265579224,
				"bytes":	131072,
				"bits_per_second":	1048573.8750043064,
				"retransmits":	3,
				"omitted":	false,
				"sender":	true
			}
		}, {
			"streams":	[{
					"socket":	5,
					"start":	8.000105,
					"end":	9.000136,
					"seconds":	1.0000309944152832,
					"bytes":	0,
					"bits_per_second":	0,
					"retransmits":	5,
					"snd_cwnd":	4344,
					"snd_wnd":	130560,
					"rtt":	96113,
					"rttvar":	4101,
					"pmtu":	1500,
					"omitted":	false,
					"sender":	true
				}],
			"sum":	{
				"start":	8.000105,
				"end":	9.000136,
				"seconds":	1.0000309944152832,
				"bytes":	0,
				"bits_per_second":	0,
				"retransmits":	5,
				"omitted":	false,
				"sender":	true
			}
		}, {
			"streams":	[{
					"socket":	5,
					"start":	9.000136,
					"end":	10.000092,
					"seconds":	0.99995601177215576,
					"bytes":	131072,
					"bits_per_second":	1048622.1270290462,
					"retransmits":	0,
					"snd_cwnd":	13032,
					"snd_wnd":	133504,
					"rtt":	102339,
					"rttvar":	14754,
					"pmtu":	1500,
					"omitted":	false,
					"sender":	true
				}],
			"sum":	{
				"start":	9.000136,
				"end":	10.000092,
				"seconds":	0.99995601177215576,
				"bytes":	131072,
				"bits_per_second":	1048622.1270290462,
				"retransmits":	0,
				"omitted":	false,
				"sender":	true
			}
		}, {
			"streams":	[{
					"socket":	5,
					"start":	10.000092,
					"end":	11.00016,
					"seconds":	1.0000679492950439,
					"bytes":	131072,
					"bits_per_second":	1048504.7548410583,
					"retransmits":	2,
					"snd_cwnd":	13032,
					"snd_wnd":	133504,
					"rtt":	95345,
					"rttvar":	2419,
					"pmtu":	1500,
					"omitted":	false,
					"sender":	true
				}],
			"sum":	{
				"start":	10.000092,
				"end":	11.00016,
				"seconds":	1.0000679492950439,
				"bytes":	131072,
				"bits_per_second":	1048504.7548410583,
				"retransmits":	2,
				"omitted":	false,
				"sender":	true
			}
		}, {
			"streams":	[{
					"socket":	5,
					"start":	11.00016,
					"end":	12.000474,
					"seconds":	1.0003139972686768,
					"bytes":	131072,
					"bits_per_second":	1048246.8533511488,
					"retransmits":	4,
					"snd_cwnd":	7240,
					"snd_wnd":	134912,
					"rtt":	97360,
					"rttvar":	7164,
					"pmtu":	1500,
					"omitted":	false,
					"sender":	true
				}],
			"sum":	{
				"start":	11.00016,
				"end":	12.000474,
				"seconds":	1.0003139972686768,
				"bytes":	131072,
				"bits_per_second":	1048246.8533511488,
				"retransmits":	4,
				"omitted":	false,
				"sender":	true
			}
		}, {
			"streams":	[{
					"socket":	5,
					"start":	12.000474,
					"end":	13.000099,