{
	"start":	{
		"connected":	[{
				"socket":	5,
				"local_host":	"172.20.171.186",
				"local_port":	50102,
				"remote_host":	"54.227.41.78",
				"remote_port":	5201
			}],
		"version":	"iperf 3.16",
		"system_info":	"Linux DESKTOP-OR35M89 6.18.33.1-microsoft-standard-WSL2 #1 SMP PREEMPT_DYNAMIC Fri Jun  5 01:12:21 UTC 2026 x86_64",
		"timestamp":	{
			"time":	"Thu, 25 Jun 2026 22:25:02 GMT",
			"timesecs":	1782426302
		},
		"connecting_to":	{
			"host":	"54.227.41.78",
			"port":	5201
		},
		"cookie":	"iy7l3z632jyb74l35miy5e7bcbdwaxhpt26e",
		"tcp_mss_default":	1448,
		"target_bitrate":	100000000,
		"fq_rate":	0,
		"sock_bufsize":	0,
		"sndbuf_actual":	16384,
		"rcvbuf_actual":	131072,
		"test_start":	{
			"protocol":	"TCP",
			"num_streams":	1,
			"blksize":	131072,
			"omit":	0,
			"duration":	30,
			"bytes":	0,
			"blocks":	0,
			"reverse":	0,
			"tos":	0,
			"target_bitrate":	100000000,
			"bidir":	0,
			"fqrate":	0
		}
	},
	"intervals":	[{
			"streams":	[{
					"socket":	5,
					"start":	0,
					"end":	1.000522,
					"seconds":	1.0005220174789429,
					"bytes":	393216,
					"bits_per_second":	3144086.7317707031,
					"retransmits":	9,
					"snd_cwnd":	15928,
					"snd_wnd":	219264,
					"rtt":	87838,
					"rttvar":	696,
					"pmtu":	1500,
					"omitted":	false,
					"sender":	true
				}],
			"sum":	{
				"start":	0,
				"end":	1.000522,
				"seconds":	1.0005220174789429,
				"bytes":	393216,
				"bits_per_second":	3144086.7317707031,
				"retransmits":	9,
				"omitted":	false,
				"sender":	true
			}
		}, {
			"streams":	[{
					"socket":	5,
					"start":	1.000522,
					"end":	2.000118,
					"seconds":	0.9995959997177124,
					"bytes":	262144,
					"bits_per_second":	2097999.59242758,
					"retransmits":	0,
					"snd_cwnd":	23168,
					"snd_wnd":	224384,
					"rtt":	94858,
					"rttvar":	8999,
					"pmtu":	1500,
					"omitted":	false,
					"sender":	true
				}],
			"sum":	{
				"start":	1.000522,
				"end":	2.000118,
				"seconds":	0.9995959997177124,
				"bytes":	262144,
				"bits_per_second":	2097999.59242758,
				"retransmits":	0,
				"omitted":	false,
				"sender":	true
			}
		}, {
			"streams":	[{
					"socket":	5,
					"start":	2.000118,
					"end":	3.000563,
					"seconds":	1.0004450082778931,
					"bytes":	262144,
					"bits_per_second":	2096219.1651192438,
					"retransmits":	4,
					"snd_cwnd":	15928,
					"snd_wnd":	225792,
					"rtt":	95080,
					"rttvar":	10398,
					"pmtu":	1500,
					"omitted":	false,
					"sender":	true
				}],
			"sum":	{
				"start":	2.000118,
				"end":	3.000563,
				"seconds":	1.0004450082778931,
				"bytes":	262144,
				"bits_per_second":	2096219.1651192438,
				"retransmits":	4,
				"omitted":	false,
				"sender":	true
			}
		}, {
			"streams":	[{
					"socket":	5,
					"start":	3.000563,
					"end":	4.000589,
					"seconds":	1.0000259876251221,
					"bytes":	131072,
					"bits_per_second":	1048548.7507081444,
					"retransmits":	2,
					"snd_cwnd":	17376,
					"snd_wnd":	225792,
					"rtt":	91964,
					"rttvar":	4444,
					"pmtu":	1500,
					"omitted":	false,
					"sender":	true
				}],
			"sum":	{
				"start":	3.000563,
				"end":	4.000589,
				"seconds":	1.0000259876251221,
				"bytes":	131072,
				"bits_per_second":	1048548.7507081444,
				"retransmits":	2,
				"omitted":	false,
				"sender":	true
			}
		}, {
			"streams":	[{
					"socket":	5,
					"start":	4.000589,
					"end":	5.000564,
					"seconds":	0.999975025653839,
					"bytes":	131072,
					"bits_per_second":	1048602.188154032,
					"retransmits":	7,
					"snd_cwnd":	5792,
					"snd_wnd":	224384,
					"rtt":	91477,
					"rttvar":	5140,
					"pmtu":	1500,
					"omitted":	false,
					"sender":	true
				}],
			"sum":	{
				"start":	4.000589,
				"end":	5.000564,
				"seconds":	0.999975025653839,
				"bytes":	131072,
				"bits_per_second":	1048602.188154032,
				"retransmits":	7,
				"omitted":	false,
				"sender":	true
			}
		}, {
			"streams":	[{
					"socket":	5,
					"start":	5.000564,
					"end":	6.000558,
					"seconds":	0.99999397993087769,
					"bytes":	131072,
					"bits_per_second":	1048582.3125380019,
					"retransmits":	0,
					"snd_cwnd":	13032,
					"snd_wnd":	225792,
					"rtt":	91420,
					"rttvar":	3957,
					"pmtu":	1500,
					"omitted":	false,
					"sender":	true
				}],
			"sum":	{
				"start":	5.000564,
				"end":	6.000558,
				"seconds":	0.99999397993087769,
				"bytes":	131072,
				"bits_per_second":	1048582.3125380019,
				"retransmits":	0,
				"omitted":	false,
				"sender":	true
			}
		}, {
			"streams":	[{
					"socket":	5,
					"start":	6.000558,
					"end":	7.000349,
					"seconds":	0.99979102611541748,
					"bytes":	131072,
					"bits_per_second":	1048795.1708009737,
					"retransmits":	5,
					"snd_cwnd":	8688,
					"snd_wnd":	221568,
					"rtt":	89979,
					"rttvar":	4094,
					"pmtu":	1500,
					"omitted":	false,
					"sender":	true
				}],
			"sum":	{
				"start":	6.000558,
				"end":	7.000349,
				"seconds":	0.99979102611541748,
				"bytes":	131072,
				"bits_per_second":	1048795.1708009737,
				"retransmits":	5,
				"omitted":	false,
				"sender":	true
			}
		}, {
			"streams":	[{
					"socket":	5,
					"start":	7.000349,
					"end":	8.000569,
					"seconds":	1.0002199411392212,
					"bytes":	131072,
					"bits_per_second":	1048345.4257127714,
					"retransmits":	0,
					"snd_cwnd":	15928,
					"snd_wnd":	225792,
					"rtt":	89698,
					"rttvar":	731,
					"pmtu":	1500,
					"omitted":	false,
					"sender":	true
				}],
			"sum":	{
				"start":	7.000349,
				"end":	8.000569,
				"seconds":	1.0002199411392212,
				"bytes":	131072,
				"bits_per_second":	1048345.4257127714,
				"retransmits":	0,
				"omitted":	false,
				"sender":	true
			}
		}, {
			"streams":	[{
					"socket":	5,
					"start":	8.000569,
					"end":	9.000576,
					"seconds":	1.0000070333480835,
					"bytes":	131072,
					"bits_per_second":	1048568.6250518706,
					"retransmits":	3,
					"snd_cwnd":	15928,
					"snd_wnd":	225792,
					"rtt":	94497,
					"rttvar":	9643,
					"pmtu":	1500,
					"omitted":	false,
					"sender":	true
				}],
			"sum":	{
				"start":	8.000569,
				"end":	9.000576,
				"seconds":	1.0000070333480835,
				"bytes":	131072,
				"bits_per_second":	1048568.6250518706,
				"retransmits":	3,
				"omitted":	false,
				"sender":	true
			}
		}, {
			"streams":	[{
					"socket":	5,
					"start":	9.000576,
					"end":	10.000526,
					"seconds":	0.99994999170303345,
					"bytes":	131072,
					"bits_per_second":	1048628.4401224412,
					"retransmits":	2,
					"snd_cwnd":	18824,
					"snd_wnd":	225792,
					"rtt":	94611,
					"rttvar":	10458,
					"pmtu":	1500,
					"omitted":	false,
					"sender":	true
				}],
			"sum":	{
				"start":	9.000576,
				"end":	10.000526,
				"seconds":	0.99994999170303345,
				"bytes":	131072,
				"bits_per_second":	1048628.4401224412,
				"retransmits":	2,
				"omitted":	false,
				"sender":	true
			}
		}, {
			"streams":	[{
					"socket":	5,
					"start":	10.000526,
					"end":	11.000105,
					"seconds":	0.99957901239395142,
					"bytes":	131072,
					"bits_per_second":	1049017.6234179856,
					"retransmits":	6,
					"snd_cwnd":	11584,
					"snd_wnd":	198528,
					"rtt":	89046,
					"rttvar":	1157,
					"pmtu":	1500,
					"omitted":	false,
					"sender":	true
				}],
			"sum":	{
				"start":	10.000526,
				"end":	11.000105,
				"seconds":	0.99957901239395142,
				"bytes":	131072,
				"bits_per_second":	1049017.6234179856,
				"retransmits":	6,
				"omitted":	false,
				"sender":	true
			}
		}, {
			"streams":	[{
					"socket":	5,
					"start":	11.000105,
					"end":	12.000522,
					"seconds":	1.0004169940948486,
					"bytes":	131072,
					"bits_per_second":	1048138.9322546689,
					"retransmits":	4,
					"snd_cwnd":	10136,
					"snd_wnd":	225792,
					"rtt":	101641,
					"rttvar":	18075,
					"pmtu":	1500,
					"omitted":	false,
					"sender":	true
				}],
			"sum":	{
				"start":	11.000105,
				"end":	12.000522,
				"seconds":	1.0004169940948486,
				"bytes":	131072,