{
	"start":	{
		"connected":	[{
				"socket":	5,
				"local_host":	"172.20.171.186",
				"local_port":	34212,
				"remote_host":	"54.227.41.78",
				"remote_port":	5201
			}],
		"version":	"iperf 3.16",
		"system_info":	"Linux DESKTOP-OR35M89 6.18.33.1-microsoft-standard-WSL2 #1 SMP PREEMPT_DYNAMIC Fri Jun  5 01:12:21 UTC 2026 x86_64",
		"timestamp":	{
			"time":	"Thu, 25 Jun 2026 23:40:06 GMT",
			"timesecs":	1782430806
		},
		"connecting_to":	{
			"host":	"54.227.41.78",
			"port":	5201
		},
		"cookie":	"7f75eadkwaugqmlhuz5k2bcjxm43eyae7scq",
		"tcp_mss_default":	1448,
		"target_bitrate":	100000000,
		"fq_rate":	0,
		"sock_bufsize":	0,
		"sndbuf_actual":	16384,
		"rcvbuf_actual":	131072,
		"test_start":	{
			"protocol":	"TCP",
			"num_streams":	1,
			"blksize":	131072,
			"omit":	0,
			"duration":	30,
			"bytes":	0,
			"blocks":	0,
			"reverse":	0,
			"tos":	0,
			"target_bitrate":	100000000,
			"bidir":	0,
			"fqrate":	0
		}
	},
	"intervals":	[{
			"streams":	[{
					"socket":	5,
					"start":	0,
					"end":	1.000462,
					"seconds":	1.0004620552062988,
					"bytes":	131072,
					"bits_per_second":	1048091.7237623569,
					"retransmits":	12,
					"snd_cwnd":	10136,
					"snd_wnd":	137856,
					"rtt":	99629,
					"rttvar":	4135,
					"pmtu":	1500,
					"omitted":	false,
					"sender":	true
				}],
			"sum":	{
				"start":	0,
				"end":	1.000462,
				"seconds":	1.0004620552062988,
				"bytes":	131072,
				"bits_per_second":	1048091.7237623569,
				"retransmits":	12,
				"omitted":	false,
				"sender":	true
			}
		}, {
			"streams":	[{
					"socket":	5,
					"start":	1.000462,
					"end":	2.000564,
					"seconds":	1.0001020431518555,
					"bytes":	0,
					"bits_per_second":	0,
					"retransmits":	6,
					"snd_cwnd":	2896,
					"snd_wnd":	134016,
					"rtt":	106487,
					"rttvar":	17268,
					"pmtu":	1500,
					"omitted":	false,
					"sender":	true
				}],
			"sum":	{
				"start":	1.000462,
				"end":	2.000564,
				"seconds":	1.0001020431518555,
				"bytes":	0,
				"bits_per_second":	0,
				"retransmits":	6,
				"omitted":	false,
				"sender":	true
			}
		}, {
			"streams":	[{
					"socket":	5,
					"start":	2.000564,
					"end":	3.000579,
					"seconds":	1.0000150203704834,
					"bytes":	131072,
					"bits_per_second":	1048560.2502365672,
					"retransmits":	1,
					"snd_cwnd":	7240,
					"snd_wnd":	137856,
					"rtt":	107938,
					"rttvar":	16919,
					"pmtu":	1500,
					"omitted":	false,
					"sender":	true
				}],
			"sum":	{
				"start":	2.000564,
				"end":	3.000579,
				"seconds":	1.0000150203704834,
				"bytes":	131072,
				"bits_per_second":	1048560.2502365672,
				"retransmits":	1,
				"omitted":	false,
				"sender":	true
			}
		}, {
			"streams":	[{
					"socket":	5,
					"start":	3.000579,
					"end":	4.000568,
					"seconds":	0.99998897314071655,
					"bytes":	0,
					"bits_per_second":	0,
					"retransmits":	5,
					"snd_cwnd":	2896,
					"snd_wnd":	134016,
					"rtt":	107019,
					"rttvar":	16985,
					"pmtu":	1500,
					"omitted":	false,
					"sender":	true
				}],
			"sum":	{
				"start":	3.000579,
				"end":	4.000568,
				"seconds":	0.99998897314071655,
				"bytes":	0,
				"bits_per_second":	0,
				"retransmits":	5,
				"omitted":	false,
				"sender":	true
			}
		}, {
			"streams":	[{
					"socket":	5,
					"start":	4.000568,
					"end":	5.000581,
					"seconds":	1.000012993812561,
					"bytes":	0,
					"bits_per_second":	0,
					"retransmits":	2,
					"snd_cwnd":	4344,
					"snd_wnd":	139264,
					"rtt":	109617,
					"rttvar":	18330,
					"pmtu":	1500,
					"omitted":	false,
					"sender":	true
				}],
			"sum":	{
				"start":	4.000568,
				"end":	5.000581,
				"seconds":	1.000012993812561,
				"bytes":	0,
				"bits_per_second":	0,
				"retransmits":	2,
				"omitted":	false,
				"sender":	true
			}
		}, {
			"streams":	[{
					"socket":	5,
					"start":	5.000581,
					"end":	6.000572,
					"seconds":	0.999990999698639,
					"bytes":	131072,
					"bits_per_second":	1048585.437584941,
					"retransmits":	3,
					"snd_cwnd":	4344,
					"snd_wnd":	132096,
					"rtt":	104637,
					"rttvar":	12342,
					"pmtu":	1500,
					"omitted":	false,
					"sender":	true
				}],
			"sum":	{
				"start":	5.000581,
				"end":	6.000572,
				"seconds":	0.999990999698639,
				"bytes":	131072,
				"bits_per_second":	1048585.437584941,
				"retransmits":	3,
				"omitted":	false,
				"sender":	true
			}
		}, {
			"streams":	[{
					"socket":	5,
					"start":	6.000572,
					"end":	7.00057,
					"seconds":	0.99999797344207764,
					"bytes":	0,
					"bits_per_second":	0,
					"retransmits":	4,
					"snd_cwnd":	2896,
					"snd_wnd":	137856,
					"rtt":	114564,
					"rttvar":	30387,
					"pmtu":	1500,
					"omitted":	false,
					"sender":	true
				}],
			"sum":	{
				"start":	6.000572,
				"end":	7.00057,
				"seconds":	0.99999797344207764,
				"bytes":	0,
				"bits_per_second":	0,
				"retransmits":	4,
				"omitted":	false,
				"sender":	true
			}
		}, {
			"streams":	[{
					"socket":	5,
					"start":	7.00057,
					"end":	8.000584,
					"seconds":	1.0000139474868774,
					"bytes":	0,
					"bits_per_second":	0,
					"retransmits":	1,
					"snd_cwnd":	7240,
					"snd_wnd":	139264,
					"rtt":	111296,
					"rttvar":	19628,
					"pmtu":	1500,
					"omitted":	false,
					"sender":	true
				}],
			"sum":	{
				"start":	7.00057,
				"end":	8.000584,
				"seconds":	1.0000139474868774,
				"bytes":	0,
				"bits_per_second":	0,
				"retransmits":	1,
				"omitted":	false,
				"sender":	true
			}
		}, {
			"streams":	[{
					"socket":	5,
					"start":	8.000584,
					"end":	9.000196,
					"seconds":	0.99961197376251221,
					"bytes":	0,
					"bits_per_second":	0,
					"retransmits":	5,
					"snd_cwnd":	4344,
					"snd_wnd":	137856,
					"rtt":	124092,
					"rttvar":	38668,
					"pmtu":	1500,
					"omitted":	false,
					"sender":	true
				}],
			"sum":	{
				"start":	8.000584,
				"end":	9.000196,
				"seconds":	0.99961197376251221,
				"bytes":	0,
				"bits_per_second":	0,
				"retransmits":	5,
				"omitted":	false,
				"sender":	true
			}
		}, {
			"streams":	[{
					"socket":	5,
					"start":	9.000196,
					"end":	10.000562,
					"seconds":	1.0003659725189209,
					"bytes":	131072,
					"bits_per_second":	1048192.390390575,
					"retransmits":	1,
					"snd_cwnd":	7240,
					"snd_wnd":	139264,
					"rtt":	111101,
					"rttvar":	18381,
					"pmtu":	1500,
					"omitted":	false,
					"sender":	true
				}],
			"sum":	{
				"start":	9.000196,
				"end":	10.000562,
				"seconds":	1.0003659725189209,
				"bytes":	131072,
				"bits_per_second":	1048192.390390575,
				"retransmits":	1,
				"omitted":	false,
				"sender":	true
			}
		}, {
			"streams":	[{
					"socket":	5,
					"start":	10.000562,
					"end":	11.000593,
					"seconds":	1.0000309944152832,
					"bytes":	0,
					"bits_per_second":	0,
					"retransmits":	4,
					"snd_cwnd":	4344,
					"snd_wnd":	139264,
					"rtt":	113203,
					"rttvar":	26123,
					"pmtu":	1500,
					"omitted":	false,
					"sender":	true
				}],
			"sum":	{
				"start":	10.000562,
				"end":	11.000593,
				"seconds":	1.0000309944152832,
				"bytes":	0,
				"bits_per_second":	0,
				"retransmits":	4,
				"omitted":	false,
				"sender":	true
			}
		}, {
			"streams":	[{
					"socket":	5,
					"start":	11.000593,
					"end":	12.000144,
					"seconds":	0.999550998210907,
					"bytes":	131072,
					"bits_per_second":	1049047.0239906146,
					"retransmits":	1,
					"snd_cwnd":	8688,
					"snd_wnd":	139264,
					"rtt":	119086,
					"rttvar":	28439,
					"pmtu":	1500,
					"omitted":	false,
					"sender":	true
				}],
			"sum":	{
				"start":	11.000593,
				"end":	12.000144,
				"seconds":	0.999550998210907,
				"bytes":	131072,
				"bits_per_second":	1049047.0239906146,
				"retransmits":	1,
				"omitted":	false,
				"sender":	true
			}
		}, {
			"streams":	[{
					"socket":	5,
					"start":	12.000144,
					"end":	13.000582,
					"seconds":	1.0004379749298096,
					"bytes":	0,
					"bits_per_second":	0,
					"retransmits":	3,
					"snd_cwnd":	7240,