{
	"start":	{
		"connected":	[{
				"socket":	5,
				"local_host":	"172.20.171.186",
				"local_port":	40124,
				"remote_host":	"54.227.41.78",
				"remote_port":	5201
			}],
		"version":	"iperf 3.16",
		"system_info":	"Linux DESKTOP-OR35M89 6.18.33.1-microsoft-standard-WSL2 #1 SMP PREEMPT_DYNAMIC Fri Jun  5 01:12:21 UTC 2026 x86_64",
		"timestamp":	{
			"time":	"Thu, 25 Jun 2026 21:53:58 GMT",
			"timesecs":	1782424438
		},
		"connecting_to":	{
			"host":	"54.227.41.78",
			"port":	5201
		},
		"cookie":	"bxrjmgins67rarewwgy4gagsh27g5c25zwn3",
		"tcp_mss_default":	1448,
		"target_bitrate":	100000000,
		"fq_rate":	0,
		"sock_bufsize":	0,
		"sndbuf_actual":	16384,
		"rcvbuf_actual":	131072,
		"test_start":	{
			"protocol":	"TCP",
			"num_streams":	1,
			"blksize":	131072,
			"omit":	0,
			"duration":	30,
			"bytes":	0,
			"blocks":	0,
			"reverse":	0,
			"tos":	0,
			"target_bitrate":	100000000,
			"bidir":	0,
			"fqrate":	0
		}
	},
	"intervals":	[{
			"streams":	[{
					"socket":	5,
					"start":	0,
					"end":	1.000531,
					"seconds":	1.0005309581756592,
					"bytes":	1048576,
					"bits_per_second":	8384156.3636327246,
					"retransmits":	3,
					"snd_cwnd":	55024,
					"snd_wnd":	847360,
					"rtt":	99799,
					"rttvar":	3577,
					"pmtu":	1500,
					"omitted":	false,
					"sender":	true
				}],
			"sum":	{
				"start":	0,
				"end":	1.000531,
				"seconds":	1.0005309581756592,
				"bytes":	1048576,
				"bits_per_second":	8384156.3636327246,
				"retransmits":	3,
				"omitted":	false,
				"sender":	true
			}
		}, {
			"streams":	[{
					"socket":	5,
					"start":	1.000531,
					"end":	2.000277,
					"seconds":	0.999746024608612,
					"bytes":	393216,
					"bits_per_second":	3146527.1404620116,
					"retransmits":	1,
					"snd_cwnd":	47784,
					"snd_wnd":	847360,
					"rtt":	99031,
					"rttvar":	957,
					"pmtu":	1500,
					"omitted":	false,
					"sender":	true
				}],
			"sum":	{
				"start":	1.000531,
				"end":	2.000277,
				"seconds":	0.999746024608612,
				"bytes":	393216,
				"bits_per_second":	3146527.1404620116,
				"retransmits":	1,
				"omitted":	false,
				"sender":	true
			}
		}, {
			"streams":	[{
					"socket":	5,
					"start":	2.000277,
					"end":	3.000137,
					"seconds":	0.99985998868942261,
					"bytes":	524288,
					"bits_per_second":	4194891.3322331561,
					"retransmits":	0,
					"snd_cwnd":	52128,
					"snd_wnd":	847360,
					"rtt":	99619,
					"rttvar":	2408,
					"pmtu":	1500,
					"omitted":	false,
					"sender":	true
				}],
			"sum":	{
				"start":	2.000277,
				"end":	3.000137,
				"seconds":	0.99985998868942261,
				"bytes":	524288,
				"bits_per_second":	4194891.3322331561,
				"retransmits":	0,
				"omitted":	false,
				"sender":	true
			}
		}, {
			"streams":	[{
					"socket":	5,
					"start":	3.000137,
					"end":	4.000556,
					"seconds":	1.000419020652771,
					"bytes":	524288,
					"bits_per_second":	4192547.2361203474,
					"retransmits":	4,
					"snd_cwnd":	31856,
					"snd_wnd":	845824,
					"rtt":	100085,
					"rttvar":	1341,
					"pmtu":	1500,
					"omitted":	false,
					"sender":	true
				}],
			"sum":	{
				"start":	3.000137,
				"end":	4.000556,
				"seconds":	1.000419020652771,
				"bytes":	524288,
				"bits_per_second":	4192547.2361203474,
				"retransmits":	4,
				"omitted":	false,
				"sender":	true
			}
		}, {
			"streams":	[{
					"socket":	5,
					"start":	4.000556,
					"end":	5.000188,
					"seconds":	0.99963200092315674,
					"bytes":	262144,
					"bits_per_second":	2097924.0341078388,
					"retransmits":	2,
					"snd_cwnd":	26064,
					"snd_wnd":	847360,
					"rtt":	99708,
					"rttvar":	3529,
					"pmtu":	1500,
					"omitted":	false,
					"sender":	true
				}],
			"sum":	{
				"start":	4.000556,
				"end":	5.000188,
				"seconds":	0.99963200092315674,
				"bytes":	262144,
				"bits_per_second":	2097924.0341078388,
				"retransmits":	2,
				"omitted":	false,
				"sender":	true
			}
		}, {
			"streams":	[{
					"socket":	5,
					"start":	5.000188,
					"end":	6.000176,
					"seconds":	0.9999880194664,
					"bytes":	262144,
					"bits_per_second":	2097177.1253010146,
					"retransmits":	0,
					"snd_cwnd":	33304,
					"snd_wnd":	847360,
					"rtt":	99905,
					"rttvar":	2692,
					"pmtu":	1500,
					"omitted":	false,
					"sender":	true
				}],
			"sum":	{
				"start":	5.000188,
				"end":	6.000176,
				"seconds":	0.9999880194664,
				"bytes":	262144,
				"bits_per_second":	2097177.1253010146,
				"retransmits":	0,
				"omitted":	false,
				"sender":	true
			}
		}, {
			"streams":	[{
					"socket":	5,
					"start":	6.000176,
					"end":	7.000516,
					"seconds":	1.0003399848937988,
					"bytes":	262144,
					"bits_per_second":	2096439.2423268419,
					"retransmits":	0,
					"snd_cwnd":	40544,
					"snd_wnd":	847360,
					"rtt":	102490,
					"rttvar":	6205,
					"pmtu":	1500,
					"omitted":	false,
					"sender":	true
				}],
			"sum":	{
				"start":	6.000176,
				"end":	7.000516,
				"seconds":	1.0003399848937988,
				"bytes":	262144,
				"bits_per_second":	2096439.2423268419,
				"retransmits":	0,
				"omitted":	false,
				"sender":	true
			}
		}, {
			"streams":	[{
					"socket":	5,
					"start":	7.000516,
					"end":	8.000524,
					"seconds":	1.0000079870224,
					"bytes":	524288,
					"bits_per_second":	4194270.5002675629,
					"retransmits":	3,
					"snd_cwnd":	23168,
					"snd_wnd":	847360,
					"rtt":	103914,
					"rttvar":	7822,
					"pmtu":	1500,
					"omitted":	false,
					"sender":	true
				}],
			"sum":	{
				"start":	7.000516,
				"end":	8.000524,
				"seconds":	1.0000079870224,
				"bytes":	524288,
				"bits_per_second":	4194270.5002675629,
				"retransmits":	3,
				"omitted":	false,
				"sender":	true
			}
		}, {
			"streams":	[{
					"socket":	5,
					"start":	8.000524,
					"end":	9.000506,
					"seconds":	0.99998199939727783,
					"bytes":	131072,
					"bits_per_second":	1048594.8753397674,
					"retransmits":	0,
					"snd_cwnd":	30408,
					"snd_wnd":	847360,
					"rtt":	101416,
					"rttvar":	3254,
					"pmtu":	1500,
					"omitted":	false,
					"sender":	true
				}],
			"sum":	{
				"start":	8.000524,
				"end":	9.000506,
				"seconds":	0.99998199939727783,
				"bytes":	131072,
				"bits_per_second":	1048594.8753397674,
				"retransmits":	0,
				"omitted":	false,
				"sender":	true
			}
		}, {
			"streams":	[{
					"socket":	5,
					"start":	9.000506,
					"end":	10.000473,
					"seconds":	0.99996697902679443,
					"bytes":	262144,
					"bits_per_second":	2097221.2522867778,
					"retransmits":	2,
					"snd_cwnd":	27512,
					"snd_wnd":	847360,
					"rtt":	101829,
					"rttvar":	4647,
					"pmtu":	1500,
					"omitted":	false,
					"sender":	true
				}],
			"sum":	{
				"start":	9.000506,
				"end":	10.000473,
				"seconds":	0.99996697902679443,
				"bytes":	262144,
				"bits_per_second":	2097221.2522867778,
				"retransmits":	2,
				"omitted":	false,
				"sender":	true
			}
		}, {
			"streams":	[{
					"socket":	5,
					"start":	10.000473,
					"end":	11.000523,
					"seconds":	1.0000499486923218,
					"bytes":	0,
					"bits_per_second":	0,
					"retransmits":	5,
					"snd_cwnd":	13032,
					"snd_wnd":	847360,
					"rtt":	104949,
					"rttvar":	10273,
					"pmtu":	1500,
					"omitted":	false,
					"sender":	true
				}],
			"sum":	{
				"start":	10.000473,
				"end":	11.000523,
				"seconds":	1.0000499486923218,
				"bytes":	0,
				"bits_per_second":	0,
				"retransmits":	5,
				"omitted":	false,
				"sender":	true
			}
		}, {
			"streams":	[{
					"socket":	5,
					"start":	11.000523,
					"end":	12.000535,
					"seconds":	1.0000120401382446,
					"bytes":	262144,
					"bits_per_second":	2097126.75030401,
					"retransmits":	0,
					"snd_cwnd":	17376,
					"snd_wnd":	847360,
					"rtt":	134490,
					"rttvar":	8024,
					"pmtu":	1500,
					"omitted":	false,
					"sender":	true
				}],
			"sum":	{
				"start":	11.000523,
				"end":	12.000535,
				"seconds":	1.0000120401382446,
				"bytes":	262144,
				"bits_per_second":	2097126.75030401,
				"retransmits":	0,