{
	"start":	{
		"connected":	[{
				"socket":	5,
				"local_host":	"172.20.171.186",
				"local_port":	39226,
				"remote_host":	"54.227.41.78",
				"remote_port":	5201
			}],
		"version":	"iperf 3.16",
		"system_info":	"Linux DESKTOP-OR35M89 6.18.33.1-microsoft-standard-WSL2 #1 SMP PREEMPT_DYNAMIC Fri Jun  5 01:12:21 UTC 2026 x86_64",
		"timestamp":	{
			"time":	"Thu, 25 Jun 2026 22:26:07 GMT",
			"timesecs":	1782426367
		},
		"connecting_to":	{
			"host":	"54.227.41.78",
			"port":	5201
		},
		"cookie":	"lrlysxa4hhvtmu2k3osbbnoirm5np5raapla",
		"tcp_mss_default":	1448,
		"target_bitrate":	100000000,
		"fq_rate":	0,
		"sock_bufsize":	0,
		"sndbuf_actual":	16384,
		"rcvbuf_actual":	131072,
		"test_start":	{
			"protocol":	"TCP",
			"num_streams":	1,
			"blksize":	131072,
			"omit":	0,
			"duration":	30,
			"bytes":	0,
			"blocks":	0,
			"reverse":	0,
			"tos":	0,
			"target_bitrate":	100000000,
			"bidir":	0,
			"fqrate":	0
		}
	},
	"intervals":	[{
			"streams":	[{
					"socket":	5,
					"start":	0,
					"end":	1.000514,
					"seconds":	1.000514030456543,
					"bytes":	917504,
					"bits_per_second":	7336260.9384404952,
					"retransmits":	10,
					"snd_cwnd":	52128,
					"snd_wnd":	408704,
					"rtt":	101456,
					"rttvar":	6337,
					"pmtu":	1500,
					"omitted":	false,
					"sender":	true
				}],
			"sum":	{
				"start":	0,
				"end":	1.000514,
				"seconds":	1.000514030456543,
				"bytes":	917504,
				"bits_per_second":	7336260.9384404952,
				"retransmits":	10,
				"omitted":	false,
				"sender":	true
			}
		}, {
			"streams":	[{
					"socket":	5,
					"start":	1.000514,
					"end":	2.000554,
					"seconds":	1.0000400543212891,
					"bytes":	262144,
					"bits_per_second":	2097068.0033644282,
					"retransmits":	8,
					"snd_cwnd":	8688,
					"snd_wnd":	407168,
					"rtt":	99292,
					"rttvar":	2727,
					"pmtu":	1500,
					"omitted":	false,
					"sender":	true
				}],
			"sum":	{
				"start":	1.000514,
				"end":	2.000554,
				"seconds":	1.0000400543212891,
				"bytes":	262144,
				"bits_per_second":	2097068.0033644282,
				"retransmits":	8,
				"omitted":	false,
				"sender":	true
			}
		}, {
			"streams":	[{
					"socket":	5,
					"start":	2.000554,
					"end":	3.000485,
					"seconds":	0.99993097782135,
					"bytes":	262144,
					"bits_per_second":	2097296.75999165,
					"retransmits":	3,
					"snd_cwnd":	10136,
					"snd_wnd":	408704,
					"rtt":	103834,
					"rttvar":	11640,
					"pmtu":	1500,
					"omitted":	false,
					"sender":	true
				}],
			"sum":	{
				"start":	2.000554,
				"end":	3.000485,
				"seconds":	0.99993097782135,
				"bytes":	262144,
				"bits_per_second":	2097296.75999165,
				"retransmits":	3,
				"omitted":	false,
				"sender":	true
			}
		}, {
			"streams":	[{
					"socket":	5,
					"start":	3.000485,
					"end":	4.000489,
					"seconds":	1.0000040531158447,
					"bytes":	0,
					"bits_per_second":	0,
					"retransmits":	2,
					"snd_cwnd":	8688,
					"snd_wnd":	407296,
					"rtt":	106009,
					"rttvar":	10940,
					"pmtu":	1500,
					"omitted":	false,
					"sender":	true
				}],
			"sum":	{
				"start":	3.000485,
				"end":	4.000489,
				"seconds":	1.0000040531158447,
				"bytes":	0,
				"bits_per_second":	0,
				"retransmits":	2,
				"omitted":	false,
				"sender":	true
			}
		}, {
			"streams":	[{
					"socket":	5,
					"start":	4.000489,
					"end":	5.000522,
					"seconds":	1.0000330209732056,
					"bytes":	0,
					"bits_per_second":	0,
					"retransmits":	2,
					"snd_cwnd":	8688,
					"snd_wnd":	408704,
					"rtt":	108859,
					"rttvar":	17278,
					"pmtu":	1500,
					"omitted":	false,
					"sender":	true
				}],
			"sum":	{
				"start":	4.000489,
				"end":	5.000522,
				"seconds":	1.0000330209732056,
				"bytes":	0,
				"bits_per_second":	0,
				"retransmits":	2,
				"omitted":	false,
				"sender":	true
			}
		}, {
			"streams":	[{
					"socket":	5,
					"start":	5.000522,
					"end":	6.000133,
					"seconds":	0.9996110200881958,
					"bytes":	131072,
					"bits_per_second":	1048984.0337169191,
					"retransmits":	3,
					"snd_cwnd":	10136,
					"snd_wnd":	407296,
					"rtt":	99378,
					"rttvar":	2673,
					"pmtu":	1500,
					"omitted":	false,
					"sender":	true
				}],
			"sum":	{
				"start":	5.000522,
				"end":	6.000133,
				"seconds":	0.9996110200881958,
				"bytes":	131072,
				"bits_per_second":	1048984.0337169191,
				"retransmits":	3,
				"omitted":	false,
				"sender":	true
			}
		}, {
			"streams":	[{
					"socket":	5,
					"start":	6.000133,
					"end":	7.000574,
					"seconds":	1.0004409551620483,
					"bytes":	0,
					"bits_per_second":	0,
					"retransmits":	1,
					"snd_cwnd":	10136,
					"snd_wnd":	408704,
					"rtt":	102318,
					"rttvar":	6556,
					"pmtu":	1500,
					"omitted":	false,
					"sender":	true
				}],
			"sum":	{
				"start":	6.000133,
				"end":	7.000574,
				"seconds":	1.0004409551620483,
				"bytes":	0,
				"bits_per_second":	0,
				"retransmits":	1,
				"omitted":	false,
				"sender":	true
			}
		}, {
			"streams":	[{
					"socket":	5,
					"start":	7.000574,
					"end":	8.000164,
					"seconds":	0.99958997964859,
					"bytes":	0,
					"bits_per_second":	0,
					"retransmits":	1,
					"snd_cwnd":	11584,
					"snd_wnd":	407168,
					"rtt":	99273,
					"rttvar":	2045,
					"pmtu":	1500,
					"omitted":	false,
					"sender":	true
				}],
			"sum":	{
				"start":	7.000574,
				"end":	8.000164,
				"seconds":	0.99958997964859,
				"bytes":	0,
				"bits_per_second":	0,
				"retransmits":	1,
				"omitted":	false,
				"sender":	true
			}
		}, {
			"streams":	[{
					"socket":	5,
					"start":	8.000164,
					"end":	9.000553,
					"seconds":	1.0003889799118042,
					"bytes":	262144,
					"bits_per_second":	2096336.5671869838,
					"retransmits":	1,
					"snd_cwnd":	13032,
					"snd_wnd":	407168,
					"rtt":	102900,
					"rttvar":	8046,
					"pmtu":	1500,
					"omitted":	false,
					"sender":	true
				}],
			"sum":	{
				"start":	8.000164,
				"end":	9.000553,
				"seconds":	1.0003889799118042,
				"bytes":	262144,
				"bits_per_second":	2096336.5671869838,
				"retransmits":	1,
				"omitted":	false,
				"sender":	true
			}
		}, {
			"streams":	[{
					"socket":	5,
					"start":	9.000553,
					"end":	10.000103,
					"seconds":	0.9995499849319458,
					"bytes":	0,
					"bits_per_second":	0,
					"retransmits":	3,
					"snd_cwnd":	10136,
					"snd_wnd":	408704,
					"rtt":	99661,
					"rttvar":	2032,
					"pmtu":	1500,
					"omitted":	false,
					"sender":	true
				}],
			"sum":	{
				"start":	9.000553,
				"end":	10.000103,
				"seconds":	0.9995499849319458,
				"bytes":	0,
				"bits_per_second":	0,
				"retransmits":	3,
				"omitted":	false,
				"sender":	true
			}
		}, {
			"streams":	[{
					"socket":	5,
					"start":	10.000103,
					"end":	11.000485,
					"seconds":	1.0003819465637207,
					"bytes":	262144,
					"bits_per_second":	2096351.30582239,
					"retransmits":	5,
					"snd_cwnd":	5792,
					"snd_wnd":	407168,
					"rtt":	101815,
					"rttvar":	3314,
					"pmtu":	1500,
					"omitted":	false,
					"sender":	true
				}],
			"sum":	{
				"start":	10.000103,
				"end":	11.000485,
				"seconds":	1.0003819465637207,
				"bytes":	262144,
				"bits_per_second":	2096351.30582239,
				"retransmits":	5,
				"omitted":	false,
				"sender":	true
			}
		}, {
			"streams":	[{
					"socket":	5,
					"start":	11.000485,
					"end":	12.00054,
					"seconds":	1.0000549554824829,
					"bytes":	0,
					"bits_per_second":	0,
					"retransmits":	2,
					"snd_cwnd":	5792,
					"snd_wnd":	407296,
					"rtt":	99519,
					"rttvar":	3307,
					"pmtu":	1500,
					"omitted":	false,
					"sender":	true
				}],
			"sum":	{
				"start":	11.000485,
				"end":	12.00054,
				"seconds":	1.0000549554824829,
				"bytes":	0,
				"bits_per_second":	0,
				"retransmits":	2,
				"omitted":	false,
				"sender":	true
			}
		}, {
			"streams":	[{
					"socket":	5,
					"start":	12.00054,
					"end":	13.000499,
					"seconds":	0.99995899200439453,
					"bytes":	0,
					"bits_per_second":	0,
					"retransmits":	1,