{
	"start":	{
		"connected":	[{
				"socket":	5,
				"local_host":	"172.20.171.186",
				"local_port":	53648,
				"remote_host":	"54.227.41.78",
				"remote_port":	5201
			}],
		"version":	"iperf 3.16",
		"system_info":	"Linux DESKTOP-OR35M89 6.18.33.1-microsoft-standard-WSL2 #1 SMP PREEMPT_DYNAMIC Fri Jun  5 01:12:21 UTC 2026 x86_64",
		"timestamp":	{
			"time":	"Thu, 25 Jun 2026 22:20:37 GMT",
			"timesecs":	1782426037
		},
		"connecting_to":	{
			"host":	"54.227.41.78",
			"port":	5201
		},
		"cookie":	"jj5h4yslitbdiu2weqhflkn7ussfpam2ry5i",
		"tcp_mss_default":	1448,
		"target_bitrate":	100000000,
		"fq_rate":	0,
		"sock_bufsize":	0,
		"sndbuf_actual":	16384,
		"rcvbuf_actual":	131072,
		"test_start":	{
			"protocol":	"TCP",
			"num_streams":	1,
			"blksize":	131072,
			"omit":	0,
			"duration":	30,
			"bytes":	0,
			"blocks":	0,
			"reverse":	0,
			"tos":	0,
			"target_bitrate":	100000000,
			"bidir":	0,
			"fqrate":	0
		}
	},
	"intervals":	[{
			"streams":	[{
					"socket":	5,
					"start":	0,
					"end":	1.000564,
					"seconds":	1.0005639791488647,
					"bytes":	393216,
					"bits_per_second":	3143954.8750055251,
					"retransmits":	5,
					"snd_cwnd":	13032,
					"snd_wnd":	152192,
					"rtt":	89804,
					"rttvar":	1219,
					"pmtu":	1500,
					"omitted":	false,
					"sender":	true
				}],
			"sum":	{
				"start":	0,
				"end":	1.000564,
				"seconds":	1.0005639791488647,
				"bytes":	393216,
				"bits_per_second":	3143954.8750055251,
				"retransmits":	5,
				"omitted":	false,
				"sender":	true
			}
		}, {
			"streams":	[{
					"socket":	5,
					"start":	1.000564,
					"end":	2.000533,
					"seconds":	0.9999690055847168,
					"bytes":	131072,
					"bits_per_second":	1048608.50100735,
					"retransmits":	2,
					"snd_cwnd":	13032,
					"snd_wnd":	152192,
					"rtt":	97554,
					"rttvar":	10689,
					"pmtu":	1500,
					"omitted":	false,
					"sender":	true
				}],
			"sum":	{
				"start":	1.000564,
				"end":	2.000533,
				"seconds":	0.9999690055847168,
				"bytes":	131072,
				"bits_per_second":	1048608.50100735,
				"retransmits":	2,
				"omitted":	false,
				"sender":	true
			}
		}, {
			"streams":	[{
					"socket":	5,
					"start":	2.000533,
					"end":	3.000557,
					"seconds":	1.0000239610672,
					"bytes":	131072,
					"bits_per_second":	1048550.8756020074,
					"retransmits":	1,
					"snd_cwnd":	14480,
					"snd_wnd":	153728,
					"rtt":	90610,
					"rttvar":	1293,
					"pmtu":	1500,
					"omitted":	false,
					"sender":	true
				}],
			"sum":	{
				"start":	2.000533,
				"end":	3.000557,
				"seconds":	1.0000239610672,
				"bytes":	131072,
				"bits_per_second":	1048550.8756020074,
				"retransmits":	1,
				"omitted":	false,
				"sender":	true
			}
		}, {
			"streams":	[{
					"socket":	5,
					"start":	3.000557,
					"end":	4.000569,
					"seconds":	1.0000120401382446,
					"bytes":	131072,
					"bits_per_second":	1048563.3751520049,
					"retransmits":	2,
					"snd_cwnd":	15928,
					"snd_wnd":	153728,
					"rtt":	89886,
					"rttvar":	1067,
					"pmtu":	1500,
					"omitted":	false,
					"sender":	true
				}],
			"sum":	{
				"start":	3.000557,
				"end":	4.000569,
				"seconds":	1.0000120401382446,
				"bytes":	131072,
				"bits_per_second":	1048563.3751520049,
				"retransmits":	2,
				"omitted":	false,
				"sender":	true
			}
		}, {
			"streams":	[{
					"socket":	5,
					"start":	4.000569,
					"end":	5.00053,
					"seconds":	0.999961018562317,
					"bytes":	131072,
					"bits_per_second":	1048616.8765934284,
					"retransmits":	1,
					"snd_cwnd":	17376,
					"snd_wnd":	153728,
					"rtt":	93513,
					"rttvar":	6280,
					"pmtu":	1500,
					"omitted":	false,
					"sender":	true
				}],
			"sum":	{
				"start":	4.000569,
				"end":	5.00053,
				"seconds":	0.999961018562317,
				"bytes":	131072,
				"bits_per_second":	1048616.8765934284,
				"retransmits":	1,
				"omitted":	false,
				"sender":	true
			}
		}, {
			"streams":	[{
					"socket":	5,
					"start":	5.00053,
					"end":	6.000521,
					"seconds":	0.999990999698639,
					"bytes":	131072,
					"bits_per_second":	1048585.437584941,
					"retransmits":	8,
					"snd_cwnd":	7240,
					"snd_wnd":	152192,
					"rtt":	96613,
					"rttvar":	12733,
					"pmtu":	1500,
					"omitted":	false,
					"sender":	true
				}],
			"sum":	{
				"start":	5.00053,
				"end":	6.000521,
				"seconds":	0.999990999698639,
				"bytes":	131072,
				"bits_per_second":	1048585.437584941,
				"retransmits":	8,
				"omitted":	false,
				"sender":	true
			}
		}, {
			"streams":	[{
					"socket":	5,
					"start":	6.000521,
					"end":	7.000351,
					"seconds":	0.99983000755310059,
					"bytes":	0,
					"bits_per_second":	0,
					"retransmits":	2,
					"snd_cwnd":	8688,
					"snd_wnd":	153728,
					"rtt":	95469,
					"rttvar":	12203,
					"pmtu":	1500,
					"omitted":	false,
					"sender":	true
				}],
			"sum":	{
				"start":	6.000521,
				"end":	7.000351,
				"seconds":	0.99983000755310059,
				"bytes":	0,
				"bits_per_second":	0,
				"retransmits":	2,
				"omitted":	false,
				"sender":	true
			}
		}, {
			"streams":	[{
					"socket":	5,
					"start":	7.000351,
					"end":	8.000535,
					"seconds":	1.0001840591430664,
					"bytes":	131072,
					"bits_per_second":	1048383.0355168774,
					"retransmits":	2,
					"snd_cwnd":	10136,
					"snd_wnd":	153728,
					"rtt":	93625,
					"rttvar":	9382,
					"pmtu":	1500,
					"omitted":	false,
					"sender":	true
				}],
			"sum":	{
				"start":	7.000351,
				"end":	8.000535,
				"seconds":	1.0001840591430664,
				"bytes":	131072,
				"bits_per_second":	1048383.0355168774,
				"retransmits":	2,
				"omitted":	false,
				"sender":	true
			}
		}, {
			"streams":	[{
					"socket":	5,
					"start":	8.000535,
					"end":	9.000534,
					"seconds":	0.99999898672103882,
					"bytes":	131072,
					"bits_per_second":	1048577.0625010766,
					"retransmits":	0,
					"snd_cwnd":	17376,
					"snd_wnd":	153728,
					"rtt":	94380,
					"rttvar":	9630,
					"pmtu":	1500,
					"omitted":	false,
					"sender":	true
				}],
			"sum":	{
				"start":	8.000535,
				"end":	9.000534,
				"seconds":	0.99999898672103882,
				"bytes":	131072,
				"bits_per_second":	1048577.0625010766,
				"retransmits":	0,
				"omitted":	false,
				"sender":	true
			}
		}, {
			"streams":	[{
					"socket":	5,
					"start":	9.000534,
					"end":	10.000501,
					"seconds":	0.99996697902679443,
					"bytes":	262144,
					"bits_per_second":	2097221.2522867778,
					"retransmits":	0,
					"snd_cwnd":	24616,
					"snd_wnd":	153728,
					"rtt":	89578,
					"rttvar":	738,
					"pmtu":	1500,
					"omitted":	false,
					"sender":	true
				}],
			"sum":	{
				"start":	9.000534,
				"end":	10.000501,
				"seconds":	0.99996697902679443,
				"bytes":	262144,
				"bits_per_second":	2097221.2522867778,
				"retransmits":	0,
				"omitted":	false,
				"sender":	true
			}
		}, {
			"streams":	[{
					"socket":	5,
					"start":	10.000501,
					"end":	11.000537,
					"seconds":	1.0000360012054443,
					"bytes":	262144,
					"bits_per_second":	2097076.5027179932,
					"retransmits":	3,
					"snd_cwnd":	24616,
					"snd_wnd":	153728,
					"rtt":	92258,
					"rttvar":	5274,
					"pmtu":	1500,
					"omitted":	false,
					"sender":	true
				}],
			"sum":	{
				"start":	10.000501,
				"end":	11.000537,
				"seconds":	1.0000360012054443,
				"bytes":	262144,
				"bits_per_second":	2097076.5027179932,
				"retransmits":	3,
				"omitted":	false,
				"sender":	true
			}
		}, {
			"streams":	[{
					"socket":	5,
					"start":	11.000537,
					"end":	12.000538,
					"seconds":	1.0000009536743164,
					"bytes":	262144,
					"bits_per_second":	2097150.0000019073,
					"retransmits":	7,
					"snd_cwnd":	10136,
					"snd_wnd":	152192,
					"rtt":	91613,
					"rttvar":	5046,
					"pmtu":	1500,
					"omitted":	false,
					"sender":	true
				}],
			"sum":	{
				"start":	11.000537,
				"end":	12.000538,
				"seconds":	1.0000009536743164,
				"bytes":	262144,
				"bits_per_second":	2097150.0000019073,
				"retransmits":	7,
				"omitted":	false,