{
	"start":	{
		"connected":	[{
				"socket":	5,
				"local_host":	"172.20.171.186",
				"local_port":	35978,
				"remote_host":	"54.227.41.78",
				"remote_port":	5201
			}],
		"version":	"iperf 3.16",
		"system_info":	"Linux DESKTOP-OR35M89 6.18.33.1-microsoft-standard-WSL2 #1 SMP PREEMPT_DYNAMIC Fri Jun  5 01:12:21 UTC 2026 x86_64",
		"timestamp":	{
			"time":	"Thu, 25 Jun 2026 22:21:10 GMT",
			"timesecs":	1782426070
		},
		"connecting_to":	{
			"host":	"54.227.41.78",
			"port":	5201
		},
		"cookie":	"aikduuphqgxyn6h2ccbyjrcnvo7yzgzbo5kk",
		"tcp_mss_default":	1448,
		"target_bitrate":	100000000,
		"fq_rate":	0,
		"sock_bufsize":	0,
		"sndbuf_actual":	16384,
		"rcvbuf_actual":	131072,
		"test_start":	{
			"protocol":	"TCP",
			"num_streams":	1,
			"blksize":	131072,
			"omit":	0,
			"duration":	30,
			"bytes":	0,
			"blocks":	0,
			"reverse":	0,
			"tos":	0,
			"target_bitrate":	100000000,
			"bidir":	0,
			"fqrate":	0
		}
	},
	"intervals":	[{
			"streams":	[{
					"socket":	5,
					"start":	0,
					"end":	1.000149,
					"seconds":	1.0001490116119385,
					"bytes":	655360,
					"bits_per_second":	5242098.8663979769,
					"retransmits":	6,
					"snd_cwnd":	26064,
					"snd_wnd":	487040,
					"rtt":	102330,
					"rttvar":	4112,
					"pmtu":	1500,
					"omitted":	false,
					"sender":	true
				}],
			"sum":	{
				"start":	0,
				"end":	1.000149,
				"seconds":	1.0001490116119385,
				"bytes":	655360,
				"bits_per_second":	5242098.8663979769,
				"retransmits":	6,
				"omitted":	false,
				"sender":	true
			}
		}, {
			"streams":	[{
					"socket":	5,
					"start":	1.000149,
					"end":	2.000535,
					"seconds":	1.0003859996795654,
					"bytes":	131072,
					"bits_per_second":	1048171.4061730875,
					"retransmits":	3,
					"snd_cwnd":	17376,
					"snd_wnd":	487040,
					"rtt":	101807,
					"rttvar":	5761,
					"pmtu":	1500,
					"omitted":	false,
					"sender":	true
				}],
			"sum":	{
				"start":	1.000149,
				"end":	2.000535,
				"seconds":	1.0003859996795654,
				"bytes":	131072,
				"bits_per_second":	1048171.4061730875,
				"retransmits":	3,
				"omitted":	false,
				"sender":	true
			}
		}, {
			"streams":	[{
					"socket":	5,
					"start":	2.000535,
					"end":	3.000436,
					"seconds":	0.999900996685028,
					"bytes":	262144,
					"bits_per_second":	2097359.6455575987,
					"retransmits":	6,
					"snd_cwnd":	11584,
					"snd_wnd":	487040,
					"rtt":	101854,
					"rttvar":	4770,
					"pmtu":	1500,
					"omitted":	false,
					"sender":	true
				}],
			"sum":	{
				"start":	2.000535,
				"end":	3.000436,
				"seconds":	0.999900996685028,
				"bytes":	262144,
				"bits_per_second":	2097359.6455575987,
				"retransmits":	6,
				"omitted":	false,
				"sender":	true
			}
		}, {
			"streams":	[{
					"socket":	5,
					"start":	3.000436,
					"end":	4.000108,
					"seconds":	0.999671995639801,
					"bytes":	131072,
					"bits_per_second":	1048920.0503500148,
					"retransmits":	3,
					"snd_cwnd":	7240,
					"snd_wnd":	487040,
					"rtt":	117533,
					"rttvar":	22023,
					"pmtu":	1500,
					"omitted":	false,
					"sender":	true
				}],
			"sum":	{
				"start":	3.000436,
				"end":	4.000108,
				"seconds":	0.999671995639801,
				"bytes":	131072,
				"bits_per_second":	1048920.0503500148,
				"retransmits":	3,
				"omitted":	false,
				"sender":	true
			}
		}, {
			"streams":	[{
					"socket":	5,
					"start":	4.000108,
					"end":	5.000412,
					"seconds":	1.0003039836883545,
					"bytes":	0,
					"bits_per_second":	0,
					"retransmits":	3,
					"snd_cwnd":	8688,
					"snd_wnd":	487040,
					"rtt":	110178,
					"rttvar":	16883,
					"pmtu":	1500,
					"omitted":	false,
					"sender":	true
				}],
			"sum":	{
				"start":	4.000108,
				"end":	5.000412,
				"seconds":	1.0003039836883545,
				"bytes":	0,
				"bits_per_second":	0,
				"retransmits":	3,
				"omitted":	false,
				"sender":	true
			}
		}, {
			"streams":	[{
					"socket":	5,
					"start":	5.000412,
					"end":	6.00052,
					"seconds":	1.000108003616333,
					"bytes":	0,
					"bits_per_second":	0,
					"retransmits":	2,
					"snd_cwnd":	10136,
					"snd_wnd":	487040,
					"rtt":	106866,
					"rttvar":	12562,
					"pmtu":	1500,
					"omitted":	false,
					"sender":	true
				}],
			"sum":	{
				"start":	5.000412,
				"end":	6.00052,
				"seconds":	1.000108003616333,
				"bytes":	0,
				"bits_per_second":	0,
				"retransmits":	2,
				"omitted":	false,
				"sender":	true
			}
		}, {
			"streams":	[{
					"socket":	5,
					"start":	6.00052,
					"end":	7.000473,
					"seconds":	0.99995297193527222,
					"bytes":	262144,
					"bits_per_second":	2097250.6296383608,
					"retransmits":	2,
					"snd_cwnd":	11584,
					"snd_wnd":	487040,
					"rtt":	104018,
					"rttvar":	9715,
					"pmtu":	1500,
					"omitted":	false,
					"sender":	true
				}],
			"sum":	{
				"start":	6.00052,
				"end":	7.000473,
				"seconds":	0.99995297193527222,
				"bytes":	262144,
				"bits_per_second":	2097250.6296383608,
				"retransmits":	2,
				"omitted":	false,
				"sender":	true
			}
		}, {
			"streams":	[{
					"socket":	5,
					"start":	7.000473,
					"end":	8.000521,
					"seconds":	1.000048041343689,
					"bytes":	0,
					"bits_per_second":	0,
					"retransmits":	6,
					"snd_cwnd":	5792,
					"snd_wnd":	487040,
					"rtt":	102691,
					"rttvar":	6520,
					"pmtu":	1500,
					"omitted":	false,
					"sender":	true
				}],
			"sum":	{
				"start":	7.000473,
				"end":	8.000521,
				"seconds":	1.000048041343689,
				"bytes":	0,
				"bits_per_second":	0,
				"retransmits":	6,
				"omitted":	false,
				"sender":	true
			}
		}, {
			"streams":	[{
					"socket":	5,
					"start":	8.000521,
					"end":	9.000519,
					"seconds":	0.99999797344207764,
					"bytes":	131072,
					"bits_per_second":	1048578.1250043064,
					"retransmits":	3,
					"snd_cwnd":	7240,
					"snd_wnd":	487040,
					"rtt":	103213,
					"rttvar":	9561,
					"pmtu":	1500,
					"omitted":	false,
					"sender":	true
				}],
			"sum":	{
				"start":	8.000521,
				"end":	9.000519,
				"seconds":	0.99999797344207764,
				"bytes":	131072,
				"bits_per_second":	1048578.1250043064,
				"retransmits":	3,
				"omitted":	false,
				"sender":	true
			}
		}, {
			"streams":	[{
					"socket":	5,
					"start":	9.000519,
					"end":	10.000117,
					"seconds":	0.99959802627563477,
					"bytes":	0,
					"bits_per_second":	0,
					"retransmits":	3,
					"snd_cwnd":	4344,
					"snd_wnd":	487040,
					"rtt":	99456,
					"rttvar":	1904,
					"pmtu":	1500,
					"omitted":	false,
					"sender":	true
				}],
			"sum":	{
				"start":	9.000519,
				"end":	10.000117,
				"seconds":	0.99959802627563477,
				"bytes":	0,
				"bits_per_second":	0,
				"retransmits":	3,
				"omitted":	false,
				"sender":	true
			}
		}, {
			"streams":	[{
					"socket":	5,
					"start":	10.000117,
					"end":	11.000426,
					"seconds":	1.0003089904785156,
					"bytes":	0,
					"bits_per_second":	0,
					"retransmits":	2,
					"snd_cwnd":	7240,
					"snd_wnd":	485632,
					"rtt":	109694,
					"rttvar":	17982,
					"pmtu":	1500,
					"omitted":	false,
					"sender":	true
				}],
			"sum":	{
				"start":	10.000117,
				"end":	11.000426,
				"seconds":	1.0003089904785156,
				"bytes":	0,
				"bits_per_second":	0,
				"retransmits":	2,
				"omitted":	false,
				"sender":	true
			}
		}, {
			"streams":	[{
					"socket":	5,
					"start":	11.000426,
					"end":	12.000524,
					"seconds":	1.0000979900360107,
					"bytes":	131072,
					"bits_per_second":	1048473.2600674897,
					"retransmits":	3,
					"snd_cwnd":	2896,
					"snd_wnd":	480512,
					"rtt":	100633,
					"rttvar":	6365,
					"pmtu":	1500,
					"omitted":	false,
					"sender":	true
				}],
			"sum":	{
				"start":	11.000426,
				"end":	12.000524,
				"seconds":	1.0000979900360107,
				"bytes":	131072,
				"bits_per_second":	1048473.2600674897,
				"retransmits":	3,
				"omitted":	false,
				"sender":	true
			}
		}, {
			"streams":	[{
					"socket":	5,
					"start":	12.000524,
					"end":	13.000548,
					"seconds":	1.0000239610672,