{
	"start":	{
		"connected":	[{
				"socket":	5,
				"local_host":	"172.20.171.186",
				"local_port":	48556,
				"remote_host":	"54.227.41.78",
				"remote_port":	5201
			}],
		"version":	"iperf 3.16",
		"system_info":	"Linux DESKTOP-OR35M89 6.18.33.1-microsoft-standard-WSL2 #1 SMP PREEMPT_DYNAMIC Fri Jun  5 01:12:21 UTC 2026 x86_64",
		"timestamp":	{
			"time":	"Thu, 25 Jun 2026 23:32:49 GMT",
			"timesecs":	1782430369
		},
		"connecting_to":	{
			"host":	"54.227.41.78",
			"port":	5201
		},
		"cookie":	"c2ntidx4tenrqmktu6soewwsgxnx5wsj2mph",
		"tcp_mss_default":	1448,
		"target_bitrate":	100000000,
		"fq_rate":	0,
		"sock_bufsize":	0,
		"sndbuf_actual":	16384,
		"rcvbuf_actual":	131072,
		"test_start":	{
			"protocol":	"TCP",
			"num_streams":	1,
			"blksize":	131072,
			"omit":	0,
			"duration":	30,
			"bytes":	0,
			"blocks":	0,
			"reverse":	0,
			"tos":	0,
			"target_bitrate":	100000000,
			"bidir":	0,
			"fqrate":	0
		}
	},
	"intervals":	[{
			"streams":	[{
					"socket":	5,
					"start":	0,
					"end":	1.000386,
					"seconds":	1.0003859996795654,
					"bytes":	131072,
					"bits_per_second":	1048171.4061730875,
					"retransmits":	6,
					"snd_cwnd":	14480,
					"snd_wnd":	142208,
					"rtt":	101917,
					"rttvar":	7801,
					"pmtu":	1500,
					"omitted":	false,
					"sender":	true
				}],
			"sum":	{
				"start":	0,
				"end":	1.000386,
				"seconds":	1.0003859996795654,
				"bytes":	131072,
				"bits_per_second":	1048171.4061730875,
				"retransmits":	6,
				"omitted":	false,
				"sender":	true
			}
		}, {
			"streams":	[{
					"socket":	5,
					"start":	1.000386,
					"end":	2.000526,
					"seconds":	1.0001399517059326,
					"bytes":	131072,
					"bits_per_second":	1048429.2705350389,
					"retransmits":	7,
					"snd_cwnd":	5792,
					"snd_wnd":	139392,
					"rtt":	99936,
					"rttvar":	5243,
					"pmtu":	1500,
					"omitted":	false,
					"sender":	true
				}],
			"sum":	{
				"start":	1.000386,
				"end":	2.000526,
				"seconds":	1.0001399517059326,
				"bytes":	131072,
				"bits_per_second":	1048429.2705350389,
				"retransmits":	7,
				"omitted":	false,
				"sender":	true
			}
		}, {
			"streams":	[{
					"socket":	5,
					"start":	2.000526,
					"end":	3.000558,
					"seconds":	1.0000319480895996,
					"bytes":	0,
					"bits_per_second":	0,
					"retransmits":	1,
					"snd_cwnd":	8688,
					"snd_wnd":	142208,
					"rtt":	104836,
					"rttvar":	12849,
					"pmtu":	1500,
					"omitted":	false,
					"sender":	true
				}],
			"sum":	{
				"start":	2.000526,
				"end":	3.000558,
				"seconds":	1.0000319480895996,
				"bytes":	0,
				"bits_per_second":	0,
				"retransmits":	1,
				"omitted":	false,
				"sender":	true
			}
		}, {
			"streams":	[{
					"socket":	5,
					"start":	3.000558,
					"end":	4.000548,
					"seconds":	0.99998998641967773,
					"bytes":	131072,
					"bits_per_second":	1048586.5001051438,
					"retransmits":	3,
					"snd_cwnd":	5792,
					"snd_wnd":	142208,
					"rtt":	109952,
					"rttvar":	19617,
					"pmtu":	1500,
					"omitted":	false,
					"sender":	true
				}],
			"sum":	{
				"start":	3.000558,
				"end":	4.000548,
				"seconds":	0.99998998641967773,
				"bytes":	131072,
				"bits_per_second":	1048586.5001051438,
				"retransmits":	3,
				"omitted":	false,
				"sender":	true
			}
		}, {
			"streams":	[{
					"socket":	5,
					"start":	4.000548,
					"end":	5.000526,
					"seconds":	0.999978005886078,
					"bytes":	0,
					"bits_per_second":	0,
					"retransmits":	3,
					"snd_cwnd":	5792,
					"snd_wnd":	142208,
					"rtt":	117195,
					"rttvar":	27961,
					"pmtu":	1500,
					"omitted":	false,
					"sender":	true
				}],
			"sum":	{
				"start":	4.000548,
				"end":	5.000526,
				"seconds":	0.999978005886078,
				"bytes":	0,
				"bits_per_second":	0,
				"retransmits":	3,
				"omitted":	false,
				"sender":	true
			}
		}, {
			"streams":	[{
					"socket":	5,
					"start":	5.000526,
					"end":	6.000134,
					"seconds":	0.99960798025131226,
					"bytes":	0,
					"bits_per_second":	0,
					"retransmits":	4,
					"snd_cwnd":	2896,
					"snd_wnd":	140800,
					"rtt":	109933,
					"rttvar":	23252,
					"pmtu":	1500,
					"omitted":	false,
					"sender":	true
				}],
			"sum":	{
				"start":	5.000526,
				"end":	6.000134,
				"seconds":	0.99960798025131226,
				"bytes":	0,
				"bits_per_second":	0,
				"retransmits":	4,
				"omitted":	false,
				"sender":	true
			}
		}, {
			"streams":	[{
					"socket":	5,
					"start":	6.000134,
					"end":	7.000542,
					"seconds":	1.0004080533981323,
					"bytes":	131072,
					"bits_per_second":	1048148.2995246324,
					"retransmits":	3,
					"snd_cwnd":	5792,
					"snd_wnd":	142208,
					"rtt":	111077,
					"rttvar":	20960,
					"pmtu":	1500,
					"omitted":	false,
					"sender":	true
				}],
			"sum":	{
				"start":	6.000134,
				"end":	7.000542,
				"seconds":	1.0004080533981323,
				"bytes":	131072,
				"bits_per_second":	1048148.2995246324,
				"retransmits":	3,
				"omitted":	false,
				"sender":	true
			}
		}, {
			"streams":	[{
					"socket":	5,
					"start":	7.000542,
					"end":	8.000566,
					"seconds":	1.0000239610672,
					"bytes":	0,
					"bits_per_second":	0,
					"retransmits":	2,
					"snd_cwnd":	7240,
					"snd_wnd":	142208,
					"rtt":	104483,
					"rttvar":	10860,
					"pmtu":	1500,
					"omitted":	false,
					"sender":	true
				}],
			"sum":	{
				"start":	7.000542,
				"end":	8.000566,
				"seconds":	1.0000239610672,
				"bytes":	0,
				"bits_per_second":	0,
				"retransmits":	2,
				"omitted":	false,
				"sender":	true
			}
		}, {
			"streams":	[{
					"socket":	5,
					"start":	8.000566,
					"end":	9.000176,
					"seconds":	0.99961000680923462,
					"bytes":	131072,
					"bits_per_second":	1048985.0970450619,
					"retransmits":	4,
					"snd_cwnd":	5792,
					"snd_wnd":	140800,
					"rtt":	108593,
					"rttvar":	18142,
					"pmtu":	1500,
					"omitted":	false,
					"sender":	true
				}],
			"sum":	{
				"start":	8.000566,
				"end":	9.000176,
				"seconds":	0.99961000680923462,
				"bytes":	131072,
				"bits_per_second":	1048985.0970450619,
				"retransmits":	4,
				"omitted":	false,
				"sender":	true
			}
		}, {
			"streams":	[{
					"socket":	5,
					"start":	9.000176,
					"end":	10.000576,
					"seconds":	1.0003999471664429,
					"bytes":	0,
					"bits_per_second":	0,
					"retransmits":	2,
					"snd_cwnd":	4344,
					"snd_wnd":	142208,
					"rtt":	117070,
					"rttvar":	30472,
					"pmtu":	1500,
					"omitted":	false,
					"sender":	true
				}],
			"sum":	{
				"start":	9.000176,
				"end":	10.000576,
				"seconds":	1.0003999471664429,
				"bytes":	0,
				"bits_per_second":	0,
				"retransmits":	2,
				"omitted":	false,
				"sender":	true
			}
		}, {
			"streams":	[{
					"socket":	5,
					"start":	10.000576,
					"end":	11.000536,
					"seconds":	0.99996000528335571,
					"bytes":	0,
					"bits_per_second":	0,
					"retransmits":	2,
					"snd_cwnd":	5792,
					"snd_wnd":	140800,
					"rtt":	105294,
					"rttvar":	10807,
					"pmtu":	1500,
					"omitted":	false,
					"sender":	true
				}],
			"sum":	{
				"start":	10.000576,
				"end":	11.000536,
				"seconds":	0.99996000528335571,
				"bytes":	0,
				"bits_per_second":	0,
				"retransmits":	2,
				"omitted":	false,
				"sender":	true
			}
		}, {
			"streams":	[{
					"socket":	5,
					"start":	11.000536,
					"end":	12.000131,
					"seconds":	0.99959498643875122,
					"bytes":	131072,
					"bits_per_second":	1049000.8595738891,
					"retransmits":	5,
					"snd_cwnd":	2896,
					"snd_wnd":	138240,
					"rtt":	108184,
					"rttvar":	19436,
					"pmtu":	1500,
					"omitted":	false,
					"sender":	true
				}],
			"sum":	{
				"start":	11.000536,
				"end":	12.000131,
				"seconds":	0.99959498643875122,
				"bytes":	131072,
				"bits_per_second":	1049000.8595738891,
				"retransmits":	5,
				"omitted":	false,
				"sender":	true
			}
		}, {
			"streams":	[{
					"socket":	5,
					"start":	12.000131,
					"end":	13.000551,
					"seconds":	1.0004199743270874,
					"bytes":	0,
					"bits_per_second":	0,