{
	"start":	{
		"connected":	[{
				"socket":	5,
				"local_host":	"172.20.171.186",
				"local_port":	60548,
				"remote_host":	"54.227.41.78",
				"remote_port":	5201
			}],
		"version":	"iperf 3.16",
		"system_info":	"Linux DESKTOP-OR35M89 6.18.33.1-microsoft-standard-WSL2 #1 SMP PREEMPT_DYNAMIC Fri Jun  5 01:12:21 UTC 2026 x86_64",
		"timestamp":	{
			"time":	"Thu, 25 Jun 2026 22:56:43 GMT",
			"timesecs":	1782428203
		},
		"connecting_to":	{
			"host":	"54.227.41.78",
			"port":	5201
		},
		"cookie":	"fvocwtb2okqdyfhddu6sgs5qyu5rnz6owf2o",
		"tcp_mss_default":	1448,
		"target_bitrate":	100000000,
		"fq_rate":	0,
		"sock_bufsize":	0,
		"sndbuf_actual":	16384,
		"rcvbuf_actual":	131072,
		"test_start":	{
			"protocol":	"TCP",
			"num_streams":	1,
			"blksize":	131072,
			"omit":	0,
			"duration":	30,
			"bytes":	0,
			"blocks":	0,
			"reverse":	0,
			"tos":	0,
			"target_bitrate":	100000000,
			"bidir":	0,
			"fqrate":	0
		}
	},
	"intervals":	[{
			"streams":	[{
					"socket":	5,
					"start":	0,
					"end":	1.000202,
					"seconds":	1.000201940536499,
					"bytes":	655360,
					"bits_per_second":	5241821.4637613762,
					"retransmits":	10,
					"snd_cwnd":	20272,
					"snd_wnd":	469760,
					"rtt":	97334,
					"rttvar":	983,
					"pmtu":	1500,
					"omitted":	false,
					"sender":	true
				}],
			"sum":	{
				"start":	0,
				"end":	1.000202,
				"seconds":	1.000201940536499,
				"bytes":	655360,
				"bits_per_second":	5241821.4637613762,
				"retransmits":	10,
				"omitted":	false,
				"sender":	true
			}
		}, {
			"streams":	[{
					"socket":	5,
					"start":	1.000202,
					"end":	2.00014,
					"seconds":	0.99993801116943359,
					"bytes":	131072,
					"bits_per_second":	1048641.0040295238,
					"retransmits":	2,
					"snd_cwnd":	15928,
					"snd_wnd":	471296,
					"rtt":	103852,
					"rttvar":	7347,
					"pmtu":	1500,
					"omitted":	false,
					"sender":	true
				}],
			"sum":	{
				"start":	1.000202,
				"end":	2.00014,
				"seconds":	0.99993801116943359,
				"bytes":	131072,
				"bits_per_second":	1048641.0040295238,
				"retransmits":	2,
				"omitted":	false,
				"sender":	true
			}
		}, {
			"streams":	[{
					"socket":	5,
					"start":	2.00014,
					"end":	3.000147,
					"seconds":	1.0000070333480835,
					"bytes":	0,
					"bits_per_second":	0,
					"retransmits":	5,
					"snd_cwnd":	2896,
					"snd_wnd":	471296,
					"rtt":	104478,
					"rttvar":	12020,
					"pmtu":	1500,
					"omitted":	false,
					"sender":	true
				}],
			"sum":	{
				"start":	2.00014,
				"end":	3.000147,
				"seconds":	1.0000070333480835,
				"bytes":	0,
				"bits_per_second":	0,
				"retransmits":	5,
				"omitted":	false,
				"sender":	true
			}
		}, {
			"streams":	[{
					"socket":	5,
					"start":	3.000147,
					"end":	4.00056,
					"seconds":	1.0004129409790039,
					"bytes":	131072,
					"bits_per_second":	1048143.1787296392,
					"retransmits":	0,
					"snd_cwnd":	8688,
					"snd_wnd":	471296,
					"rtt":	107246,
					"rttvar":	15207,
					"pmtu":	1500,
					"omitted":	false,
					"sender":	true
				}],
			"sum":	{
				"start":	3.000147,
				"end":	4.00056,
				"seconds":	1.0004129409790039,
				"bytes":	131072,
				"bits_per_second":	1048143.1787296392,
				"retransmits":	0,
				"omitted":	false,
				"sender":	true
			}
		}, {
			"streams":	[{
					"socket":	5,
					"start":	4.00056,
					"end":	5.00056,
					"seconds":	1,
					"bytes":	0,
					"bits_per_second":	0,
					"retransmits":	2,
					"snd_cwnd":	11584,
					"snd_wnd":	471296,
					"rtt":	106524,
					"rttvar":	11831,
					"pmtu":	1500,
					"omitted":	false,
					"sender":	true
				}],
			"sum":	{
				"start":	4.00056,
				"end":	5.00056,
				"seconds":	1,
				"bytes":	0,
				"bits_per_second":	0,
				"retransmits":	2,
				"omitted":	false,
				"sender":	true
			}
		}, {
			"streams":	[{
					"socket":	5,
					"start":	5.00056,
					"end":	6.000562,
					"seconds":	1.0000020265579224,
					"bytes":	131072,
					"bits_per_second":	1048573.8750043064,
					"retransmits":	4,
					"snd_cwnd":	8688,
					"snd_wnd":	469760,
					"rtt":	103655,
					"rttvar":	10664,
					"pmtu":	1500,
					"omitted":	false,
					"sender":	true
				}],
			"sum":	{
				"start":	5.00056,
				"end":	6.000562,
				"seconds":	1.0000020265579224,
				"bytes":	131072,
				"bits_per_second":	1048573.8750043064,
				"retransmits":	4,
				"omitted":	false,
				"sender":	true
			}
		}, {
			"streams":	[{
					"socket":	5,
					"start":	6.000562,
					"end":	7.000591,
					"seconds":	1.0000289678573608,
					"bytes":	0,
					"bits_per_second":	0,
					"retransmits":	6,
					"snd_cwnd":	4344,
					"snd_wnd":	468224,
					"rtt":	102039,
					"rttvar":	8345,
					"pmtu":	1500,
					"omitted":	false,
					"sender":	true
				}],
			"sum":	{
				"start":	6.000562,
				"end":	7.000591,
				"seconds":	1.0000289678573608,
				"bytes":	0,
				"bits_per_second":	0,
				"retransmits":	6,
				"omitted":	false,
				"sender":	true
			}
		}, {
			"streams":	[{
					"socket":	5,
					"start":	7.000591,
					"end":	8.000543,
					"seconds":	0.99995201826095581,
					"bytes":	0,
					"bits_per_second":	0,
					"retransmits":	3,
					"snd_cwnd":	4344,
					"snd_wnd":	471296,
					"rtt":	124280,
					"rttvar":	37582,
					"pmtu":	1500,
					"omitted":	false,
					"sender":	true
				}],
			"sum":	{
				"start":	7.000591,
				"end":	8.000543,
				"seconds":	0.99995201826095581,
				"bytes":	0,
				"bits_per_second":	0,
				"retransmits":	3,
				"omitted":	false,
				"sender":	true
			}
		}, {
			"streams":	[{
					"socket":	5,
					"start":	8.000543,
					"end":	9.000546,
					"seconds":	1.0000029802322388,
					"bytes":	131072,
					"bits_per_second":	1048572.8750093132,
					"retransmits":	2,
					"snd_cwnd":	5792,
					"snd_wnd":	471296,
					"rtt":	112195,
					"rttvar":	19922,
					"pmtu":	1500,
					"omitted":	false,
					"sender":	true
				}],
			"sum":	{
				"start":	8.000543,
				"end":	9.000546,
				"seconds":	1.0000029802322388,
				"bytes":	131072,
				"bits_per_second":	1048572.8750093132,
				"retransmits":	2,
				"omitted":	false,
				"sender":	true
			}
		}, {
			"streams":	[{
					"socket":	5,
					"start":	9.000546,
					"end":	10.000136,
					"seconds":	0.99958997964859,
					"bytes":	0,
					"bits_per_second":	0,
					"retransmits":	2,
					"snd_cwnd":	7240,
					"snd_wnd":	471296,
					"rtt":	108285,
					"rttvar":	17046,
					"pmtu":	1500,
					"omitted":	false,
					"sender":	true
				}],
			"sum":	{
				"start":	9.000546,
				"end":	10.000136,
				"seconds":	0.99958997964859,
				"bytes":	0,
				"bits_per_second":	0,
				"retransmits":	2,
				"omitted":	false,
				"sender":	true
			}
		}, {
			"streams":	[{
					"socket":	5,
					"start":	10.000136,
					"end":	11.000582,
					"seconds":	1.0004459619522095,
					"bytes":	131072,
					"bits_per_second":	1048108.5834499971,
					"retransmits":	0,
					"snd_cwnd":	14480,
					"snd_wnd":	471296,
					"rtt":	105619,
					"rttvar":	10387,
					"pmtu":	1500,
					"omitted":	false,
					"sender":	true
				}],
			"sum":	{
				"start":	10.000136,
				"end":	11.000582,
				"seconds":	1.0004459619522095,
				"bytes":	131072,
				"bits_per_second":	1048108.5834499971,
				"retransmits":	0,
				"omitted":	false,
				"sender":	true
			}
		}, {
			"streams":	[{
					"socket":	5,
					"start":	11.000582,
					"end":	12.000453,
					"seconds":	0.999871015548706,
					"bytes":	131072,
					"bits_per_second":	1048711.2674473976,
					"retransmits":	6,
					"snd_cwnd":	4344,
					"snd_wnd":	464384,
					"rtt":	101426,
					"rttvar":	6856,
					"pmtu":	1500,
					"omitted":	false,
					"sender":	true
				}],
			"sum":	{
				"start":	11.000582,
				"end":	12.000453,
				"seconds":	0.999871015548706,
				"bytes":	131072,
				"bits_per_second":	1048711.2674473976,
				"retransmits":	6,
				"omitted":	false,
				"sender":	true
			}
		}, {
			"streams":	[{
					"socket":	5,
					"start":	12.000453,
					"end":	13.000598,
					"seconds":	1.0001449584960938,
					"bytes":	0,
					"bits_per_second":	0,