{
	"start":	{
		"connected":	[{
				"socket":	5,
				"local_host":	"172.20.171.186",
				"local_port":	33458,
				"remote_host":	"54.227.41.78",
				"remote_port":	5201
			}],
		"version":	"iperf 3.16",
		"system_info":	"Linux DESKTOP-OR35M89 6.18.33.1-microsoft-standard-WSL2 #1 SMP PREEMPT_DYNAMIC Fri Jun  5 01:12:21 UTC 2026 x86_64",
		"timestamp":	{
			"time":	"Thu, 25 Jun 2026 22:51:46 GMT",
			"timesecs":	1782427906
		},
		"connecting_to":	{
			"host":	"54.227.41.78",
			"port":	5201
		},
		"cookie":	"v3xggnnffsq2wa3r3fcsh7itvf3ztclkhct7",
		"tcp_mss_default":	1448,
		"target_bitrate":	100000000,
		"fq_rate":	0,
		"sock_bufsize":	0,
		"sndbuf_actual":	16384,
		"rcvbuf_actual":	131072,
		"test_start":	{
			"protocol":	"TCP",
			"num_streams":	1,
			"blksize":	131072,
			"omit":	0,
			"duration":	30,
			"bytes":	0,
			"blocks":	0,
			"reverse":	0,
			"tos":	0,
			"target_bitrate":	100000000,
			"bidir":	0,
			"fqrate":	0
		}
	},
	"intervals":	[{
			"streams":	[{
					"socket":	5,
					"start":	0,
					"end":	1.000309,
					"seconds":	1.0003089904785156,
					"bytes":	524288,
					"bits_per_second":	4193008.4003279628,
					"retransmits":	7,
					"snd_cwnd":	24616,
					"snd_wnd":	762240,
					"rtt":	104432,
					"rttvar":	3454,
					"pmtu":	1500,
					"omitted":	false,
					"sender":	true
				}],
			"sum":	{
				"start":	0,
				"end":	1.000309,
				"seconds":	1.0003089904785156,
				"bytes":	524288,
				"bits_per_second":	4193008.4003279628,
				"retransmits":	7,
				"omitted":	false,
				"sender":	true
			}
		}, {
			"streams":	[{
					"socket":	5,
					"start":	1.000309,
					"end":	2.000528,
					"seconds":	1.0002189874649048,
					"bytes":	262144,
					"bits_per_second":	2096692.8505479745,
					"retransmits":	5,
					"snd_cwnd":	13032,
					"snd_wnd":	762240,
					"rtt":	99450,
					"rttvar":	2661,
					"pmtu":	1500,
					"omitted":	false,
					"sender":	true
				}],
			"sum":	{
				"start":	1.000309,
				"end":	2.000528,
				"seconds":	1.0002189874649048,
				"bytes":	262144,
				"bits_per_second":	2096692.8505479745,
				"retransmits":	5,
				"omitted":	false,
				"sender":	true
			}
		}, {
			"streams":	[{
					"socket":	5,
					"start":	2.000528,
					"end":	3.000532,
					"seconds":	1.0000040531158447,
					"bytes":	131072,
					"bits_per_second":	1048571.7500172256,
					"retransmits":	3,
					"snd_cwnd":	10136,
					"snd_wnd":	762240,
					"rtt":	99591,
					"rttvar":	3298,
					"pmtu":	1500,
					"omitted":	false,
					"sender":	true
				}],
			"sum":	{
				"start":	2.000528,
				"end":	3.000532,
				"seconds":	1.0000040531158447,
				"bytes":	131072,
				"bits_per_second":	1048571.7500172256,
				"retransmits":	3,
				"omitted":	false,
				"sender":	true
			}
		}, {
			"streams":	[{
					"socket":	5,
					"start":	3.000532,
					"end":	4.000144,
					"seconds":	0.99961197376251221,
					"bytes":	0,
					"bits_per_second":	0,
					"retransmits":	2,
					"snd_cwnd":	10136,
					"snd_wnd":	762240,
					"rtt":	100627,
					"rttvar":	5480,
					"pmtu":	1500,
					"omitted":	false,
					"sender":	true
				}],
			"sum":	{
				"start":	3.000532,
				"end":	4.000144,
				"seconds":	0.99961197376251221,
				"bytes":	0,
				"bits_per_second":	0,
				"retransmits":	2,
				"omitted":	false,
				"sender":	true
			}
		}, {
			"streams":	[{
					"socket":	5,
					"start":	4.000144,
					"end":	5.000207,
					"seconds":	1.0000629425048828,
					"bytes":	262144,
					"bits_per_second":	2097020.0083078877,
					"retransmits":	6,
					"snd_cwnd":	11584,
					"snd_wnd":	763648,
					"rtt":	112081,
					"rttvar":	15468,
					"pmtu":	1500,
					"omitted":	false,
					"sender":	true
				}],
			"sum":	{
				"start":	4.000144,
				"end":	5.000207,
				"seconds":	1.0000629425048828,
				"bytes":	262144,
				"bits_per_second":	2097020.0083078877,
				"retransmits":	6,
				"omitted":	false,
				"sender":	true
			}
		}, {
			"streams":	[{
					"socket":	5,
					"start":	5.000207,
					"end":	6.000514,
					"seconds":	1.0003069639205933,
					"bytes":	131072,
					"bits_per_second":	1048254.223773692,
					"retransmits":	2,
					"snd_cwnd":	11584,
					"snd_wnd":	762240,
					"rtt":	101347,
					"rttvar":	3148,
					"pmtu":	1500,
					"omitted":	false,
					"sender":	true
				}],
			"sum":	{
				"start":	5.000207,
				"end":	6.000514,
				"seconds":	1.0003069639205933,
				"bytes":	131072,
				"bits_per_second":	1048254.223773692,
				"retransmits":	2,
				"omitted":	false,
				"sender":	true
			}
		}, {
			"streams":	[{
					"socket":	5,
					"start":	6.000514,
					"end":	7.000145,
					"seconds":	0.99963098764419556,
					"bytes":	0,
					"bits_per_second":	0,
					"retransmits":	0,
					"snd_cwnd":	20272,
					"snd_wnd":	763648,
					"rtt":	100844,
					"rttvar":	2488,
					"pmtu":	1500,
					"omitted":	false,
					"sender":	true
				}],
			"sum":	{
				"start":	6.000514,
				"end":	7.000145,
				"seconds":	0.99963098764419556,
				"bytes":	0,
				"bits_per_second":	0,
				"retransmits":	0,
				"omitted":	false,
				"sender":	true
			}
		}, {
			"streams":	[{
					"socket":	5,
					"start":	7.000145,
					"end":	8.000151,
					"seconds":	1.0000059604644775,
					"bytes":	131072,
					"bits_per_second":	1048569.7500372527,
					"retransmits":	5,
					"snd_cwnd":	11584,
					"snd_wnd":	763648,
					"rtt":	104340,
					"rttvar":	10968,
					"pmtu":	1500,
					"omitted":	false,
					"sender":	true
				}],
			"sum":	{
				"start":	7.000145,
				"end":	8.000151,
				"seconds":	1.0000059604644775,
				"bytes":	131072,
				"bits_per_second":	1048569.7500372527,
				"retransmits":	5,
				"omitted":	false,
				"sender":	true
			}
		}, {
			"streams":	[{
					"socket":	5,
					"start":	8.000151,
					"end":	9.000093,
					"seconds":	0.99994200468063354,
					"bytes":	0,
					"bits_per_second":	0,
					"retransmits":	6,
					"snd_cwnd":	7240,
					"snd_wnd":	762240,
					"rtt":	99584,
					"rttvar":	2933,
					"pmtu":	1500,
					"omitted":	false,
					"sender":	true
				}],
			"sum":	{
				"start":	8.000151,
				"end":	9.000093,
				"seconds":	0.99994200468063354,
				"bytes":	0,
				"bits_per_second":	0,
				"retransmits":	6,
				"omitted":	false,
				"sender":	true
			}
		}, {
			"streams":	[{
					"socket":	5,
					"start":	9.000093,
					"end":	10.000145,
					"seconds":	1.0000519752502441,
					"bytes":	262144,
					"bits_per_second":	2097043.0056650077,
					"retransmits":	2,
					"snd_cwnd":	8688,
					"snd_wnd":	763648,
					"rtt":	105634,
					"rttvar":	13022,
					"pmtu":	1500,
					"omitted":	false,
					"sender":	true
				}],
			"sum":	{
				"start":	9.000093,
				"end":	10.000145,
				"seconds":	1.0000519752502441,
				"bytes":	262144,
				"bits_per_second":	2097043.0056650077,
				"retransmits":	2,
				"omitted":	false,
				"sender":	true
			}
		}, {
			"streams":	[{
					"socket":	5,
					"start":	10.000145,
					"end":	11.000141,
					"seconds":	0.9999960064888,
					"bytes":	0,
					"bits_per_second":	0,
					"retransmits":	0,
					"snd_cwnd":	13032,
					"snd_wnd":	763648,
					"rtt":	103148,
					"rttvar":	7796,
					"pmtu":	1500,
					"omitted":	false,
					"sender":	true
				}],
			"sum":	{
				"start":	10.000145,
				"end":	11.000141,
				"seconds":	0.9999960064888,
				"bytes":	0,
				"bits_per_second":	0,
				"retransmits":	0,
				"omitted":	false,
				"sender":	true
			}
		}, {
			"streams":	[{
					"socket":	5,
					"start":	11.000141,
					"end":	12.000194,
					"seconds":	1.00005304813385,
					"bytes":	131072,
					"bits_per_second":	1048520.3779506459,
					"retransmits":	3,
					"snd_cwnd":	10136,
					"snd_wnd":	762240,
					"rtt":	106710,
					"rttvar":	15196,
					"pmtu":	1500,
					"omitted":	false,
					"sender":	true
				}],
			"sum":	{
				"start":	11.000141,
				"end":	12.000194,
				"seconds":	1.00005304813385,
				"bytes":	131072,
				"bits_per_second":	1048520.3779506459,
				"retransmits":	3,
				"omitted":	false,
				"sender":	true
			}
		}, {
			"streams":	[{
					"socket":	5,
					"start":	12.000194,
					"end":	13.000456,