{
	"start":	{
		"connected":	[{
				"socket":	5,
				"local_host":	"172.20.171.186",
				"local_port":	54706,
				"remote_host":	"54.227.41.78",
				"remote_port":	5201
			}],
		"version":	"iperf 3.16",
		"system_info":	"Linux DESKTOP-OR35M89 6.18.33.1-microsoft-standard-WSL2 #1 SMP PREEMPT_DYNAMIC Fri Jun  5 01:12:21 UTC 2026 x86_64",
		"timestamp":	{
			"time":	"Thu, 25 Jun 2026 22:54:00 GMT",
			"timesecs":	1782428040
		},
		"connecting_to":	{
			"host":	"54.227.41.78",
			"port":	5201
		},
		"cookie":	"omu53l2iaooonijzr6tnuu27mccckuuzx3hg",
		"tcp_mss_default":	1448,
		"target_bitrate":	100000000,
		"fq_rate":	0,
		"sock_bufsize":	0,
		"sndbuf_actual":	16384,
		"rcvbuf_actual":	131072,
		"test_start":	{
			"protocol":	"TCP",
			"num_streams":	1,
			"blksize":	131072,
			"omit":	0,
			"duration":	30,
			"bytes":	0,
			"blocks":	0,
			"reverse":	0,
			"tos":	0,
			"target_bitrate":	100000000,
			"bidir":	0,
			"fqrate":	0
		}
	},
	"intervals":	[{
			"streams":	[{
					"socket":	5,
					"start":	0,
					"end":	1.000561,
					"seconds":	1.000560998916626,
					"bytes":	131072,
					"bits_per_second":	1047988.0798225825,
					"retransmits":	5,
					"snd_cwnd":	14480,
					"snd_wnd":	136448,
					"rtt":	107755,
					"rttvar":	14421,
					"pmtu":	1500,
					"omitted":	false,
					"sender":	true
				}],
			"sum":	{
				"start":	0,
				"end":	1.000561,
				"seconds":	1.000560998916626,
				"bytes":	131072,
				"bits_per_second":	1047988.0798225825,
				"retransmits":	5,
				"omitted":	false,
				"sender":	true
			}
		}, {
			"streams":	[{
					"socket":	5,
					"start":	1.000561,
					"end":	2.000537,
					"seconds":	0.99997597932815552,
					"bytes":	131072,
					"bits_per_second":	1048601.1881050351,
					"retransmits":	4,
					"snd_cwnd":	10136,
					"snd_wnd":	136448,
					"rtt":	103214,
					"rttvar":	8348,
					"pmtu":	1500,
					"omitted":	false,
					"sender":	true
				}],
			"sum":	{
				"start":	1.000561,
				"end":	2.000537,
				"seconds":	0.99997597932815552,
				"bytes":	131072,
				"bits_per_second":	1048601.1881050351,
				"retransmits":	4,
				"omitted":	false,
				"sender":	true
			}
		}, {
			"streams":	[{
					"socket":	5,
					"start":	2.000537,
					"end":	3.000104,
					"seconds":	0.99956697225570679,
					"bytes":	131072,
					"bits_per_second":	1049030.2592068396,
					"retransmits":	2,
					"snd_cwnd":	8688,
					"snd_wnd":	134912,
					"rtt":	99742,
					"rttvar":	3208,
					"pmtu":	1500,
					"omitted":	false,
					"sender":	true
				}],
			"sum":	{
				"start":	2.000537,
				"end":	3.000104,
				"seconds":	0.99956697225570679,
				"bytes":	131072,
				"bits_per_second":	1049030.2592068396,
				"retransmits":	2,
				"omitted":	false,
				"sender":	true
			}
		}, {
			"streams":	[{
					"socket":	5,
					"start":	3.000104,
					"end":	4.000105,
					"seconds":	1.0000009536743164,
					"bytes":	131072,
					"bits_per_second":	1048575.0000009537,
					"retransmits":	0,
					"snd_cwnd":	15928,
					"snd_wnd":	136448,
					"rtt":	103741,
					"rttvar":	8298,
					"pmtu":	1500,
					"omitted":	false,
					"sender":	true
				}],
			"sum":	{
				"start":	3.000104,
				"end":	4.000105,
				"seconds":	1.0000009536743164,
				"bytes":	131072,
				"bits_per_second":	1048575.0000009537,
				"retransmits":	0,
				"omitted":	false,
				"sender":	true
			}
		}, {
			"streams":	[{
					"socket":	5,
					"start":	4.000105,
					"end":	5.000523,
					"seconds":	1.000417947769165,
					"bytes":	131072,
					"bits_per_second":	1048137.9330890882,
					"retransmits":	2,
					"snd_cwnd":	10136,
					"snd_wnd":	136448,
					"rtt":	107298,
					"rttvar":	15655,
					"pmtu":	1500,
					"omitted":	false,
					"sender":	true
				}],
			"sum":	{
				"start":	4.000105,
				"end":	5.000523,
				"seconds":	1.000417947769165,
				"bytes":	131072,
				"bits_per_second":	1048137.9330890882,
				"retransmits":	2,
				"omitted":	false,
				"sender":	true
			}
		}, {
			"streams":	[{
					"socket":	5,
					"start":	5.000523,
					"end":	6.000472,
					"seconds":	0.99994897842407227,
					"bytes":	0,
					"bits_per_second":	0,
					"retransmits":	4,
					"snd_cwnd":	8688,
					"snd_wnd":	134912,
					"rtt":	103179,
					"rttvar":	9166,
					"pmtu":	1500,
					"omitted":	false,
					"sender":	true
				}],
			"sum":	{
				"start":	5.000523,
				"end":	6.000472,
				"seconds":	0.99994897842407227,
				"bytes":	0,
				"bits_per_second":	0,
				"retransmits":	4,
				"omitted":	false,
				"sender":	true
			}
		}, {
			"streams":	[{
					"socket":	5,
					"start":	6.000472,
					"end":	7.000546,
					"seconds":	1.000074028968811,
					"bytes":	131072,
					"bits_per_second":	1048498.3807460733,
					"retransmits":	0,
					"snd_cwnd":	14480,
					"snd_wnd":	136448,
					"rtt":	100868,
					"rttvar":	4217,
					"pmtu":	1500,
					"omitted":	false,
					"sender":	true
				}],
			"sum":	{
				"start":	6.000472,
				"end":	7.000546,
				"seconds":	1.000074028968811,
				"bytes":	131072,
				"bits_per_second":	1048498.3807460733,
				"retransmits":	0,
				"omitted":	false,
				"sender":	true
			}
		}, {
			"streams":	[{
					"socket":	5,
					"start":	7.000546,
					"end":	8.000106,
					"seconds":	0.999559998512268,
					"bytes":	131072,
					"bits_per_second":	1049037.5780950484,
					"retransmits":	1,
					"snd_cwnd":	14480,
					"snd_wnd":	136448,
					"rtt":	101622,
					"rttvar":	6547,
					"pmtu":	1500,
					"omitted":	false,
					"sender":	true
				}],
			"sum":	{
				"start":	7.000546,
				"end":	8.000106,
				"seconds":	0.999559998512268,
				"bytes":	131072,
				"bits_per_second":	1049037.5780950484,
				"retransmits":	1,
				"omitted":	false,
				"sender":	true
			}
		}, {
			"streams":	[{
					"socket":	5,
					"start":	8.000106,
					"end":	9.000537,
					"seconds":	1.0004309415817261,
					"bytes":	131072,
					"bits_per_second":	1048124.3196478453,
					"retransmits":	6,
					"snd_cwnd":	11584,
					"snd_wnd":	136448,
					"rtt":	101911,
					"rttvar":	7310,
					"pmtu":	1500,
					"omitted":	false,
					"sender":	true
				}],
			"sum":	{
				"start":	8.000106,
				"end":	9.000537,
				"seconds":	1.0004309415817261,
				"bytes":	131072,
				"bits_per_second":	1048124.3196478453,
				"retransmits":	6,
				"omitted":	false,
				"sender":	true
			}
		}, {
			"streams":	[{
					"socket":	5,
					"start":	9.000537,
					"end":	10.000531,
					"seconds":	0.99999397993087769,
					"bytes":	131072,
					"bits_per_second":	1048582.3125380019,
					"retransmits":	2,
					"snd_cwnd":	13032,
					"snd_wnd":	136448,
					"rtt":	109102,
					"rttvar":	15763,
					"pmtu":	1500,
					"omitted":	false,
					"sender":	true
				}],
			"sum":	{
				"start":	9.000537,
				"end":	10.000531,
				"seconds":	0.99999397993087769,
				"bytes":	131072,
				"bits_per_second":	1048582.3125380019,
				"retransmits":	2,
				"omitted":	false,
				"sender":	true
			}
		}, {
			"streams":	[{
					"socket":	5,
					"start":	10.000531,
					"end":	11.000542,
					"seconds":	1.0000109672546387,
					"bytes":	131072,
					"bits_per_second":	1048564.500126122,
					"retransmits":	4,
					"snd_cwnd":	8688,
					"snd_wnd":	134912,
					"rtt":	105847,
					"rttvar":	14601,
					"pmtu":	1500,
					"omitted":	false,
					"sender":	true
				}],
			"sum":	{
				"start":	10.000531,
				"end":	11.000542,
				"seconds":	1.0000109672546387,
				"bytes":	131072,
				"bits_per_second":	1048564.500126122,
				"retransmits":	4,
				"omitted":	false,
				"sender":	true
			}
		}, {
			"streams":	[{
					"socket":	5,
					"start":	11.000542,
					"end":	12.00055,
					"seconds":	1.0000079870224,
					"bytes":	0,
					"bits_per_second":	0,
					"retransmits":	4,
					"snd_cwnd":	5792,
					"snd_wnd":	134912,
					"rtt":	102328,
					"rttvar":	9107,
					"pmtu":	1500,
					"omitted":	false,
					"sender":	true
				}],
			"sum":	{
				"start":	11.000542,
				"end":	12.00055,
				"seconds":	1.0000079870224,
				"bytes":	0,
				"bits_per_second":	0,
				"retransmits":	4,
				"omitted":	false,