{
	"start":	{
		"connected":	[{
				"socket":	5,
				"local_host":	"172.20.171.186",
				"local_port":	60940,
				"remote_host":	"54.227.41.78",
				"remote_port":	5201
			}],
		"version":	"iperf 3.16",
		"system_info":	"Linux DESKTOP-OR35M89 6.18.33.1-microsoft-standard-WSL2 #1 SMP PREEMPT_DYNAMIC Fri Jun  5 01:12:21 UTC 2026 x86_64",
		"timestamp":	{
			"time":	"Thu, 25 Jun 2026 21:58:20 GMT",
			"timesecs":	1782424700
		},
		"connecting_to":	{
			"host":	"54.227.41.78",
			"port":	5201
		},
		"cookie":	"ggw473hihdtjt6pii43seumd2yykf76ha3za",
		"tcp_mss_default":	1448,
		"target_bitrate":	100000000,
		"fq_rate":	0,
		"sock_bufsize":	0,
		"sndbuf_actual":	16384,
		"rcvbuf_actual":	131072,
		"test_start":	{
			"protocol":	"TCP",
			"num_streams":	1,
			"blksize":	131072,
			"omit":	0,
			"duration":	30,
			"bytes":	0,
			"blocks":	0,
			"reverse":	0,
			"tos":	0,
			"target_bitrate":	100000000,
			"bidir":	0,
			"fqrate":	0
		}
	},
	"intervals":	[{
			"streams":	[{
					"socket":	5,
					"start":	0,
					"end":	1.000537,
					"seconds":	1.0005370378494263,
					"bytes":	2359296,
					"bits_per_second":	18864237.190628078,
					"retransmits":	7,
					"snd_cwnd":	120184,
					"snd_wnd":	1897472,
					"rtt":	86773,
					"rttvar":	973,
					"pmtu":	1500,
					"omitted":	false,
					"sender":	true
				}],
			"sum":	{
				"start":	0,
				"end":	1.000537,
				"seconds":	1.0005370378494263,
				"bytes":	2359296,
				"bits_per_second":	18864237.190628078,
				"retransmits":	7,
				"omitted":	false,
				"sender":	true
			}
		}, {
			"streams":	[{
					"socket":	5,
					"start":	1.000537,
					"end":	2.000187,
					"seconds":	0.999650001525879,
					"bytes":	1048576,
					"bits_per_second":	8391545.027955303,
					"retransmits":	7,
					"snd_cwnd":	40544,
					"snd_wnd":	1899008,
					"rtt":	88660,
					"rttvar":	1141,
					"pmtu":	1500,
					"omitted":	false,
					"sender":	true
				}],
			"sum":	{
				"start":	1.000537,
				"end":	2.000187,
				"seconds":	0.999650001525879,
				"bytes":	1048576,
				"bits_per_second":	8391545.027955303,
				"retransmits":	7,
				"omitted":	false,
				"sender":	true
			}
		}, {
			"streams":	[{
					"socket":	5,
					"start":	2.000187,
					"end":	3.000139,
					"seconds":	0.99995201826095581,
					"bytes":	0,
					"bits_per_second":	0,
					"retransmits":	2,
					"snd_cwnd":	39096,
					"snd_wnd":	1899008,
					"rtt":	88849,
					"rttvar":	405,
					"pmtu":	1500,
					"omitted":	false,
					"sender":	true
				}],
			"sum":	{
				"start":	2.000187,
				"end":	3.000139,
				"seconds":	0.99995201826095581,
				"bytes":	0,
				"bits_per_second":	0,
				"retransmits":	2,
				"omitted":	false,
				"sender":	true
			}
		}, {
			"streams":	[{
					"socket":	5,
					"start":	3.000139,
					"end":	4.000267,
					"seconds":	1.0001280307769775,
					"bytes":	393216,
					"bits_per_second":	3145325.3015577942,
					"retransmits":	7,
					"snd_cwnd":	17376,
					"snd_wnd":	1899008,
					"rtt":	90652,
					"rttvar":	3228,
					"pmtu":	1500,
					"omitted":	false,
					"sender":	true
				}],
			"sum":	{
				"start":	3.000139,
				"end":	4.000267,
				"seconds":	1.0001280307769775,
				"bytes":	393216,
				"bits_per_second":	3145325.3015577942,
				"retransmits":	7,
				"omitted":	false,
				"sender":	true
			}
		}, {
			"streams":	[{
					"socket":	5,
					"start":	4.000267,
					"end":	5.000595,
					"seconds":	1.0003279447555542,
					"bytes":	0,
					"bits_per_second":	0,
					"retransmits":	0,
					"snd_cwnd":	24616,
					"snd_wnd":	1899008,
					"rtt":	92648,
					"rttvar":	6899,
					"pmtu":	1500,
					"omitted":	false,
					"sender":	true
				}],
			"sum":	{
				"start":	4.000267,
				"end":	5.000595,
				"seconds":	1.0003279447555542,
				"bytes":	0,
				"bits_per_second":	0,
				"retransmits":	0,
				"omitted":	false,
				"sender":	true
			}
		}, {
			"streams":	[{
					"socket":	5,
					"start":	5.000595,
					"end":	6.000137,
					"seconds":	0.999541997909546,
					"bytes":	524288,
					"bits_per_second":	4196225.88022516,
					"retransmits":	0,
					"snd_cwnd":	33304,
					"snd_wnd":	1899008,
					"rtt":	95686,
					"rttvar":	12160,
					"pmtu":	1500,
					"omitted":	false,
					"sender":	true
				}],
			"sum":	{
				"start":	5.000595,
				"end":	6.000137,
				"seconds":	0.999541997909546,
				"bytes":	524288,
				"bits_per_second":	4196225.88022516,
				"retransmits":	0,
				"omitted":	false,
				"sender":	true
			}
		}, {
			"streams":	[{
					"socket":	5,
					"start":	6.000137,
					"end":	7.000499,
					"seconds":	1.0003620386123657,
					"bytes":	524288,
					"bits_per_second":	4192786.0495566721,
					"retransmits":	2,
					"snd_cwnd":	31856,
					"snd_wnd":	1899008,
					"rtt":	90166,
					"rttvar":	3255,
					"pmtu":	1500,
					"omitted":	false,
					"sender":	true
				}],
			"sum":	{
				"start":	6.000137,
				"end":	7.000499,
				"seconds":	1.0003620386123657,
				"bytes":	524288,
				"bits_per_second":	4192786.0495566721,
				"retransmits":	2,
				"omitted":	false,
				"sender":	true
			}
		}, {
			"streams":	[{
					"socket":	5,
					"start":	7.000499,
					"end":	8.000206,
					"seconds":	0.99970698356628418,
					"bytes":	0,
					"bits_per_second":	0,
					"retransmits":	2,
					"snd_cwnd":	27512,
					"snd_wnd":	1899008,
					"rtt":	90331,
					"rttvar":	2965,
					"pmtu":	1500,
					"omitted":	false,
					"sender":	true
				}],
			"sum":	{
				"start":	7.000499,
				"end":	8.000206,
				"seconds":	0.99970698356628418,
				"bytes":	0,
				"bits_per_second":	0,
				"retransmits":	2,
				"omitted":	false,
				"sender":	true
			}
		}, {
			"streams":	[{
					"socket":	5,
					"start":	8.000206,
					"end":	9.000122,
					"seconds":	0.99991601705551147,
					"bytes":	524288,
					"bits_per_second":	4194656.279585477,
					"retransmits":	5,
					"snd_cwnd":	11584,
					"snd_wnd":	1899008,
					"rtt":	94055,
					"rttvar":	9260,
					"pmtu":	1500,
					"omitted":	false,
					"sender":	true
				}],
			"sum":	{
				"start":	8.000206,
				"end":	9.000122,
				"seconds":	0.99991601705551147,
				"bytes":	524288,
				"bits_per_second":	4194656.279585477,
				"retransmits":	5,
				"omitted":	false,
				"sender":	true
			}
		}, {
			"streams":	[{
					"socket":	5,
					"start":	9.000122,
					"end":	10.000126,
					"seconds":	1.0000040531158447,
					"bytes":	0,
					"bits_per_second":	0,
					"retransmits":	0,
					"snd_cwnd":	18824,
					"snd_wnd":	1899008,
					"rtt":	98706,
					"rttvar":	14720,
					"pmtu":	1500,
					"omitted":	false,
					"sender":	true
				}],
			"sum":	{
				"start":	9.000122,
				"end":	10.000126,
				"seconds":	1.0000040531158447,
				"bytes":	0,
				"bits_per_second":	0,
				"retransmits":	0,
				"omitted":	false,
				"sender":	true
			}
		}, {
			"streams":	[{
					"socket":	5,
					"start":	10.000126,
					"end":	11.000412,
					"seconds":	1.0002859830856323,
					"bytes":	0,
					"bits_per_second":	0,
					"retransmits":	1,
					"snd_cwnd":	18824,
					"snd_wnd":	1899008,
					"rtt":	94131,
					"rttvar":	8478,
					"pmtu":	1500,
					"omitted":	false,
					"sender":	true
				}],
			"sum":	{
				"start":	10.000126,
				"end":	11.000412,
				"seconds":	1.0002859830856323,
				"bytes":	0,
				"bits_per_second":	0,
				"retransmits":	1,
				"omitted":	false,
				"sender":	true
			}
		}, {
			"streams":	[{
					"socket":	5,
					"start":	11.000412,
					"end":	12.000206,
					"seconds":	0.99979400634765625,
					"bytes":	524288,
					"bits_per_second":	4195168.1780151855,
					"retransmits":	1,
					"snd_cwnd":	18824,
					"snd_wnd":	1899008,
					"rtt":	92683,
					"rttvar":	5549,
					"pmtu":	1500,
					"omitted":	false,
					"sender":	true
				}],
			"sum":	{
				"start":	11.000412,
				"end":	12.000206,
				"seconds":	0.99979400634765625,
				"bytes":	524288,
				"bits_per_second":	4195168.1780151855,
				"retransmits":	1,
				"omitted":	false,
				"sender":	true
			}
		}, {
			"streams":	[{
					"socket":	5,
					"start":	12.000206,
					"end":	13.000516,
					"seconds":	1.000309944152832,