{
	"start":	{
		"connected":	[{
				"socket":	5,
				"local_host":	"172.20.171.186",
				"local_port":	42135,
				"remote_host":	"54.227.41.78",
				"remote_port":	5201
			}],
		"version":	"iperf 3.16",
		"system_info":	"Linux DESKTOP-OR35M89 6.18.33.1-microsoft-standard-WSL2 #1 SMP PREEMPT_DYNAMIC Fri Jun  5 01:12:21 UTC 2026 x86_64",
		"timestamp":	{
			"time":	"Fri, 26 Jun 2026 00:29:40 GMT",
			"timesecs":	1782433780
		},
		"connecting_to":	{
			"host":	"54.227.41.78",
			"port":	5201
		},
		"cookie":	"7ixxzfuxyltecxdt7z727ecwpd3tlrthkhsf",
		"target_bitrate":	100000000,
		"fq_rate":	0,
		"sock_bufsize":	0,
		"sndbuf_actual":	212992,
		"rcvbuf_actual":	212992,
		"test_start":	{
			"protocol":	"UDP",
			"num_streams":	1,
			"blksize":	1448,
			"omit":	0,
			"duration":	30,
			"bytes":	0,
			"blocks":	0,
			"reverse":	0,
			"tos":	0,
			"target_bitrate":	100000000,
			"bidir":	0,
			"fqrate":	0
		}
	},
	"intervals":	[{
			"streams":	[{
					"socket":	5,
					"start":	0,
					"end":	1.000136,
					"seconds":	1.0001360177993774,
					"bytes":	12490448,
					"bits_per_second":	99909994.4624174,
					"packets":	8626,
					"omitted":	false,
					"sender":	true
				}],
			"sum":	{
				"start":	0,
				"end":	1.000136,
				"seconds":	1.0001360177993774,
				"bytes":	12490448,
				"bits_per_second":	99909994.4624174,
				"packets":	8626,
				"omitted":	false,
				"sender":	true
			}
		}, {
			"streams":	[{
					"socket":	5,
					"start":	1.000136,
					"end":	2.000088,
					"seconds":	0.99995201826095581,
					"bytes":	12499136,
					"bits_per_second":	99997886.0724745,
					"packets":	8632,
					"omitted":	false,
					"sender":	true
				}],
			"sum":	{
				"start":	1.000136,
				"end":	2.000088,
				"seconds":	0.99995201826095581,
				"bytes":	12499136,
				"bits_per_second":	99997886.0724745,
				"packets":	8632,
				"omitted":	false,
				"sender":	true
			}
		}, {
			"streams":	[{
					"socket":	5,
					"start":	2.000088,
					"end":	3.000085,
					"seconds":	0.99999701976776123,
					"bytes":	12500584,
					"bits_per_second":	100004970.03803575,
					"packets":	8633,
					"omitted":	false,
					"sender":	true
				}],
			"sum":	{
				"start":	2.000088,
				"end":	3.000085,
				"seconds":	0.99999701976776123,
				"bytes":	12500584,
				"bits_per_second":	100004970.03803575,
				"packets":	8633,
				"omitted":	false,
				"sender":	true
			}
		}, {
			"streams":	[{
					"socket":	5,
					"start":	3.000085,
					"end":	4.00014,
					"seconds":	1.0000549554824829,
					"bytes":	12500584,
					"bits_per_second":	99999176.4970077,
					"packets":	8633,
					"omitted":	false,
					"sender":	true
				}],
			"sum":	{
				"start":	3.000085,
				"end":	4.00014,
				"seconds":	1.0000549554824829,
				"bytes":	12500584,
				"bits_per_second":	99999176.4970077,
				"packets":	8633,
				"omitted":	false,
				"sender":	true
			}
		}, {
			"streams":	[{
					"socket":	5,
					"start":	4.00014,
					"end":	5.000087,
					"seconds":	0.99994701147079468,
					"bytes":	12499136,
					"bits_per_second":	99998386.7674377,
					"packets":	8632,
					"omitted":	false,
					"sender":	true
				}],
			"sum":	{
				"start":	4.00014,
				"end":	5.000087,
				"seconds":	0.99994701147079468,
				"bytes":	12499136,
				"bits_per_second":	99998386.7674377,
				"packets":	8632,
				"omitted":	false,
				"sender":	true
			}
		}, {
			"streams":	[{
					"socket":	5,
					"start":	5.000087,
					"end":	6.000131,
					"seconds":	1.0000439882278442,
					"bytes":	12500584,
					"bits_per_second":	100000273.16519952,
					"packets":	8633,
					"omitted":	false,
					"sender":	true
				}],
			"sum":	{
				"start":	5.000087,
				"end":	6.000131,
				"seconds":	1.0000439882278442,
				"bytes":	12500584,
				"bits_per_second":	100000273.16519952,
				"packets":	8633,
				"omitted":	false,
				"sender":	true
			}
		}, {
			"streams":	[{
					"socket":	5,
					"start":	6.000131,
					"end":	7.000085,
					"seconds":	0.9999539852142334,
					"bytes":	12499136,
					"bits_per_second":	99997689.372253627,
					"packets":	8632,
					"omitted":	false,
					"sender":	true
				}],
			"sum":	{
				"start":	6.000131,
				"end":	7.000085,
				"seconds":	0.9999539852142334,
				"bytes":	12499136,
				"bits_per_second":	99997689.372253627,
				"packets":	8632,
				"omitted":	false,
				"sender":	true
			}
		}, {
			"streams":	[{
					"socket":	5,
					"start":	7.000085,
					"end":	8.000095,
					"seconds":	1.0000100135803223,
					"bytes":	12500584,
					"bits_per_second":	100003670.60521187,
					"packets":	8633,
					"omitted":	false,
					"sender":	true
				}],
			"sum":	{
				"start":	7.000085,
				"end":	8.000095,
				"seconds":	1.0000100135803223,
				"bytes":	12500584,
				"bits_per_second":	100003670.60521187,
				"packets":	8633,
				"omitted":	false,
				"sender":	true
			}
		}, {
			"streams":	[{
					"socket":	5,
					"start":	8.000095,
					"end":	9.000085,
					"seconds":	0.99998998641967773,
					"bytes":	12500584,
					"bits_per_second":	100005673.41484343,
					"packets":	8633,
					"omitted":	false,
					"sender":	true
				}],
			"sum":	{
				"start":	8.000095,
				"end":	9.000085,
				"seconds":	0.99998998641967773,
				"bytes":	12500584,
				"bits_per_second":	100005673.41484343,
				"packets":	8633,
				"omitted":	false,
				"sender":	true
			}
		}, {
			"streams":	[{
					"socket":	5,
					"start":	9.000085,
					"end":	10.000202,
					"seconds":	1.0001169443130493,
					"bytes":	12500584,
					"bits_per_second":	99992978.389832452,
					"packets":	8633,
					"omitted":	false,
					"sender":	true
				}],
			"sum":	{
				"start":	9.000085,
				"end":	10.000202,
				"seconds":	1.0001169443130493,
				"bytes":	12500584,
				"bits_per_second":	99992978.389832452,
				"packets":	8633,
				"omitted":	false,
				"sender":	true
			}
		}, {
			"streams":	[{
					"socket":	5,
					"start":	10.000202,
					"end":	11.000054,
					"seconds":	0.99985200166702271,
					"bytes":	12499136,
					"bits_per_second":	100007889.00085671,
					"packets":	8632,
					"omitted":	false,
					"sender":	true
				}],
			"sum":	{
				"start":	10.000202,
				"end":	11.000054,
				"seconds":	0.99985200166702271,
				"bytes":	12499136,
				"bits_per_second":	100007889.00085671,
				"packets":	8632,
				"omitted":	false,
				"sender":	true
			}
		}, {
			"streams":	[{
					"socket":	5,
					"start":	11.000054,
					"end":	12.000087,
					"seconds":	1.0000330209732056,
					"bytes":	12500584,
					"bits_per_second":	100001369.85744542,
					"packets":	8633,
					"omitted":	false,
					"sender":	true
				}],
			"sum":	{
				"start":	11.000054,
				"end":	12.000087,
				"seconds":	1.0000330209732056,
				"bytes":	12500584,
				"bits_per_second":	100001369.85744542,
				"packets":	8633,
				"omitted":	false,
				"sender":	true
			}
		}, {
			"streams":	[{
					"socket":	5,
					"start":	12.000087,
					"end":	13.000035,
					"seconds":	0.999948024749756,
					"bytes":	12499136,
					"bits_per_second":	99998285.4359095,
					"packets":	8632,
					"omitted":	false,
					"sender":	true
				}],
			"sum":	{
				"start":	12.000087,
				"end":	13.000035,
				"seconds":	0.999948024749756,
				"bytes":	12499136,
				"bits_per_second":	99998285.4359095,
				"packets":	8632,
				"omitted":	false,
				"sender":	true
			}
		}, {
			"streams":	[{
					"socket":	5,
					"start":	13.000035,
					"end":	14.0002,
					"seconds":	1.0001649856567383,
					"bytes":	12500584,
					"bits_per_second":	99988175.385218,
					"packets":	8633,
					"omitted":	false,
					"sender":	true
				}],
			"sum":	{
				"start":	13.000035,
				"end":	14.0002,
				"seconds":	1.0001649856567383,
				"bytes":	12500584,
				"bits_per_second":	99988175.385218,
				"packets":	8633,
				"omitted":	false,
				"sender":	true
			}
		}, {
			"streams":	[{
					"socket":	5,
					"start":	14.0002,
					"end":	15.000149,
					"seconds":	0.99994897842407227,
					"bytes":	12499136,
					"bits_per_second":	99998190.065247044,
					"packets":	8632,
					"omitted":	false,