{
	"start":	{
		"connected":	[{
				"socket":	5,
				"local_host":	"172.20.171.186",
				"local_port":	53708,
				"remote_host":	"54.227.41.78",
				"remote_port":	5201
			}],
		"version":	"iperf 3.16",
		"system_info":	"Linux DESKTOP-OR35M89 6.18.33.1-microsoft-standard-WSL2 #1 SMP PREEMPT_DYNAMIC Fri Jun  5 01:12:21 UTC 2026 x86_64",
		"timestamp":	{
			"time":	"Thu, 25 Jun 2026 23:19:32 GMT",
			"timesecs":	1782429572
		},
		"connecting_to":	{
			"host":	"54.227.41.78",
			"port":	5201
		},
		"cookie":	"f3zprm3epkncsu6m477mvilxq4zfkc2ibmul",
		"target_bitrate":	100000000,
		"fq_rate":	0,
		"sock_bufsize":	0,
		"sndbuf_actual":	212992,
		"rcvbuf_actual":	212992,
		"test_start":	{
			"protocol":	"UDP",
			"num_streams":	1,
			"blksize":	1448,
			"omit":	0,
			"duration":	30,
			"bytes":	0,
			"blocks":	0,
			"reverse":	0,
			"tos":	0,
			"target_bitrate":	100000000,
			"bidir":	0,
			"fqrate":	0
		}
	},
	"intervals":	[{
			"streams":	[{
					"socket":	5,
					"start":	0,
					"end":	1.000142,
					"seconds":	1.000141978263855,
					"bytes":	12490448,
					"bits_per_second":	99909399.03698194,
					"packets":	8626,
					"omitted":	false,
					"sender":	true
				}],
			"sum":	{
				"start":	0,
				"end":	1.000142,
				"seconds":	1.000141978263855,
				"bytes":	12490448,
				"bits_per_second":	99909399.03698194,
				"packets":	8626,
				"omitted":	false,
				"sender":	true
			}
		}, {
			"streams":	[{
					"socket":	5,
					"start":	1.000142,
					"end":	2.000104,
					"seconds":	0.9999619722366333,
					"bytes":	12499136,
					"bits_per_second":	99996890.658095345,
					"packets":	8632,
					"omitted":	false,
					"sender":	true
				}],
			"sum":	{
				"start":	1.000142,
				"end":	2.000104,
				"seconds":	0.9999619722366333,
				"bytes":	12499136,
				"bits_per_second":	99996890.658095345,
				"packets":	8632,
				"omitted":	false,
				"sender":	true
			}
		}, {
			"streams":	[{
					"socket":	5,
					"start":	2.000104,
					"end":	3.000143,
					"seconds":	1.0000389814376831,
					"bytes":	12500584,
					"bits_per_second":	100000773.82606684,
					"packets":	8633,
					"omitted":	false,
					"sender":	true
				}],
			"sum":	{
				"start":	2.000104,
				"end":	3.000143,
				"seconds":	1.0000389814376831,
				"bytes":	12500584,
				"bits_per_second":	100000773.82606684,
				"packets":	8633,
				"omitted":	false,
				"sender":	true
			}
		}, {
			"streams":	[{
					"socket":	5,
					"start":	3.000143,
					"end":	4.000179,
					"seconds":	1.0000360012054443,
					"bytes":	12500584,
					"bits_per_second":	100001071.840868,
					"packets":	8633,
					"omitted":	false,
					"sender":	true
				}],
			"sum":	{
				"start":	3.000143,
				"end":	4.000179,
				"seconds":	1.0000360012054443,
				"bytes":	12500584,
				"bits_per_second":	100001071.840868,
				"packets":	8633,
				"omitted":	false,
				"sender":	true
			}
		}, {
			"streams":	[{
					"socket":	5,
					"start":	4.000179,
					"end":	5.000086,
					"seconds":	0.99990701675415039,
					"bytes":	12499136,
					"bits_per_second":	100002386.5464938,
					"packets":	8632,
					"omitted":	false,
					"sender":	true
				}],
			"sum":	{
				"start":	4.000179,
				"end":	5.000086,
				"seconds":	0.99990701675415039,
				"bytes":	12499136,
				"bits_per_second":	100002386.5464938,
				"packets":	8632,
				"omitted":	false,
				"sender":	true
			}
		}, {
			"streams":	[{
					"socket":	5,
					"start":	5.000086,
					"end":	6.000091,
					"seconds":	1.0000050067901611,
					"bytes":	12500584,
					"bits_per_second":	100004171.30009906,
					"packets":	8633,
					"omitted":	false,
					"sender":	true
				}],
			"sum":	{
				"start":	5.000086,
				"end":	6.000091,
				"seconds":	1.0000050067901611,
				"bytes":	12500584,
				"bits_per_second":	100004171.30009906,
				"packets":	8633,
				"omitted":	false,
				"sender":	true
			}
		}, {
			"streams":	[{
					"socket":	5,
					"start":	6.000091,
					"end":	7.00011,
					"seconds":	1.0000189542770386,
					"bytes":	12500584,
					"bits_per_second":	100002776.51966922,
					"packets":	8633,
					"omitted":	false,
					"sender":	true
				}],
			"sum":	{
				"start":	6.000091,
				"end":	7.00011,
				"seconds":	1.0000189542770386,
				"bytes":	12500584,
				"bits_per_second":	100002776.51966922,
				"packets":	8633,
				"omitted":	false,
				"sender":	true
			}
		}, {
			"streams":	[{
					"socket":	5,
					"start":	7.00011,
					"end":	8.00015,
					"seconds":	1.0000400543212891,
					"bytes":	12499136,
					"bits_per_second":	99989083.0051439,
					"packets":	8632,
					"omitted":	false,
					"sender":	true
				}],
			"sum":	{
				"start":	7.00011,
				"end":	8.00015,
				"seconds":	1.0000400543212891,
				"bytes":	12499136,
				"bits_per_second":	99989083.0051439,
				"packets":	8632,
				"omitted":	false,
				"sender":	true
			}
		}, {
			"streams":	[{
					"socket":	5,
					"start":	8.00015,
					"end":	9.000144,
					"seconds":	0.99999397993087769,
					"bytes":	12500584,
					"bits_per_second":	100005274.03866231,
					"packets":	8633,
					"omitted":	false,
					"sender":	true
				}],
			"sum":	{
				"start":	8.00015,
				"end":	9.000144,
				"seconds":	0.99999397993087769,
				"bytes":	12500584,
				"bits_per_second":	100005274.03866231,
				"packets":	8633,
				"omitted":	false,
				"sender":	true
			}
		}, {
			"streams":	[{
					"socket":	5,
					"start":	9.000144,
					"end":	10.000148,
					"seconds":	1.0000040531158447,
					"bytes":	12500584,
					"bits_per_second":	100004266.67112221,
					"packets":	8633,
					"omitted":	false,
					"sender":	true
				}],
			"sum":	{
				"start":	9.000144,
				"end":	10.000148,
				"seconds":	1.0000040531158447,
				"bytes":	12500584,
				"bits_per_second":	100004266.67112221,
				"packets":	8633,
				"omitted":	false,
				"sender":	true
			}
		}, {
			"streams":	[{
					"socket":	5,
					"start":	10.000148,
					"end":	11.000086,
					"seconds":	0.99993801116943359,
					"bytes":	12499136,
					"bits_per_second":	99999286.8388486,
					"packets":	8632,
					"omitted":	false,
					"sender":	true
				}],
			"sum":	{
				"start":	10.000148,
				"end":	11.000086,
				"seconds":	0.99993801116943359,
				"bytes":	12499136,
				"bits_per_second":	99999286.8388486,
				"packets":	8632,
				"omitted":	false,
				"sender":	true
			}
		}, {
			"streams":	[{
					"socket":	5,
					"start":	11.000086,
					"end":	12.000094,
					"seconds":	1.0000079870224,
					"bytes":	12500584,
					"bits_per_second":	100003873.26682414,
					"packets":	8633,
					"omitted":	false,
					"sender":	true
				}],
			"sum":	{
				"start":	11.000086,
				"end":	12.000094,
				"seconds":	1.0000079870224,
				"bytes":	12500584,
				"bits_per_second":	100003873.26682414,
				"packets":	8633,
				"omitted":	false,
				"sender":	true
			}
		}, {
			"streams":	[{
					"socket":	5,
					"start":	12.000094,
					"end":	13.000147,
					"seconds":	1.00005304813385,
					"bytes":	12499136,
					"bits_per_second":	99987783.83465977,
					"packets":	8632,
					"omitted":	false,
					"sender":	true
				}],
			"sum":	{
				"start":	12.000094,
				"end":	13.000147,
				"seconds":	1.00005304813385,
				"bytes":	12499136,
				"bits_per_second":	99987783.83465977,
				"packets":	8632,
				"omitted":	false,
				"sender":	true
			}
		}, {
			"streams":	[{
					"socket":	5,
					"start":	13.000147,
					"end":	14.000178,
					"seconds":	1.0000309944152832,
					"bytes":	12500584,
					"bits_per_second":	100001572.50973266,
					"packets":	8633,
					"omitted":	false,
					"sender":	true
				}],
			"sum":	{
				"start":	13.000147,
				"end":	14.000178,
				"seconds":	1.0000309944152832,
				"bytes":	12500584,
				"bits_per_second":	100001572.50973266,
				"packets":	8633,
				"omitted":	false,
				"sender":	true
			}
		}, {
			"streams":	[{
					"socket":	5,
					"start":	14.000178,
					"end":	15.000089,
					"seconds":	0.99991101026535034,
					"bytes":	12499136,
					"bits_per_second":	100001987.15030095,
					"packets":	8632,
					"omitted":	false,