{
	"start":	{
		"connected":	[{
				"socket":	5,
				"local_host":	"172.20.171.186",
				"local_port":	54452,
				"remote_host":	"54.227.41.78",
				"remote_port":	5201
			}],
		"version":	"iperf 3.16",
		"system_info":	"Linux DESKTOP-OR35M89 6.18.33.1-microsoft-standard-WSL2 #1 SMP PREEMPT_DYNAMIC Fri Jun  5 01:12:21 UTC 2026 x86_64",
		"timestamp":	{
			"time":	"Thu, 25 Jun 2026 23:51:11 GMT",
			"timesecs":	1782431471
		},
		"connecting_to":	{
			"host":	"54.227.41.78",
			"port":	5201
		},
		"cookie":	"z5dxyxs7dlmurhyi5vlyviijtvpb4maj3nzx",
		"target_bitrate":	100000000,
		"fq_rate":	0,
		"sock_bufsize":	0,
		"sndbuf_actual":	212992,
		"rcvbuf_actual":	212992,
		"test_start":	{
			"protocol":	"UDP",
			"num_streams":	1,
			"blksize":	1448,
			"omit":	0,
			"duration":	30,
			"bytes":	0,
			"blocks":	0,
			"reverse":	0,
			"tos":	0,
			"target_bitrate":	100000000,
			"bidir":	0,
			"fqrate":	0
		}
	},
	"intervals":	[{
			"streams":	[{
					"socket":	5,
					"start":	0,
					"end":	1.000167,
					"seconds":	1.0001670122146606,
					"bytes":	12491896,
					"bits_per_second":	99918480.393304,
					"packets":	8627,
					"omitted":	false,
					"sender":	true
				}],
			"sum":	{
				"start":	0,
				"end":	1.000167,
				"seconds":	1.0001670122146606,
				"bytes":	12491896,
				"bits_per_second":	99918480.393304,
				"packets":	8627,
				"omitted":	false,
				"sender":	true
			}
		}, {
			"streams":	[{
					"socket":	5,
					"start":	1.000167,
					"end":	2.000155,
					"seconds":	0.9999880194664,
					"bytes":	12500584,
					"bits_per_second":	100005870.12368719,
					"packets":	8633,
					"omitted":	false,
					"sender":	true
				}],
			"sum":	{
				"start":	1.000167,
				"end":	2.000155,
				"seconds":	0.9999880194664,
				"bytes":	12500584,
				"bits_per_second":	100005870.12368719,
				"packets":	8633,
				"omitted":	false,
				"sender":	true
			}
		}, {
			"streams":	[{
					"socket":	5,
					"start":	2.000155,
					"end":	3.000155,
					"seconds":	1,
					"bytes":	12502032,
					"bits_per_second":	100016256,
					"packets":	8634,
					"omitted":	false,
					"sender":	true
				}],
			"sum":	{
				"start":	2.000155,
				"end":	3.000155,
				"seconds":	1,
				"bytes":	12502032,
				"bits_per_second":	100016256,
				"packets":	8634,
				"omitted":	false,
				"sender":	true
			}
		}, {
			"streams":	[{
					"socket":	5,
					"start":	3.000155,
					"end":	4.000187,
					"seconds":	1.0000319480895996,
					"bytes":	12497688,
					"bits_per_second":	99978309.8839978,
					"packets":	8631,
					"omitted":	false,
					"sender":	true
				}],
			"sum":	{
				"start":	3.000155,
				"end":	4.000187,
				"seconds":	1.0000319480895996,
				"bytes":	12497688,
				"bits_per_second":	99978309.8839978,
				"packets":	8631,
				"omitted":	false,
				"sender":	true
			}
		}, {
			"streams":	[{
					"socket":	5,
					"start":	4.000187,
					"end":	5.000192,
					"seconds":	1.0000050067901611,
					"bytes":	12500584,
					"bits_per_second":	100004171.30009906,
					"packets":	8633,
					"omitted":	false,
					"sender":	true
				}],
			"sum":	{
				"start":	4.000187,
				"end":	5.000192,
				"seconds":	1.0000050067901611,
				"bytes":	12500584,
				"bits_per_second":	100004171.30009906,
				"packets":	8633,
				"omitted":	false,
				"sender":	true
			}
		}, {
			"streams":	[{
					"socket":	5,
					"start":	5.000192,
					"end":	6.00013,
					"seconds":	0.99993801116943359,
					"bytes":	12499136,
					"bits_per_second":	99999286.8388486,
					"packets":	8632,
					"omitted":	false,
					"sender":	true
				}],
			"sum":	{
				"start":	5.000192,
				"end":	6.00013,
				"seconds":	0.99993801116943359,
				"bytes":	12499136,
				"bits_per_second":	99999286.8388486,
				"packets":	8632,
				"omitted":	false,
				"sender":	true
			}
		}, {
			"streams":	[{
					"socket":	5,
					"start":	6.00013,
					"end":	7.000144,
					"seconds":	1.0000139474868774,
					"bytes":	12500584,
					"bits_per_second":	100003277.20560348,
					"packets":	8633,
					"omitted":	false,
					"sender":	true
				}],
			"sum":	{
				"start":	6.00013,
				"end":	7.000144,
				"seconds":	1.0000139474868774,
				"bytes":	12500584,
				"bits_per_second":	100003277.20560348,
				"packets":	8633,
				"omitted":	false,
				"sender":	true
			}
		}, {
			"streams":	[{
					"socket":	5,
					"start":	7.000144,
					"end":	8.000422,
					"seconds":	1.0002779960632324,
					"bytes":	12506376,
					"bits_per_second":	100023201.94362777,
					"packets":	8637,
					"omitted":	false,
					"sender":	true
				}],
			"sum":	{
				"start":	7.000144,
				"end":	8.000422,
				"seconds":	1.0002779960632324,
				"bytes":	12506376,
				"bits_per_second":	100023201.94362777,
				"packets":	8637,
				"omitted":	false,
				"sender":	true
			}
		}, {
			"streams":	[{
					"socket":	5,
					"start":	8.000422,
					"end":	9.000166,
					"seconds":	0.9997439980506897,
					"bytes":	12493344,
					"bits_per_second":	99972345.115226626,
					"packets":	8628,
					"omitted":	false,
					"sender":	true
				}],
			"sum":	{
				"start":	8.000422,
				"end":	9.000166,
				"seconds":	0.9997439980506897,
				"bytes":	12493344,
				"bits_per_second":	99972345.115226626,
				"packets":	8628,
				"omitted":	false,
				"sender":	true
			}
		}, {
			"streams":	[{
					"socket":	5,
					"start":	9.000166,
					"end":	10.000169,
					"seconds":	1.0000029802322388,
					"bytes":	12500584,
					"bits_per_second":	100004373.96374069,
					"packets":	8633,
					"omitted":	false,
					"sender":	true
				}],
			"sum":	{
				"start":	9.000166,
				"end":	10.000169,
				"seconds":	1.0000029802322388,
				"bytes":	12500584,
				"bits_per_second":	100004373.96374069,
				"packets":	8633,
				"omitted":	false,
				"sender":	true
			}
		}, {
			"streams":	[{
					"socket":	5,
					"start":	10.000169,
					"end":	11.000163,
					"seconds":	0.99999397993087769,
					"bytes":	12499136,
					"bits_per_second":	99993689.9689254,
					"packets":	8632,
					"omitted":	false,
					"sender":	true
				}],
			"sum":	{
				"start":	10.000169,
				"end":	11.000163,
				"seconds":	0.99999397993087769,
				"bytes":	12499136,
				"bits_per_second":	99993689.9689254,
				"packets":	8632,
				"omitted":	false,
				"sender":	true
			}
		}, {
			"streams":	[{
					"socket":	5,
					"start":	11.000163,
					"end":	12.000132,
					"seconds":	0.9999690055847168,
					"bytes":	12499136,
					"bits_per_second":	99996187.323356643,
					"packets":	8632,
					"omitted":	false,
					"sender":	true
				}],
			"sum":	{
				"start":	11.000163,
				"end":	12.000132,
				"seconds":	0.9999690055847168,
				"bytes":	12499136,
				"bits_per_second":	99996187.323356643,
				"packets":	8632,
				"omitted":	false,
				"sender":	true
			}
		}, {
			"streams":	[{
					"socket":	5,
					"start":	12.000132,
					"end":	13.000119,
					"seconds":	0.999987006187439,
					"bytes":	12500584,
					"bits_per_second":	100005971.45884812,
					"packets":	8633,
					"omitted":	false,
					"sender":	true
				}],
			"sum":	{
				"start":	12.000132,
				"end":	13.000119,
				"seconds":	0.999987006187439,
				"bytes":	12500584,
				"bits_per_second":	100005971.45884812,
				"packets":	8633,
				"omitted":	false,
				"sender":	true
			}
		}, {
			"streams":	[{
					"socket":	5,
					"start":	13.000119,
					"end":	14.000184,
					"seconds":	1.0000649690628052,
					"bytes":	12502032,
					"bits_per_second":	100009758.45972151,
					"packets":	8634,
					"omitted":	false,
					"sender":	true
				}],
			"sum":	{
				"start":	13.000119,
				"end":	14.000184,
				"seconds":	1.0000649690628052,
				"bytes":	12502032,
				"bits_per_second":	100009758.45972151,
				"packets":	8634,
				"omitted":	false,
				"sender":	true
			}
		}, {
			"streams":	[{
					"socket":	5,
					"start":	14.000184,
					"end":	15.000157,
					"seconds":	0.99997299909591675,
					"bytes":	12503480,
					"bits_per_second":	100030540.91504064,
					"packets":	8635,
					"omitted":	false,
					"sender":	true
				}],