{
	"start":	{
		"connected":	[{
				"socket":	5,
				"local_host":	"172.20.171.186",
				"local_port":	54233,
				"remote_host":	"54.227.41.78",
				"remote_port":	5201
			}],
		"version":	"iperf 3.16",
		"system_info":	"Linux DESKTOP-OR35M89 6.18.33.1-microsoft-standard-WSL2 #1 SMP PREEMPT_DYNAMIC Fri Jun  5 01:12:21 UTC 2026 x86_64",
		"timestamp":	{
			"time":	"Thu, 25 Jun 2026 23:45:05 GMT",
			"timesecs":	1782431105
		},
		"connecting_to":	{
			"host":	"54.227.41.78",
			"port":	5201
		},
		"cookie":	"gnrnynu5ot3o2cavrjwxvfhqwxuphnhvffyk",
		"target_bitrate":	100000000,
		"fq_rate":	0,
		"sock_bufsize":	0,
		"sndbuf_actual":	212992,
		"rcvbuf_actual":	212992,
		"test_start":	{
			"protocol":	"UDP",
			"num_streams":	1,
			"blksize":	1448,
			"omit":	0,
			"duration":	30,
			"bytes":	0,
			"blocks":	0,
			"reverse":	0,
			"tos":	0,
			"target_bitrate":	100000000,
			"bidir":	0,
			"fqrate":	0
		}
	},
	"intervals":	[{
			"streams":	[{
					"socket":	5,
					"start":	0,
					"end":	1.000139,
					"seconds":	1.0001389980316162,
					"bytes":	12490448,
					"bits_per_second":	99909696.748812541,
					"packets":	8626,
					"omitted":	false,
					"sender":	true
				}],
			"sum":	{
				"start":	0,
				"end":	1.000139,
				"seconds":	1.0001389980316162,
				"bytes":	12490448,
				"bits_per_second":	99909696.748812541,
				"packets":	8626,
				"omitted":	false,
				"sender":	true
			}
		}, {
			"streams":	[{
					"socket":	5,
					"start":	1.000139,
					"end":	2.000146,
					"seconds":	1.0000070333480835,
					"bytes":	12500584,
					"bits_per_second":	100003968.63727884,
					"packets":	8633,
					"omitted":	false,
					"sender":	true
				}],
			"sum":	{
				"start":	1.000139,
				"end":	2.000146,
				"seconds":	1.0000070333480835,
				"bytes":	12500584,
				"bits_per_second":	100003968.63727884,
				"packets":	8633,
				"omitted":	false,
				"sender":	true
			}
		}, {
			"streams":	[{
					"socket":	5,
					"start":	2.000146,
					"end":	3.000144,
					"seconds":	0.99999797344207764,
					"bytes":	12499136,
					"bits_per_second":	99993290.642195329,
					"packets":	8632,
					"omitted":	false,
					"sender":	true
				}],
			"sum":	{
				"start":	2.000146,
				"end":	3.000144,
				"seconds":	0.99999797344207764,
				"bytes":	12499136,
				"bits_per_second":	99993290.642195329,
				"packets":	8632,
				"omitted":	false,
				"sender":	true
			}
		}, {
			"streams":	[{
					"socket":	5,
					"start":	3.000144,
					"end":	4.000144,
					"seconds":	1,
					"bytes":	12500584,
					"bits_per_second":	100004672,
					"packets":	8633,
					"omitted":	false,
					"sender":	true
				}],
			"sum":	{
				"start":	3.000144,
				"end":	4.000144,
				"seconds":	1,
				"bytes":	12500584,
				"bits_per_second":	100004672,
				"packets":	8633,
				"omitted":	false,
				"sender":	true
			}
		}, {
			"streams":	[{
					"socket":	5,
					"start":	4.000144,
					"end":	5.000145,
					"seconds":	1.0000009536743164,
					"bytes":	12499136,
					"bits_per_second":	99992992.6392511,
					"packets":	8632,
					"omitted":	false,
					"sender":	true
				}],
			"sum":	{
				"start":	4.000144,
				"end":	5.000145,
				"seconds":	1.0000009536743164,
				"bytes":	12499136,
				"bits_per_second":	99992992.6392511,
				"packets":	8632,
				"omitted":	false,
				"sender":	true
			}
		}, {
			"streams":	[{
					"socket":	5,
					"start":	5.000145,
					"end":	6.000143,
					"seconds":	0.99999797344207764,
					"bytes":	12500584,
					"bits_per_second":	100004874.66567104,
					"packets":	8633,
					"omitted":	false,
					"sender":	true
				}],
			"sum":	{
				"start":	5.000145,
				"end":	6.000143,
				"seconds":	0.99999797344207764,
				"bytes":	12500584,
				"bits_per_second":	100004874.66567104,
				"packets":	8633,
				"omitted":	false,
				"sender":	true
			}
		}, {
			"streams":	[{
					"socket":	5,
					"start":	6.000143,
					"end":	7.000143,
					"seconds":	1,
					"bytes":	12499136,
					"bits_per_second":	99993088,
					"packets":	8632,
					"omitted":	false,
					"sender":	true
				}],
			"sum":	{
				"start":	6.000143,
				"end":	7.000143,
				"seconds":	1,
				"bytes":	12499136,
				"bits_per_second":	99993088,
				"packets":	8632,
				"omitted":	false,
				"sender":	true
			}
		}, {
			"streams":	[{
					"socket":	5,
					"start":	7.000143,
					"end":	8.000471,
					"seconds":	1.0003279447555542,
					"bytes":	12502032,
					"bits_per_second":	99983466.9463728,
					"packets":	8634,
					"omitted":	false,
					"sender":	true
				}],
			"sum":	{
				"start":	7.000143,
				"end":	8.000471,
				"seconds":	1.0003279447555542,
				"bytes":	12502032,
				"bits_per_second":	99983466.9463728,
				"packets":	8634,
				"omitted":	false,
				"sender":	true
			}
		}, {
			"streams":	[{
					"socket":	5,
					"start":	8.000471,
					"end":	9.000177,
					"seconds":	0.999705970287323,
					"bytes":	12499136,
					"bits_per_second":	100022497.58622651,
					"packets":	8632,
					"omitted":	false,
					"sender":	true
				}],
			"sum":	{
				"start":	8.000471,
				"end":	9.000177,
				"seconds":	0.999705970287323,
				"bytes":	12499136,
				"bits_per_second":	100022497.58622651,
				"packets":	8632,
				"omitted":	false,
				"sender":	true
			}
		}, {
			"streams":	[{
					"socket":	5,
					"start":	9.000177,
					"end":	10.000146,
					"seconds":	0.9999690055847168,
					"bytes":	12499136,
					"bits_per_second":	99996187.323356643,
					"packets":	8632,
					"omitted":	false,
					"sender":	true
				}],
			"sum":	{
				"start":	9.000177,
				"end":	10.000146,
				"seconds":	0.9999690055847168,
				"bytes":	12499136,
				"bits_per_second":	99996187.323356643,
				"packets":	8632,
				"omitted":	false,
				"sender":	true
			}
		}, {
			"streams":	[{
					"socket":	5,
					"start":	10.000146,
					"end":	11.000152,
					"seconds":	1.0000059604644775,
					"bytes":	12500584,
					"bits_per_second":	100004075.92925781,
					"packets":	8633,
					"omitted":	false,
					"sender":	true
				}],
			"sum":	{
				"start":	10.000146,
				"end":	11.000152,
				"seconds":	1.0000059604644775,
				"bytes":	12500584,
				"bits_per_second":	100004075.92925781,
				"packets":	8633,
				"omitted":	false,
				"sender":	true
			}
		}, {
			"streams":	[{
					"socket":	5,
					"start":	11.000152,
					"end":	12.000159,
					"seconds":	1.0000070333480835,
					"bytes":	12500584,
					"bits_per_second":	100003968.63727884,
					"packets":	8633,
					"omitted":	false,
					"sender":	true
				}],
			"sum":	{
				"start":	11.000152,
				"end":	12.000159,
				"seconds":	1.0000070333480835,
				"bytes":	12500584,
				"bits_per_second":	100003968.63727884,
				"packets":	8633,
				"omitted":	false,
				"sender":	true
			}
		}, {
			"streams":	[{
					"socket":	5,
					"start":	12.000159,
					"end":	13.000107,
					"seconds":	0.999948024749756,
					"bytes":	12499136,
					"bits_per_second":	99998285.4359095,
					"packets":	8632,
					"omitted":	false,
					"sender":	true
				}],
			"sum":	{
				"start":	12.000159,
				"end":	13.000107,
				"seconds":	0.999948024749756,
				"bytes":	12499136,
				"bits_per_second":	99998285.4359095,
				"packets":	8632,
				"omitted":	false,
				"sender":	true
			}
		}, {
			"streams":	[{
					"socket":	5,
					"start":	13.000107,
					"end":	14.000115,
					"seconds":	1.0000079870224,
					"bytes":	12500584,
					"bits_per_second":	100003873.26682414,
					"packets":	8633,
					"omitted":	false,
					"sender":	true
				}],
			"sum":	{
				"start":	13.000107,
				"end":	14.000115,
				"seconds":	1.0000079870224,
				"bytes":	12500584,
				"bits_per_second":	100003873.26682414,
				"packets":	8633,
				"omitted":	false,
				"sender":	true
			}
		}, {
			"streams":	[{
					"socket":	5,
					"start":	14.000115,
					"end":	15.000086,
					"seconds":	0.99997097253799438,
					"bytes":	12499136,
					"bits_per_second":	99995990.629818723,
					"packets":	8632,
					"omitted":	false,
					"sender":	true
				}],
			"sum":	{
				"start":	14.000115,
				"end":	15.000086,