{
	"start":	{
		"connected":	[{
				"socket":	5,
				"local_host":	"172.20.171.186",
				"local_port":	50594,
				"remote_host":	"54.227.41.78",
				"remote_port":	5201
			}],
		"version":	"iperf 3.16",
		"system_info":	"Linux DESKTOP-OR35M89 6.18.33.1-microsoft-standard-WSL2 #1 SMP PREEMPT_DYNAMIC Fri Jun  5 01:12:21 UTC 2026 x86_64",
		"timestamp":	{
			"time":	"Thu, 25 Jun 2026 23:13:19 GMT",
			"timesecs":	1782429199
		},
		"connecting_to":	{
			"host":	"54.227.41.78",
			"port":	5201
		},
		"cookie":	"24wmsagyfwzagucid3p2ohezyhx7nhl4t63l",
		"target_bitrate":	100000000,
		"fq_rate":	0,
		"sock_bufsize":	0,
		"sndbuf_actual":	212992,
		"rcvbuf_actual":	212992,
		"test_start":	{
			"protocol":	"UDP",
			"num_streams":	1,
			"blksize":	1448,
			"omit":	0,
			"duration":	30,
			"bytes":	0,
			"blocks":	0,
			"reverse":	0,
			"tos":	0,
			"target_bitrate":	100000000,
			"bidir":	0,
			"fqrate":	0
		}
	},
	"intervals":	[{
			"streams":	[{
					"socket":	5,
					"start":	0,
					"end":	1.000088,
					"seconds":	1.0000879764556885,
					"bytes":	12490448,
					"bits_per_second":	99914793.8505662,
					"packets":	8626,
					"omitted":	false,
					"sender":	true
				}],
			"sum":	{
				"start":	0,
				"end":	1.000088,
				"seconds":	1.0000879764556885,
				"bytes":	12490448,
				"bits_per_second":	99914793.8505662,
				"packets":	8626,
				"omitted":	false,
				"sender":	true
			}
		}, {
			"streams":	[{
					"socket":	5,
					"start":	1.000088,
					"end":	2.000091,
					"seconds":	1.0000029802322388,
					"bytes":	12499136,
					"bits_per_second":	99992789.9982636,
					"packets":	8632,
					"omitted":	false,
					"sender":	true
				}],
			"sum":	{
				"start":	1.000088,
				"end":	2.000091,
				"seconds":	1.0000029802322388,
				"bytes":	12499136,
				"bits_per_second":	99992789.9982636,
				"packets":	8632,
				"omitted":	false,
				"sender":	true
			}
		}, {
			"streams":	[{
					"socket":	5,
					"start":	2.000091,
					"end":	3.000178,
					"seconds":	1.0000870227813721,
					"bytes":	12502032,
					"bits_per_second":	100007553.06457411,
					"packets":	8634,
					"omitted":	false,
					"sender":	true
				}],
			"sum":	{
				"start":	2.000091,
				"end":	3.000178,
				"seconds":	1.0000870227813721,
				"bytes":	12502032,
				"bits_per_second":	100007553.06457411,
				"packets":	8634,
				"omitted":	false,
				"sender":	true
			}
		}, {
			"streams":	[{
					"socket":	5,
					"start":	3.000178,
					"end":	4.000173,
					"seconds":	0.999994993209839,
					"bytes":	12499136,
					"bits_per_second":	99993588.6469158,
					"packets":	8632,
					"omitted":	false,
					"sender":	true
				}],
			"sum":	{
				"start":	3.000178,
				"end":	4.000173,
				"seconds":	0.999994993209839,
				"bytes":	12499136,
				"bits_per_second":	99993588.6469158,
				"packets":	8632,
				"omitted":	false,
				"sender":	true
			}
		}, {
			"streams":	[{
					"socket":	5,
					"start":	4.000173,
					"end":	5.000109,
					"seconds":	0.99993598461151123,
					"bytes":	12499136,
					"bits_per_second":	99999489.506169423,
					"packets":	8632,
					"omitted":	false,
					"sender":	true
				}],
			"sum":	{
				"start":	4.000173,
				"end":	5.000109,
				"seconds":	0.99993598461151123,
				"bytes":	12499136,
				"bits_per_second":	99999489.506169423,
				"packets":	8632,
				"omitted":	false,
				"sender":	true
			}
		}, {
			"streams":	[{
					"socket":	5,
					"start":	5.000109,
					"end":	6.000087,
					"seconds":	0.999978005886078,
					"bytes":	12499136,
					"bits_per_second":	99995287.3077407,
					"packets":	8632,
					"omitted":	false,
					"sender":	true
				}],
			"sum":	{
				"start":	5.000109,
				"end":	6.000087,
				"seconds":	0.999978005886078,
				"bytes":	12499136,
				"bits_per_second":	99995287.3077407,
				"packets":	8632,
				"omitted":	false,
				"sender":	true
			}
		}, {
			"streams":	[{
					"socket":	5,
					"start":	6.000087,
					"end":	7.000147,
					"seconds":	1.000059962272644,
					"bytes":	12500584,
					"bits_per_second":	99998675.8521345,
					"packets":	8633,
					"omitted":	false,
					"sender":	true
				}],
			"sum":	{
				"start":	6.000087,
				"end":	7.000147,
				"seconds":	1.000059962272644,
				"bytes":	12500584,
				"bits_per_second":	99998675.8521345,
				"packets":	8633,
				"omitted":	false,
				"sender":	true
			}
		}, {
			"streams":	[{
					"socket":	5,
					"start":	7.000147,
					"end":	8.000124,
					"seconds":	0.9999769926071167,
					"bytes":	12502032,
					"bits_per_second":	100018557.16624035,
					"packets":	8634,
					"omitted":	false,
					"sender":	true
				}],
			"sum":	{
				"start":	7.000147,
				"end":	8.000124,
				"seconds":	0.9999769926071167,
				"bytes":	12502032,
				"bits_per_second":	100018557.16624035,
				"packets":	8634,
				"omitted":	false,
				"sender":	true
			}
		}, {
			"streams":	[{
					"socket":	5,
					"start":	8.000124,
					"end":	9.000088,
					"seconds":	0.99996399879455566,
					"bytes":	12497688,
					"bits_per_second":	99985103.5842555,
					"packets":	8631,
					"omitted":	false,
					"sender":	true
				}],
			"sum":	{
				"start":	8.000124,
				"end":	9.000088,
				"seconds":	0.99996399879455566,
				"bytes":	12497688,
				"bits_per_second":	99985103.5842555,
				"packets":	8631,
				"omitted":	false,
				"sender":	true
			}
		}, {
			"streams":	[{
					"socket":	5,
					"start":	9.000088,
					"end":	10.000142,
					"seconds":	1.0000540018081665,
					"bytes":	12500584,
					"bits_per_second":	99999271.8585043,
					"packets":	8633,
					"omitted":	false,
					"sender":	true
				}],
			"sum":	{
				"start":	9.000088,
				"end":	10.000142,
				"seconds":	1.0000540018081665,
				"bytes":	12500584,
				"bits_per_second":	99999271.8585043,
				"packets":	8633,
				"omitted":	false,
				"sender":	true
			}
		}, {
			"streams":	[{
					"socket":	5,
					"start":	10.000142,
					"end":	11.000141,
					"seconds":	0.99999898672103882,
					"bytes":	12500584,
					"bits_per_second":	100004773.33273284,
					"packets":	8633,
					"omitted":	false,
					"sender":	true
				}],
			"sum":	{
				"start":	10.000142,
				"end":	11.000141,
				"seconds":	0.99999898672103882,
				"bytes":	12500584,
				"bits_per_second":	100004773.33273284,
				"packets":	8633,
				"omitted":	false,
				"sender":	true
			}
		}, {
			"streams":	[{
					"socket":	5,
					"start":	11.000141,
					"end":	12.000087,
					"seconds":	0.9999459981918335,
					"bytes":	12499136,
					"bits_per_second":	99998488.099171266,
					"packets":	8632,
					"omitted":	false,
					"sender":	true
				}],
			"sum":	{
				"start":	11.000141,
				"end":	12.000087,
				"seconds":	0.9999459981918335,
				"bytes":	12499136,
				"bits_per_second":	99998488.099171266,
				"packets":	8632,
				"omitted":	false,
				"sender":	true
			}
		}, {
			"streams":	[{
					"socket":	5,
					"start":	12.000087,
					"end":	13.000141,
					"seconds":	1.0000540018081665,
					"bytes":	12504928,
					"bits_per_second":	100034021.9819348,
					"packets":	8636,
					"omitted":	false,
					"sender":	true
				}],
			"sum":	{
				"start":	12.000087,
				"end":	13.000141,
				"seconds":	1.0000540018081665,
				"bytes":	12504928,
				"bits_per_second":	100034021.9819348,
				"packets":	8636,
				"omitted":	false,
				"sender":	true
			}
		}, {
			"streams":	[{
					"socket":	5,
					"start":	13.000141,
					"end":	14.000118,
					"seconds":	0.9999769926071167,
					"bytes":	12496240,
					"bits_per_second":	99972220.100145265,
					"packets":	8630,
					"omitted":	false,
					"sender":	true
				}],
			"sum":	{
				"start":	13.000141,
				"end":	14.000118,
				"seconds":	0.9999769926071167,
				"bytes":	12496240,
				"bits_per_second":	99972220.100145265,
				"packets":	8630,
				"omitted":	false,
				"sender":	true
			}
		}, {
			"streams":	[{
					"socket":	5,
					"start":	14.000118,
					"end":	15.000129,
					"seconds":	1.0000109672546387,
					"bytes":	12499136,
					"bits_per_second":	99991991.3623689,
					"packets":	8632,
					"omitted":	false,