{
	"start":	{
		"connected":	[{
				"socket":	5,
				"local_host":	"172.20.171.186",
				"local_port":	56364,
				"remote_host":	"54.227.41.78",
				"remote_port":	5201
			}],
		"version":	"iperf 3.16",
		"system_info":	"Linux DESKTOP-OR35M89 6.18.33.1-microsoft-standard-WSL2 #1 SMP PREEMPT_DYNAMIC Fri Jun  5 01:12:21 UTC 2026 x86_64",
		"timestamp":	{
			"time":	"Fri, 26 Jun 2026 00:21:57 GMT",
			"timesecs":	1782433317
		},
		"connecting_to":	{
			"host":	"54.227.41.78",
			"port":	5201
		},
		"cookie":	"tz7inbgs6r2hgxjciw5svycaii4tp4mrgyjg",
		"target_bitrate":	100000000,
		"fq_rate":	0,
		"sock_bufsize":	0,
		"sndbuf_actual":	212992,
		"rcvbuf_actual":	212992,
		"test_start":	{
			"protocol":	"UDP",
			"num_streams":	1,
			"blksize":	1448,
			"omit":	0,
			"duration":	30,
			"bytes":	0,
			"blocks":	0,
			"reverse":	0,
			"tos":	0,
			"target_bitrate":	100000000,
			"bidir":	0,
			"fqrate":	0
		}
	},
	"intervals":	[{
			"streams":	[{
					"socket":	5,
					"start":	0,
					"end":	1.000111,
					"seconds":	1.0001109838485718,
					"bytes":	12490448,
					"bits_per_second":	99912495.3267482,
					"packets":	8626,
					"omitted":	false,
					"sender":	true
				}],
			"sum":	{
				"start":	0,
				"end":	1.000111,
				"seconds":	1.0001109838485718,
				"bytes":	12490448,
				"bits_per_second":	99912495.3267482,
				"packets":	8626,
				"omitted":	false,
				"sender":	true
			}
		}, {
			"streams":	[{
					"socket":	5,
					"start":	1.000111,
					"end":	2.000111,
					"seconds":	1,
					"bytes":	12500584,
					"bits_per_second":	100004672,
					"packets":	8633,
					"omitted":	false,
					"sender":	true
				}],
			"sum":	{
				"start":	1.000111,
				"end":	2.000111,
				"seconds":	1,
				"bytes":	12500584,
				"bits_per_second":	100004672,
				"packets":	8633,
				"omitted":	false,
				"sender":	true
			}
		}, {
			"streams":	[{
					"socket":	5,
					"start":	2.000111,
					"end":	3.000216,
					"seconds":	1.0001050233840942,
					"bytes":	12506376,
					"bits_per_second":	100040501.40799564,
					"packets":	8637,
					"omitted":	false,
					"sender":	true
				}],
			"sum":	{
				"start":	2.000111,
				"end":	3.000216,
				"seconds":	1.0001050233840942,
				"bytes":	12506376,
				"bits_per_second":	100040501.40799564,
				"packets":	8637,
				"omitted":	false,
				"sender":	true
			}
		}, {
			"streams":	[{
					"socket":	5,
					"start":	3.000216,
					"end":	4.000115,
					"seconds":	0.99989902973175049,
					"bytes":	12493344,
					"bits_per_second":	99956844.669419646,
					"packets":	8628,
					"omitted":	false,
					"sender":	true
				}],
			"sum":	{
				"start":	3.000216,
				"end":	4.000115,
				"seconds":	0.99989902973175049,
				"bytes":	12493344,
				"bits_per_second":	99956844.669419646,
				"packets":	8628,
				"omitted":	false,
				"sender":	true
			}
		}, {
			"streams":	[{
					"socket":	5,
					"start":	4.000115,
					"end":	5.000087,
					"seconds":	0.99997198581695557,
					"bytes":	12499136,
					"bits_per_second":	99995889.303146631,
					"packets":	8632,
					"omitted":	false,
					"sender":	true
				}],
			"sum":	{
				"start":	4.000115,
				"end":	5.000087,
				"seconds":	0.99997198581695557,
				"bytes":	12499136,
				"bits_per_second":	99995889.303146631,
				"packets":	8632,
				"omitted":	false,
				"sender":	true
			}
		}, {
			"streams":	[{
					"socket":	5,
					"start":	5.000087,
					"end":	6.000112,
					"seconds":	1.0000250339508057,
					"bytes":	12500584,
					"bits_per_second":	100002168.55063204,
					"packets":	8633,
					"omitted":	false,
					"sender":	true
				}],
			"sum":	{
				"start":	5.000087,
				"end":	6.000112,
				"seconds":	1.0000250339508057,
				"bytes":	12500584,
				"bits_per_second":	100002168.55063204,
				"packets":	8633,
				"omitted":	false,
				"sender":	true
			}
		}, {
			"streams":	[{
					"socket":	5,
					"start":	6.000112,
					"end":	7.000146,
					"seconds":	1.000033974647522,
					"bytes":	12499136,
					"bits_per_second":	99989690.885496333,
					"packets":	8632,
					"omitted":	false,
					"sender":	true
				}],
			"sum":	{
				"start":	6.000112,
				"end":	7.000146,
				"seconds":	1.000033974647522,
				"bytes":	12499136,
				"bits_per_second":	99989690.885496333,
				"packets":	8632,
				"omitted":	false,
				"sender":	true
			}
		}, {
			"streams":	[{
					"socket":	5,
					"start":	7.000146,
					"end":	8.000117,
					"seconds":	0.99997097253799438,
					"bytes":	12500584,
					"bits_per_second":	100007574.9660826,
					"packets":	8633,
					"omitted":	false,
					"sender":	true
				}],
			"sum":	{
				"start":	7.000146,
				"end":	8.000117,
				"seconds":	0.99997097253799438,
				"bytes":	12500584,
				"bits_per_second":	100007574.9660826,
				"packets":	8633,
				"omitted":	false,
				"sender":	true
			}
		}, {
			"streams":	[{
					"socket":	5,
					"start":	8.000117,
					"end":	9.000145,
					"seconds":	1.0000280141830444,
					"bytes":	12500584,
					"bits_per_second":	100001870.52929421,
					"packets":	8633,
					"omitted":	false,
					"sender":	true
				}],
			"sum":	{
				"start":	8.000117,
				"end":	9.000145,
				"seconds":	1.0000280141830444,
				"bytes":	12500584,
				"bits_per_second":	100001870.52929421,
				"packets":	8633,
				"omitted":	false,
				"sender":	true
			}
		}, {
			"streams":	[{
					"socket":	5,
					"start":	9.000145,
					"end":	10.000144,
					"seconds":	0.99999898672103882,
					"bytes":	12499136,
					"bits_per_second":	99993189.320995,
					"packets":	8632,
					"omitted":	false,
					"sender":	true
				}],
			"sum":	{
				"start":	9.000145,
				"end":	10.000144,
				"seconds":	0.99999898672103882,
				"bytes":	12499136,
				"bits_per_second":	99993189.320995,
				"packets":	8632,
				"omitted":	false,
				"sender":	true
			}
		}, {
			"streams":	[{
					"socket":	5,
					"start":	10.000144,
					"end":	11.000147,
					"seconds":	1.0000029802322388,
					"bytes":	12500584,
					"bits_per_second":	100004373.96374069,
					"packets":	8633,
					"omitted":	false,
					"sender":	true
				}],
			"sum":	{
				"start":	10.000144,
				"end":	11.000147,
				"seconds":	1.0000029802322388,
				"bytes":	12500584,
				"bits_per_second":	100004373.96374069,
				"packets":	8633,
				"omitted":	false,
				"sender":	true
			}
		}, {
			"streams":	[{
					"socket":	5,
					"start":	11.000147,
					"end":	12.000094,
					"seconds":	0.99994701147079468,
					"bytes":	12499136,
					"bits_per_second":	99998386.7674377,
					"packets":	8632,
					"omitted":	false,
					"sender":	true
				}],
			"sum":	{
				"start":	11.000147,
				"end":	12.000094,
				"seconds":	0.99994701147079468,
				"bytes":	12499136,
				"bits_per_second":	99998386.7674377,
				"packets":	8632,
				"omitted":	false,
				"sender":	true
			}
		}, {
			"streams":	[{
					"socket":	5,
					"start":	12.000094,
					"end":	13.000209,
					"seconds":	1.0001150369644165,
					"bytes":	12502032,
					"bits_per_second":	100004751.75693065,
					"packets":	8634,
					"omitted":	false,
					"sender":	true
				}],
			"sum":	{
				"start":	12.000094,
				"end":	13.000209,
				"seconds":	1.0001150369644165,
				"bytes":	12502032,
				"bits_per_second":	100004751.75693065,
				"packets":	8634,
				"omitted":	false,
				"sender":	true
			}
		}, {
			"streams":	[{
					"socket":	5,
					"start":	13.000209,
					"end":	14.000094,
					"seconds":	0.99988502264022827,
					"bytes":	12499136,
					"bits_per_second":	100004586.26329362,
					"packets":	8632,
					"omitted":	false,
					"sender":	true
				}],
			"sum":	{
				"start":	13.000209,
				"end":	14.000094,
				"seconds":	0.99988502264022827,
				"bytes":	12499136,
				"bits_per_second":	100004586.26329362,
				"packets":	8632,
				"omitted":	false,
				"sender":	true
			}
		}, {
			"streams":	[{
					"socket":	5,
					"start":	14.000094,
					"end":	15.000092,
					"seconds":	0.99999797344207764,
					"bytes":	12499136,
					"bits_per_second":	99993290.642195329,
					"packets":	8632,
					"omitted":	false,
					"sender":	true
				}],