{
	"start":	{
		"connected":	[{
				"socket":	5,
				"local_host":	"172.20.171.186",
				"local_port":	42883,
				"remote_host":	"54.227.41.78",
				"remote_port":	5201
			}],
		"version":	"iperf 3.16",
		"system_info":	"Linux DESKTOP-OR35M89 6.18.33.1-microsoft-standard-WSL2 #1 SMP PREEMPT_DYNAMIC Fri Jun  5 01:12:21 UTC 2026 x86_64",
		"timestamp":	{
			"time":	"Thu, 25 Jun 2026 22:06:29 GMT",
			"timesecs":	1782425189
		},
		"connecting_to":	{
			"host":	"54.227.41.78",
			"port":	5201
		},
		"cookie":	"zj4i3rdiw2vfwx4j2aqzb376glznwtwffwe7",
		"target_bitrate":	100000000,
		"fq_rate":	0,
		"sock_bufsize":	0,
		"sndbuf_actual":	212992,
		"rcvbuf_actual":	212992,
		"test_start":	{
			"protocol":	"UDP",
			"num_streams":	1,
			"blksize":	1448,
			"omit":	0,
			"duration":	30,
			"bytes":	0,
			"blocks":	0,
			"reverse":	0,
			"tos":	0,
			"target_bitrate":	100000000,
			"bidir":	0,
			"fqrate":	0
		}
	},
	"intervals":	[{
			"streams":	[{
					"socket":	5,
					"start":	0,
					"end":	1.000101,
					"seconds":	1.0001009702682495,
					"bytes":	12490448,
					"bits_per_second":	99913495.707536668,
					"packets":	8626,
					"omitted":	false,
					"sender":	true
				}],
			"sum":	{
				"start":	0,
				"end":	1.000101,
				"seconds":	1.0001009702682495,
				"bytes":	12490448,
				"bits_per_second":	99913495.707536668,
				"packets":	8626,
				"omitted":	false,
				"sender":	true
			}
		}, {
			"streams":	[{
					"socket":	5,
					"start":	1.000101,
					"end":	2.000091,
					"seconds":	0.99998998641967773,
					"bytes":	12499136,
					"bits_per_second":	99994089.298844948,
					"packets":	8632,
					"omitted":	false,
					"sender":	true
				}],
			"sum":	{
				"start":	1.000101,
				"end":	2.000091,
				"seconds":	0.99998998641967773,
				"bytes":	12499136,
				"bits_per_second":	99994089.298844948,
				"packets":	8632,
				"omitted":	false,
				"sender":	true
			}
		}, {
			"streams":	[{
					"socket":	5,
					"start":	2.000091,
					"end":	3.000122,
					"seconds":	1.0000309944152832,
					"bytes":	12500584,
					"bits_per_second":	100001572.50973266,
					"packets":	8633,
					"omitted":	false,
					"sender":	true
				}],
			"sum":	{
				"start":	2.000091,
				"end":	3.000122,
				"seconds":	1.0000309944152832,
				"bytes":	12500584,
				"bits_per_second":	100001572.50973266,
				"packets":	8633,
				"omitted":	false,
				"sender":	true
			}
		}, {
			"streams":	[{
					"socket":	5,
					"start":	3.000122,
					"end":	4.0001,
					"seconds":	0.999978005886078,
					"bytes":	12499136,
					"bits_per_second":	99995287.3077407,
					"packets":	8632,
					"omitted":	false,
					"sender":	true
				}],
			"sum":	{
				"start":	3.000122,
				"end":	4.0001,
				"seconds":	0.999978005886078,
				"bytes":	12499136,
				"bits_per_second":	99995287.3077407,
				"packets":	8632,
				"omitted":	false,
				"sender":	true
			}
		}, {
			"streams":	[{
					"socket":	5,
					"start":	4.0001,
					"end":	5.000144,
					"seconds":	1.0000439882278442,
					"bytes":	12500584,
					"bits_per_second":	100000273.16519952,
					"packets":	8633,
					"omitted":	false,
					"sender":	true
				}],
			"sum":	{
				"start":	4.0001,
				"end":	5.000144,
				"seconds":	1.0000439882278442,
				"bytes":	12500584,
				"bits_per_second":	100000273.16519952,
				"packets":	8633,
				"omitted":	false,
				"sender":	true
			}
		}, {
			"streams":	[{
					"socket":	5,
					"start":	5.000144,
					"end":	6.000166,
					"seconds":	1.0000220537185669,
					"bytes":	12500584,
					"bits_per_second":	100002466.57374619,
					"packets":	8633,
					"omitted":	false,
					"sender":	true
				}],
			"sum":	{
				"start":	5.000144,
				"end":	6.000166,
				"seconds":	1.0000220537185669,
				"bytes":	12500584,
				"bits_per_second":	100002466.57374619,
				"packets":	8633,
				"omitted":	false,
				"sender":	true
			}
		}, {
			"streams":	[{
					"socket":	5,
					"start":	6.000166,
					"end":	7.000112,
					"seconds":	0.9999459981918335,
					"bytes":	12499136,
					"bits_per_second":	99998488.099171266,
					"packets":	8632,
					"omitted":	false,
					"sender":	true
				}],
			"sum":	{
				"start":	6.000166,
				"end":	7.000112,
				"seconds":	0.9999459981918335,
				"bytes":	12499136,
				"bits_per_second":	99998488.099171266,
				"packets":	8632,
				"omitted":	false,
				"sender":	true
			}
		}, {
			"streams":	[{
					"socket":	5,
					"start":	7.000112,
					"end":	8.000133,
					"seconds":	1.0000209808349609,
					"bytes":	12500584,
					"bits_per_second":	100002573.86250213,
					"packets":	8633,
					"omitted":	false,
					"sender":	true
				}],
			"sum":	{
				"start":	7.000112,
				"end":	8.000133,
				"seconds":	1.0000209808349609,
				"bytes":	12500584,
				"bits_per_second":	100002573.86250213,
				"packets":	8633,
				"omitted":	false,
				"sender":	true
			}
		}, {
			"streams":	[{
					"socket":	5,
					"start":	8.000133,
					"end":	9.000151,
					"seconds":	1.0000180006027222,
					"bytes":	12500584,
					"bits_per_second":	100002871.88803206,
					"packets":	8633,
					"omitted":	false,
					"sender":	true
				}],
			"sum":	{
				"start":	8.000133,
				"end":	9.000151,
				"seconds":	1.0000180006027222,
				"bytes":	12500584,
				"bits_per_second":	100002871.88803206,
				"packets":	8633,
				"omitted":	false,
				"sender":	true
			}
		}, {
			"streams":	[{
					"socket":	5,
					"start":	9.000151,
					"end":	10.000112,
					"seconds":	0.999961018562317,
					"bytes":	12499136,
					"bits_per_second":	99996986.0262793,
					"packets":	8632,
					"omitted":	false,
					"sender":	true
				}],
			"sum":	{
				"start":	9.000151,
				"end":	10.000112,
				"seconds":	0.999961018562317,
				"bytes":	12499136,
				"bits_per_second":	99996986.0262793,
				"packets":	8632,
				"omitted":	false,
				"sender":	true
			}
		}, {
			"streams":	[{
					"socket":	5,
					"start":	10.000112,
					"end":	11.00018,
					"seconds":	1.0000679492950439,
					"bytes":	12503480,
					"bits_per_second":	100021043.64059506,
					"packets":	8635,
					"omitted":	false,
					"sender":	true
				}],
			"sum":	{
				"start":	10.000112,
				"end":	11.00018,
				"seconds":	1.0000679492950439,
				"bytes":	12503480,
				"bits_per_second":	100021043.64059506,
				"packets":	8635,
				"omitted":	false,
				"sender":	true
			}
		}, {
			"streams":	[{
					"socket":	5,
					"start":	11.00018,
					"end":	12.000115,
					"seconds":	0.99993497133255,
					"bytes":	12496240,
					"bits_per_second":	99976421.333455727,
					"packets":	8630,
					"omitted":	false,
					"sender":	true
				}],
			"sum":	{
				"start":	11.00018,
				"end":	12.000115,
				"seconds":	0.99993497133255,
				"bytes":	12496240,
				"bits_per_second":	99976421.333455727,
				"packets":	8630,
				"omitted":	false,
				"sender":	true
			}
		}, {
			"streams":	[{
					"socket":	5,
					"start":	12.000115,
					"end":	13.000131,
					"seconds":	1.0000159740448,
					"bytes":	12500584,
					"bits_per_second":	100003074.54640707,
					"packets":	8633,
					"omitted":	false,
					"sender":	true
				}],
			"sum":	{
				"start":	12.000115,
				"end":	13.000131,
				"seconds":	1.0000159740448,
				"bytes":	12500584,
				"bits_per_second":	100003074.54640707,
				"packets":	8633,
				"omitted":	false,
				"sender":	true
			}
		}, {
			"streams":	[{
					"socket":	5,
					"start":	13.000131,
					"end":	14.000137,
					"seconds":	1.0000059604644775,
					"bytes":	12499136,
					"bits_per_second":	99992491.998303428,
					"packets":	8632,
					"omitted":	false,
					"sender":	true
				}],
			"sum":	{
				"start":	13.000131,
				"end":	14.000137,
				"seconds":	1.0000059604644775,
				"bytes":	12499136,
				"bits_per_second":	99992491.998303428,
				"packets":	8632,
				"omitted":	false,
				"sender":	true
			}
		}, {
			"streams":	[{
					"socket":	5,
					"start":	14.000137,
					"end":	15.000091,
					"seconds":	0.9999539852142334,
					"bytes":	12500584,
					"bits_per_second":	100009273.90531343,
					"packets":	8633,
					"omitted":	false,