{
	"start":	{
		"connected":	[{
				"socket":	5,
				"local_host":	"172.20.171.186",
				"local_port":	36872,
				"remote_host":	"54.227.41.78",
				"remote_port":	5201
			}],
		"version":	"iperf 3.16",
		"system_info":	"Linux DESKTOP-OR35M89 6.18.33.1-microsoft-standard-WSL2 #1 SMP PREEMPT_DYNAMIC Fri Jun  5 01:12:21 UTC 2026 x86_64",
		"timestamp":	{
			"time":	"Thu, 25 Jun 2026 23:17:54 GMT",
			"timesecs":	1782429474
		},
		"connecting_to":	{
			"host":	"54.227.41.78",
			"port":	5201
		},
		"cookie":	"gss7tzsdwgjancld5xpumejavjfshwsabx53",
		"target_bitrate":	100000000,
		"fq_rate":	0,
		"sock_bufsize":	0,
		"sndbuf_actual":	212992,
		"rcvbuf_actual":	212992,
		"test_start":	{
			"protocol":	"UDP",
			"num_streams":	1,
			"blksize":	1448,
			"omit":	0,
			"duration":	30,
			"bytes":	0,
			"blocks":	0,
			"reverse":	0,
			"tos":	0,
			"target_bitrate":	100000000,
			"bidir":	0,
			"fqrate":	0
		}
	},
	"intervals":	[{
			"streams":	[{
					"socket":	5,
					"start":	0,
					"end":	1.000131,
					"seconds":	1.0001310110092163,
					"bytes":	12490448,
					"bits_per_second":	99910494.625267848,
					"packets":	8626,
					"omitted":	false,
					"sender":	true
				}],
			"sum":	{
				"start":	0,
				"end":	1.000131,
				"seconds":	1.0001310110092163,
				"bytes":	12490448,
				"bits_per_second":	99910494.625267848,
				"packets":	8626,
				"omitted":	false,
				"sender":	true
			}
		}, {
			"streams":	[{
					"socket":	5,
					"start":	1.000131,
					"end":	2.000081,
					"seconds":	0.99994999170303345,
					"bytes":	12497688,
					"bits_per_second":	99986504.1547924,
					"packets":	8631,
					"omitted":	false,
					"sender":	true
				}],
			"sum":	{
				"start":	1.000131,
				"end":	2.000081,
				"seconds":	0.99994999170303345,
				"bytes":	12497688,
				"bits_per_second":	99986504.1547924,
				"packets":	8631,
				"omitted":	false,
				"sender":	true
			}
		}, {
			"streams":	[{
					"socket":	5,
					"start":	2.000081,
					"end":	3.000089,
					"seconds":	1.0000079870224,
					"bytes":	12500584,
					"bits_per_second":	100003873.26682414,
					"packets":	8633,
					"omitted":	false,
					"sender":	true
				}],
			"sum":	{
				"start":	2.000081,
				"end":	3.000089,
				"seconds":	1.0000079870224,
				"bytes":	12500584,
				"bits_per_second":	100003873.26682414,
				"packets":	8633,
				"omitted":	false,
				"sender":	true
			}
		}, {
			"streams":	[{
					"socket":	5,
					"start":	3.000089,
					"end":	4.000101,
					"seconds":	1.0000120401382446,
					"bytes":	12500584,
					"bits_per_second":	100003467.944421,
					"packets":	8633,
					"omitted":	false,
					"sender":	true
				}],
			"sum":	{
				"start":	3.000089,
				"end":	4.000101,
				"seconds":	1.0000120401382446,
				"bytes":	12500584,
				"bits_per_second":	100003467.944421,
				"packets":	8633,
				"omitted":	false,
				"sender":	true
			}
		}, {
			"streams":	[{
					"socket":	5,
					"start":	4.000101,
					"end":	5.000087,
					"seconds":	0.99998599290847778,
					"bytes":	12499136,
					"bits_per_second":	99994488.631954,
					"packets":	8632,
					"omitted":	false,
					"sender":	true
				}],
			"sum":	{
				"start":	4.000101,
				"end":	5.000087,
				"seconds":	0.99998599290847778,
				"bytes":	12499136,
				"bits_per_second":	99994488.631954,
				"packets":	8632,
				"omitted":	false,
				"sender":	true
			}
		}, {
			"streams":	[{
					"socket":	5,
					"start":	5.000087,
					"end":	6.00019,
					"seconds":	1.0001029968261719,
					"bytes":	12503480,
					"bits_per_second":	100017538.51097184,
					"packets":	8635,
					"omitted":	false,
					"sender":	true
				}],
			"sum":	{
				"start":	5.000087,
				"end":	6.00019,
				"seconds":	1.0001029968261719,
				"bytes":	12503480,
				"bits_per_second":	100017538.51097184,
				"packets":	8635,
				"omitted":	false,
				"sender":	true
			}
		}, {
			"streams":	[{
					"socket":	5,
					"start":	6.00019,
					"end":	7.000111,
					"seconds":	0.99992102384567261,
					"bytes":	12497688,
					"bits_per_second":	99989400.778346971,
					"packets":	8631,
					"omitted":	false,
					"sender":	true
				}],
			"sum":	{
				"start":	6.00019,
				"end":	7.000111,
				"seconds":	0.99992102384567261,
				"bytes":	12497688,
				"bits_per_second":	99989400.778346971,
				"packets":	8631,
				"omitted":	false,
				"sender":	true
			}
		}, {
			"streams":	[{
					"socket":	5,
					"start":	7.000111,
					"end":	8.000093,
					"seconds":	0.99998199939727783,
					"bytes":	12500584,
					"bits_per_second":	100006472.17677531,
					"packets":	8633,
					"omitted":	false,
					"sender":	true
				}],
			"sum":	{
				"start":	7.000111,
				"end":	8.000093,
				"seconds":	0.99998199939727783,
				"bytes":	12500584,
				"bits_per_second":	100006472.17677531,
				"packets":	8633,
				"omitted":	false,
				"sender":	true
			}
		}, {
			"streams":	[{
					"socket":	5,
					"start":	8.000093,
					"end":	9.000145,
					"seconds":	1.0000519752502441,
					"bytes":	12499136,
					"bits_per_second":	99987891.104338467,
					"packets":	8632,
					"omitted":	false,
					"sender":	true
				}],
			"sum":	{
				"start":	8.000093,
				"end":	9.000145,
				"seconds":	1.0000519752502441,
				"bytes":	12499136,
				"bits_per_second":	99987891.104338467,
				"packets":	8632,
				"omitted":	false,
				"sender":	true
			}
		}, {
			"streams":	[{
					"socket":	5,
					"start":	9.000145,
					"end":	10.000109,
					"seconds":	0.99996399879455566,
					"bytes":	12500584,
					"bits_per_second":	100008272.41836147,
					"packets":	8633,
					"omitted":	false,
					"sender":	true
				}],
			"sum":	{
				"start":	9.000145,
				"end":	10.000109,
				"seconds":	0.99996399879455566,
				"bytes":	12500584,
				"bits_per_second":	100008272.41836147,
				"packets":	8633,
				"omitted":	false,
				"sender":	true
			}
		}, {
			"streams":	[{
					"socket":	5,
					"start":	10.000109,
					"end":	11.000194,
					"seconds":	1.00008499622345,
					"bytes":	12500584,
					"bits_per_second":	99996172.7029608,
					"packets":	8633,
					"omitted":	false,
					"sender":	true
				}],
			"sum":	{
				"start":	10.000109,
				"end":	11.000194,
				"seconds":	1.00008499622345,
				"bytes":	12500584,
				"bits_per_second":	99996172.7029608,
				"packets":	8633,
				"omitted":	false,
				"sender":	true
			}
		}, {
			"streams":	[{
					"socket":	5,
					"start":	11.000194,
					"end":	12.000144,
					"seconds":	0.99994999170303345,
					"bytes":	12499136,
					"bits_per_second":	99998088.7341175,
					"packets":	8632,
					"omitted":	false,
					"sender":	true
				}],
			"sum":	{
				"start":	11.000194,
				"end":	12.000144,
				"seconds":	0.99994999170303345,
				"bytes":	12499136,
				"bits_per_second":	99998088.7341175,
				"packets":	8632,
				"omitted":	false,
				"sender":	true
			}
		}, {
			"streams":	[{
					"socket":	5,
					"start":	12.000144,
					"end":	13.000143,
					"seconds":	0.99999898672103882,
					"bytes":	12500584,
					"bits_per_second":	100004773.33273284,
					"packets":	8633,
					"omitted":	false,
					"sender":	true
				}],
			"sum":	{
				"start":	12.000144,
				"end":	13.000143,
				"seconds":	0.99999898672103882,
				"bytes":	12500584,
				"bits_per_second":	100004773.33273284,
				"packets":	8633,
				"omitted":	false,
				"sender":	true
			}
		}, {
			"streams":	[{
					"socket":	5,
					"start":	13.000143,
					"end":	14.000143,
					"seconds":	1,
					"bytes":	12499136,
					"bits_per_second":	99993088,
					"packets":	8632,
					"omitted":	false,
					"sender":	true
				}],
			"sum":	{
				"start":	13.000143,
				"end":	14.000143,
				"seconds":	1,
				"bytes":	12499136,
				"bits_per_second":	99993088,
				"packets":	8632,
				"omitted":	false,
				"sender":	true
			}
		}, {
			"streams":	[{
					"socket":	5,
					"start":	14.000143,
					"end":	15.000146,
					"seconds":	1.0000029802322388,
					"bytes":	12500584,
					"bits_per_second":	100004373.96374069,
					"packets":	8633,
					"omitted":	false,
					"sender":	true
				}],