{
	"start":	{
		"connected":	[{
				"socket":	5,
				"local_host":	"172.20.171.186",
				"local_port":	44745,
				"remote_host":	"54.227.41.78",
				"remote_port":	5201
			}],
		"version":	"iperf 3.16",
		"system_info":	"Linux DESKTOP-OR35M89 6.18.33.1-microsoft-standard-WSL2 #1 SMP PREEMPT_DYNAMIC Fri Jun  5 01:12:21 UTC 2026 x86_64",
		"timestamp":	{
			"time":	"Thu, 25 Jun 2026 23:54:27 GMT",
			"timesecs":	1782431667
		},
		"connecting_to":	{
			"host":	"54.227.41.78",
			"port":	5201
		},
		"cookie":	"rdqu4i5whjdrx3gfnnx7xzb56u57bjgqw5l7",
		"target_bitrate":	100000000,
		"fq_rate":	0,
		"sock_bufsize":	0,
		"sndbuf_actual":	212992,
		"rcvbuf_actual":	212992,
		"test_start":	{
			"protocol":	"UDP",
			"num_streams":	1,
			"blksize":	1448,
			"omit":	0,
			"duration":	30,
			"bytes":	0,
			"blocks":	0,
			"reverse":	0,
			"tos":	0,
			"target_bitrate":	100000000,
			"bidir":	0,
			"fqrate":	0
		}
	},
	"intervals":	[{
			"streams":	[{
					"socket":	5,
					"start":	0,
					"end":	1.000139,
					"seconds":	1.0001389980316162,
					"bytes":	12490448,
					"bits_per_second":	99909696.748812541,
					"packets":	8626,
					"omitted":	false,
					"sender":	true
				}],
			"sum":	{
				"start":	0,
				"end":	1.000139,
				"seconds":	1.0001389980316162,
				"bytes":	12490448,
				"bits_per_second":	99909696.748812541,
				"packets":	8626,
				"omitted":	false,
				"sender":	true
			}
		}, {
			"streams":	[{
					"socket":	5,
					"start":	1.000139,
					"end":	2.000143,
					"seconds":	1.0000040531158447,
					"bytes":	12499136,
					"bits_per_second":	99992682.718073323,
					"packets":	8632,
					"omitted":	false,
					"sender":	true
				}],
			"sum":	{
				"start":	1.000139,
				"end":	2.000143,
				"seconds":	1.0000040531158447,
				"bytes":	12499136,
				"bits_per_second":	99992682.718073323,
				"packets":	8632,
				"omitted":	false,
				"sender":	true
			}
		}, {
			"streams":	[{
					"socket":	5,
					"start":	2.000143,
					"end":	3.000175,
					"seconds":	1.0000319480895996,
					"bytes":	12502032,
					"bits_per_second":	100013060.77377327,
					"packets":	8634,
					"omitted":	false,
					"sender":	true
				}],
			"sum":	{
				"start":	2.000143,
				"end":	3.000175,
				"seconds":	1.0000319480895996,
				"bytes":	12502032,
				"bits_per_second":	100013060.77377327,
				"packets":	8634,
				"omitted":	false,
				"sender":	true
			}
		}, {
			"streams":	[{
					"socket":	5,
					"start":	3.000175,
					"end":	4.000184,
					"seconds":	1.0000089406967163,
					"bytes":	12499136,
					"bits_per_second":	99992194.000119448,
					"packets":	8632,
					"omitted":	false,
					"sender":	true
				}],
			"sum":	{
				"start":	3.000175,
				"end":	4.000184,
				"seconds":	1.0000089406967163,
				"bytes":	12499136,
				"bits_per_second":	99992194.000119448,
				"packets":	8632,
				"omitted":	false,
				"sender":	true
			}
		}, {
			"streams":	[{
					"socket":	5,
					"start":	4.000184,
					"end":	5.000139,
					"seconds":	0.99995499849319458,
					"bytes":	12499136,
					"bits_per_second":	99997588.0421388,
					"packets":	8632,
					"omitted":	false,
					"sender":	true
				}],
			"sum":	{
				"start":	4.000184,
				"end":	5.000139,
				"seconds":	0.99995499849319458,
				"bytes":	12499136,
				"bits_per_second":	99997588.0421388,
				"packets":	8632,
				"omitted":	false,
				"sender":	true
			}
		}, {
			"streams":	[{
					"socket":	5,
					"start":	5.000139,
					"end":	6.000104,
					"seconds":	0.999965012073517,
					"bytes":	12500584,
					"bits_per_second":	100008171.0785374,
					"packets":	8633,
					"omitted":	false,
					"sender":	true
				}],
			"sum":	{
				"start":	5.000139,
				"end":	6.000104,
				"seconds":	0.999965012073517,
				"bytes":	12500584,
				"bits_per_second":	100008171.0785374,
				"packets":	8633,
				"omitted":	false,
				"sender":	true
			}
		}, {
			"streams":	[{
					"socket":	5,
					"start":	6.000104,
					"end":	7.000161,
					"seconds":	1.0000569820404053,
					"bytes":	12499136,
					"bits_per_second":	99987390.5144737,
					"packets":	8632,
					"omitted":	false,
					"sender":	true
				}],
			"sum":	{
				"start":	6.000104,
				"end":	7.000161,
				"seconds":	1.0000569820404053,
				"bytes":	12499136,
				"bits_per_second":	99987390.5144737,
				"packets":	8632,
				"omitted":	false,
				"sender":	true
			}
		}, {
			"streams":	[{
					"socket":	5,
					"start":	7.000161,
					"end":	8.000118,
					"seconds":	0.999957025051117,
					"bytes":	12500584,
					"bits_per_second":	100008969.88036846,
					"packets":	8633,
					"omitted":	false,
					"sender":	true
				}],
			"sum":	{
				"start":	7.000161,
				"end":	8.000118,
				"seconds":	0.999957025051117,
				"bytes":	12500584,
				"bits_per_second":	100008969.88036846,
				"packets":	8633,
				"omitted":	false,
				"sender":	true
			}
		}, {
			"streams":	[{
					"socket":	5,
					"start":	8.000118,
					"end":	9.000185,
					"seconds":	1.0000669956207275,
					"bytes":	12500584,
					"bits_per_second":	99997972.5737559,
					"packets":	8633,
					"omitted":	false,
					"sender":	true
				}],
			"sum":	{
				"start":	8.000118,
				"end":	9.000185,
				"seconds":	1.0000669956207275,
				"bytes":	12500584,
				"bits_per_second":	99997972.5737559,
				"packets":	8633,
				"omitted":	false,
				"sender":	true
			}
		}, {
			"streams":	[{
					"socket":	5,
					"start":	9.000185,
					"end":	10.000139,
					"seconds":	0.9999539852142334,
					"bytes":	12499136,
					"bits_per_second":	99997689.372253627,
					"packets":	8632,
					"omitted":	false,
					"sender":	true
				}],
			"sum":	{
				"start":	9.000185,
				"end":	10.000139,
				"seconds":	0.9999539852142334,
				"bytes":	12499136,
				"bits_per_second":	99997689.372253627,
				"packets":	8632,
				"omitted":	false,
				"sender":	true
			}
		}, {
			"streams":	[{
					"socket":	5,
					"start":	10.000139,
					"end":	11.000124,
					"seconds":	0.9999849796295166,
					"bytes":	12500584,
					"bits_per_second":	100006174.12978606,
					"packets":	8633,
					"omitted":	false,
					"sender":	true
				}],
			"sum":	{
				"start":	10.000139,
				"end":	11.000124,
				"seconds":	0.9999849796295166,
				"bytes":	12500584,
				"bits_per_second":	100006174.12978606,
				"packets":	8633,
				"omitted":	false,
				"sender":	true
			}
		}, {
			"streams":	[{
					"socket":	5,
					"start":	11.000124,
					"end":	12.000253,
					"seconds":	1.0001289844512939,
					"bytes":	12499136,
					"bits_per_second":	99980192.109780461,
					"packets":	8632,
					"omitted":	false,
					"sender":	true
				}],
			"sum":	{
				"start":	11.000124,
				"end":	12.000253,
				"seconds":	1.0001289844512939,
				"bytes":	12499136,
				"bits_per_second":	99980192.109780461,
				"packets":	8632,
				"omitted":	false,
				"sender":	true
			}
		}, {
			"streams":	[{
					"socket":	5,
					"start":	12.000253,
					"end":	13.000176,
					"seconds":	0.9999229907989502,
					"bytes":	12500584,
					"bits_per_second":	100012373.87300706,
					"packets":	8633,
					"omitted":	false,
					"sender":	true
				}],
			"sum":	{
				"start":	12.000253,
				"end":	13.000176,
				"seconds":	0.9999229907989502,
				"bytes":	12500584,
				"bits_per_second":	100012373.87300706,
				"packets":	8633,
				"omitted":	false,
				"sender":	true
			}
		}, {
			"streams":	[{
					"socket":	5,
					"start":	13.000176,
					"end":	14.000124,
					"seconds":	0.999948024749756,
					"bytes":	12500584,
					"bits_per_second":	100009870.03802212,
					"packets":	8633,
					"omitted":	false,
					"sender":	true
				}],
			"sum":	{
				"start":	13.000176,
				"end":	14.000124,
				"seconds":	0.999948024749756,
				"bytes":	12500584,
				"bits_per_second":	100009870.03802212,
				"packets":	8633,
				"omitted":	false,
				"sender":	true
			}
		}, {
			"streams":	[{
					"socket":	5,
					"start":	14.000124,
					"end":	15.000106,
					"seconds":	0.99998199939727783,
					"bytes":	12499136,
					"bits_per_second":	99994887.968252569,
					"packets":	8632,
					"omitted":	false,