{
	"start":	{
		"connected":	[{
				"socket":	5,
				"local_host":	"172.20.171.186",
				"local_port":	46034,
				"remote_host":	"54.227.41.78",
				"remote_port":	5201
			}],
		"version":	"iperf 3.16",
		"system_info":	"Linux DESKTOP-OR35M89 6.18.33.1-microsoft-standard-WSL2 #1 SMP PREEMPT_DYNAMIC Fri Jun  5 01:12:21 UTC 2026 x86_64",
		"timestamp":	{
			"time":	"Thu, 25 Jun 2026 21:41:59 GMT",
			"timesecs":	1782423719
		},
		"connecting_to":	{
			"host":	"54.227.41.78",
			"port":	5201
		},
		"cookie":	"cfckmhhp2mrninj4syto5t3ktiokbk4a5iis",
		"target_bitrate":	100000000,
		"fq_rate":	0,
		"sock_bufsize":	0,
		"sndbuf_actual":	212992,
		"rcvbuf_actual":	212992,
		"test_start":	{
			"protocol":	"UDP",
			"num_streams":	1,
			"blksize":	1448,
			"omit":	0,
			"duration":	30,
			"bytes":	0,
			"blocks":	0,
			"reverse":	0,
			"tos":	0,
			"target_bitrate":	100000000,
			"bidir":	0,
			"fqrate":	0
		}
	},
	"intervals":	[{
			"streams":	[{
					"socket":	5,
					"start":	0,
					"end":	1.000165,
					"seconds":	1.0001649856567383,
					"bytes":	12490448,
					"bits_per_second":	99907100.761368066,
					"packets":	8626,
					"omitted":	false,
					"sender":	true
				}],
			"sum":	{
				"start":	0,
				"end":	1.000165,
				"seconds":	1.0001649856567383,
				"bytes":	12490448,
				"bits_per_second":	99907100.761368066,
				"packets":	8626,
				"omitted":	false,
				"sender":	true
			}
		}, {
			"streams":	[{
					"socket":	5,
					"start":	1.000165,
					"end":	2.000116,
					"seconds":	0.99995100498199463,
					"bytes":	12500584,
					"bits_per_second":	100009571.97077942,
					"packets":	8633,
					"omitted":	false,
					"sender":	true
				}],
			"sum":	{
				"start":	1.000165,
				"end":	2.000116,
				"seconds":	0.99995100498199463,
				"bytes":	12500584,
				"bits_per_second":	100009571.97077942,
				"packets":	8633,
				"omitted":	false,
				"sender":	true
			}
		}, {
			"streams":	[{
					"socket":	5,
					"start":	2.000116,
					"end":	3.000199,
					"seconds":	1.0000829696655273,
					"bytes":	12500584,
					"bits_per_second":	99996375.334184572,
					"packets":	8633,
					"omitted":	false,
					"sender":	true
				}],
			"sum":	{
				"start":	2.000116,
				"end":	3.000199,
				"seconds":	1.0000829696655273,
				"bytes":	12500584,
				"bits_per_second":	99996375.334184572,
				"packets":	8633,
				"omitted":	false,
				"sender":	true
			}
		}, {
			"streams":	[{
					"socket":	5,
					"start":	3.000199,
					"end":	4.000198,
					"seconds":	0.99999898672103882,
					"bytes":	12500584,
					"bits_per_second":	100004773.33273284,
					"packets":	8633,
					"omitted":	false,
					"sender":	true
				}],
			"sum":	{
				"start":	3.000199,
				"end":	4.000198,
				"seconds":	0.99999898672103882,
				"bytes":	12500584,
				"bits_per_second":	100004773.33273284,
				"packets":	8633,
				"omitted":	false,
				"sender":	true
			}
		}, {
			"streams":	[{
					"socket":	5,
					"start":	4.000198,
					"end":	5.000205,
					"seconds":	1.0000070333480835,
					"bytes":	12499136,
					"bits_per_second":	99992384.7187526,
					"packets":	8632,
					"omitted":	false,
					"sender":	true
				}],
			"sum":	{
				"start":	4.000198,
				"end":	5.000205,
				"seconds":	1.0000070333480835,
				"bytes":	12499136,
				"bits_per_second":	99992384.7187526,
				"packets":	8632,
				"omitted":	false,
				"sender":	true
			}
		}, {
			"streams":	[{
					"socket":	5,
					"start":	5.000205,
					"end":	6.00014,
					"seconds":	0.99993497133255,
					"bytes":	12499136,
					"bits_per_second":	99999590.840137869,
					"packets":	8632,
					"omitted":	false,
					"sender":	true
				}],
			"sum":	{
				"start":	5.000205,
				"end":	6.00014,
				"seconds":	0.99993497133255,
				"bytes":	12499136,
				"bits_per_second":	99999590.840137869,
				"packets":	8632,
				"omitted":	false,
				"sender":	true
			}
		}, {
			"streams":	[{
					"socket":	5,
					"start":	6.00014,
					"end":	7.000129,
					"seconds":	0.99998897314071655,
					"bytes":	12500584,
					"bits_per_second":	100005774.7496057,
					"packets":	8633,
					"omitted":	false,
					"sender":	true
				}],
			"sum":	{
				"start":	6.00014,
				"end":	7.000129,
				"seconds":	0.99998897314071655,
				"bytes":	12500584,
				"bits_per_second":	100005774.7496057,
				"packets":	8633,
				"omitted":	false,
				"sender":	true
			}
		}, {
			"streams":	[{
					"socket":	5,
					"start":	7.000129,
					"end":	8.000115,
					"seconds":	0.99998599290847778,
					"bytes":	12500584,
					"bits_per_second":	100006072.79421441,
					"packets":	8633,
					"omitted":	false,
					"sender":	true
				}],
			"sum":	{
				"start":	7.000129,
				"end":	8.000115,
				"seconds":	0.99998599290847778,
				"bytes":	12500584,
				"bits_per_second":	100006072.79421441,
				"packets":	8633,
				"omitted":	false,
				"sender":	true
			}
		}, {
			"streams":	[{
					"socket":	5,
					"start":	8.000115,
					"end":	9.000208,
					"seconds":	1.0000929832458496,
					"bytes":	12499136,
					"bits_per_second":	99983791.1825635,
					"packets":	8632,
					"omitted":	false,
					"sender":	true
				}],
			"sum":	{
				"start":	8.000115,
				"end":	9.000208,
				"seconds":	1.0000929832458496,
				"bytes":	12499136,
				"bits_per_second":	99983791.1825635,
				"packets":	8632,
				"omitted":	false,
				"sender":	true
			}
		}, {
			"streams":	[{
					"socket":	5,
					"start":	9.000208,
					"end":	10.000113,
					"seconds":	0.999904990196228,
					"bytes":	12499136,
					"bits_per_second":	100002589.22637908,
					"packets":	8632,
					"omitted":	false,
					"sender":	true
				}],
			"sum":	{
				"start":	9.000208,
				"end":	10.000113,
				"seconds":	0.999904990196228,
				"bytes":	12499136,
				"bits_per_second":	100002589.22637908,
				"packets":	8632,
				"omitted":	false,
				"sender":	true
			}
		}, {
			"streams":	[{
					"socket":	5,
					"start":	10.000113,
					"end":	11.000124,
					"seconds":	1.0000109672546387,
					"bytes":	12500584,
					"bits_per_second":	100003575.23532562,
					"packets":	8633,
					"omitted":	false,
					"sender":	true
				}],
			"sum":	{
				"start":	10.000113,
				"end":	11.000124,
				"seconds":	1.0000109672546387,
				"bytes":	12500584,
				"bits_per_second":	100003575.23532562,
				"packets":	8633,
				"omitted":	false,
				"sender":	true
			}
		}, {
			"streams":	[{
					"socket":	5,
					"start":	11.000124,
					"end":	12.000142,
					"seconds":	1.0000180006027222,
					"bytes":	12499136,
					"bits_per_second":	99991288.0965473,
					"packets":	8632,
					"omitted":	false,
					"sender":	true
				}],
			"sum":	{
				"start":	11.000124,
				"end":	12.000142,
				"seconds":	1.0000180006027222,
				"bytes":	12499136,
				"bits_per_second":	99991288.0965473,
				"packets":	8632,
				"omitted":	false,
				"sender":	true
			}
		}, {
			"streams":	[{
					"socket":	5,
					"start":	12.000142,
					"end":	13.000201,
					"seconds":	1.0000590085983276,
					"bytes":	12502032,
					"bits_per_second":	100010354.529161,
					"packets":	8634,
					"omitted":	false,
					"sender":	true
				}],
			"sum":	{
				"start":	12.000142,
				"end":	13.000201,
				"seconds":	1.0000590085983276,
				"bytes":	12502032,
				"bits_per_second":	100010354.529161,
				"packets":	8634,
				"omitted":	false,
				"sender":	true
			}
		}, {
			"streams":	[{
					"socket":	5,
					"start":	13.000201,
					"end":	14.000101,
					"seconds":	0.999899983406067,
					"bytes":	12499136,
					"bits_per_second":	100003089.96844143,
					"packets":	8632,
					"omitted":	false,
					"sender":	true
				}],
			"sum":	{
				"start":	13.000201,
				"end":	14.000101,
				"seconds":	0.999899983406067,
				"bytes":	12499136,
				"bits_per_second":	100003089.96844143,
				"packets":	8632,
				"omitted":	false,
				"sender":	true
			}
		}, {
			"streams":	[{
					"socket":	5,
					"start":	14.000101,
					"end":	15.000096,
					"seconds":	0.999994993209839,
					"bytes":	12500584,
					"bits_per_second":	100005172.70491476,
					"packets":	8633,
					"omitted":	false,