{
	"start":	{
		"connected":	[{
				"socket":	5,
				"local_host":	"172.20.171.186",
				"local_port":	33643,
				"remote_host":	"54.227.41.78",
				"remote_port":	5201
			}],
		"version":	"iperf 3.16",
		"system_info":	"Linux DESKTOP-OR35M89 6.18.33.1-microsoft-standard-WSL2 #1 SMP PREEMPT_DYNAMIC Fri Jun  5 01:12:21 UTC 2026 x86_64",
		"timestamp":	{
			"time":	"Thu, 25 Jun 2026 23:41:47 GMT",
			"timesecs":	1782430907
		},
		"connecting_to":	{
			"host":	"54.227.41.78",
			"port":	5201
		},
		"cookie":	"33fmp2m2oridcebsbh4ztm76igvlbtbroz3o",
		"target_bitrate":	100000000,
		"fq_rate":	0,
		"sock_bufsize":	0,
		"sndbuf_actual":	212992,
		"rcvbuf_actual":	212992,
		"test_start":	{
			"protocol":	"UDP",
			"num_streams":	1,
			"blksize":	1448,
			"omit":	0,
			"duration":	30,
			"bytes":	0,
			"blocks":	0,
			"reverse":	0,
			"tos":	0,
			"target_bitrate":	100000000,
			"bidir":	0,
			"fqrate":	0
		}
	},
	"intervals":	[{
			"streams":	[{
					"socket":	5,
					"start":	0,
					"end":	1.000147,
					"seconds":	1.0001469850540161,
					"bytes":	12490448,
					"bits_per_second":	99908898.885100678,
					"packets":	8626,
					"omitted":	false,
					"sender":	true
				}],
			"sum":	{
				"start":	0,
				"end":	1.000147,
				"seconds":	1.0001469850540161,
				"bytes":	12490448,
				"bits_per_second":	99908898.885100678,
				"packets":	8626,
				"omitted":	false,
				"sender":	true
			}
		}, {
			"streams":	[{
					"socket":	5,
					"start":	1.000147,
					"end":	2.000097,
					"seconds":	0.99994999170303345,
					"bytes":	12500584,
					"bits_per_second":	100009673.31344259,
					"packets":	8633,
					"omitted":	false,
					"sender":	true
				}],
			"sum":	{
				"start":	1.000147,
				"end":	2.000097,
				"seconds":	0.99994999170303345,
				"bytes":	12500584,
				"bits_per_second":	100009673.31344259,
				"packets":	8633,
				"omitted":	false,
				"sender":	true
			}
		}, {
			"streams":	[{
					"socket":	5,
					"start":	2.000097,
					"end":	3.000087,
					"seconds":	0.99998998641967773,
					"bytes":	12499136,
					"bits_per_second":	99994089.298844948,
					"packets":	8632,
					"omitted":	false,
					"sender":	true
				}],
			"sum":	{
				"start":	2.000097,
				"end":	3.000087,
				"seconds":	0.99998998641967773,
				"bytes":	12499136,
				"bits_per_second":	99994089.298844948,
				"packets":	8632,
				"omitted":	false,
				"sender":	true
			}
		}, {
			"streams":	[{
					"socket":	5,
					"start":	3.000087,
					"end":	4.000133,
					"seconds":	1.0000460147857666,
					"bytes":	12500584,
					"bits_per_second":	100000070.51817846,
					"packets":	8633,
					"omitted":	false,
					"sender":	true
				}],
			"sum":	{
				"start":	3.000087,
				"end":	4.000133,
				"seconds":	1.0000460147857666,
				"bytes":	12500584,
				"bits_per_second":	100000070.51817846,
				"packets":	8633,
				"omitted":	false,
				"sender":	true
			}
		}, {
			"streams":	[{
					"socket":	5,
					"start":	4.000133,
					"end":	5.000089,
					"seconds":	0.99995601177215576,
					"bytes":	12499136,
					"bits_per_second":	99997486.712229356,
					"packets":	8632,
					"omitted":	false,
					"sender":	true
				}],
			"sum":	{
				"start":	4.000133,
				"end":	5.000089,
				"seconds":	0.99995601177215576,
				"bytes":	12499136,
				"bits_per_second":	99997486.712229356,
				"packets":	8632,
				"omitted":	false,
				"sender":	true
			}
		}, {
			"streams":	[{
					"socket":	5,
					"start":	5.000089,
					"end":	6.000089,
					"seconds":	1,
					"bytes":	12500584,
					"bits_per_second":	100004672,
					"packets":	8633,
					"omitted":	false,
					"sender":	true
				}],
			"sum":	{
				"start":	5.000089,
				"end":	6.000089,
				"seconds":	1,
				"bytes":	12500584,
				"bits_per_second":	100004672,
				"packets":	8633,
				"omitted":	false,
				"sender":	true
			}
		}, {
			"streams":	[{
					"socket":	5,
					"start":	6.000089,
					"end":	7.000144,
					"seconds":	1.0000549554824829,
					"bytes":	12499136,
					"bits_per_second":	99987593.133577034,
					"packets":	8632,
					"omitted":	false,
					"sender":	true
				}],
			"sum":	{
				"start":	6.000089,
				"end":	7.000144,
				"seconds":	1.0000549554824829,
				"bytes":	12499136,
				"bits_per_second":	99987593.133577034,
				"packets":	8632,
				"omitted":	false,
				"sender":	true
			}
		}, {
			"streams":	[{
					"socket":	5,
					"start":	7.000144,
					"end":	8.000146,
					"seconds":	1.0000020265579224,
					"bytes":	12500584,
					"bits_per_second":	100004469.33515039,
					"packets":	8633,
					"omitted":	false,
					"sender":	true
				}],
			"sum":	{
				"start":	7.000144,
				"end":	8.000146,
				"seconds":	1.0000020265579224,
				"bytes":	12500584,
				"bits_per_second":	100004469.33515039,
				"packets":	8633,
				"omitted":	false,
				"sender":	true
			}
		}, {
			"streams":	[{
					"socket":	5,
					"start":	8.000146,
					"end":	9.00009,
					"seconds":	0.999943971633911,
					"bytes":	12500584,
					"bits_per_second":	100010275.41232345,
					"packets":	8633,
					"omitted":	false,
					"sender":	true
				}],
			"sum":	{
				"start":	8.000146,
				"end":	9.00009,
				"seconds":	0.999943971633911,
				"bytes":	12500584,
				"bits_per_second":	100010275.41232345,
				"packets":	8633,
				"omitted":	false,
				"sender":	true
			}
		}, {
			"streams":	[{
					"socket":	5,
					"start":	9.00009,
					"end":	10.000143,
					"seconds":	1.00005304813385,
					"bytes":	12499136,
					"bits_per_second":	99987783.83465977,
					"packets":	8632,
					"omitted":	false,
					"sender":	true
				}],
			"sum":	{
				"start":	9.00009,
				"end":	10.000143,
				"seconds":	1.00005304813385,
				"bytes":	12499136,
				"bits_per_second":	99987783.83465977,
				"packets":	8632,
				"omitted":	false,
				"sender":	true
			}
		}, {
			"streams":	[{
					"socket":	5,
					"start":	10.000143,
					"end":	11.000089,
					"seconds":	0.9999459981918335,
					"bytes":	12500584,
					"bits_per_second":	100010072.724762,
					"packets":	8633,
					"omitted":	false,
					"sender":	true
				}],
			"sum":	{
				"start":	10.000143,
				"end":	11.000089,
				"seconds":	0.9999459981918335,
				"bytes":	12500584,
				"bits_per_second":	100010072.724762,
				"packets":	8633,
				"omitted":	false,
				"sender":	true
			}
		}, {
			"streams":	[{
					"socket":	5,
					"start":	11.000089,
					"end":	12.000141,
					"seconds":	1.0000519752502441,
					"bytes":	12499136,
					"bits_per_second":	99987891.104338467,
					"packets":	8632,
					"omitted":	false,
					"sender":	true
				}],
			"sum":	{
				"start":	11.000089,
				"end":	12.000141,
				"seconds":	1.0000519752502441,
				"bytes":	12499136,
				"bits_per_second":	99987891.104338467,
				"packets":	8632,
				"omitted":	false,
				"sender":	true
			}
		}, {
			"streams":	[{
					"socket":	5,
					"start":	12.000141,
					"end":	13.000137,
					"seconds":	0.9999960064888,
					"bytes":	12500584,
					"bits_per_second":	100005071.37137258,
					"packets":	8633,
					"omitted":	false,
					"sender":	true
				}],
			"sum":	{
				"start":	12.000141,
				"end":	13.000137,
				"seconds":	0.9999960064888,
				"bytes":	12500584,
				"bits_per_second":	100005071.37137258,
				"packets":	8633,
				"omitted":	false,
				"sender":	true
			}
		}, {
			"streams":	[{
					"socket":	5,
					"start":	13.000137,
					"end":	14.000148,
					"seconds":	1.0000109672546387,
					"bytes":	12500584,
					"bits_per_second":	100003575.23532562,
					"packets":	8633,
					"omitted":	false,
					"sender":	true
				}],
			"sum":	{
				"start":	13.000137,
				"end":	14.000148,
				"seconds":	1.0000109672546387,
				"bytes":	12500584,
				"bits_per_second":	100003575.23532562,
				"packets":	8633,
				"omitted":	false,
				"sender":	true
			}
		}, {
			"streams":	[{
					"socket":	5,
					"start":	14.000148,
					"end":	15.000096,
					"seconds":	0.999948024749756,
					"bytes":	12499136,
					"bits_per_second":	99998285.4359095,
					"packets":	8632,
					"omitted":	false,
					"sender":	true
				}],