{
	"start":	{
		"connected":	[{
				"socket":	5,
				"local_host":	"172.20.171.186",
				"local_port":	41435,
				"remote_host":	"54.227.41.78",
				"remote_port":	5201
			}],
		"version":	"iperf 3.16",
		"system_info":	"Linux DESKTOP-OR35M89 6.18.33.1-microsoft-standard-WSL2 #1 SMP PREEMPT_DYNAMIC Fri Jun  5 01:12:21 UTC 2026 x86_64",
		"timestamp":	{
			"time":	"Thu, 25 Jun 2026 22:42:27 GMT",
			"timesecs":	1782427347
		},
		"connecting_to":	{
			"host":	"54.227.41.78",
			"port":	5201
		},
		"cookie":	"vd7q2cv4qmuzoeonya4v35tqjzrkove6vrcc",
		"target_bitrate":	100000000,
		"fq_rate":	0,
		"sock_bufsize":	0,
		"sndbuf_actual":	212992,
		"rcvbuf_actual":	212992,
		"test_start":	{
			"protocol":	"UDP",
			"num_streams":	1,
			"blksize":	1448,
			"omit":	0,
			"duration":	30,
			"bytes":	0,
			"blocks":	0,
			"reverse":	0,
			"tos":	0,
			"target_bitrate":	100000000,
			"bidir":	0,
			"fqrate":	0
		}
	},
	"intervals":	[{
			"streams":	[{
					"socket":	5,
					"start":	0,
					"end":	1.000085,
					"seconds":	1.00008499622345,
					"bytes":	12490448,
					"bits_per_second":	99915091.594548836,
					"packets":	8626,
					"omitted":	false,
					"sender":	true
				}],
			"sum":	{
				"start":	0,
				"end":	1.000085,
				"seconds":	1.00008499622345,
				"bytes":	12490448,
				"bits_per_second":	99915091.594548836,
				"packets":	8626,
				"omitted":	false,
				"sender":	true
			}
		}, {
			"streams":	[{
					"socket":	5,
					"start":	1.000085,
					"end":	2.000104,
					"seconds":	1.0000189542770386,
					"bytes":	12499136,
					"bits_per_second":	99991192.7392314,
					"packets":	8632,
					"omitted":	false,
					"sender":	true
				}],
			"sum":	{
				"start":	1.000085,
				"end":	2.000104,
				"seconds":	1.0000189542770386,
				"bytes":	12499136,
				"bits_per_second":	99991192.7392314,
				"packets":	8632,
				"omitted":	false,
				"sender":	true
			}
		}, {
			"streams":	[{
					"socket":	5,
					"start":	2.000104,
					"end":	3.000177,
					"seconds":	1.0000729560852051,
					"bytes":	12500584,
					"bits_per_second":	99997376.582873732,
					"packets":	8633,
					"omitted":	false,
					"sender":	true
				}],
			"sum":	{
				"start":	2.000104,
				"end":	3.000177,
				"seconds":	1.0000729560852051,
				"bytes":	12500584,
				"bits_per_second":	99997376.582873732,
				"packets":	8633,
				"omitted":	false,
				"sender":	true
			}
		}, {
			"streams":	[{
					"socket":	5,
					"start":	3.000177,
					"end":	4.000152,
					"seconds":	0.999975025653839,
					"bytes":	12499136,
					"bits_per_second":	99995585.324362457,
					"packets":	8632,
					"omitted":	false,
					"sender":	true
				}],
			"sum":	{
				"start":	3.000177,
				"end":	4.000152,
				"seconds":	0.999975025653839,
				"bytes":	12499136,
				"bits_per_second":	99995585.324362457,
				"packets":	8632,
				"omitted":	false,
				"sender":	true
			}
		}, {
			"streams":	[{
					"socket":	5,
					"start":	4.000152,
					"end":	5.000157,
					"seconds":	1.0000050067901611,
					"bytes":	12500584,
					"bits_per_second":	100004171.30009906,
					"packets":	8633,
					"omitted":	false,
					"sender":	true
				}],
			"sum":	{
				"start":	4.000152,
				"end":	5.000157,
				"seconds":	1.0000050067901611,
				"bytes":	12500584,
				"bits_per_second":	100004171.30009906,
				"packets":	8633,
				"omitted":	false,
				"sender":	true
			}
		}, {
			"streams":	[{
					"socket":	5,
					"start":	5.000157,
					"end":	6.000132,
					"seconds":	0.999975025653839,
					"bytes":	12500584,
					"bits_per_second":	100007169.61367251,
					"packets":	8633,
					"omitted":	false,
					"sender":	true
				}],
			"sum":	{
				"start":	5.000157,
				"end":	6.000132,
				"seconds":	0.999975025653839,
				"bytes":	12500584,
				"bits_per_second":	100007169.61367251,
				"packets":	8633,
				"omitted":	false,
				"sender":	true
			}
		}, {
			"streams":	[{
					"socket":	5,
					"start":	6.000132,
					"end":	7.000186,
					"seconds":	1.0000540018081665,
					"bytes":	12500584,
					"bits_per_second":	99999271.8585043,
					"packets":	8633,
					"omitted":	false,
					"sender":	true
				}],
			"sum":	{
				"start":	6.000132,
				"end":	7.000186,
				"seconds":	1.0000540018081665,
				"bytes":	12500584,
				"bits_per_second":	99999271.8585043,
				"packets":	8633,
				"omitted":	false,
				"sender":	true
			}
		}, {
			"streams":	[{
					"socket":	5,
					"start":	7.000186,
					"end":	8.000103,
					"seconds":	0.999916970729828,
					"bytes":	12499136,
					"bits_per_second":	100001391.04251446,
					"packets":	8632,
					"omitted":	false,
					"sender":	true
				}],
			"sum":	{
				"start":	7.000186,
				"end":	8.000103,
				"seconds":	0.999916970729828,
				"bytes":	12499136,
				"bits_per_second":	100001391.04251446,
				"packets":	8632,
				"omitted":	false,
				"sender":	true
			}
		}, {
			"streams":	[{
					"socket":	5,
					"start":	8.000103,
					"end":	9.000087,
					"seconds":	0.9999840259552002,
					"bytes":	12500584,
					"bits_per_second":	100006269.50462933,
					"packets":	8633,
					"omitted":	false,
					"sender":	true
				}],
			"sum":	{
				"start":	8.000103,
				"end":	9.000087,
				"seconds":	0.9999840259552002,
				"bytes":	12500584,
				"bits_per_second":	100006269.50462933,
				"packets":	8633,
				"omitted":	false,
				"sender":	true
			}
		}, {
			"streams":	[{
					"socket":	5,
					"start":	9.000087,
					"end":	10.000133,
					"seconds":	1.0000460147857666,
					"bytes":	12499136,
					"bits_per_second":	99988487.0511892,
					"packets":	8632,
					"omitted":	false,
					"sender":	true
				}],
			"sum":	{
				"start":	9.000087,
				"end":	10.000133,
				"seconds":	1.0000460147857666,
				"bytes":	12499136,
				"bits_per_second":	99988487.0511892,
				"packets":	8632,
				"omitted":	false,
				"sender":	true
			}
		}, {
			"streams":	[{
					"socket":	5,
					"start":	10.000133,
					"end":	11.000141,
					"seconds":	1.0000079870224,
					"bytes":	12499136,
					"bits_per_second":	99992289.359345064,
					"packets":	8632,
					"omitted":	false,
					"sender":	true
				}],
			"sum":	{
				"start":	10.000133,
				"end":	11.000141,
				"seconds":	1.0000079870224,
				"bytes":	12499136,
				"bits_per_second":	99992289.359345064,
				"packets":	8632,
				"omitted":	false,
				"sender":	true
			}
		}, {
			"streams":	[{
					"socket":	5,
					"start":	11.000141,
					"end":	12.000189,
					"seconds":	1.000048041343689,
					"bytes":	12500584,
					"bits_per_second":	99999867.8719787,
					"packets":	8633,
					"omitted":	false,
					"sender":	true
				}],
			"sum":	{
				"start":	11.000141,
				"end":	12.000189,
				"seconds":	1.000048041343689,
				"bytes":	12500584,
				"bits_per_second":	99999867.8719787,
				"packets":	8633,
				"omitted":	false,
				"sender":	true
			}
		}, {
			"streams":	[{
					"socket":	5,
					"start":	12.000189,
					"end":	13.000093,
					"seconds":	0.999903976917267,
					"bytes":	12500584,
					"bits_per_second":	100014275.67906803,
					"packets":	8633,
					"omitted":	false,
					"sender":	true
				}],
			"sum":	{
				"start":	12.000189,
				"end":	13.000093,
				"seconds":	0.999903976917267,
				"bytes":	12500584,
				"bits_per_second":	100014275.67906803,
				"packets":	8633,
				"omitted":	false,
				"sender":	true
			}
		}, {
			"streams":	[{
					"socket":	5,
					"start":	13.000093,
					"end":	14.000224,
					"seconds":	1.0001310110092163,
					"bytes":	12500584,
					"bits_per_second":	99991572.003238738,
					"packets":	8633,
					"omitted":	false,
					"sender":	true
				}],
			"sum":	{
				"start":	13.000093,
				"end":	14.000224,
				"seconds":	1.0001310110092163,
				"bytes":	12500584,
				"bits_per_second":	99991572.003238738,
				"packets":	8633,
				"omitted":	false,
				"sender":	true
			}
		}, {
			"streams":	[{
					"socket":	5,
					"start":	14.000224,
					"end":	15.000102,
					"seconds":	0.99987798929214478,
					"bytes":	12499136,
					"bits_per_second":	100005289.71618754,
					"packets":	8632,
					"omitted":	false,