{
	"start":	{
		"connected":	[{
				"socket":	5,
				"local_host":	"172.20.171.186",
				"local_port":	59685,
				"remote_host":	"54.227.41.78",
				"remote_port":	5201
			}],
		"version":	"iperf 3.16",
		"system_info":	"Linux DESKTOP-OR35M89 6.18.33.1-microsoft-standard-WSL2 #1 SMP PREEMPT_DYNAMIC Fri Jun  5 01:12:21 UTC 2026 x86_64",
		"timestamp":	{
			"time":	"Thu, 25 Jun 2026 21:39:16 GMT",
			"timesecs":	1782423556
		},
		"connecting_to":	{
			"host":	"54.227.41.78",
			"port":	5201
		},
		"cookie":	"ozjo75hu2ffytu3g27m4hqzjbmuyex7ywnr6",
		"target_bitrate":	100000000,
		"fq_rate":	0,
		"sock_bufsize":	0,
		"sndbuf_actual":	212992,
		"rcvbuf_actual":	212992,
		"test_start":	{
			"protocol":	"UDP",
			"num_streams":	1,
			"blksize":	1448,
			"omit":	0,
			"duration":	30,
			"bytes":	0,
			"blocks":	0,
			"reverse":	0,
			"tos":	0,
			"target_bitrate":	100000000,
			"bidir":	0,
			"fqrate":	0
		}
	},
	"intervals":	[{
			"streams":	[{
					"socket":	5,
					"start":	0,
					"end":	1.000086,
					"seconds":	1.0000859498977661,
					"bytes":	12490448,
					"bits_per_second":	99914996.3162813,
					"packets":	8626,
					"omitted":	false,
					"sender":	true
				}],
			"sum":	{
				"start":	0,
				"end":	1.000086,
				"seconds":	1.0000859498977661,
				"bytes":	12490448,
				"bits_per_second":	99914996.3162813,
				"packets":	8626,
				"omitted":	false,
				"sender":	true
			}
		}, {
			"streams":	[{
					"socket":	5,
					"start":	1.000086,
					"end":	2.000138,
					"seconds":	1.0000519752502441,
					"bytes":	12500584,
					"bits_per_second":	99999474.502288461,
					"packets":	8633,
					"omitted":	false,
					"sender":	true
				}],
			"sum":	{
				"start":	1.000086,
				"end":	2.000138,
				"seconds":	1.0000519752502441,
				"bytes":	12500584,
				"bits_per_second":	99999474.502288461,
				"packets":	8633,
				"omitted":	false,
				"sender":	true
			}
		}, {
			"streams":	[{
					"socket":	5,
					"start":	2.000138,
					"end":	3.000182,
					"seconds":	1.0000439882278442,
					"bytes":	12499136,
					"bits_per_second":	99988689.674736738,
					"packets":	8632,
					"omitted":	false,
					"sender":	true
				}],
			"sum":	{
				"start":	2.000138,
				"end":	3.000182,
				"seconds":	1.0000439882278442,
				"bytes":	12499136,
				"bits_per_second":	99988689.674736738,
				"packets":	8632,
				"omitted":	false,
				"sender":	true
			}
		}, {
			"streams":	[{
					"socket":	5,
					"start":	3.000182,
					"end":	4.000109,
					"seconds":	0.99992698431015,
					"bytes":	12499136,
					"bits_per_second":	100000389.5974317,
					"packets":	8632,
					"omitted":	false,
					"sender":	true
				}],
			"sum":	{
				"start":	3.000182,
				"end":	4.000109,
				"seconds":	0.99992698431015,
				"bytes":	12499136,
				"bits_per_second":	100000389.5974317,
				"packets":	8632,
				"omitted":	false,
				"sender":	true
			}
		}, {
			"streams":	[{
					"socket":	5,
					"start":	4.000109,
					"end":	5.000145,
					"seconds":	1.0000360012054443,
					"bytes":	12500584,
					"bits_per_second":	100001071.840868,
					"packets":	8633,
					"omitted":	false,
					"sender":	true
				}],
			"sum":	{
				"start":	4.000109,
				"end":	5.000145,
				"seconds":	1.0000360012054443,
				"bytes":	12500584,
				"bits_per_second":	100001071.840868,
				"packets":	8633,
				"omitted":	false,
				"sender":	true
			}
		}, {
			"streams":	[{
					"socket":	5,
					"start":	5.000145,
					"end":	6.000152,
					"seconds":	1.0000070333480835,
					"bytes":	12500584,
					"bits_per_second":	100003968.63727884,
					"packets":	8633,
					"omitted":	false,
					"sender":	true
				}],
			"sum":	{
				"start":	5.000145,
				"end":	6.000152,
				"seconds":	1.0000070333480835,
				"bytes":	12500584,
				"bits_per_second":	100003968.63727884,
				"packets":	8633,
				"omitted":	false,
				"sender":	true
			}
		}, {
			"streams":	[{
					"socket":	5,
					"start":	6.000152,
					"end":	7.00012,
					"seconds":	0.99996799230575562,
					"bytes":	12499136,
					"bits_per_second":	99996288.6506327,
					"packets":	8632,
					"omitted":	false,
					"sender":	true
				}],
			"sum":	{
				"start":	6.000152,
				"end":	7.00012,
				"seconds":	0.99996799230575562,
				"bytes":	12499136,
				"bits_per_second":	99996288.6506327,
				"packets":	8632,
				"omitted":	false,
				"sender":	true
			}
		}, {
			"streams":	[{
					"socket":	5,
					"start":	7.00012,
					"end":	8.000254,
					"seconds":	1.0001339912414551,
					"bytes":	12500584,
					"bits_per_second":	99991274.04505603,
					"packets":	8633,
					"omitted":	false,
					"sender":	true
				}],
			"sum":	{
				"start":	7.00012,
				"end":	8.000254,
				"seconds":	1.0001339912414551,
				"bytes":	12500584,
				"bits_per_second":	99991274.04505603,
				"packets":	8633,
				"omitted":	false,
				"sender":	true
			}
		}, {
			"streams":	[{
					"socket":	5,
					"start":	8.000254,
					"end":	9.00018,
					"seconds":	0.999925971031189,
					"bytes":	12499136,
					"bits_per_second":	100000490.93322438,
					"packets":	8632,
					"omitted":	false,
					"sender":	true
				}],
			"sum":	{
				"start":	8.000254,
				"end":	9.00018,
				"seconds":	0.999925971031189,
				"bytes":	12499136,
				"bits_per_second":	100000490.93322438,
				"packets":	8632,
				"omitted":	false,
				"sender":	true
			}
		}, {
			"streams":	[{
					"socket":	5,
					"start":	9.00018,
					"end":	10.000126,
					"seconds":	0.9999459981918335,
					"bytes":	12500584,
					"bits_per_second":	100010072.724762,
					"packets":	8633,
					"omitted":	false,
					"sender":	true
				}],
			"sum":	{
				"start":	9.00018,
				"end":	10.000126,
				"seconds":	0.9999459981918335,
				"bytes":	12500584,
				"bits_per_second":	100010072.724762,
				"packets":	8633,
				"omitted":	false,
				"sender":	true
			}
		}, {
			"streams":	[{
					"socket":	5,
					"start":	10.000126,
					"end":	11.000132,
					"seconds":	1.0000059604644775,
					"bytes":	12500584,
					"bits_per_second":	100004075.92925781,
					"packets":	8633,
					"omitted":	false,
					"sender":	true
				}],
			"sum":	{
				"start":	10.000126,
				"end":	11.000132,
				"seconds":	1.0000059604644775,
				"bytes":	12500584,
				"bits_per_second":	100004075.92925781,
				"packets":	8633,
				"omitted":	false,
				"sender":	true
			}
		}, {
			"streams":	[{
					"socket":	5,
					"start":	11.000132,
					"end":	12.000178,
					"seconds":	1.0000460147857666,
					"bytes":	12499136,
					"bits_per_second":	99988487.0511892,
					"packets":	8632,
					"omitted":	false,
					"sender":	true
				}],
			"sum":	{
				"start":	11.000132,
				"end":	12.000178,
				"seconds":	1.0000460147857666,
				"bytes":	12499136,
				"bits_per_second":	99988487.0511892,
				"packets":	8632,
				"omitted":	false,
				"sender":	true
			}
		}, {
			"streams":	[{
					"socket":	5,
					"start":	12.000178,
					"end":	13.000189,
					"seconds":	1.0000109672546387,
					"bytes":	12500584,
					"bits_per_second":	100003575.23532562,
					"packets":	8633,
					"omitted":	false,
					"sender":	true
				}],
			"sum":	{
				"start":	12.000178,
				"end":	13.000189,
				"seconds":	1.0000109672546387,
				"bytes":	12500584,
				"bits_per_second":	100003575.23532562,
				"packets":	8633,
				"omitted":	false,
				"sender":	true
			}
		}, {
			"streams":	[{
					"socket":	5,
					"start":	13.000189,
					"end":	14.000158,
					"seconds":	0.9999690055847168,
					"bytes":	12500584,
					"bits_per_second":	100007771.68240707,
					"packets":	8633,
					"omitted":	false,
					"sender":	true
				}],
			"sum":	{
				"start":	13.000189,
				"end":	14.000158,
				"seconds":	0.9999690055847168,
				"bytes":	12500584,
				"bits_per_second":	100007771.68240707,
				"packets":	8633,
				"omitted":	false,
				"sender":	true
			}
		}, {
			"streams":	[{
					"socket":	5,
					"start":	14.000158,
					"end":	15.000157,
					"seconds":	0.99999898672103882,
					"bytes":	12499136,
					"bits_per_second":	99993189.320995,
					"packets":	8632,
					"omitted":	false,