{
	"start":	{
		"connected":	[{
				"socket":	5,
				"local_host":	"172.20.171.186",
				"local_port":	57976,
				"remote_host":	"54.227.41.78",
				"remote_port":	5201
			}],
		"version":	"iperf 3.16",
		"system_info":	"Linux DESKTOP-OR35M89 6.18.33.1-microsoft-standard-WSL2 #1 SMP PREEMPT_DYNAMIC Fri Jun  5 01:12:21 UTC 2026 x86_64",
		"timestamp":	{
			"time":	"Thu, 25 Jun 2026 22:49:34 GMT",
			"timesecs":	1782427774
		},
		"connecting_to":	{
			"host":	"54.227.41.78",
			"port":	5201
		},
		"cookie":	"edoi6npa6t5wi7mqou3pnxovs33lv5lpgcq5",
		"target_bitrate":	100000000,
		"fq_rate":	0,
		"sock_bufsize":	0,
		"sndbuf_actual":	212992,
		"rcvbuf_actual":	212992,
		"test_start":	{
			"protocol":	"UDP",
			"num_streams":	1,
			"blksize":	1448,
			"omit":	0,
			"duration":	30,
			"bytes":	0,
			"blocks":	0,
			"reverse":	0,
			"tos":	0,
			"target_bitrate":	100000000,
			"bidir":	0,
			"fqrate":	0
		}
	},
	"intervals":	[{
			"streams":	[{
					"socket":	5,
					"start":	0,
					"end":	1.000141,
					"seconds":	1.0001410245895386,
					"bytes":	12490448,
					"bits_per_second":	99909494.3045747,
					"packets":	8626,
					"omitted":	false,
					"sender":	true
				}],
			"sum":	{
				"start":	0,
				"end":	1.000141,
				"seconds":	1.0001410245895386,
				"bytes":	12490448,
				"bits_per_second":	99909494.3045747,
				"packets":	8626,
				"omitted":	false,
				"sender":	true
			}
		}, {
			"streams":	[{
					"socket":	5,
					"start":	1.000141,
					"end":	2.000141,
					"seconds":	1,
					"bytes":	12499136,
					"bits_per_second":	99993088,
					"packets":	8632,
					"omitted":	false,
					"sender":	true
				}],
			"sum":	{
				"start":	1.000141,
				"end":	2.000141,
				"seconds":	1,
				"bytes":	12499136,
				"bits_per_second":	99993088,
				"packets":	8632,
				"omitted":	false,
				"sender":	true
			}
		}, {
			"streams":	[{
					"socket":	5,
					"start":	2.000141,
					"end":	3.000179,
					"seconds":	1.0000380277633667,
					"bytes":	12502032,
					"bits_per_second":	100012452.7501131,
					"packets":	8634,
					"omitted":	false,
					"sender":	true
				}],
			"sum":	{
				"start":	2.000141,
				"end":	3.000179,
				"seconds":	1.0000380277633667,
				"bytes":	12502032,
				"bits_per_second":	100012452.7501131,
				"packets":	8634,
				"omitted":	false,
				"sender":	true
			}
		}, {
			"streams":	[{
					"socket":	5,
					"start":	3.000179,
					"end":	4.000177,
					"seconds":	0.99999797344207764,
					"bytes":	12499136,
					"bits_per_second":	99993290.642195329,
					"packets":	8632,
					"omitted":	false,
					"sender":	true
				}],
			"sum":	{
				"start":	3.000179,
				"end":	4.000177,
				"seconds":	0.99999797344207764,
				"bytes":	12499136,
				"bits_per_second":	99993290.642195329,
				"packets":	8632,
				"omitted":	false,
				"sender":	true
			}
		}, {
			"streams":	[{
					"socket":	5,
					"start":	4.000177,
					"end":	5.000173,
					"seconds":	0.9999960064888,
					"bytes":	12500584,
					"bits_per_second":	100005071.37137258,
					"packets":	8633,
					"omitted":	false,
					"sender":	true
				}],
			"sum":	{
				"start":	4.000177,
				"end":	5.000173,
				"seconds":	0.9999960064888,
				"bytes":	12500584,
				"bits_per_second":	100005071.37137258,
				"packets":	8633,
				"omitted":	false,
				"sender":	true
			}
		}, {
			"streams":	[{
					"socket":	5,
					"start":	5.000173,
					"end":	6.000149,
					"seconds":	0.99997597932815552,
					"bytes":	12499136,
					"bits_per_second":	99995489.958850235,
					"packets":	8632,
					"omitted":	false,
					"sender":	true
				}],
			"sum":	{
				"start":	5.000173,
				"end":	6.000149,
				"seconds":	0.99997597932815552,
				"bytes":	12499136,
				"bits_per_second":	99995489.958850235,
				"packets":	8632,
				"omitted":	false,
				"sender":	true
			}
		}, {
			"streams":	[{
					"socket":	5,
					"start":	6.000149,
					"end":	7.000149,
					"seconds":	1,
					"bytes":	12499136,
					"bits_per_second":	99993088,
					"packets":	8632,
					"omitted":	false,
					"sender":	true
				}],
			"sum":	{
				"start":	6.000149,
				"end":	7.000149,
				"seconds":	1,
				"bytes":	12499136,
				"bits_per_second":	99993088,
				"packets":	8632,
				"omitted":	false,
				"sender":	true
			}
		}, {
			"streams":	[{
					"socket":	5,
					"start":	7.000149,
					"end":	8.000102,
					"seconds":	0.99995297193527222,
					"bytes":	12500584,
					"bits_per_second":	100009375.24737252,
					"packets":	8633,
					"omitted":	false,
					"sender":	true
				}],
			"sum":	{
				"start":	7.000149,
				"end":	8.000102,
				"seconds":	0.99995297193527222,
				"bytes":	12500584,
				"bits_per_second":	100009375.24737252,
				"packets":	8633,
				"omitted":	false,
				"sender":	true
			}
		}, {
			"streams":	[{
					"socket":	5,
					"start":	8.000102,
					"end":	9.000176,
					"seconds":	1.000074028968811,
					"bytes":	12502032,
					"bits_per_second":	100008852.44778131,
					"packets":	8634,
					"omitted":	false,
					"sender":	true
				}],
			"sum":	{
				"start":	8.000102,
				"end":	9.000176,
				"seconds":	1.000074028968811,
				"bytes":	12502032,
				"bits_per_second":	100008852.44778131,
				"packets":	8634,
				"omitted":	false,
				"sender":	true
			}
		}, {
			"streams":	[{
					"socket":	5,
					"start":	9.000176,
					"end":	10.000092,
					"seconds":	0.99991601705551147,
					"bytes":	12497688,
					"bits_per_second":	99989901.4463426,
					"packets":	8631,
					"omitted":	false,
					"sender":	true
				}],
			"sum":	{
				"start":	9.000176,
				"end":	10.000092,
				"seconds":	0.99991601705551147,
				"bytes":	12497688,
				"bits_per_second":	99989901.4463426,
				"packets":	8631,
				"omitted":	false,
				"sender":	true
			}
		}, {
			"streams":	[{
					"socket":	5,
					"start":	10.000092,
					"end":	11.000137,
					"seconds":	1.0000449419021606,
					"bytes":	12500584,
					"bits_per_second":	100000177.80179319,
					"packets":	8633,
					"omitted":	false,
					"sender":	true
				}],
			"sum":	{
				"start":	10.000092,
				"end":	11.000137,
				"seconds":	1.0000449419021606,
				"bytes":	12500584,
				"bits_per_second":	100000177.80179319,
				"packets":	8633,
				"omitted":	false,
				"sender":	true
			}
		}, {
			"streams":	[{
					"socket":	5,
					"start":	11.000137,
					"end":	12.000144,
					"seconds":	1.0000070333480835,
					"bytes":	12499136,
					"bits_per_second":	99992384.7187526,
					"packets":	8632,
					"omitted":	false,
					"sender":	true
				}],
			"sum":	{
				"start":	11.000137,
				"end":	12.000144,
				"seconds":	1.0000070333480835,
				"bytes":	12499136,
				"bits_per_second":	99992384.7187526,
				"packets":	8632,
				"omitted":	false,
				"sender":	true
			}
		}, {
			"streams":	[{
					"socket":	5,
					"start":	12.000144,
					"end":	13.000177,
					"seconds":	1.0000330209732056,
					"bytes":	12500584,
					"bits_per_second":	100001369.85744542,
					"packets":	8633,
					"omitted":	false,
					"sender":	true
				}],
			"sum":	{
				"start":	12.000144,
				"end":	13.000177,
				"seconds":	1.0000330209732056,
				"bytes":	12500584,
				"bits_per_second":	100001369.85744542,
				"packets":	8633,
				"omitted":	false,
				"sender":	true
			}
		}, {
			"streams":	[{
					"socket":	5,
					"start":	13.000177,
					"end":	14.000145,
					"seconds":	0.99996799230575562,
					"bytes":	12500584,
					"bits_per_second":	100007873.0214217,
					"packets":	8633,
					"omitted":	false,
					"sender":	true
				}],
			"sum":	{
				"start":	13.000177,
				"end":	14.000145,
				"seconds":	0.99996799230575562,
				"bytes":	12500584,
				"bits_per_second":	100007873.0214217,
				"packets":	8633,
				"omitted":	false,
				"sender":	true
			}
		}, {
			"streams":	[{
					"socket":	5,
					"start":	14.000145,
					"end":	15.000098,
					"seconds":	0.99995297193527222,
					"bytes":	12499136,
					"bits_per_second":	99997790.7025738,
					"packets":	8632,
					"omitted":	false,
					"sender":	true
				}],
			"sum":	{
				"start":	14.000145,
				"end":	15.000098,