{
	"start":	{
		"connected":	[{
				"socket":	5,
				"local_host":	"172.20.171.186",
				"local_port":	39694,
				"remote_host":	"54.227.41.78",
				"remote_port":	5201
			}],
		"version":	"iperf 3.16",
		"system_info":	"Linux DESKTOP-OR35M89 6.18.33.1-microsoft-standard-WSL2 #1 SMP PREEMPT_DYNAMIC Fri Jun  5 01:12:21 UTC 2026 x86_64",
		"timestamp":	{
			"time":	"Thu, 25 Jun 2026 23:47:19 GMT",
			"timesecs":	1782431239
		},
		"connecting_to":	{
			"host":	"54.227.41.78",
			"port":	5201
		},
		"cookie":	"3fdyswg33l7eeyu5mffqxr34b2vmx32iozbw",
		"target_bitrate":	100000000,
		"fq_rate":	0,
		"sock_bufsize":	0,
		"sndbuf_actual":	212992,
		"rcvbuf_actual":	212992,
		"test_start":	{
			"protocol":	"UDP",
			"num_streams":	1,
			"blksize":	1448,
			"omit":	0,
			"duration":	30,
			"bytes":	0,
			"blocks":	0,
			"reverse":	0,
			"tos":	0,
			"target_bitrate":	100000000,
			"bidir":	0,
			"fqrate":	0
		}
	},
	"intervals":	[{
			"streams":	[{
					"socket":	5,
					"start":	0,
					"end":	1.000146,
					"seconds":	1.0001460313797,
					"bytes":	12490448,
					"bits_per_second":	99908994.1517396,
					"packets":	8626,
					"omitted":	false,
					"sender":	true
				}],
			"sum":	{
				"start":	0,
				"end":	1.000146,
				"seconds":	1.0001460313797,
				"bytes":	12490448,
				"bits_per_second":	99908994.1517396,
				"packets":	8626,
				"omitted":	false,
				"sender":	true
			}
		}, {
			"streams":	[{
					"socket":	5,
					"start":	1.000146,
					"end":	2.000147,
					"seconds":	1.0000009536743164,
					"bytes":	12500584,
					"bits_per_second":	100004576.62820375,
					"packets":	8633,
					"omitted":	false,
					"sender":	true
				}],
			"sum":	{
				"start":	1.000146,
				"end":	2.000147,
				"seconds":	1.0000009536743164,
				"bytes":	12500584,
				"bits_per_second":	100004576.62820375,
				"packets":	8633,
				"omitted":	false,
				"sender":	true
			}
		}, {
			"streams":	[{
					"socket":	5,
					"start":	2.000147,
					"end":	3.000118,
					"seconds":	0.99997097253799438,
					"bytes":	12500584,
					"bits_per_second":	100007574.9660826,
					"packets":	8633,
					"omitted":	false,
					"sender":	true
				}],
			"sum":	{
				"start":	2.000147,
				"end":	3.000118,
				"seconds":	0.99997097253799438,
				"bytes":	12500584,
				"bits_per_second":	100007574.9660826,
				"packets":	8633,
				"omitted":	false,
				"sender":	true
			}
		}, {
			"streams":	[{
					"socket":	5,
					"start":	3.000118,
					"end":	4.000231,
					"seconds":	1.0001130104064941,
					"bytes":	12500584,
					"bits_per_second":	99993371.7084165,
					"packets":	8633,
					"omitted":	false,
					"sender":	true
				}],
			"sum":	{
				"start":	3.000118,
				"end":	4.000231,
				"seconds":	1.0001130104064941,
				"bytes":	12500584,
				"bits_per_second":	99993371.7084165,
				"packets":	8633,
				"omitted":	false,
				"sender":	true
			}
		}, {
			"streams":	[{
					"socket":	5,
					"start":	4.000231,
					"end":	5.000145,
					"seconds":	0.999913990497589,
					"bytes":	12497688,
					"bits_per_second":	99990104.099099576,
					"packets":	8631,
					"omitted":	false,
					"sender":	true
				}],
			"sum":	{
				"start":	4.000231,
				"end":	5.000145,
				"seconds":	0.999913990497589,
				"bytes":	12497688,
				"bits_per_second":	99990104.099099576,
				"packets":	8631,
				"omitted":	false,
				"sender":	true
			}
		}, {
			"streams":	[{
					"socket":	5,
					"start":	5.000145,
					"end":	6.000162,
					"seconds":	1.0000170469284058,
					"bytes":	12500584,
					"bits_per_second":	100002967.25657681,
					"packets":	8633,
					"omitted":	false,
					"sender":	true
				}],
			"sum":	{
				"start":	5.000145,
				"end":	6.000162,
				"seconds":	1.0000170469284058,
				"bytes":	12500584,
				"bits_per_second":	100002967.25657681,
				"packets":	8633,
				"omitted":	false,
				"sender":	true
			}
		}, {
			"streams":	[{
					"socket":	5,
					"start":	6.000162,
					"end":	7.000089,
					"seconds":	0.99992698431015,
					"bytes":	12499136,
					"bits_per_second":	100000389.5974317,
					"packets":	8632,
					"omitted":	false,
					"sender":	true
				}],
			"sum":	{
				"start":	6.000162,
				"end":	7.000089,
				"seconds":	0.99992698431015,
				"bytes":	12499136,
				"bits_per_second":	100000389.5974317,
				"packets":	8632,
				"omitted":	false,
				"sender":	true
			}
		}, {
			"streams":	[{
					"socket":	5,
					"start":	7.000089,
					"end":	8.000089,
					"seconds":	1,
					"bytes":	12500584,
					"bits_per_second":	100004672,
					"packets":	8633,
					"omitted":	false,
					"sender":	true
				}],
			"sum":	{
				"start":	7.000089,
				"end":	8.000089,
				"seconds":	1,
				"bytes":	12500584,
				"bits_per_second":	100004672,
				"packets":	8633,
				"omitted":	false,
				"sender":	true
			}
		}, {
			"streams":	[{
					"socket":	5,
					"start":	8.000089,
					"end":	9.000099,
					"seconds":	1.0000100135803223,
					"bytes":	12499136,
					"bits_per_second":	99992086.721208,
					"packets":	8632,
					"omitted":	false,
					"sender":	true
				}],
			"sum":	{
				"start":	8.000089,
				"end":	9.000099,
				"seconds":	1.0000100135803223,
				"bytes":	12499136,
				"bits_per_second":	99992086.721208,
				"packets":	8632,
				"omitted":	false,
				"sender":	true
			}
		}, {
			"streams":	[{
					"socket":	5,
					"start":	9.000099,
					"end":	10.000201,
					"seconds":	1.0001020431518555,
					"bytes":	12500584,
					"bits_per_second":	99994468.249291733,
					"packets":	8633,
					"omitted":	false,
					"sender":	true
				}],
			"sum":	{
				"start":	9.000099,
				"end":	10.000201,
				"seconds":	1.0001020431518555,
				"bytes":	12500584,
				"bits_per_second":	99994468.249291733,
				"packets":	8633,
				"omitted":	false,
				"sender":	true
			}
		}, {
			"streams":	[{
					"socket":	5,
					"start":	10.000201,
					"end":	11.000202,
					"seconds":	1.0000009536743164,
					"bytes":	12502032,
					"bits_per_second":	100016160.6171564,
					"packets":	8634,
					"omitted":	false,
					"sender":	true
				}],
			"sum":	{
				"start":	10.000201,
				"end":	11.000202,
				"seconds":	1.0000009536743164,
				"bytes":	12502032,
				"bits_per_second":	100016160.6171564,
				"packets":	8634,
				"omitted":	false,
				"sender":	true
			}
		}, {
			"streams":	[{
					"socket":	5,
					"start":	11.000202,
					"end":	12.000085,
					"seconds":	0.999882996082306,
					"bytes":	12497688,
					"bits_per_second":	99993203.5965636,
					"packets":	8631,
					"omitted":	false,
					"sender":	true
				}],
			"sum":	{
				"start":	11.000202,
				"end":	12.000085,
				"seconds":	0.999882996082306,
				"bytes":	12497688,
				"bits_per_second":	99993203.5965636,
				"packets":	8631,
				"omitted":	false,
				"sender":	true
			}
		}, {
			"streams":	[{
					"socket":	5,
					"start":	12.000085,
					"end":	13.000102,
					"seconds":	1.0000170469284058,
					"bytes":	12500584,
					"bits_per_second":	100002967.25657681,
					"packets":	8633,
					"omitted":	false,
					"sender":	true
				}],
			"sum":	{
				"start":	12.000085,
				"end":	13.000102,
				"seconds":	1.0000170469284058,
				"bytes":	12500584,
				"bits_per_second":	100002967.25657681,
				"packets":	8633,
				"omitted":	false,
				"sender":	true
			}
		}, {
			"streams":	[{
					"socket":	5,
					"start":	13.000102,
					"end":	14.000133,
					"seconds":	1.0000309944152832,
					"bytes":	12500584,
					"bits_per_second":	100001572.50973266,
					"packets":	8633,
					"omitted":	false,
					"sender":	true
				}],
			"sum":	{
				"start":	13.000102,
				"end":	14.000133,
				"seconds":	1.0000309944152832,
				"bytes":	12500584,
				"bits_per_second":	100001572.50973266,
				"packets":	8633,
				"omitted":	false,
				"sender":	true
			}
		}, {
			"streams":	[{
					"socket":	5,
					"start":	14.000133,
					"end":	15.000236,
					"seconds":	1.0001029968261719,
					"bytes":	12502032,
					"bits_per_second":	100005955.7039642,
					"packets":	8634,
					"omitted":	false,
					"sender":	true
				}],
			"sum":	{
				"start":	14.000133,