{
	"start":	{
		"connected":	[{
				"socket":	5,
				"local_host":	"172.20.171.186",
				"local_port":	55844,
				"remote_host":	"54.227.41.78",
				"remote_port":	5201
			}],
		"version":	"iperf 3.16",
		"system_info":	"Linux DESKTOP-OR35M89 6.18.33.1-microsoft-standard-WSL2 #1 SMP PREEMPT_DYNAMIC Fri Jun  5 01:12:21 UTC 2026 x86_64",
		"timestamp":	{
			"time":	"Fri, 26 Jun 2026 00:16:19 GMT",
			"timesecs":	1782432979
		},
		"connecting_to":	{
			"host":	"54.227.41.78",
			"port":	5201
		},
		"cookie":	"fqaqrubivvajqpt3lweuhnzhsy7iorilkbgo",
		"target_bitrate":	100000000,
		"fq_rate":	0,
		"sock_bufsize":	0,
		"sndbuf_actual":	212992,
		"rcvbuf_actual":	212992,
		"test_start":	{
			"protocol":	"UDP",
			"num_streams":	1,
			"blksize":	1448,
			"omit":	0,
			"duration":	30,
			"bytes":	0,
			"blocks":	0,
			"reverse":	0,
			"tos":	0,
			"target_bitrate":	100000000,
			"bidir":	0,
			"fqrate":	0
		}
	},
	"intervals":	[{
			"streams":	[{
					"socket":	5,
					"start":	0,
					"end":	1.000094,
					"seconds":	1.0000940561294556,
					"bytes":	12490448,
					"bits_per_second":	99914186.458344027,
					"packets":	8626,
					"omitted":	false,
					"sender":	true
				}],
			"sum":	{
				"start":	0,
				"end":	1.000094,
				"seconds":	1.0000940561294556,
				"bytes":	12490448,
				"bits_per_second":	99914186.458344027,
				"packets":	8626,
				"omitted":	false,
				"sender":	true
			}
		}, {
			"streams":	[{
					"socket":	5,
					"start":	1.000094,
					"end":	2.000103,
					"seconds":	1.0000089406967163,
					"bytes":	12499136,
					"bits_per_second":	99992194.000119448,
					"packets":	8632,
					"omitted":	false,
					"sender":	true
				}],
			"sum":	{
				"start":	1.000094,
				"end":	2.000103,
				"seconds":	1.0000089406967163,
				"bytes":	12499136,
				"bits_per_second":	99992194.000119448,
				"packets":	8632,
				"omitted":	false,
				"sender":	true
			}
		}, {
			"streams":	[{
					"socket":	5,
					"start":	2.000103,
					"end":	3.000174,
					"seconds":	1.0000710487365723,
					"bytes":	12500584,
					"bits_per_second":	99997567.2991831,
					"packets":	8633,
					"omitted":	false,
					"sender":	true
				}],
			"sum":	{
				"start":	2.000103,
				"end":	3.000174,
				"seconds":	1.0000710487365723,
				"bytes":	12500584,
				"bits_per_second":	99997567.2991831,
				"packets":	8633,
				"omitted":	false,
				"sender":	true
			}
		}, {
			"streams":	[{
					"socket":	5,
					"start":	3.000174,
					"end":	4.000087,
					"seconds":	0.999912977218628,
					"bytes":	12499136,
					"bits_per_second":	100001790.43394575,
					"packets":	8632,
					"omitted":	false,
					"sender":	true
				}],
			"sum":	{
				"start":	3.000174,
				"end":	4.000087,
				"seconds":	0.999912977218628,
				"bytes":	12499136,
				"bits_per_second":	100001790.43394575,
				"packets":	8632,
				"omitted":	false,
				"sender":	true
			}
		}, {
			"streams":	[{
					"socket":	5,
					"start":	4.000087,
					"end":	5.000086,
					"seconds":	0.99999898672103882,
					"bytes":	12500584,
					"bits_per_second":	100004773.33273284,
					"packets":	8633,
					"omitted":	false,
					"sender":	true
				}],
			"sum":	{
				"start":	4.000087,
				"end":	5.000086,
				"seconds":	0.99999898672103882,
				"bytes":	12500584,
				"bits_per_second":	100004773.33273284,
				"packets":	8633,
				"omitted":	false,
				"sender":	true
			}
		}, {
			"streams":	[{
					"socket":	5,
					"start":	5.000086,
					"end":	6.000097,
					"seconds":	1.0000109672546387,
					"bytes":	12500584,
					"bits_per_second":	100003575.23532562,
					"packets":	8633,
					"omitted":	false,
					"sender":	true
				}],
			"sum":	{
				"start":	5.000086,
				"end":	6.000097,
				"seconds":	1.0000109672546387,
				"bytes":	12500584,
				"bits_per_second":	100003575.23532562,
				"packets":	8633,
				"omitted":	false,
				"sender":	true
			}
		}, {
			"streams":	[{
					"socket":	5,
					"start":	6.000097,
					"end":	7.000129,
					"seconds":	1.0000319480895996,
					"bytes":	12499136,
					"bits_per_second":	99989893.51392296,
					"packets":	8632,
					"omitted":	false,
					"sender":	true
				}],
			"sum":	{
				"start":	6.000097,
				"end":	7.000129,
				"seconds":	1.0000319480895996,
				"bytes":	12499136,
				"bits_per_second":	99989893.51392296,
				"packets":	8632,
				"omitted":	false,
				"sender":	true
			}
		}, {
			"streams":	[{
					"socket":	5,
					"start":	7.000129,
					"end":	8.000141,
					"seconds":	1.0000120401382446,
					"bytes":	12500584,
					"bits_per_second":	100003467.944421,
					"packets":	8633,
					"omitted":	false,
					"sender":	true
				}],
			"sum":	{
				"start":	7.000129,
				"end":	8.000141,
				"seconds":	1.0000120401382446,
				"bytes":	12500584,
				"bits_per_second":	100003467.944421,
				"packets":	8633,
				"omitted":	false,
				"sender":	true
			}
		}, {
			"streams":	[{
					"socket":	5,
					"start":	8.000141,
					"end":	9.000108,
					"seconds":	0.99996697902679443,
					"bytes":	12500584,
					"bits_per_second":	100007974.3606417,
					"packets":	8633,
					"omitted":	false,
					"sender":	true
				}],
			"sum":	{
				"start":	8.000141,
				"end":	9.000108,
				"seconds":	0.99996697902679443,
				"bytes":	12500584,
				"bits_per_second":	100007974.3606417,
				"packets":	8633,
				"omitted":	false,
				"sender":	true
			}
		}, {
			"streams":	[{
					"socket":	5,
					"start":	9.000108,
					"end":	10.000096,
					"seconds":	0.9999880194664,
					"bytes":	12499136,
					"bits_per_second":	99994285.984903038,
					"packets":	8632,
					"omitted":	false,
					"sender":	true
				}],
			"sum":	{
				"start":	9.000108,
				"end":	10.000096,
				"seconds":	0.9999880194664,
				"bytes":	12499136,
				"bits_per_second":	99994285.984903038,
				"packets":	8632,
				"omitted":	false,
				"sender":	true
			}
		}, {
			"streams":	[{
					"socket":	5,
					"start":	10.000096,
					"end":	11.00009,
					"seconds":	0.99999397993087769,
					"bytes":	12500584,
					"bits_per_second":	100005274.03866231,
					"packets":	8633,
					"omitted":	false,
					"sender":	true
				}],
			"sum":	{
				"start":	10.000096,
				"end":	11.00009,
				"seconds":	0.99999397993087769,
				"bytes":	12500584,
				"bits_per_second":	100005274.03866231,
				"packets":	8633,
				"omitted":	false,
				"sender":	true
			}
		}, {
			"streams":	[{
					"socket":	5,
					"start":	11.00009,
					"end":	12.000143,
					"seconds":	1.00005304813385,
					"bytes":	12499136,
					"bits_per_second":	99987783.83465977,
					"packets":	8632,
					"omitted":	false,
					"sender":	true
				}],
			"sum":	{
				"start":	11.00009,
				"end":	12.000143,
				"seconds":	1.00005304813385,
				"bytes":	12499136,
				"bits_per_second":	99987783.83465977,
				"packets":	8632,
				"omitted":	false,
				"sender":	true
			}
		}, {
			"streams":	[{
					"socket":	5,
					"start":	12.000143,
					"end":	13.000086,
					"seconds":	0.99994301795959473,
					"bytes":	12500584,
					"bits_per_second":	100010370.79498959,
					"packets":	8633,
					"omitted":	false,
					"sender":	true
				}],
			"sum":	{
				"start":	12.000143,
				"end":	13.000086,
				"seconds":	0.99994301795959473,
				"bytes":	12500584,
				"bits_per_second":	100010370.79498959,
				"packets":	8633,
				"omitted":	false,
				"sender":	true
			}
		}, {
			"streams":	[{
					"socket":	5,
					"start":	13.000086,
					"end":	14.000145,
					"seconds":	1.0000590085983276,
					"bytes":	12500584,
					"bits_per_second":	99998771.212676257,
					"packets":	8633,
					"omitted":	false,
					"sender":	true
				}],
			"sum":	{
				"start":	13.000086,
				"end":	14.000145,
				"seconds":	1.0000590085983276,
				"bytes":	12500584,
				"bits_per_second":	99998771.212676257,
				"packets":	8633,
				"omitted":	false,
				"sender":	true
			}
		}, {
			"streams":	[{
					"socket":	5,
					"start":	14.000145,
					"end":	15.000138,
					"seconds":	0.99999302625656128,
					"bytes":	12499136,
					"bits_per_second":	99993785.331004366,
					"packets":	8632,
					"omitted":	false,