{
	"start":	{
		"connected":	[{
				"socket":	5,
				"local_host":	"172.20.171.186",
				"local_port":	35186,
				"remote_host":	"54.227.41.78",
				"remote_port":	5201
			}],
		"version":	"iperf 3.16",
		"system_info":	"Linux DESKTOP-OR35M89 6.18.33.1-microsoft-standard-WSL2 #1 SMP PREEMPT_DYNAMIC Fri Jun  5 01:12:21 UTC 2026 x86_64",
		"timestamp":	{
			"time":	"Thu, 25 Jun 2026 23:48:58 GMT",
			"timesecs":	1782431338
		},
		"connecting_to":	{
			"host":	"54.227.41.78",
			"port":	5201
		},
		"cookie":	"g5t3ani6eydov6scpxh4ggrls2nlqrqfb3nb",
		"target_bitrate":	100000000,
		"fq_rate":	0,
		"sock_bufsize":	0,
		"sndbuf_actual":	212992,
		"rcvbuf_actual":	212992,
		"test_start":	{
			"protocol":	"UDP",
			"num_streams":	1,
			"blksize":	1448,
			"omit":	0,
			"duration":	30,
			"bytes":	0,
			"blocks":	0,
			"reverse":	0,
			"tos":	0,
			"target_bitrate":	100000000,
			"bidir":	0,
			"fqrate":	0
		}
	},
	"intervals":	[{
			"streams":	[{
					"socket":	5,
					"start":	0,
					"end":	1.000139,
					"seconds":	1.0001389980316162,
					"bytes":	12490448,
					"bits_per_second":	99909696.748812541,
					"packets":	8626,
					"omitted":	false,
					"sender":	true
				}],
			"sum":	{
				"start":	0,
				"end":	1.000139,
				"seconds":	1.0001389980316162,
				"bytes":	12490448,
				"bits_per_second":	99909696.748812541,
				"packets":	8626,
				"omitted":	false,
				"sender":	true
			}
		}, {
			"streams":	[{
					"socket":	5,
					"start":	1.000139,
					"end":	2.000266,
					"seconds":	1.0001269578933716,
					"bytes":	12500584,
					"bits_per_second":	99991977.2292169,
					"packets":	8633,
					"omitted":	false,
					"sender":	true
				}],
			"sum":	{
				"start":	1.000139,
				"end":	2.000266,
				"seconds":	1.0001269578933716,
				"bytes":	12500584,
				"bits_per_second":	99991977.2292169,
				"packets":	8633,
				"omitted":	false,
				"sender":	true
			}
		}, {
			"streams":	[{
					"socket":	5,
					"start":	2.000266,
					"end":	3.000093,
					"seconds":	0.99982702732086182,
					"bytes":	12499136,
					"bits_per_second":	100010387.06459221,
					"packets":	8632,
					"omitted":	false,
					"sender":	true
				}],
			"sum":	{
				"start":	2.000266,
				"end":	3.000093,
				"seconds":	0.99982702732086182,
				"bytes":	12499136,
				"bits_per_second":	100010387.06459221,
				"packets":	8632,
				"omitted":	false,
				"sender":	true
			}
		}, {
			"streams":	[{
					"socket":	5,
					"start":	3.000093,
					"end":	4.000094,
					"seconds":	1.0000009536743164,
					"bytes":	12499136,
					"bits_per_second":	99992992.6392511,
					"packets":	8632,
					"omitted":	false,
					"sender":	true
				}],
			"sum":	{
				"start":	3.000093,
				"end":	4.000094,
				"seconds":	1.0000009536743164,
				"bytes":	12499136,
				"bits_per_second":	99992992.6392511,
				"packets":	8632,
				"omitted":	false,
				"sender":	true
			}
		}, {
			"streams":	[{
					"socket":	5,
					"start":	4.000094,
					"end":	5.000092,
					"seconds":	0.99999797344207764,
					"bytes":	12500584,
					"bits_per_second":	100004874.66567104,
					"packets":	8633,
					"omitted":	false,
					"sender":	true
				}],
			"sum":	{
				"start":	4.000094,
				"end":	5.000092,
				"seconds":	0.99999797344207764,
				"bytes":	12500584,
				"bits_per_second":	100004874.66567104,
				"packets":	8633,
				"omitted":	false,
				"sender":	true
			}
		}, {
			"streams":	[{
					"socket":	5,
					"start":	5.000092,
					"end":	6.000099,
					"seconds":	1.0000070333480835,
					"bytes":	12500584,
					"bits_per_second":	100003968.63727884,
					"packets":	8633,
					"omitted":	false,
					"sender":	true
				}],
			"sum":	{
				"start":	5.000092,
				"end":	6.000099,
				"seconds":	1.0000070333480835,
				"bytes":	12500584,
				"bits_per_second":	100003968.63727884,
				"packets":	8633,
				"omitted":	false,
				"sender":	true
			}
		}, {
			"streams":	[{
					"socket":	5,
					"start":	6.000099,
					"end":	7.000138,
					"seconds":	1.0000389814376831,
					"bytes":	12500584,
					"bits_per_second":	100000773.82606684,
					"packets":	8633,
					"omitted":	false,
					"sender":	true
				}],
			"sum":	{
				"start":	6.000099,
				"end":	7.000138,
				"seconds":	1.0000389814376831,
				"bytes":	12500584,
				"bits_per_second":	100000773.82606684,
				"packets":	8633,
				"omitted":	false,
				"sender":	true
			}
		}, {
			"streams":	[{
					"socket":	5,
					"start":	7.000138,
					"end":	8.000097,
					"seconds":	0.99995899200439453,
					"bytes":	12499136,
					"bits_per_second":	99997188.6842741,
					"packets":	8632,
					"omitted":	false,
					"sender":	true
				}],
			"sum":	{
				"start":	7.000138,
				"end":	8.000097,
				"seconds":	0.99995899200439453,
				"bytes":	12499136,
				"bits_per_second":	99997188.6842741,
				"packets":	8632,
				"omitted":	false,
				"sender":	true
			}
		}, {
			"streams":	[{
					"socket":	5,
					"start":	8.000097,
					"end":	9.000102,
					"seconds":	1.0000050067901611,
					"bytes":	12499136,
					"bits_per_second":	99992587.358097434,
					"packets":	8632,
					"omitted":	false,
					"sender":	true
				}],
			"sum":	{
				"start":	8.000097,
				"end":	9.000102,
				"seconds":	1.0000050067901611,
				"bytes":	12499136,
				"bits_per_second":	99992587.358097434,
				"packets":	8632,
				"omitted":	false,
				"sender":	true
			}
		}, {
			"streams":	[{
					"socket":	5,
					"start":	9.000102,
					"end":	10.000109,
					"seconds":	1.0000070333480835,
					"bytes":	12500584,
					"bits_per_second":	100003968.63727884,
					"packets":	8633,
					"omitted":	false,
					"sender":	true
				}],
			"sum":	{
				"start":	9.000102,
				"end":	10.000109,
				"seconds":	1.0000070333480835,
				"bytes":	12500584,
				"bits_per_second":	100003968.63727884,
				"packets":	8633,
				"omitted":	false,
				"sender":	true
			}
		}, {
			"streams":	[{
					"socket":	5,
					"start":	10.000109,
					"end":	11.000162,
					"seconds":	1.00005304813385,
					"bytes":	12500584,
					"bits_per_second":	99999367.220182776,
					"packets":	8633,
					"omitted":	false,
					"sender":	true
				}],
			"sum":	{
				"start":	10.000109,
				"end":	11.000162,
				"seconds":	1.00005304813385,
				"bytes":	12500584,
				"bits_per_second":	99999367.220182776,
				"packets":	8633,
				"omitted":	false,
				"sender":	true
			}
		}, {
			"streams":	[{
					"socket":	5,
					"start":	11.000162,
					"end":	12.000135,
					"seconds":	0.99997299909591675,
					"bytes":	12500584,
					"bits_per_second":	100007372.28946681,
					"packets":	8633,
					"omitted":	false,
					"sender":	true
				}],
			"sum":	{
				"start":	11.000162,
				"end":	12.000135,
				"seconds":	0.99997299909591675,
				"bytes":	12500584,
				"bits_per_second":	100007372.28946681,
				"packets":	8633,
				"omitted":	false,
				"sender":	true
			}
		}, {
			"streams":	[{
					"socket":	5,
					"start":	12.000135,
					"end":	13.000146,
					"seconds":	1.0000109672546387,
					"bytes":	12499136,
					"bits_per_second":	99991991.3623689,
					"packets":	8632,
					"omitted":	false,
					"sender":	true
				}],
			"sum":	{
				"start":	12.000135,
				"end":	13.000146,
				"seconds":	1.0000109672546387,
				"bytes":	12499136,
				"bits_per_second":	99991991.3623689,
				"packets":	8632,
				"omitted":	false,
				"sender":	true
			}
		}, {
			"streams":	[{
					"socket":	5,
					"start":	13.000146,
					"end":	14.000113,
					"seconds":	0.99996697902679443,
					"bytes":	12499136,
					"bits_per_second":	99996389.978114128,
					"packets":	8632,
					"omitted":	false,
					"sender":	true
				}],
			"sum":	{
				"start":	13.000146,
				"end":	14.000113,
				"seconds":	0.99996697902679443,
				"bytes":	12499136,
				"bits_per_second":	99996389.978114128,
				"packets":	8632,
				"omitted":	false,
				"sender":	true
			}
		}, {
			"streams":	[{
					"socket":	5,
					"start":	14.000113,
					"end":	15.000109,
					"seconds":	0.9999960064888,
					"bytes":	12500584,
					"bits_per_second":	100005071.37137258,
					"packets":	8633,