{
	"start":	{
		"connected":	[{
				"socket":	5,
				"local_host":	"172.20.171.186",
				"local_port":	35914,
				"remote_host":	"54.227.41.78",
				"remote_port":	5201
			}],
		"version":	"iperf 3.16",
		"system_info":	"Linux DESKTOP-OR35M89 6.18.33.1-microsoft-standard-WSL2 #1 SMP PREEMPT_DYNAMIC Fri Jun  5 01:12:21 UTC 2026 x86_64",
		"timestamp":	{
			"time":	"Thu, 25 Jun 2026 23:57:12 GMT",
			"timesecs":	1782431832
		},
		"connecting_to":	{
			"host":	"54.227.41.78",
			"port":	5201
		},
		"cookie":	"agz257evtvydimljyjseao25hyh2sce5rhtq",
		"target_bitrate":	100000000,
		"fq_rate":	0,
		"sock_bufsize":	0,
		"sndbuf_actual":	212992,
		"rcvbuf_actual":	212992,
		"test_start":	{
			"protocol":	"UDP",
			"num_streams":	1,
			"blksize":	1448,
			"omit":	0,
			"duration":	30,
			"bytes":	0,
			"blocks":	0,
			"reverse":	0,
			"tos":	0,
			"target_bitrate":	100000000,
			"bidir":	0,
			"fqrate":	0
		}
	},
	"intervals":	[{
			"streams":	[{
					"socket":	5,
					"start":	0,
					"end":	1.000127,
					"seconds":	1.0001269578933716,
					"bytes":	12490448,
					"bits_per_second":	99910899.522671744,
					"packets":	8626,
					"omitted":	false,
					"sender":	true
				}],
			"sum":	{
				"start":	0,
				"end":	1.000127,
				"seconds":	1.0001269578933716,
				"bytes":	12490448,
				"bits_per_second":	99910899.522671744,
				"packets":	8626,
				"omitted":	false,
				"sender":	true
			}
		}, {
			"streams":	[{
					"socket":	5,
					"start":	1.000127,
					"end":	2.00015,
					"seconds":	1.0000230073928833,
					"bytes":	12500584,
					"bits_per_second":	100002371.2061564,
					"packets":	8633,
					"omitted":	false,
					"sender":	true
				}],
			"sum":	{
				"start":	1.000127,
				"end":	2.00015,
				"seconds":	1.0000230073928833,
				"bytes":	12500584,
				"bits_per_second":	100002371.2061564,
				"packets":	8633,
				"omitted":	false,
				"sender":	true
			}
		}, {
			"streams":	[{
					"socket":	5,
					"start":	2.00015,
					"end":	3.000098,
					"seconds":	0.999948024749756,
					"bytes":	12499136,
					"bits_per_second":	99998285.4359095,
					"packets":	8632,
					"omitted":	false,
					"sender":	true
				}],
			"sum":	{
				"start":	2.00015,
				"end":	3.000098,
				"seconds":	0.999948024749756,
				"bytes":	12499136,
				"bits_per_second":	99998285.4359095,
				"packets":	8632,
				"omitted":	false,
				"sender":	true
			}
		}, {
			"streams":	[{
					"socket":	5,
					"start":	3.000098,
					"end":	4.00016,
					"seconds":	1.0000619888305664,
					"bytes":	12500584,
					"bits_per_second":	99998473.2115872,
					"packets":	8633,
					"omitted":	false,
					"sender":	true
				}],
			"sum":	{
				"start":	3.000098,
				"end":	4.00016,
				"seconds":	1.0000619888305664,
				"bytes":	12500584,
				"bits_per_second":	99998473.2115872,
				"packets":	8633,
				"omitted":	false,
				"sender":	true
			}
		}, {
			"streams":	[{
					"socket":	5,
					"start":	4.00016,
					"end":	5.000146,
					"seconds":	0.99998599290847778,
					"bytes":	12500584,
					"bits_per_second":	100006072.79421441,
					"packets":	8633,
					"omitted":	false,
					"sender":	true
				}],
			"sum":	{
				"start":	4.00016,
				"end":	5.000146,
				"seconds":	0.99998599290847778,
				"bytes":	12500584,
				"bits_per_second":	100006072.79421441,
				"packets":	8633,
				"omitted":	false,
				"sender":	true
			}
		}, {
			"streams":	[{
					"socket":	5,
					"start":	5.000146,
					"end":	6.000309,
					"seconds":	1.0001629590988159,
					"bytes":	12499136,
					"bits_per_second":	99976795.8714423,
					"packets":	8632,
					"omitted":	false,
					"sender":	true
				}],
			"sum":	{
				"start":	5.000146,
				"end":	6.000309,
				"seconds":	1.0001629590988159,
				"bytes":	12499136,
				"bits_per_second":	99976795.8714423,
				"packets":	8632,
				"omitted":	false,
				"sender":	true
			}
		}, {
			"streams":	[{
					"socket":	5,
					"start":	6.000309,
					"end":	7.000103,
					"seconds":	0.99979400634765625,
					"bytes":	12499136,
					"bits_per_second":	100013690.18532565,
					"packets":	8632,
					"omitted":	false,
					"sender":	true
				}],
			"sum":	{
				"start":	6.000309,
				"end":	7.000103,
				"seconds":	0.99979400634765625,
				"bytes":	12499136,
				"bits_per_second":	100013690.18532565,
				"packets":	8632,
				"omitted":	false,
				"sender":	true
			}
		}, {
			"streams":	[{
					"socket":	5,
					"start":	7.000103,
					"end":	8.000169,
					"seconds":	1.0000660419464111,
					"bytes":	12504928,
					"bits_per_second":	100032817.63801819,
					"packets":	8636,
					"omitted":	false,
					"sender":	true
				}],
			"sum":	{
				"start":	7.000103,
				"end":	8.000169,
				"seconds":	1.0000660419464111,
				"bytes":	12504928,
				"bits_per_second":	100032817.63801819,
				"packets":	8636,
				"omitted":	false,
				"sender":	true
			}
		}, {
			"streams":	[{
					"socket":	5,
					"start":	8.000169,
					"end":	9.00018,
					"seconds":	1.0000109672546387,
					"bytes":	12502032,
					"bits_per_second":	100015159.10828233,
					"packets":	8634,
					"omitted":	false,
					"sender":	true
				}],
			"sum":	{
				"start":	8.000169,
				"end":	9.00018,
				"seconds":	1.0000109672546387,
				"bytes":	12502032,
				"bits_per_second":	100015159.10828233,
				"packets":	8634,
				"omitted":	false,
				"sender":	true
			}
		}, {
			"streams":	[{
					"socket":	5,
					"start":	9.00018,
					"end":	10.000142,
					"seconds":	0.9999619722366333,
					"bytes":	12493344,
					"bits_per_second":	99950552.8959739,
					"packets":	8628,
					"omitted":	false,
					"sender":	true
				}],
			"sum":	{
				"start":	9.00018,
				"end":	10.000142,
				"seconds":	0.9999619722366333,
				"bytes":	12493344,
				"bits_per_second":	99950552.8959739,
				"packets":	8628,
				"omitted":	false,
				"sender":	true
			}
		}, {
			"streams":	[{
					"socket":	5,
					"start":	10.000142,
					"end":	11.0001,
					"seconds":	0.99995797872543335,
					"bytes":	12500584,
					"bits_per_second":	100008874.50037448,
					"packets":	8633,
					"omitted":	false,
					"sender":	true
				}],
			"sum":	{
				"start":	10.000142,
				"end":	11.0001,
				"seconds":	0.99995797872543335,
				"bytes":	12500584,
				"bits_per_second":	100008874.50037448,
				"packets":	8633,
				"omitted":	false,
				"sender":	true
			}
		}, {
			"streams":	[{
					"socket":	5,
					"start":	11.0001,
					"end":	12.000149,
					"seconds":	1.0000489950180054,
					"bytes":	12500584,
					"bits_per_second":	99999772.509345368,
					"packets":	8633,
					"omitted":	false,
					"sender":	true
				}],
			"sum":	{
				"start":	11.0001,
				"end":	12.000149,
				"seconds":	1.0000489950180054,
				"bytes":	12500584,
				"bits_per_second":	99999772.509345368,
				"packets":	8633,
				"omitted":	false,
				"sender":	true
			}
		}, {
			"streams":	[{
					"socket":	5,
					"start":	12.000149,
					"end":	13.000181,
					"seconds":	1.0000319480895996,
					"bytes":	12499136,
					"bits_per_second":	99989893.51392296,
					"packets":	8632,
					"omitted":	false,
					"sender":	true
				}],
			"sum":	{
				"start":	12.000149,
				"end":	13.000181,
				"seconds":	1.0000319480895996,
				"bytes":	12499136,
				"bits_per_second":	99989893.51392296,
				"packets":	8632,
				"omitted":	false,
				"sender":	true
			}
		}, {
			"streams":	[{
					"socket":	5,
					"start":	13.000181,
					"end":	14.000223,
					"seconds":	1.0000419616699219,
					"bytes":	12500584,
					"bits_per_second":	100000475.8130419,
					"packets":	8633,
					"omitted":	false,
					"sender":	true
				}],
			"sum":	{
				"start":	13.000181,
				"end":	14.000223,
				"seconds":	1.0000419616699219,
				"bytes":	12500584,
				"bits_per_second":	100000475.8130419,
				"packets":	8633,
				"omitted":	false,
				"sender":	true
			}
		}, {
			"streams":	[{
					"socket":	5,
					"start":	14.000223,
					"end":	15.000098,
					"seconds":	0.999875009059906,
					"bytes":	12499136,
					"bits_per_second":	100005587.79243283,
					"packets":	8632,
					"omitted":	false,