{
	"start":	{
		"connected":	[{
				"socket":	5,
				"local_host":	"172.20.171.186",
				"local_port":	47315,
				"remote_host":	"54.227.41.78",
				"remote_port":	5201
			}],
		"version":	"iperf 3.16",
		"system_info":	"Linux DESKTOP-OR35M89 6.18.33.1-microsoft-standard-WSL2 #1 SMP PREEMPT_DYNAMIC Fri Jun  5 01:12:21 UTC 2026 x86_64",
		"timestamp":	{
			"time":	"Thu, 25 Jun 2026 21:40:54 GMT",
			"timesecs":	1782423654
		},
		"connecting_to":	{
			"host":	"54.227.41.78",
			"port":	5201
		},
		"cookie":	"wjiqepgeg4ln7zupdouxs7bqbblu54q4dyoq",
		"target_bitrate":	100000000,
		"fq_rate":	0,
		"sock_bufsize":	0,
		"sndbuf_actual":	212992,
		"rcvbuf_actual":	212992,
		"test_start":	{
			"protocol":	"UDP",
			"num_streams":	1,
			"blksize":	1448,
			"omit":	0,
			"duration":	30,
			"bytes":	0,
			"blocks":	0,
			"reverse":	0,
			"tos":	0,
			"target_bitrate":	100000000,
			"bidir":	0,
			"fqrate":	0
		}
	},
	"intervals":	[{
			"streams":	[{
					"socket":	5,
					"start":	0,
					"end":	1.000104,
					"seconds":	1.0001039505004883,
					"bytes":	12490448,
					"bits_per_second":	99913197.9730653,
					"packets":	8626,
					"omitted":	false,
					"sender":	true
				}],
			"sum":	{
				"start":	0,
				"end":	1.000104,
				"seconds":	1.0001039505004883,
				"bytes":	12490448,
				"bits_per_second":	99913197.9730653,
				"packets":	8626,
				"omitted":	false,
				"sender":	true
			}
		}, {
			"streams":	[{
					"socket":	5,
					"start":	1.000104,
					"end":	2.00016,
					"seconds":	1.0000560283660889,
					"bytes":	12499136,
					"bits_per_second":	99987485.864537671,
					"packets":	8632,
					"omitted":	false,
					"sender":	true
				}],
			"sum":	{
				"start":	1.000104,
				"end":	2.00016,
				"seconds":	1.0000560283660889,
				"bytes":	12499136,
				"bits_per_second":	99987485.864537671,
				"packets":	8632,
				"omitted":	false,
				"sender":	true
			}
		}, {
			"streams":	[{
					"socket":	5,
					"start":	2.00016,
					"end":	3.000098,
					"seconds":	0.99993801116943359,
					"bytes":	12500584,
					"bits_per_second":	100010871.55697174,
					"packets":	8633,
					"omitted":	false,
					"sender":	true
				}],
			"sum":	{
				"start":	2.00016,
				"end":	3.000098,
				"seconds":	0.99993801116943359,
				"bytes":	12500584,
				"bits_per_second":	100010871.55697174,
				"packets":	8633,
				"omitted":	false,
				"sender":	true
			}
		}, {
			"streams":	[{
					"socket":	5,
					"start":	3.000098,
					"end":	4.000125,
					"seconds":	1.0000269412994385,
					"bytes":	12500584,
					"bits_per_second":	100001977.81677119,
					"packets":	8633,
					"omitted":	false,
					"sender":	true
				}],
			"sum":	{
				"start":	3.000098,
				"end":	4.000125,
				"seconds":	1.0000269412994385,
				"bytes":	12500584,
				"bits_per_second":	100001977.81677119,
				"packets":	8633,
				"omitted":	false,
				"sender":	true
			}
		}, {
			"streams":	[{
					"socket":	5,
					"start":	4.000125,
					"end":	5.00014,
					"seconds":	1.0000150203704834,
					"bytes":	12499136,
					"bits_per_second":	99991586.0893317,
					"packets":	8632,
					"omitted":	false,
					"sender":	true
				}],
			"sum":	{
				"start":	4.000125,
				"end":	5.00014,
				"seconds":	1.0000150203704834,
				"bytes":	12499136,
				"bits_per_second":	99991586.0893317,
				"packets":	8632,
				"omitted":	false,
				"sender":	true
			}
		}, {
			"streams":	[{
					"socket":	5,
					"start":	5.00014,
					"end":	6.000119,
					"seconds":	0.999979019165039,
					"bytes":	12502032,
					"bits_per_second":	100018354.46858817,
					"packets":	8634,
					"omitted":	false,
					"sender":	true
				}],
			"sum":	{
				"start":	5.00014,
				"end":	6.000119,
				"seconds":	0.999979019165039,
				"bytes":	12502032,
				"bits_per_second":	100018354.46858817,
				"packets":	8634,
				"omitted":	false,
				"sender":	true
			}
		}, {
			"streams":	[{
					"socket":	5,
					"start":	6.000119,
					"end":	7.000148,
					"seconds":	1.0000289678573608,
					"bytes":	12497688,
					"bits_per_second":	99978607.833949134,
					"packets":	8631,
					"omitted":	false,
					"sender":	true
				}],
			"sum":	{
				"start":	6.000119,
				"end":	7.000148,
				"seconds":	1.0000289678573608,
				"bytes":	12497688,
				"bits_per_second":	99978607.833949134,
				"packets":	8631,
				"omitted":	false,
				"sender":	true
			}
		}, {
			"streams":	[{
					"socket":	5,
					"start":	7.000148,
					"end":	8.000087,
					"seconds":	0.99993902444839478,
					"bytes":	12502032,
					"bits_per_second":	100022354.918264,
					"packets":	8634,
					"omitted":	false,
					"sender":	true
				}],
			"sum":	{
				"start":	7.000148,
				"end":	8.000087,
				"seconds":	0.99993902444839478,
				"bytes":	12502032,
				"bits_per_second":	100022354.918264,
				"packets":	8634,
				"omitted":	false,
				"sender":	true
			}
		}, {
			"streams":	[{
					"socket":	5,
					"start":	8.000087,
					"end":	9.000118,
					"seconds":	1.0000309944152832,
					"bytes":	12499136,
					"bits_per_second":	99989988.868760839,
					"packets":	8632,
					"omitted":	false,
					"sender":	true
				}],
			"sum":	{
				"start":	8.000087,
				"end":	9.000118,
				"seconds":	1.0000309944152832,
				"bytes":	12499136,
				"bits_per_second":	99989988.868760839,
				"packets":	8632,
				"omitted":	false,
				"sender":	true
			}
		}, {
			"streams":	[{
					"socket":	5,
					"start":	9.000118,
					"end":	10.000122,
					"seconds":	1.0000040531158447,
					"bytes":	12500584,
					"bits_per_second":	100004266.67112221,
					"packets":	8633,
					"omitted":	false,
					"sender":	true
				}],
			"sum":	{
				"start":	9.000118,
				"end":	10.000122,
				"seconds":	1.0000040531158447,
				"bytes":	12500584,
				"bits_per_second":	100004266.67112221,
				"packets":	8633,
				"omitted":	false,
				"sender":	true
			}
		}, {
			"streams":	[{
					"socket":	5,
					"start":	10.000122,
					"end":	11.000149,
					"seconds":	1.0000269412994385,
					"bytes":	12499136,
					"bits_per_second":	99990394.1288508,
					"packets":	8632,
					"omitted":	false,
					"sender":	true
				}],
			"sum":	{
				"start":	10.000122,
				"end":	11.000149,
				"seconds":	1.0000269412994385,
				"bytes":	12499136,
				"bits_per_second":	99990394.1288508,
				"packets":	8632,
				"omitted":	false,
				"sender":	true
			}
		}, {
			"streams":	[{
					"socket":	5,
					"start":	11.000149,
					"end":	12.000142,
					"seconds":	0.99999302625656128,
					"bytes":	12499136,
					"bits_per_second":	99993785.331004366,
					"packets":	8632,
					"omitted":	false,
					"sender":	true
				}],
			"sum":	{
				"start":	11.000149,
				"end":	12.000142,
				"seconds":	0.99999302625656128,
				"bytes":	12499136,
				"bits_per_second":	99993785.331004366,
				"packets":	8632,
				"omitted":	false,
				"sender":	true
			}
		}, {
			"streams":	[{
					"socket":	5,
					"start":	12.000142,
					"end":	13.000148,
					"seconds":	1.0000059604644775,
					"bytes":	12500584,
					"bits_per_second":	100004075.92925781,
					"packets":	8633,
					"omitted":	false,
					"sender":	true
				}],
			"sum":	{
				"start":	12.000142,
				"end":	13.000148,
				"seconds":	1.0000059604644775,
				"bytes":	12500584,
				"bits_per_second":	100004075.92925781,
				"packets":	8633,
				"omitted":	false,
				"sender":	true
			}
		}, {
			"streams":	[{
					"socket":	5,
					"start":	13.000148,
					"end":	14.000187,
					"seconds":	1.0000389814376831,
					"bytes":	12500584,
					"bits_per_second":	100000773.82606684,
					"packets":	8633,
					"omitted":	false,
					"sender":	true
				}],
			"sum":	{
				"start":	13.000148,
				"end":	14.000187,
				"seconds":	1.0000389814376831,
				"bytes":	12500584,
				"bits_per_second":	100000773.82606684,
				"packets":	8633,
				"omitted":	false,
				"sender":	true
			}
		}, {
			"streams":	[{
					"socket":	5,
					"start":	14.000187,
					"end":	15.000133,
					"seconds":	0.9999459981918335,
					"bytes":	12500584,
					"bits_per_second":	100010072.724762,
					"packets":	8633,
					"omitted":	false,