{
	"start":	{
		"connected":	[{
				"socket":	5,
				"local_host":	"172.20.171.186",
				"local_port":	42917,
				"remote_host":	"54.227.41.78",
				"remote_port":	5201
			}],
		"version":	"iperf 3.16",
		"system_info":	"Linux DESKTOP-OR35M89 6.18.33.1-microsoft-standard-WSL2 #1 SMP PREEMPT_DYNAMIC Fri Jun  5 01:12:21 UTC 2026 x86_64",
		"timestamp":	{
			"time":	"Thu, 25 Jun 2026 21:34:55 GMT",
			"timesecs":	1782423295
		},
		"connecting_to":	{
			"host":	"54.227.41.78",
			"port":	5201
		},
		"cookie":	"6uduubltcawwu4x2tzpsloanbi6lwvle4avw",
		"target_bitrate":	100000000,
		"fq_rate":	0,
		"sock_bufsize":	0,
		"sndbuf_actual":	212992,
		"rcvbuf_actual":	212992,
		"test_start":	{
			"protocol":	"UDP",
			"num_streams":	1,
			"blksize":	1448,
			"omit":	0,
			"duration":	30,
			"bytes":	0,
			"blocks":	0,
			"reverse":	0,
			"tos":	0,
			"target_bitrate":	100000000,
			"bidir":	0,
			"fqrate":	0
		}
	},
	"intervals":	[{
			"streams":	[{
					"socket":	5,
					"start":	0,
					"end":	1.000081,
					"seconds":	1.000080943107605,
					"bytes":	12489000,
					"bits_per_second":	99903913.4667821,
					"packets":	8625,
					"omitted":	false,
					"sender":	true
				}],
			"sum":	{
				"start":	0,
				"end":	1.000081,
				"seconds":	1.000080943107605,
				"bytes":	12489000,
				"bits_per_second":	99903913.4667821,
				"packets":	8625,
				"omitted":	false,
				"sender":	true
			}
		}, {
			"streams":	[{
					"socket":	5,
					"start":	1.000081,
					"end":	2.000153,
					"seconds":	1.0000720024108887,
					"bytes":	12500584,
					"bits_per_second":	99997471.940937474,
					"packets":	8633,
					"omitted":	false,
					"sender":	true
				}],
			"sum":	{
				"start":	1.000081,
				"end":	2.000153,
				"seconds":	1.0000720024108887,
				"bytes":	12500584,
				"bits_per_second":	99997471.940937474,
				"packets":	8633,
				"omitted":	false,
				"sender":	true
			}
		}, {
			"streams":	[{
					"socket":	5,
					"start":	2.000153,
					"end":	3.000196,
					"seconds":	1.0000430345535278,
					"bytes":	12502032,
					"bits_per_second":	100011952.03029694,
					"packets":	8634,
					"omitted":	false,
					"sender":	true
				}],
			"sum":	{
				"start":	2.000153,
				"end":	3.000196,
				"seconds":	1.0000430345535278,
				"bytes":	12502032,
				"bits_per_second":	100011952.03029694,
				"packets":	8634,
				"omitted":	false,
				"sender":	true
			}
		}, {
			"streams":	[{
					"socket":	5,
					"start":	3.000196,
					"end":	4.000142,
					"seconds":	0.9999459981918335,
					"bytes":	12499136,
					"bits_per_second":	99998488.099171266,
					"packets":	8632,
					"omitted":	false,
					"sender":	true
				}],
			"sum":	{
				"start":	3.000196,
				"end":	4.000142,
				"seconds":	0.9999459981918335,
				"bytes":	12499136,
				"bits_per_second":	99998488.099171266,
				"packets":	8632,
				"omitted":	false,
				"sender":	true
			}
		}, {
			"streams":	[{
					"socket":	5,
					"start":	4.000142,
					"end":	5.000232,
					"seconds":	1.0000900030136108,
					"bytes":	12502032,
					"bits_per_second":	100007255.04566294,
					"packets":	8634,
					"omitted":	false,
					"sender":	true
				}],
			"sum":	{
				"start":	4.000142,
				"end":	5.000232,
				"seconds":	1.0000900030136108,
				"bytes":	12502032,
				"bits_per_second":	100007255.04566294,
				"packets":	8634,
				"omitted":	false,
				"sender":	true
			}
		}, {
			"streams":	[{
					"socket":	5,
					"start":	5.000232,
					"end":	6.000101,
					"seconds":	0.99986898899078369,
					"bytes":	12497688,
					"bits_per_second":	99994604.394037843,
					"packets":	8631,
					"omitted":	false,
					"sender":	true
				}],
			"sum":	{
				"start":	5.000232,
				"end":	6.000101,
				"seconds":	0.99986898899078369,
				"bytes":	12497688,
				"bits_per_second":	99994604.394037843,
				"packets":	8631,
				"omitted":	false,
				"sender":	true
			}
		}, {
			"streams":	[{
					"socket":	5,
					"start":	6.000101,
					"end":	7.000143,
					"seconds":	1.0000419616699219,
					"bytes":	12500584,
					"bits_per_second":	100000475.8130419,
					"packets":	8633,
					"omitted":	false,
					"sender":	true
				}],
			"sum":	{
				"start":	6.000101,
				"end":	7.000143,
				"seconds":	1.0000419616699219,
				"bytes":	12500584,
				"bits_per_second":	100000475.8130419,
				"packets":	8633,
				"omitted":	false,
				"sender":	true
			}
		}, {
			"streams":	[{
					"socket":	5,
					"start":	7.000143,
					"end":	8.000392,
					"seconds":	1.0002490282058716,
					"bytes":	12500584,
					"bits_per_second":	99979774.2162035,
					"packets":	8633,
					"omitted":	false,
					"sender":	true
				}],
			"sum":	{
				"start":	7.000143,
				"end":	8.000392,
				"seconds":	1.0002490282058716,
				"bytes":	12500584,
				"bits_per_second":	99979774.2162035,
				"packets":	8633,
				"omitted":	false,
				"sender":	true
			}
		}, {
			"streams":	[{
					"socket":	5,
					"start":	8.000392,
					"end":	9.000198,
					"seconds":	0.999805986881256,
					"bytes":	12499136,
					"bits_per_second":	100012491.73543493,
					"packets":	8632,
					"omitted":	false,
					"sender":	true
				}],
			"sum":	{
				"start":	8.000392,
				"end":	9.000198,
				"seconds":	0.999805986881256,
				"bytes":	12499136,
				"bits_per_second":	100012491.73543493,
				"packets":	8632,
				"omitted":	false,
				"sender":	true
			}
		}, {
			"streams":	[{
					"socket":	5,
					"start":	9.000198,
					"end":	10.000108,
					"seconds":	0.999909996986389,
					"bytes":	12499136,
					"bits_per_second":	100002088.48933142,
					"packets":	8632,
					"omitted":	false,
					"sender":	true
				}],
			"sum":	{
				"start":	9.000198,
				"end":	10.000108,
				"seconds":	0.999909996986389,
				"bytes":	12499136,
				"bits_per_second":	100002088.48933142,
				"packets":	8632,
				"omitted":	false,
				"sender":	true
			}
		}, {
			"streams":	[{
					"socket":	5,
					"start":	10.000108,
					"end":	11.000142,
					"seconds":	1.000033974647522,
					"bytes":	12500584,
					"bits_per_second":	100001274.49194738,
					"packets":	8633,
					"omitted":	false,
					"sender":	true
				}],
			"sum":	{
				"start":	10.000108,
				"end":	11.000142,
				"seconds":	1.000033974647522,
				"bytes":	12500584,
				"bits_per_second":	100001274.49194738,
				"packets":	8633,
				"omitted":	false,
				"sender":	true
			}
		}, {
			"streams":	[{
					"socket":	5,
					"start":	11.000142,
					"end":	12.000086,
					"seconds":	0.999943971633911,
					"bytes":	12499136,
					"bits_per_second":	99998690.7632545,
					"packets":	8632,
					"omitted":	false,
					"sender":	true
				}],
			"sum":	{
				"start":	11.000142,
				"end":	12.000086,
				"seconds":	0.999943971633911,
				"bytes":	12499136,
				"bits_per_second":	99998690.7632545,
				"packets":	8632,
				"omitted":	false,
				"sender":	true
			}
		}, {
			"streams":	[{
					"socket":	5,
					"start":	12.000086,
					"end":	13.000172,
					"seconds":	1.0000859498977661,
					"bytes":	12502032,
					"bits_per_second":	100007660.35181694,
					"packets":	8634,
					"omitted":	false,
					"sender":	true
				}],
			"sum":	{
				"start":	12.000086,
				"end":	13.000172,
				"seconds":	1.0000859498977661,
				"bytes":	12502032,
				"bits_per_second":	100007660.35181694,
				"packets":	8634,
				"omitted":	false,
				"sender":	true
			}
		}, {
			"streams":	[{
					"socket":	5,
					"start":	13.000172,
					"end":	14.000089,
					"seconds":	0.999916970729828,
					"bytes":	12497688,
					"bits_per_second":	99989806.080623522,
					"packets":	8631,
					"omitted":	false,
					"sender":	true
				}],
			"sum":	{
				"start":	13.000172,
				"end":	14.000089,
				"seconds":	0.999916970729828,
				"bytes":	12497688,
				"bits_per_second":	99989806.080623522,
				"packets":	8631,
				"omitted":	false,
				"sender":	true
			}
		}, {
			"streams":	[{
					"socket":	5,
					"start":	14.000089,
					"end":	15.000179,
					"seconds":	1.0000900030136108,
					"bytes":	12500584,
					"bits_per_second":	99995672.088164,
					"packets":	8633,
					"omitted":	false,