{
	"start":	{
		"connected":	[{
				"socket":	5,
				"local_host":	"172.20.171.186",
				"local_port":	35212,
				"remote_host":	"54.227.41.78",
				"remote_port":	5201
			}],
		"version":	"iperf 3.16",
		"system_info":	"Linux DESKTOP-OR35M89 6.18.33.1-microsoft-standard-WSL2 #1 SMP PREEMPT_DYNAMIC Fri Jun  5 01:12:21 UTC 2026 x86_64",
		"timestamp":	{
			"time":	"Thu, 25 Jun 2026 23:48:25 GMT",
			"timesecs":	1782431305
		},
		"connecting_to":	{
			"host":	"54.227.41.78",
			"port":	5201
		},
		"cookie":	"e6bnrjkes6lg6shjbyypjjgcehzenmsajqrf",
		"target_bitrate":	100000000,
		"fq_rate":	0,
		"sock_bufsize":	0,
		"sndbuf_actual":	212992,
		"rcvbuf_actual":	212992,
		"test_start":	{
			"protocol":	"UDP",
			"num_streams":	1,
			"blksize":	1448,
			"omit":	0,
			"duration":	30,
			"bytes":	0,
			"blocks":	0,
			"reverse":	0,
			"tos":	0,
			"target_bitrate":	100000000,
			"bidir":	0,
			"fqrate":	0
		}
	},
	"intervals":	[{
			"streams":	[{
					"socket":	5,
					"start":	0,
					"end":	1.00008,
					"seconds":	1.0000799894332886,
					"bytes":	12490448,
					"bits_per_second":	99915591.808434546,
					"packets":	8626,
					"omitted":	false,
					"sender":	true
				}],
			"sum":	{
				"start":	0,
				"end":	1.00008,
				"seconds":	1.0000799894332886,
				"bytes":	12490448,
				"bits_per_second":	99915591.808434546,
				"packets":	8626,
				"omitted":	false,
				"sender":	true
			}
		}, {
			"streams":	[{
					"socket":	5,
					"start":	1.00008,
					"end":	2.000171,
					"seconds":	1.0000909566879272,
					"bytes":	12499136,
					"bits_per_second":	99983993.7870794,
					"packets":	8632,
					"omitted":	false,
					"sender":	true
				}],
			"sum":	{
				"start":	1.00008,
				"end":	2.000171,
				"seconds":	1.0000909566879272,
				"bytes":	12499136,
				"bits_per_second":	99983993.7870794,
				"packets":	8632,
				"omitted":	false,
				"sender":	true
			}
		}, {
			"streams":	[{
					"socket":	5,
					"start":	2.000171,
					"end":	3.000162,
					"seconds":	0.999990999698639,
					"bytes":	12500584,
					"bits_per_second":	100005572.0802865,
					"packets":	8633,
					"omitted":	false,
					"sender":	true
				}],
			"sum":	{
				"start":	2.000171,
				"end":	3.000162,
				"seconds":	0.999990999698639,
				"bytes":	12500584,
				"bits_per_second":	100005572.0802865,
				"packets":	8633,
				"omitted":	false,
				"sender":	true
			}
		}, {
			"streams":	[{
					"socket":	5,
					"start":	3.000162,
					"end":	4.000104,
					"seconds":	0.99994200468063354,
					"bytes":	12500584,
					"bits_per_second":	100010472.13927171,
					"packets":	8633,
					"omitted":	false,
					"sender":	true
				}],
			"sum":	{
				"start":	3.000162,
				"end":	4.000104,
				"seconds":	0.99994200468063354,
				"bytes":	12500584,
				"bits_per_second":	100010472.13927171,
				"packets":	8633,
				"omitted":	false,
				"sender":	true
			}
		}, {
			"streams":	[{
					"socket":	5,
					"start":	4.000104,
					"end":	5.000116,
					"seconds":	1.0000120401382446,
					"bytes":	12499136,
					"bits_per_second":	99991884.0838923,
					"packets":	8632,
					"omitted":	false,
					"sender":	true
				}],
			"sum":	{
				"start":	4.000104,
				"end":	5.000116,
				"seconds":	1.0000120401382446,
				"bytes":	12499136,
				"bits_per_second":	99991884.0838923,
				"packets":	8632,
				"omitted":	false,
				"sender":	true
			}
		}, {
			"streams":	[{
					"socket":	5,
					"start":	5.000116,
					"end":	6.000139,
					"seconds":	1.0000230073928833,
					"bytes":	12499136,
					"bits_per_second":	99990787.4726679,
					"packets":	8632,
					"omitted":	false,
					"sender":	true
				}],
			"sum":	{
				"start":	5.000116,
				"end":	6.000139,
				"seconds":	1.0000230073928833,
				"bytes":	12499136,
				"bits_per_second":	99990787.4726679,
				"packets":	8632,
				"omitted":	false,
				"sender":	true
			}
		}, {
			"streams":	[{
					"socket":	5,
					"start":	6.000139,
					"end":	7.000097,
					"seconds":	0.99995797872543335,
					"bytes":	12500584,
					"bits_per_second":	100008874.50037448,
					"packets":	8633,
					"omitted":	false,
					"sender":	true
				}],
			"sum":	{
				"start":	6.000139,
				"end":	7.000097,
				"seconds":	0.99995797872543335,
				"bytes":	12500584,
				"bits_per_second":	100008874.50037448,
				"packets":	8633,
				"omitted":	false,
				"sender":	true
			}
		}, {
			"streams":	[{
					"socket":	5,
					"start":	7.000097,
					"end":	8.000092,
					"seconds":	0.999994993209839,
					"bytes":	12500584,
					"bits_per_second":	100005172.70491476,
					"packets":	8633,
					"omitted":	false,
					"sender":	true
				}],
			"sum":	{
				"start":	7.000097,
				"end":	8.000092,
				"seconds":	0.999994993209839,
				"bytes":	12500584,
				"bits_per_second":	100005172.70491476,
				"packets":	8633,
				"omitted":	false,
				"sender":	true
			}
		}, {
			"streams":	[{
					"socket":	5,
					"start":	8.000092,
					"end":	9.000184,
					"seconds":	1.0000920295715332,
					"bytes":	12500584,
					"bits_per_second":	99995469.459790349,
					"packets":	8633,
					"omitted":	false,
					"sender":	true
				}],
			"sum":	{
				"start":	8.000092,
				"end":	9.000184,
				"seconds":	1.0000920295715332,
				"bytes":	12500584,
				"bits_per_second":	99995469.459790349,
				"packets":	8633,
				"omitted":	false,
				"sender":	true
			}
		}, {
			"streams":	[{
					"socket":	5,
					"start":	9.000184,
					"end":	10.000144,
					"seconds":	0.99996000528335571,
					"bytes":	12499136,
					"bits_per_second":	99997087.355174,
					"packets":	8632,
					"omitted":	false,
					"sender":	true
				}],
			"sum":	{
				"start":	9.000184,
				"end":	10.000144,
				"seconds":	0.99996000528335571,
				"bytes":	12499136,
				"bits_per_second":	99997087.355174,
				"packets":	8632,
				"omitted":	false,
				"sender":	true
			}
		}, {
			"streams":	[{
					"socket":	5,
					"start":	10.000144,
					"end":	11.000198,
					"seconds":	1.0000540018081665,
					"bytes":	12500584,
					"bits_per_second":	99999271.8585043,
					"packets":	8633,
					"omitted":	false,
					"sender":	true
				}],
			"sum":	{
				"start":	10.000144,
				"end":	11.000198,
				"seconds":	1.0000540018081665,
				"bytes":	12500584,
				"bits_per_second":	99999271.8585043,
				"packets":	8633,
				"omitted":	false,
				"sender":	true
			}
		}, {
			"streams":	[{
					"socket":	5,
					"start":	11.000198,
					"end":	12.000155,
					"seconds":	0.999957025051117,
					"bytes":	12500584,
					"bits_per_second":	100008969.88036846,
					"packets":	8633,
					"omitted":	false,
					"sender":	true
				}],
			"sum":	{
				"start":	11.000198,
				"end":	12.000155,
				"seconds":	0.999957025051117,
				"bytes":	12500584,
				"bits_per_second":	100008969.88036846,
				"packets":	8633,
				"omitted":	false,
				"sender":	true
			}
		}, {
			"streams":	[{
					"socket":	5,
					"start":	12.000155,
					"end":	13.00019,
					"seconds":	1.0000350475311279,
					"bytes":	12499136,
					"bits_per_second":	99989583.6119559,
					"packets":	8632,
					"omitted":	false,
					"sender":	true
				}],
			"sum":	{
				"start":	12.000155,
				"end":	13.00019,
				"seconds":	1.0000350475311279,
				"bytes":	12499136,
				"bits_per_second":	99989583.6119559,
				"packets":	8632,
				"omitted":	false,
				"sender":	true
			}
		}, {
			"streams":	[{
					"socket":	5,
					"start":	13.00019,
					"end":	14.000132,
					"seconds":	0.99994200468063354,
					"bytes":	12499136,
					"bits_per_second":	99998887.46741496,
					"packets":	8632,
					"omitted":	false,
					"sender":	true
				}],
			"sum":	{
				"start":	13.00019,
				"end":	14.000132,
				"seconds":	0.99994200468063354,
				"bytes":	12499136,
				"bits_per_second":	99998887.46741496,
				"packets":	8632,
				"omitted":	false,
				"sender":	true
			}
		}, {
			"streams":	[{
					"socket":	5,
					"start":	14.000132,
					"end":	15.000142,
					"seconds":	1.0000100135803223,
					"bytes":	12500584,
					"bits_per_second":	100003670.60521187,
					"packets":	8633,
					"omitted":	false,