{
	"start":	{
		"connected":	[{
				"socket":	5,
				"local_host":	"172.20.171.186",
				"local_port":	34873,
				"remote_host":	"54.227.41.78",
				"remote_port":	5201
			}],
		"version":	"iperf 3.16",
		"system_info":	"Linux DESKTOP-OR35M89 6.18.33.1-microsoft-standard-WSL2 #1 SMP PREEMPT_DYNAMIC Fri Jun  5 01:12:21 UTC 2026 x86_64",
		"timestamp":	{
			"time":	"Thu, 25 Jun 2026 23:43:59 GMT",
			"timesecs":	1782431039
		},
		"connecting_to":	{
			"host":	"54.227.41.78",
			"port":	5201
		},
		"cookie":	"mr47nzstnv7pcllgtbme6b5tbea4mzf2szma",
		"target_bitrate":	100000000,
		"fq_rate":	0,
		"sock_bufsize":	0,
		"sndbuf_actual":	212992,
		"rcvbuf_actual":	212992,
		"test_start":	{
			"protocol":	"UDP",
			"num_streams":	1,
			"blksize":	1448,
			"omit":	0,
			"duration":	30,
			"bytes":	0,
			"blocks":	0,
			"reverse":	0,
			"tos":	0,
			"target_bitrate":	100000000,
			"bidir":	0,
			"fqrate":	0
		}
	},
	"intervals":	[{
			"streams":	[{
					"socket":	5,
					"start":	0,
					"end":	1.000152,
					"seconds":	1.0001519918441772,
					"bytes":	12489000,
					"bits_per_second":	99896816.498632938,
					"packets":	8625,
					"omitted":	false,
					"sender":	true
				}],
			"sum":	{
				"start":	0,
				"end":	1.000152,
				"seconds":	1.0001519918441772,
				"bytes":	12489000,
				"bits_per_second":	99896816.498632938,
				"packets":	8625,
				"omitted":	false,
				"sender":	true
			}
		}, {
			"streams":	[{
					"socket":	5,
					"start":	1.000152,
					"end":	2.000087,
					"seconds":	0.99993497133255,
					"bytes":	12500584,
					"bits_per_second":	100011175.59347895,
					"packets":	8633,
					"omitted":	false,
					"sender":	true
				}],
			"sum":	{
				"start":	1.000152,
				"end":	2.000087,
				"seconds":	0.99993497133255,
				"bytes":	12500584,
				"bits_per_second":	100011175.59347895,
				"packets":	8633,
				"omitted":	false,
				"sender":	true
			}
		}, {
			"streams":	[{
					"socket":	5,
					"start":	2.000087,
					"end":	3.000137,
					"seconds":	1.0000499486923218,
					"bytes":	12500584,
					"bits_per_second":	99999677.1468939,
					"packets":	8633,
					"omitted":	false,
					"sender":	true
				}],
			"sum":	{
				"start":	2.000087,
				"end":	3.000137,
				"seconds":	1.0000499486923218,
				"bytes":	12500584,
				"bits_per_second":	99999677.1468939,
				"packets":	8633,
				"omitted":	false,
				"sender":	true
			}
		}, {
			"streams":	[{
					"socket":	5,
					"start":	3.000137,
					"end":	4.000143,
					"seconds":	1.0000059604644775,
					"bytes":	12500584,
					"bits_per_second":	100004075.92925781,
					"packets":	8633,
					"omitted":	false,
					"sender":	true
				}],
			"sum":	{
				"start":	3.000137,
				"end":	4.000143,
				"seconds":	1.0000059604644775,
				"bytes":	12500584,
				"bits_per_second":	100004075.92925781,
				"packets":	8633,
				"omitted":	false,
				"sender":	true
			}
		}, {
			"streams":	[{
					"socket":	5,
					"start":	4.000143,
					"end":	5.000226,
					"seconds":	1.0000829696655273,
					"bytes":	12499136,
					"bits_per_second":	99984792.295225441,
					"packets":	8632,
					"omitted":	false,
					"sender":	true
				}],
			"sum":	{
				"start":	4.000143,
				"end":	5.000226,
				"seconds":	1.0000829696655273,
				"bytes":	12499136,
				"bits_per_second":	99984792.295225441,
				"packets":	8632,
				"omitted":	false,
				"sender":	true
			}
		}, {
			"streams":	[{
					"socket":	5,
					"start":	5.000226,
					"end":	6.000097,
					"seconds":	0.999871015548706,
					"bytes":	12500584,
					"bits_per_second":	100017572.711736,
					"packets":	8633,
					"omitted":	false,
					"sender":	true
				}],
			"sum":	{
				"start":	5.000226,
				"end":	6.000097,
				"seconds":	0.999871015548706,
				"bytes":	12500584,
				"bits_per_second":	100017572.711736,
				"packets":	8633,
				"omitted":	false,
				"sender":	true
			}
		}, {
			"streams":	[{
					"socket":	5,
					"start":	6.000097,
					"end":	7.000086,
					"seconds":	0.99998897314071655,
					"bytes":	12499136,
					"bits_per_second":	99994190.621869147,
					"packets":	8632,
					"omitted":	false,
					"sender":	true
				}],
			"sum":	{
				"start":	6.000097,
				"end":	7.000086,
				"seconds":	0.99998897314071655,
				"bytes":	12499136,
				"bits_per_second":	99994190.621869147,
				"packets":	8632,
				"omitted":	false,
				"sender":	true
			}
		}, {
			"streams":	[{
					"socket":	5,
					"start":	7.000086,
					"end":	8.00009,
					"seconds":	1.0000040531158447,
					"bytes":	12500584,
					"bits_per_second":	100004266.67112221,
					"packets":	8633,
					"omitted":	false,
					"sender":	true
				}],
			"sum":	{
				"start":	7.000086,
				"end":	8.00009,
				"seconds":	1.0000040531158447,
				"bytes":	12500584,
				"bits_per_second":	100004266.67112221,
				"packets":	8633,
				"omitted":	false,
				"sender":	true
			}
		}, {
			"streams":	[{
					"socket":	5,
					"start":	8.00009,
					"end":	9.000182,
					"seconds":	1.0000920295715332,
					"bytes":	12499136,
					"bits_per_second":	99983886.5257628,
					"packets":	8632,
					"omitted":	false,
					"sender":	true
				}],
			"sum":	{
				"start":	8.00009,
				"end":	9.000182,
				"seconds":	1.0000920295715332,
				"bytes":	12499136,
				"bits_per_second":	99983886.5257628,
				"packets":	8632,
				"omitted":	false,
				"sender":	true
			}
		}, {
			"streams":	[{
					"socket":	5,
					"start":	9.000182,
					"end":	10.000092,
					"seconds":	0.999909996986389,
					"bytes":	12500584,
					"bits_per_second":	100013673.53202017,
					"packets":	8633,
					"omitted":	false,
					"sender":	true
				}],
			"sum":	{
				"start":	9.000182,
				"end":	10.000092,
				"seconds":	0.999909996986389,
				"bytes":	12500584,
				"bits_per_second":	100013673.53202017,
				"packets":	8633,
				"omitted":	false,
				"sender":	true
			}
		}, {
			"streams":	[{
					"socket":	5,
					"start":	10.000092,
					"end":	11.000108,
					"seconds":	1.0000159740448,
					"bytes":	12499136,
					"bits_per_second":	99991490.731447458,
					"packets":	8632,
					"omitted":	false,
					"sender":	true
				}],
			"sum":	{
				"start":	10.000092,
				"end":	11.000108,
				"seconds":	1.0000159740448,
				"bytes":	12499136,
				"bits_per_second":	99991490.731447458,
				"packets":	8632,
				"omitted":	false,
				"sender":	true
			}
		}, {
			"streams":	[{
					"socket":	5,
					"start":	11.000108,
					"end":	12.000087,
					"seconds":	0.999979019165039,
					"bytes":	12500584,
					"bits_per_second":	100006770.22554109,
					"packets":	8633,
					"omitted":	false,
					"sender":	true
				}],
			"sum":	{
				"start":	11.000108,
				"end":	12.000087,
				"seconds":	0.999979019165039,
				"bytes":	12500584,
				"bits_per_second":	100006770.22554109,
				"packets":	8633,
				"omitted":	false,
				"sender":	true
			}
		}, {
			"streams":	[{
					"socket":	5,
					"start":	12.000087,
					"end":	13.000101,
					"seconds":	1.0000139474868774,
					"bytes":	12500584,
					"bits_per_second":	100003277.20560348,
					"packets":	8633,
					"omitted":	false,
					"sender":	true
				}],
			"sum":	{
				"start":	12.000087,
				"end":	13.000101,
				"seconds":	1.0000139474868774,
				"bytes":	12500584,
				"bits_per_second":	100003277.20560348,
				"packets":	8633,
				"omitted":	false,
				"sender":	true
			}
		}, {
			"streams":	[{
					"socket":	5,
					"start":	13.000101,
					"end":	14.000136,
					"seconds":	1.0000350475311279,
					"bytes":	12499136,
					"bits_per_second":	99989583.6119559,
					"packets":	8632,
					"omitted":	false,
					"sender":	true
				}],
			"sum":	{
				"start":	13.000101,
				"end":	14.000136,
				"seconds":	1.0000350475311279,
				"bytes":	12499136,
				"bits_per_second":	99989583.6119559,
				"packets":	8632,
				"omitted":	false,
				"sender":	true
			}
		}, {
			"streams":	[{
					"socket":	5,
					"start":	14.000136,
					"end":	15.000146,
					"seconds":	1.0000100135803223,
					"bytes":	12500584,
					"bits_per_second":	100003670.60521187,
					"packets":	8633,
					"omitted":	false,