{
	"start":	{
		"connected":	[{
				"socket":	5,
				"local_host":	"172.20.171.186",
				"local_port":	49594,
				"remote_host":	"54.227.41.78",
				"remote_port":	5201
			}],
		"version":	"iperf 3.16",
		"system_info":	"Linux DESKTOP-OR35M89 6.18.33.1-microsoft-standard-WSL2 #1 SMP PREEMPT_DYNAMIC Fri Jun  5 01:12:21 UTC 2026 x86_64",
		"timestamp":	{
			"time":	"Thu, 25 Jun 2026 22:14:05 GMT",
			"timesecs":	1782425645
		},
		"connecting_to":	{
			"host":	"54.227.41.78",
			"port":	5201
		},
		"cookie":	"6twa5lp5c4aboaqbcb5hwx2j3al6ix5sheug",
		"target_bitrate":	100000000,
		"fq_rate":	0,
		"sock_bufsize":	0,
		"sndbuf_actual":	212992,
		"rcvbuf_actual":	212992,
		"test_start":	{
			"protocol":	"UDP",
			"num_streams":	1,
			"blksize":	1448,
			"omit":	0,
			"duration":	30,
			"bytes":	0,
			"blocks":	0,
			"reverse":	0,
			"tos":	0,
			"target_bitrate":	100000000,
			"bidir":	0,
			"fqrate":	0
		}
	},
	"intervals":	[{
			"streams":	[{
					"socket":	5,
					"start":	0,
					"end":	1.000088,
					"seconds":	1.0000879764556885,
					"bytes":	12489000,
					"bits_per_second":	99903210.8695958,
					"packets":	8625,
					"omitted":	false,
					"sender":	true
				}],
			"sum":	{
				"start":	0,
				"end":	1.000088,
				"seconds":	1.0000879764556885,
				"bytes":	12489000,
				"bits_per_second":	99903210.8695958,
				"packets":	8625,
				"omitted":	false,
				"sender":	true
			}
		}, {
			"streams":	[{
					"socket":	5,
					"start":	1.000088,
					"end":	2.000087,
					"seconds":	0.99999898672103882,
					"bytes":	12500584,
					"bits_per_second":	100004773.33273284,
					"packets":	8633,
					"omitted":	false,
					"sender":	true
				}],
			"sum":	{
				"start":	1.000088,
				"end":	2.000087,
				"seconds":	0.99999898672103882,
				"bytes":	12500584,
				"bits_per_second":	100004773.33273284,
				"packets":	8633,
				"omitted":	false,
				"sender":	true
			}
		}, {
			"streams":	[{
					"socket":	5,
					"start":	2.000087,
					"end":	3.000187,
					"seconds":	1.0001000165939331,
					"bytes":	12500584,
					"bits_per_second":	99994670.873607755,
					"packets":	8633,
					"omitted":	false,
					"sender":	true
				}],
			"sum":	{
				"start":	2.000087,
				"end":	3.000187,
				"seconds":	1.0001000165939331,
				"bytes":	12500584,
				"bits_per_second":	99994670.873607755,
				"packets":	8633,
				"omitted":	false,
				"sender":	true
			}
		}, {
			"streams":	[{
					"socket":	5,
					"start":	3.000187,
					"end":	4.000092,
					"seconds":	0.999904990196228,
					"bytes":	12499136,
					"bits_per_second":	100002589.22637908,
					"packets":	8632,
					"omitted":	false,
					"sender":	true
				}],
			"sum":	{
				"start":	3.000187,
				"end":	4.000092,
				"seconds":	0.999904990196228,
				"bytes":	12499136,
				"bits_per_second":	100002589.22637908,
				"packets":	8632,
				"omitted":	false,
				"sender":	true
			}
		}, {
			"streams":	[{
					"socket":	5,
					"start":	4.000092,
					"end":	5.000087,
					"seconds":	0.999994993209839,
					"bytes":	12499136,
					"bits_per_second":	99993588.6469158,
					"packets":	8632,
					"omitted":	false,
					"sender":	true
				}],
			"sum":	{
				"start":	4.000092,
				"end":	5.000087,
				"seconds":	0.999994993209839,
				"bytes":	12499136,
				"bits_per_second":	99993588.6469158,
				"packets":	8632,
				"omitted":	false,
				"sender":	true
			}
		}, {
			"streams":	[{
					"socket":	5,
					"start":	5.000087,
					"end":	6.000132,
					"seconds":	1.0000449419021606,
					"bytes":	12500584,
					"bits_per_second":	100000177.80179319,
					"packets":	8633,
					"omitted":	false,
					"sender":	true
				}],
			"sum":	{
				"start":	5.000087,
				"end":	6.000132,
				"seconds":	1.0000449419021606,
				"bytes":	12500584,
				"bits_per_second":	100000177.80179319,
				"packets":	8633,
				"omitted":	false,
				"sender":	true
			}
		}, {
			"streams":	[{
					"socket":	5,
					"start":	6.000132,
					"end":	7.000154,
					"seconds":	1.0000220537185669,
					"bytes":	12502032,
					"bits_per_second":	100014050.31828155,
					"packets":	8634,
					"omitted":	false,
					"sender":	true
				}],
			"sum":	{
				"start":	6.000132,
				"end":	7.000154,
				"seconds":	1.0000220537185669,
				"bytes":	12502032,
				"bits_per_second":	100014050.31828155,
				"packets":	8634,
				"omitted":	false,
				"sender":	true
			}
		}, {
			"streams":	[{
					"socket":	5,
					"start":	7.000154,
					"end":	8.000136,
					"seconds":	0.99998199939727783,
					"bytes":	12497688,
					"bits_per_second":	99983303.759729832,
					"packets":	8631,
					"omitted":	false,
					"sender":	true
				}],
			"sum":	{
				"start":	7.000154,
				"end":	8.000136,
				"seconds":	0.99998199939727783,
				"bytes":	12497688,
				"bits_per_second":	99983303.759729832,
				"packets":	8631,
				"omitted":	false,
				"sender":	true
			}
		}, {
			"streams":	[{
					"socket":	5,
					"start":	8.000136,
					"end":	9.000131,
					"seconds":	0.999994993209839,
					"bytes":	12500584,
					"bits_per_second":	100005172.70491476,
					"packets":	8633,
					"omitted":	false,
					"sender":	true
				}],
			"sum":	{
				"start":	8.000136,
				"end":	9.000131,
				"seconds":	0.999994993209839,
				"bytes":	12500584,
				"bits_per_second":	100005172.70491476,
				"packets":	8633,
				"omitted":	false,
				"sender":	true
			}
		}, {
			"streams":	[{
					"socket":	5,
					"start":	9.000131,
					"end":	10.000132,
					"seconds":	1.0000009536743164,
					"bytes":	12500584,
					"bits_per_second":	100004576.62820375,
					"packets":	8633,
					"omitted":	false,
					"sender":	true
				}],
			"sum":	{
				"start":	9.000131,
				"end":	10.000132,
				"seconds":	1.0000009536743164,
				"bytes":	12500584,
				"bits_per_second":	100004576.62820375,
				"packets":	8633,
				"omitted":	false,
				"sender":	true
			}
		}, {
			"streams":	[{
					"socket":	5,
					"start":	10.000132,
					"end":	11.000097,
					"seconds":	0.999965012073517,
					"bytes":	12499136,
					"bits_per_second":	99996586.6732231,
					"packets":	8632,
					"omitted":	false,
					"sender":	true
				}],
			"sum":	{
				"start":	10.000132,
				"end":	11.000097,
				"seconds":	0.999965012073517,
				"bytes":	12499136,
				"bits_per_second":	99996586.6732231,
				"packets":	8632,
				"omitted":	false,
				"sender":	true
			}
		}, {
			"streams":	[{
					"socket":	5,
					"start":	11.000097,
					"end":	12.000261,
					"seconds":	1.0001640319824219,
					"bytes":	12500584,
					"bits_per_second":	99988270.7257339,
					"packets":	8633,
					"omitted":	false,
					"sender":	true
				}],
			"sum":	{
				"start":	11.000097,
				"end":	12.000261,
				"seconds":	1.0001640319824219,
				"bytes":	12500584,
				"bits_per_second":	99988270.7257339,
				"packets":	8633,
				"omitted":	false,
				"sender":	true
			}
		}, {
			"streams":	[{
					"socket":	5,
					"start":	12.000261,
					"end":	13.000138,
					"seconds":	0.99987697601318359,
					"bytes":	12499136,
					"bits_per_second":	100005391.06191157,
					"packets":	8632,
					"omitted":	false,
					"sender":	true
				}],
			"sum":	{
				"start":	12.000261,
				"end":	13.000138,
				"seconds":	0.99987697601318359,
				"bytes":	12499136,
				"bits_per_second":	100005391.06191157,
				"packets":	8632,
				"omitted":	false,
				"sender":	true
			}
		}, {
			"streams":	[{
					"socket":	5,
					"start":	13.000138,
					"end":	14.000086,
					"seconds":	0.999948024749756,
					"bytes":	12500584,
					"bits_per_second":	100009870.03802212,
					"packets":	8633,
					"omitted":	false,
					"sender":	true
				}],
			"sum":	{
				"start":	13.000138,
				"end":	14.000086,
				"seconds":	0.999948024749756,
				"bytes":	12500584,
				"bits_per_second":	100009870.03802212,
				"packets":	8633,
				"omitted":	false,
				"sender":	true
			}
		}, {
			"streams":	[{
					"socket":	5,
					"start":	14.000086,
					"end":	15.000131,
					"seconds":	1.0000449419021606,
					"bytes":	12500584,
					"bits_per_second":	100000177.80179319,
					"packets":	8633,
					"omitted":	false,