{
	"start":	{
		"connected":	[{
				"socket":	5,
				"local_host":	"172.20.171.186",
				"local_port":	58856,
				"remote_host":	"54.227.41.78",
				"remote_port":	5201
			}],
		"version":	"iperf 3.16",
		"system_info":	"Linux DESKTOP-OR35M89 6.18.33.1-microsoft-standard-WSL2 #1 SMP PREEMPT_DYNAMIC Fri Jun  5 01:12:21 UTC 2026 x86_64",
		"timestamp":	{
			"time":	"Thu, 25 Jun 2026 23:21:43 GMT",
			"timesecs":	1782429703
		},
		"connecting_to":	{
			"host":	"54.227.41.78",
			"port":	5201
		},
		"cookie":	"d5wgsudl44ve3lrrveorin2yhyscx52y6cub",
		"target_bitrate":	100000000,
		"fq_rate":	0,
		"sock_bufsize":	0,
		"sndbuf_actual":	212992,
		"rcvbuf_actual":	212992,
		"test_start":	{
			"protocol":	"UDP",
			"num_streams":	1,
			"blksize":	1448,
			"omit":	0,
			"duration":	30,
			"bytes":	0,
			"blocks":	0,
			"reverse":	0,
			"tos":	0,
			"target_bitrate":	100000000,
			"bidir":	0,
			"fqrate":	0
		}
	},
	"intervals":	[{
			"streams":	[{
					"socket":	5,
					"start":	0,
					"end":	1.000143,
					"seconds":	1.0001430511474609,
					"bytes":	12490448,
					"bits_per_second":	99909291.861157253,
					"packets":	8626,
					"omitted":	false,
					"sender":	true
				}],
			"sum":	{
				"start":	0,
				"end":	1.000143,
				"seconds":	1.0001430511474609,
				"bytes":	12490448,
				"bits_per_second":	99909291.861157253,
				"packets":	8626,
				"omitted":	false,
				"sender":	true
			}
		}, {
			"streams":	[{
					"socket":	5,
					"start":	1.000143,
					"end":	2.000147,
					"seconds":	1.0000040531158447,
					"bytes":	12499136,
					"bits_per_second":	99992682.718073323,
					"packets":	8632,
					"omitted":	false,
					"sender":	true
				}],
			"sum":	{
				"start":	1.000143,
				"end":	2.000147,
				"seconds":	1.0000040531158447,
				"bytes":	12499136,
				"bits_per_second":	99992682.718073323,
				"packets":	8632,
				"omitted":	false,
				"sender":	true
			}
		}, {
			"streams":	[{
					"socket":	5,
					"start":	2.000147,
					"end":	3.000146,
					"seconds":	0.99999898672103882,
					"bytes":	12500584,
					"bits_per_second":	100004773.33273284,
					"packets":	8633,
					"omitted":	false,
					"sender":	true
				}],
			"sum":	{
				"start":	2.000147,
				"end":	3.000146,
				"seconds":	0.99999898672103882,
				"bytes":	12500584,
				"bits_per_second":	100004773.33273284,
				"packets":	8633,
				"omitted":	false,
				"sender":	true
			}
		}, {
			"streams":	[{
					"socket":	5,
					"start":	3.000146,
					"end":	4.000088,
					"seconds":	0.99994200468063354,
					"bytes":	12499136,
					"bits_per_second":	99998887.46741496,
					"packets":	8632,
					"omitted":	false,
					"sender":	true
				}],
			"sum":	{
				"start":	3.000146,
				"end":	4.000088,
				"seconds":	0.99994200468063354,
				"bytes":	12499136,
				"bits_per_second":	99998887.46741496,
				"packets":	8632,
				"omitted":	false,
				"sender":	true
			}
		}, {
			"streams":	[{
					"socket":	5,
					"start":	4.000088,
					"end":	5.000143,
					"seconds":	1.0000549554824829,
					"bytes":	12500584,
					"bits_per_second":	99999176.4970077,
					"packets":	8633,
					"omitted":	false,
					"sender":	true
				}],
			"sum":	{
				"start":	4.000088,
				"end":	5.000143,
				"seconds":	1.0000549554824829,
				"bytes":	12500584,
				"bits_per_second":	99999176.4970077,
				"packets":	8633,
				"omitted":	false,
				"sender":	true
			}
		}, {
			"streams":	[{
					"socket":	5,
					"start":	5.000143,
					"end":	6.000083,
					"seconds":	0.99993997812271118,
					"bytes":	12499136,
					"bits_per_second":	99999090.133116961,
					"packets":	8632,
					"omitted":	false,
					"sender":	true
				}],
			"sum":	{
				"start":	5.000143,
				"end":	6.000083,
				"seconds":	0.99993997812271118,
				"bytes":	12499136,
				"bits_per_second":	99999090.133116961,
				"packets":	8632,
				"omitted":	false,
				"sender":	true
			}
		}, {
			"streams":	[{
					"socket":	5,
					"start":	6.000083,
					"end":	7.000199,
					"seconds":	1.0001159906387329,
					"bytes":	12500584,
					"bits_per_second":	99993073.7395081,
					"packets":	8633,
					"omitted":	false,
					"sender":	true
				}],
			"sum":	{
				"start":	6.000083,
				"end":	7.000199,
				"seconds":	1.0001159906387329,
				"bytes":	12500584,
				"bits_per_second":	99993073.7395081,
				"packets":	8633,
				"omitted":	false,
				"sender":	true
			}
		}, {
			"streams":	[{
					"socket":	5,
					"start":	7.000199,
					"end":	8.000145,
					"seconds":	0.9999459981918335,
					"bytes":	12500584,
					"bits_per_second":	100010072.724762,
					"packets":	8633,
					"omitted":	false,
					"sender":	true
				}],
			"sum":	{
				"start":	7.000199,
				"end":	8.000145,
				"seconds":	0.9999459981918335,
				"bytes":	12500584,
				"bits_per_second":	100010072.724762,
				"packets":	8633,
				"omitted":	false,
				"sender":	true
			}
		}, {
			"streams":	[{
					"socket":	5,
					"start":	8.000145,
					"end":	9.000087,
					"seconds":	0.99994200468063354,
					"bytes":	12499136,
					"bits_per_second":	99998887.46741496,
					"packets":	8632,
					"omitted":	false,
					"sender":	true
				}],
			"sum":	{
				"start":	8.000145,
				"end":	9.000087,
				"seconds":	0.99994200468063354,
				"bytes":	12499136,
				"bits_per_second":	99998887.46741496,
				"packets":	8632,
				"omitted":	false,
				"sender":	true
			}
		}, {
			"streams":	[{
					"socket":	5,
					"start":	9.000087,
					"end":	10.000143,
					"seconds":	1.0000560283660889,
					"bytes":	12500584,
					"bits_per_second":	99999069.215541452,
					"packets":	8633,
					"omitted":	false,
					"sender":	true
				}],
			"sum":	{
				"start":	9.000087,
				"end":	10.000143,
				"seconds":	1.0000560283660889,
				"bytes":	12500584,
				"bits_per_second":	99999069.215541452,
				"packets":	8633,
				"omitted":	false,
				"sender":	true
			}
		}, {
			"streams":	[{
					"socket":	5,
					"start":	10.000143,
					"end":	11.000139,
					"seconds":	0.9999960064888,
					"bytes":	12500584,
					"bits_per_second":	100005071.37137258,
					"packets":	8633,
					"omitted":	false,
					"sender":	true
				}],
			"sum":	{
				"start":	10.000143,
				"end":	11.000139,
				"seconds":	0.9999960064888,
				"bytes":	12500584,
				"bits_per_second":	100005071.37137258,
				"packets":	8633,
				"omitted":	false,
				"sender":	true
			}
		}, {
			"streams":	[{
					"socket":	5,
					"start":	11.000139,
					"end":	12.000148,
					"seconds":	1.0000089406967163,
					"bytes":	12500584,
					"bits_per_second":	100003777.89655134,
					"packets":	8633,
					"omitted":	false,
					"sender":	true
				}],
			"sum":	{
				"start":	11.000139,
				"end":	12.000148,
				"seconds":	1.0000089406967163,
				"bytes":	12500584,
				"bits_per_second":	100003777.89655134,
				"packets":	8633,
				"omitted":	false,
				"sender":	true
			}
		}, {
			"streams":	[{
					"socket":	5,
					"start":	12.000148,
					"end":	13.000092,
					"seconds":	0.999943971633911,
					"bytes":	12499136,
					"bits_per_second":	99998690.7632545,
					"packets":	8632,
					"omitted":	false,
					"sender":	true
				}],
			"sum":	{
				"start":	12.000148,
				"end":	13.000092,
				"seconds":	0.999943971633911,
				"bytes":	12499136,
				"bits_per_second":	99998690.7632545,
				"packets":	8632,
				"omitted":	false,
				"sender":	true
			}
		}, {
			"streams":	[{
					"socket":	5,
					"start":	13.000092,
					"end":	14.000088,
					"seconds":	0.9999960064888,
					"bytes":	12499136,
					"bits_per_second":	99993487.325111553,
					"packets":	8632,
					"omitted":	false,
					"sender":	true
				}],
			"sum":	{
				"start":	13.000092,
				"end":	14.000088,
				"seconds":	0.9999960064888,
				"bytes":	12499136,
				"bits_per_second":	99993487.325111553,
				"packets":	8632,
				"omitted":	false,
				"sender":	true
			}
		}, {
			"streams":	[{
					"socket":	5,
					"start":	14.000088,
					"end":	15.000145,
					"seconds":	1.0000569820404053,
					"bytes":	12500584,
					"bits_per_second":	99998973.854431346,
					"packets":	8633,
					"omitted":	false,