{
	"start":	{
		"connected":	[{
				"socket":	5,
				"local_host":	"172.20.171.186",
				"local_port":	46584,
				"remote_host":	"54.227.41.78",
				"remote_port":	5201
			}],
		"version":	"iperf 3.16",
		"system_info":	"Linux DESKTOP-OR35M89 6.18.33.1-microsoft-standard-WSL2 #1 SMP PREEMPT_DYNAMIC Fri Jun  5 01:12:21 UTC 2026 x86_64",
		"timestamp":	{
			"time":	"Thu, 25 Jun 2026 22:35:56 GMT",
			"timesecs":	1782426956
		},
		"connecting_to":	{
			"host":	"54.227.41.78",
			"port":	5201
		},
		"cookie":	"wfen6a2geqojq5f6fsunshim64c34lce5unt",
		"target_bitrate":	100000000,
		"fq_rate":	0,
		"sock_bufsize":	0,
		"sndbuf_actual":	212992,
		"rcvbuf_actual":	212992,
		"test_start":	{
			"protocol":	"UDP",
			"num_streams":	1,
			"blksize":	1448,
			"omit":	0,
			"duration":	30,
			"bytes":	0,
			"blocks":	0,
			"reverse":	0,
			"tos":	0,
			"target_bitrate":	100000000,
			"bidir":	0,
			"fqrate":	0
		}
	},
	"intervals":	[{
			"streams":	[{
					"socket":	5,
					"start":	0,
					"end":	1.000098,
					"seconds":	1.0000979900360107,
					"bytes":	12490448,
					"bits_per_second":	99913793.4437825,
					"packets":	8626,
					"omitted":	false,
					"sender":	true
				}],
			"sum":	{
				"start":	0,
				"end":	1.000098,
				"seconds":	1.0000979900360107,
				"bytes":	12490448,
				"bits_per_second":	99913793.4437825,
				"packets":	8626,
				"omitted":	false,
				"sender":	true
			}
		}, {
			"streams":	[{
					"socket":	5,
					"start":	1.000098,
					"end":	2.000132,
					"seconds":	1.000033974647522,
					"bytes":	12499136,
					"bits_per_second":	99989690.885496333,
					"packets":	8632,
					"omitted":	false,
					"sender":	true
				}],
			"sum":	{
				"start":	1.000098,
				"end":	2.000132,
				"seconds":	1.000033974647522,
				"bytes":	12499136,
				"bits_per_second":	99989690.885496333,
				"packets":	8632,
				"omitted":	false,
				"sender":	true
			}
		}, {
			"streams":	[{
					"socket":	5,
					"start":	2.000132,
					"end":	3.000101,
					"seconds":	0.9999690055847168,
					"bytes":	12500584,
					"bits_per_second":	100007771.68240707,
					"packets":	8633,
					"omitted":	false,
					"sender":	true
				}],
			"sum":	{
				"start":	2.000132,
				"end":	3.000101,
				"seconds":	0.9999690055847168,
				"bytes":	12500584,
				"bits_per_second":	100007771.68240707,
				"packets":	8633,
				"omitted":	false,
				"sender":	true
			}
		}, {
			"streams":	[{
					"socket":	5,
					"start":	3.000101,
					"end":	4.000137,
					"seconds":	1.0000360012054443,
					"bytes":	12503480,
					"bits_per_second":	100024239.00682211,
					"packets":	8635,
					"omitted":	false,
					"sender":	true
				}],
			"sum":	{
				"start":	3.000101,
				"end":	4.000137,
				"seconds":	1.0000360012054443,
				"bytes":	12503480,
				"bits_per_second":	100024239.00682211,
				"packets":	8635,
				"omitted":	false,
				"sender":	true
			}
		}, {
			"streams":	[{
					"socket":	5,
					"start":	4.000137,
					"end":	5.000155,
					"seconds":	1.0000180006027222,
					"bytes":	12497688,
					"bits_per_second":	99979704.3050625,
					"packets":	8631,
					"omitted":	false,
					"sender":	true
				}],
			"sum":	{
				"start":	4.000137,
				"end":	5.000155,
				"seconds":	1.0000180006027222,
				"bytes":	12497688,
				"bits_per_second":	99979704.3050625,
				"packets":	8631,
				"omitted":	false,
				"sender":	true
			}
		}, {
			"streams":	[{
					"socket":	5,
					"start":	5.000155,
					"end":	6.000037,
					"seconds":	0.99988198280334473,
					"bytes":	12499136,
					"bits_per_second":	100004890.29680465,
					"packets":	8632,
					"omitted":	false,
					"sender":	true
				}],
			"sum":	{
				"start":	5.000155,
				"end":	6.000037,
				"seconds":	0.99988198280334473,
				"bytes":	12499136,
				"bits_per_second":	100004890.29680465,
				"packets":	8632,
				"omitted":	false,
				"sender":	true
			}
		}, {
			"streams":	[{
					"socket":	5,
					"start":	6.000037,
					"end":	7.000038,
					"seconds":	1.0000009536743164,
					"bytes":	12499136,
					"bits_per_second":	99992992.6392511,
					"packets":	8632,
					"omitted":	false,
					"sender":	true
				}],
			"sum":	{
				"start":	6.000037,
				"end":	7.000038,
				"seconds":	1.0000009536743164,
				"bytes":	12499136,
				"bits_per_second":	99992992.6392511,
				"packets":	8632,
				"omitted":	false,
				"sender":	true
			}
		}, {
			"streams":	[{
					"socket":	5,
					"start":	7.000038,
					"end":	8.000129,
					"seconds":	1.0000909566879272,
					"bytes":	12500584,
					"bits_per_second":	99995576.73353295,
					"packets":	8633,
					"omitted":	false,
					"sender":	true
				}],
			"sum":	{
				"start":	7.000038,
				"end":	8.000129,
				"seconds":	1.0000909566879272,
				"bytes":	12500584,
				"bits_per_second":	99995576.73353295,
				"packets":	8633,
				"omitted":	false,
				"sender":	true
			}
		}, {
			"streams":	[{
					"socket":	5,
					"start":	8.000129,
					"end":	9.000078,
					"seconds":	0.99994897842407227,
					"bytes":	12502032,
					"bits_per_second":	100021359.24737523,
					"packets":	8634,
					"omitted":	false,
					"sender":	true
				}],
			"sum":	{
				"start":	8.000129,
				"end":	9.000078,
				"seconds":	0.99994897842407227,
				"bytes":	12502032,
				"bits_per_second":	100021359.24737523,
				"packets":	8634,
				"omitted":	false,
				"sender":	true
			}
		}, {
			"streams":	[{
					"socket":	5,
					"start":	9.000078,
					"end":	10.000099,
					"seconds":	1.0000209808349609,
					"bytes":	12497688,
					"bits_per_second":	99979406.3485759,
					"packets":	8631,
					"omitted":	false,
					"sender":	true
				}],
			"sum":	{
				"start":	9.000078,
				"end":	10.000099,
				"seconds":	1.0000209808349609,
				"bytes":	12497688,
				"bits_per_second":	99979406.3485759,
				"packets":	8631,
				"omitted":	false,
				"sender":	true
			}
		}, {
			"streams":	[{
					"socket":	5,
					"start":	10.000099,
					"end":	11.000293,
					"seconds":	1.0001939535140991,
					"bytes":	12500584,
					"bits_per_second":	99985279.503682077,
					"packets":	8633,
					"omitted":	false,
					"sender":	true
				}],
			"sum":	{
				"start":	10.000099,
				"end":	11.000293,
				"seconds":	1.0001939535140991,
				"bytes":	12500584,
				"bits_per_second":	99985279.503682077,
				"packets":	8633,
				"omitted":	false,
				"sender":	true
			}
		}, {
			"streams":	[{
					"socket":	5,
					"start":	11.000293,
					"end":	12.00012,
					"seconds":	0.99982702732086182,
					"bytes":	12499136,
					"bits_per_second":	100010387.06459221,
					"packets":	8632,
					"omitted":	false,
					"sender":	true
				}],
			"sum":	{
				"start":	11.000293,
				"end":	12.00012,
				"seconds":	0.99982702732086182,
				"bytes":	12499136,
				"bits_per_second":	100010387.06459221,
				"packets":	8632,
				"omitted":	false,
				"sender":	true
			}
		}, {
			"streams":	[{
					"socket":	5,
					"start":	12.00012,
					"end":	13.000119,
					"seconds":	0.99999898672103882,
					"bytes":	12500584,
					"bits_per_second":	100004773.33273284,
					"packets":	8633,
					"omitted":	false,
					"sender":	true
				}],
			"sum":	{
				"start":	12.00012,
				"end":	13.000119,
				"seconds":	0.99999898672103882,
				"bytes":	12500584,
				"bits_per_second":	100004773.33273284,
				"packets":	8633,
				"omitted":	false,
				"sender":	true
			}
		}, {
			"streams":	[{
					"socket":	5,
					"start":	13.000119,
					"end":	14.000128,
					"seconds":	1.0000089406967163,
					"bytes":	12500584,
					"bits_per_second":	100003777.89655134,
					"packets":	8633,
					"omitted":	false,
					"sender":	true
				}],
			"sum":	{
				"start":	13.000119,
				"end":	14.000128,
				"seconds":	1.0000089406967163,
				"bytes":	12500584,
				"bits_per_second":	100003777.89655134,
				"packets":	8633,
				"omitted":	false,
				"sender":	true
			}
		}, {
			"streams":	[{
					"socket":	5,
					"start":	14.000128,
					"end":	15.000116,
					"seconds":	0.9999880194664,
					"bytes":	12500584,
					"bits_per_second":	100005870.12368719,
					"packets":	8633,
					"omitted":	false,