{
	"start":	{
		"connected":	[{
				"socket":	5,
				"local_host":	"172.20.171.186",
				"local_port":	55661,
				"remote_host":	"54.227.41.78",
				"remote_port":	5201
			}],
		"version":	"iperf 3.16",
		"system_info":	"Linux DESKTOP-OR35M89 6.18.33.1-microsoft-standard-WSL2 #1 SMP PREEMPT_DYNAMIC Fri Jun  5 01:12:21 UTC 2026 x86_64",
		"timestamp":	{
			"time":	"Thu, 25 Jun 2026 23:51:44 GMT",
			"timesecs":	1782431504
		},
		"connecting_to":	{
			"host":	"54.227.41.78",
			"port":	5201
		},
		"cookie":	"gbtq7kgk7xei5leiu3ey4lwgv6jayht3suwy",
		"target_bitrate":	100000000,
		"fq_rate":	0,
		"sock_bufsize":	0,
		"sndbuf_actual":	212992,
		"rcvbuf_actual":	212992,
		"test_start":	{
			"protocol":	"UDP",
			"num_streams":	1,
			"blksize":	1448,
			"omit":	0,
			"duration":	30,
			"bytes":	0,
			"blocks":	0,
			"reverse":	0,
			"tos":	0,
			"target_bitrate":	100000000,
			"bidir":	0,
			"fqrate":	0
		}
	},
	"intervals":	[{
			"streams":	[{
					"socket":	5,
					"start":	0,
					"end":	1.000138,
					"seconds":	1.0001380443573,
					"bytes":	12490448,
					"bits_per_second":	99909792.016973063,
					"packets":	8626,
					"omitted":	false,
					"sender":	true
				}],
			"sum":	{
				"start":	0,
				"end":	1.000138,
				"seconds":	1.0001380443573,
				"bytes":	12490448,
				"bits_per_second":	99909792.016973063,
				"packets":	8626,
				"omitted":	false,
				"sender":	true
			}
		}, {
			"streams":	[{
					"socket":	5,
					"start":	1.000138,
					"end":	2.000086,
					"seconds":	0.999948024749756,
					"bytes":	12500584,
					"bits_per_second":	100009870.03802212,
					"packets":	8633,
					"omitted":	false,
					"sender":	true
				}],
			"sum":	{
				"start":	1.000138,
				"end":	2.000086,
				"seconds":	0.999948024749756,
				"bytes":	12500584,
				"bits_per_second":	100009870.03802212,
				"packets":	8633,
				"omitted":	false,
				"sender":	true
			}
		}, {
			"streams":	[{
					"socket":	5,
					"start":	2.000086,
					"end":	3.000134,
					"seconds":	1.000048041343689,
					"bytes":	12500584,
					"bits_per_second":	99999867.8719787,
					"packets":	8633,
					"omitted":	false,
					"sender":	true
				}],
			"sum":	{
				"start":	2.000086,
				"end":	3.000134,
				"seconds":	1.000048041343689,
				"bytes":	12500584,
				"bits_per_second":	99999867.8719787,
				"packets":	8633,
				"omitted":	false,
				"sender":	true
			}
		}, {
			"streams":	[{
					"socket":	5,
					"start":	3.000134,
					"end":	4.000126,
					"seconds":	0.9999920129776,
					"bytes":	12499136,
					"bits_per_second":	99993886.653412551,
					"packets":	8632,
					"omitted":	false,
					"sender":	true
				}],
			"sum":	{
				"start":	3.000134,
				"end":	4.000126,
				"seconds":	0.9999920129776,
				"bytes":	12499136,
				"bits_per_second":	99993886.653412551,
				"packets":	8632,
				"omitted":	false,
				"sender":	true
			}
		}, {
			"streams":	[{
					"socket":	5,
					"start":	4.000126,
					"end":	5.000087,
					"seconds":	0.999961018562317,
					"bytes":	12499136,
					"bits_per_second":	99996986.0262793,
					"packets":	8632,
					"omitted":	false,
					"sender":	true
				}],
			"sum":	{
				"start":	4.000126,
				"end":	5.000087,
				"seconds":	0.999961018562317,
				"bytes":	12499136,
				"bits_per_second":	99996986.0262793,
				"packets":	8632,
				"omitted":	false,
				"sender":	true
			}
		}, {
			"streams":	[{
					"socket":	5,
					"start":	5.000087,
					"end":	6.000138,
					"seconds":	1.0000510215759277,
					"bytes":	12500584,
					"bits_per_second":	99999569.8643534,
					"packets":	8633,
					"omitted":	false,
					"sender":	true
				}],
			"sum":	{
				"start":	5.000087,
				"end":	6.000138,
				"seconds":	1.0000510215759277,
				"bytes":	12500584,
				"bits_per_second":	99999569.8643534,
				"packets":	8633,
				"omitted":	false,
				"sender":	true
			}
		}, {
			"streams":	[{
					"socket":	5,
					"start":	6.000138,
					"end":	7.000118,
					"seconds":	0.99997997283935547,
					"bytes":	12500584,
					"bits_per_second":	100006674.84974274,
					"packets":	8633,
					"omitted":	false,
					"sender":	true
				}],
			"sum":	{
				"start":	6.000138,
				"end":	7.000118,
				"seconds":	0.99997997283935547,
				"bytes":	12500584,
				"bits_per_second":	100006674.84974274,
				"packets":	8633,
				"omitted":	false,
				"sender":	true
			}
		}, {
			"streams":	[{
					"socket":	5,
					"start":	7.000118,
					"end":	8.000512,
					"seconds":	1.0003939867019653,
					"bytes":	12499136,
					"bits_per_second":	99953707.5684059,
					"packets":	8632,
					"omitted":	false,
					"sender":	true
				}],
			"sum":	{
				"start":	7.000118,
				"end":	8.000512,
				"seconds":	1.0003939867019653,
				"bytes":	12499136,
				"bits_per_second":	99953707.5684059,
				"packets":	8632,
				"omitted":	false,
				"sender":	true
			}
		}, {
			"streams":	[{
					"socket":	5,
					"start":	8.000512,
					"end":	9.000104,
					"seconds":	0.99959200620651245,
					"bytes":	12499136,
					"bits_per_second":	100033901.21083237,
					"packets":	8632,
					"omitted":	false,
					"sender":	true
				}],
			"sum":	{
				"start":	8.000512,
				"end":	9.000104,
				"seconds":	0.99959200620651245,
				"bytes":	12499136,
				"bits_per_second":	100033901.21083237,
				"packets":	8632,
				"omitted":	false,
				"sender":	true
			}
		}, {
			"streams":	[{
					"socket":	5,
					"start":	9.000104,
					"end":	10.000103,
					"seconds":	0.99999898672103882,
					"bytes":	12500584,
					"bits_per_second":	100004773.33273284,
					"packets":	8633,
					"omitted":	false,
					"sender":	true
				}],
			"sum":	{
				"start":	9.000104,
				"end":	10.000103,
				"seconds":	0.99999898672103882,
				"bytes":	12500584,
				"bits_per_second":	100004773.33273284,
				"packets":	8633,
				"omitted":	false,
				"sender":	true
			}
		}, {
			"streams":	[{
					"socket":	5,
					"start":	10.000103,
					"end":	11.000154,
					"seconds":	1.0000510215759277,
					"bytes":	12407912,
					"bits_per_second":	99258231.688595444,
					"packets":	8570,
					"omitted":	false,
					"sender":	true
				}],
			"sum":	{
				"start":	10.000103,
				"end":	11.000154,
				"seconds":	1.0000510215759277,
				"bytes":	12407912,
				"bits_per_second":	99258231.688595444,
				"packets":	8570,
				"omitted":	false,
				"sender":	true
			}
		}, {
			"streams":	[{
					"socket":	5,
					"start":	11.000154,
					"end":	12.000119,
					"seconds":	0.999965012073517,
					"bytes":	12593256,
					"bits_per_second":	100749573.018654,
					"packets":	8696,
					"omitted":	false,
					"sender":	true
				}],
			"sum":	{
				"start":	11.000154,
				"end":	12.000119,
				"seconds":	0.999965012073517,
				"bytes":	12593256,
				"bits_per_second":	100749573.018654,
				"packets":	8696,
				"omitted":	false,
				"sender":	true
			}
		}, {
			"streams":	[{
					"socket":	5,
					"start":	12.000119,
					"end":	13.000292,
					"seconds":	1.0001729726791382,
					"bytes":	12500584,
					"bits_per_second":	99987376.9155349,
					"packets":	8633,
					"omitted":	false,
					"sender":	true
				}],
			"sum":	{
				"start":	12.000119,
				"end":	13.000292,
				"seconds":	1.0001729726791382,
				"bytes":	12500584,
				"bits_per_second":	99987376.9155349,
				"packets":	8633,
				"omitted":	false,
				"sender":	true
			}
		}, {
			"streams":	[{
					"socket":	5,
					"start":	13.000292,
					"end":	14.000095,
					"seconds":	0.99980300664901733,
					"bytes":	12497688,
					"bits_per_second":	100001203.572194,
					"packets":	8631,
					"omitted":	false,
					"sender":	true
				}],
			"sum":	{
				"start":	13.000292,
				"end":	14.000095,
				"seconds":	0.99980300664901733,
				"bytes":	12497688,
				"bits_per_second":	100001203.572194,
				"packets":	8631,
				"omitted":	false,
				"sender":	true
			}
		}, {
			"streams":	[{
					"socket":	5,
					"start":	14.000095,
					"end":	15.000132,
					"seconds":	1.0000369548797607,
					"bytes":	12500584,
					"bits_per_second":	100000976.47593838,
					"packets":	8633,
					"omitted":	false,