{
	"start":	{
		"connected":	[{
				"socket":	5,
				"local_host":	"172.20.171.186",
				"local_port":	46249,
				"remote_host":	"54.227.41.78",
				"remote_port":	5201
			}],
		"version":	"iperf 3.16",
		"system_info":	"Linux DESKTOP-OR35M89 6.18.33.1-microsoft-standard-WSL2 #1 SMP PREEMPT_DYNAMIC Fri Jun  5 01:12:21 UTC 2026 x86_64",
		"timestamp":	{
			"time":	"Thu, 25 Jun 2026 23:09:42 GMT",
			"timesecs":	1782428982
		},
		"connecting_to":	{
			"host":	"54.227.41.78",
			"port":	5201
		},
		"cookie":	"2cnmb32cc6o77bz3ocdjqanerqdn4d42glyw",
		"target_bitrate":	100000000,
		"fq_rate":	0,
		"sock_bufsize":	0,
		"sndbuf_actual":	212992,
		"rcvbuf_actual":	212992,
		"test_start":	{
			"protocol":	"UDP",
			"num_streams":	1,
			"blksize":	1448,
			"omit":	0,
			"duration":	30,
			"bytes":	0,
			"blocks":	0,
			"reverse":	0,
			"tos":	0,
			"target_bitrate":	100000000,
			"bidir":	0,
			"fqrate":	0
		}
	},
	"intervals":	[{
			"streams":	[{
					"socket":	5,
					"start":	0,
					"end":	1.000089,
					"seconds":	1.0000890493392944,
					"bytes":	12490448,
					"bits_per_second":	99914686.663166836,
					"packets":	8626,
					"omitted":	false,
					"sender":	true
				}],
			"sum":	{
				"start":	0,
				"end":	1.000089,
				"seconds":	1.0000890493392944,
				"bytes":	12490448,
				"bits_per_second":	99914686.663166836,
				"packets":	8626,
				"omitted":	false,
				"sender":	true
			}
		}, {
			"streams":	[{
					"socket":	5,
					"start":	1.000089,
					"end":	2.000144,
					"seconds":	1.0000549554824829,
					"bytes":	12499136,
					"bits_per_second":	99987593.133577034,
					"packets":	8632,
					"omitted":	false,
					"sender":	true
				}],
			"sum":	{
				"start":	1.000089,
				"end":	2.000144,
				"seconds":	1.0000549554824829,
				"bytes":	12499136,
				"bits_per_second":	99987593.133577034,
				"packets":	8632,
				"omitted":	false,
				"sender":	true
			}
		}, {
			"streams":	[{
					"socket":	5,
					"start":	2.000144,
					"end":	3.000176,
					"seconds":	1.0000319480895996,
					"bytes":	12502032,
					"bits_per_second":	100013060.77377327,
					"packets":	8634,
					"omitted":	false,
					"sender":	true
				}],
			"sum":	{
				"start":	2.000144,
				"end":	3.000176,
				"seconds":	1.0000319480895996,
				"bytes":	12502032,
				"bits_per_second":	100013060.77377327,
				"packets":	8634,
				"omitted":	false,
				"sender":	true
			}
		}, {
			"streams":	[{
					"socket":	5,
					"start":	3.000176,
					"end":	4.000177,
					"seconds":	1.0000009536743164,
					"bytes":	12500584,
					"bits_per_second":	100004576.62820375,
					"packets":	8633,
					"omitted":	false,
					"sender":	true
				}],
			"sum":	{
				"start":	3.000176,
				"end":	4.000177,
				"seconds":	1.0000009536743164,
				"bytes":	12500584,
				"bits_per_second":	100004576.62820375,
				"packets":	8633,
				"omitted":	false,
				"sender":	true
			}
		}, {
			"streams":	[{
					"socket":	5,
					"start":	4.000177,
					"end":	5.000091,
					"seconds":	0.999913990497589,
					"bytes":	12497688,
					"bits_per_second":	99990104.099099576,
					"packets":	8631,
					"omitted":	false,
					"sender":	true
				}],
			"sum":	{
				"start":	4.000177,
				"end":	5.000091,
				"seconds":	0.999913990497589,
				"bytes":	12497688,
				"bits_per_second":	99990104.099099576,
				"packets":	8631,
				"omitted":	false,
				"sender":	true
			}
		}, {
			"streams":	[{
					"socket":	5,
					"start":	5.000091,
					"end":	6.000146,
					"seconds":	1.0000549554824829,
					"bytes":	12500584,
					"bits_per_second":	99999176.4970077,
					"packets":	8633,
					"omitted":	false,
					"sender":	true
				}],
			"sum":	{
				"start":	5.000091,
				"end":	6.000146,
				"seconds":	1.0000549554824829,
				"bytes":	12500584,
				"bits_per_second":	99999176.4970077,
				"packets":	8633,
				"omitted":	false,
				"sender":	true
			}
		}, {
			"streams":	[{
					"socket":	5,
					"start":	6.000146,
					"end":	7.000114,
					"seconds":	0.99996799230575562,
					"bytes":	12499136,
					"bits_per_second":	99996288.6506327,
					"packets":	8632,
					"omitted":	false,
					"sender":	true
				}],
			"sum":	{
				"start":	6.000146,
				"end":	7.000114,
				"seconds":	0.99996799230575562,
				"bytes":	12499136,
				"bits_per_second":	99996288.6506327,
				"packets":	8632,
				"omitted":	false,
				"sender":	true
			}
		}, {
			"streams":	[{
					"socket":	5,
					"start":	7.000114,
					"end":	8.000126,
					"seconds":	1.0000120401382446,
					"bytes":	12502032,
					"bits_per_second":	100015051.80494973,
					"packets":	8634,
					"omitted":	false,
					"sender":	true
				}],
			"sum":	{
				"start":	7.000114,
				"end":	8.000126,
				"seconds":	1.0000120401382446,
				"bytes":	12502032,
				"bits_per_second":	100015051.80494973,
				"packets":	8634,
				"omitted":	false,
				"sender":	true
			}
		}, {
			"streams":	[{
					"socket":	5,
					"start":	8.000126,
					"end":	9.000185,
					"seconds":	1.0000590085983276,
					"bytes":	12499136,
					"bits_per_second":	99987187.896191522,
					"packets":	8632,
					"omitted":	false,
					"sender":	true
				}],
			"sum":	{
				"start":	8.000126,
				"end":	9.000185,
				"seconds":	1.0000590085983276,
				"bytes":	12499136,
				"bits_per_second":	99987187.896191522,
				"packets":	8632,
				"omitted":	false,
				"sender":	true
			}
		}, {
			"streams":	[{
					"socket":	5,
					"start":	9.000185,
					"end":	10.000144,
					"seconds":	0.99995899200439453,
					"bytes":	12499136,
					"bits_per_second":	99997188.6842741,
					"packets":	8632,
					"omitted":	false,
					"sender":	true
				}],
			"sum":	{
				"start":	9.000185,
				"end":	10.000144,
				"seconds":	0.99995899200439453,
				"bytes":	12499136,
				"bits_per_second":	99997188.6842741,
				"packets":	8632,
				"omitted":	false,
				"sender":	true
			}
		}, {
			"streams":	[{
					"socket":	5,
					"start":	10.000144,
					"end":	11.000155,
					"seconds":	1.0000109672546387,
					"bytes":	12500584,
					"bits_per_second":	100003575.23532562,
					"packets":	8633,
					"omitted":	false,
					"sender":	true
				}],
			"sum":	{
				"start":	10.000144,
				"end":	11.000155,
				"seconds":	1.0000109672546387,
				"bytes":	12500584,
				"bits_per_second":	100003575.23532562,
				"packets":	8633,
				"omitted":	false,
				"sender":	true
			}
		}, {
			"streams":	[{
					"socket":	5,
					"start":	11.000155,
					"end":	12.000193,
					"seconds":	1.0000380277633667,
					"bytes":	12499136,
					"bits_per_second":	99989285.6311068,
					"packets":	8632,
					"omitted":	false,
					"sender":	true
				}],
			"sum":	{
				"start":	11.000155,
				"end":	12.000193,
				"seconds":	1.0000380277633667,
				"bytes":	12499136,
				"bits_per_second":	99989285.6311068,
				"packets":	8632,
				"omitted":	false,
				"sender":	true
			}
		}, {
			"streams":	[{
					"socket":	5,
					"start":	12.000193,
					"end":	13.000125,
					"seconds":	0.99993199110031128,
					"bytes":	12502032,
					"bits_per_second":	100023058.45814924,
					"packets":	8634,
					"omitted":	false,
					"sender":	true
				}],
			"sum":	{
				"start":	12.000193,
				"end":	13.000125,
				"seconds":	0.99993199110031128,
				"bytes":	12502032,
				"bits_per_second":	100023058.45814924,
				"packets":	8634,
				"omitted":	false,
				"sender":	true
			}
		}, {
			"streams":	[{
					"socket":	5,
					"start":	13.000125,
					"end":	14.000173,
					"seconds":	1.000048041343689,
					"bytes":	12499136,
					"bits_per_second":	99988284.4284629,
					"packets":	8632,
					"omitted":	false,
					"sender":	true
				}],
			"sum":	{
				"start":	13.000125,
				"end":	14.000173,
				"seconds":	1.000048041343689,
				"bytes":	12499136,
				"bits_per_second":	99988284.4284629,
				"packets":	8632,
				"omitted":	false,
				"sender":	true
			}
		}, {
			"streams":	[{
					"socket":	5,
					"start":	14.000173,
					"end":	15.000118,
					"seconds":	0.99994498491287231,
					"bytes":	12499136,
					"bits_per_second":	99998589.4311102,
					"packets":	8632,
					"omitted":	false,