{
	"start":	{
		"connected":	[{
				"socket":	5,
				"local_host":	"172.20.171.186",
				"local_port":	41762,
				"remote_host":	"54.227.41.78",
				"remote_port":	5201
			}],
		"version":	"iperf 3.16",
		"system_info":	"Linux DESKTOP-OR35M89 6.18.33.1-microsoft-standard-WSL2 #1 SMP PREEMPT_DYNAMIC Fri Jun  5 01:12:21 UTC 2026 x86_64",
		"timestamp":	{
			"time":	"Thu, 25 Jun 2026 22:17:54 GMT",
			"timesecs":	1782425874
		},
		"connecting_to":	{
			"host":	"54.227.41.78",
			"port":	5201
		},
		"cookie":	"55462gc62yhl4s2y3iuktpqk3ii6aqyzdnrd",
		"target_bitrate":	100000000,
		"fq_rate":	0,
		"sock_bufsize":	0,
		"sndbuf_actual":	212992,
		"rcvbuf_actual":	212992,
		"test_start":	{
			"protocol":	"UDP",
			"num_streams":	1,
			"blksize":	1448,
			"omit":	0,
			"duration":	30,
			"bytes":	0,
			"blocks":	0,
			"reverse":	0,
			"tos":	0,
			"target_bitrate":	100000000,
			"bidir":	0,
			"fqrate":	0
		}
	},
	"intervals":	[{
			"streams":	[{
					"socket":	5,
					"start":	0,
					"end":	1.000096,
					"seconds":	1.0000959634780884,
					"bytes":	12490448,
					"bits_per_second":	99913995.9054432,
					"packets":	8626,
					"omitted":	false,
					"sender":	true
				}],
			"sum":	{
				"start":	0,
				"end":	1.000096,
				"seconds":	1.0000959634780884,
				"bytes":	12490448,
				"bits_per_second":	99913995.9054432,
				"packets":	8626,
				"omitted":	false,
				"sender":	true
			}
		}, {
			"streams":	[{
					"socket":	5,
					"start":	1.000096,
					"end":	2.000144,
					"seconds":	1.000048041343689,
					"bytes":	12499136,
					"bits_per_second":	99988284.4284629,
					"packets":	8632,
					"omitted":	false,
					"sender":	true
				}],
			"sum":	{
				"start":	1.000096,
				"end":	2.000144,
				"seconds":	1.000048041343689,
				"bytes":	12499136,
				"bits_per_second":	99988284.4284629,
				"packets":	8632,
				"omitted":	false,
				"sender":	true
			}
		}, {
			"streams":	[{
					"socket":	5,
					"start":	2.000144,
					"end":	3.000146,
					"seconds":	1.0000020265579224,
					"bytes":	12500584,
					"bits_per_second":	100004469.33515039,
					"packets":	8633,
					"omitted":	false,
					"sender":	true
				}],
			"sum":	{
				"start":	2.000144,
				"end":	3.000146,
				"seconds":	1.0000020265579224,
				"bytes":	12500584,
				"bits_per_second":	100004469.33515039,
				"packets":	8633,
				"omitted":	false,
				"sender":	true
			}
		}, {
			"streams":	[{
					"socket":	5,
					"start":	3.000146,
					"end":	4.000158,
					"seconds":	1.0000120401382446,
					"bytes":	12500584,
					"bits_per_second":	100003467.944421,
					"packets":	8633,
					"omitted":	false,
					"sender":	true
				}],
			"sum":	{
				"start":	3.000146,
				"end":	4.000158,
				"seconds":	1.0000120401382446,
				"bytes":	12500584,
				"bits_per_second":	100003467.944421,
				"packets":	8633,
				"omitted":	false,
				"sender":	true
			}
		}, {
			"streams":	[{
					"socket":	5,
					"start":	4.000158,
					"end":	5.000141,
					"seconds":	0.999983012676239,
					"bytes":	12499136,
					"bits_per_second":	99994786.64381513,
					"packets":	8632,
					"omitted":	false,
					"sender":	true
				}],
			"sum":	{
				"start":	4.000158,
				"end":	5.000141,
				"seconds":	0.999983012676239,
				"bytes":	12499136,
				"bits_per_second":	99994786.64381513,
				"packets":	8632,
				"omitted":	false,
				"sender":	true
			}
		}, {
			"streams":	[{
					"socket":	5,
					"start":	5.000141,
					"end":	6.000465,
					"seconds":	1.000324010848999,
					"bytes":	12502032,
					"bits_per_second":	99983860.144588351,
					"packets":	8634,
					"omitted":	false,
					"sender":	true
				}],
			"sum":	{
				"start":	5.000141,
				"end":	6.000465,
				"seconds":	1.000324010848999,
				"bytes":	12502032,
				"bits_per_second":	99983860.144588351,
				"packets":	8634,
				"omitted":	false,
				"sender":	true
			}
		}, {
			"streams":	[{
					"socket":	5,
					"start":	6.000465,
					"end":	7.000147,
					"seconds":	0.99968200922012329,
					"bytes":	12497688,
					"bits_per_second":	100013307.30958943,
					"packets":	8631,
					"omitted":	false,
					"sender":	true
				}],
			"sum":	{
				"start":	6.000465,
				"end":	7.000147,
				"seconds":	0.99968200922012329,
				"bytes":	12497688,
				"bits_per_second":	100013307.30958943,
				"packets":	8631,
				"omitted":	false,
				"sender":	true
			}
		}, {
			"streams":	[{
					"socket":	5,
					"start":	7.000147,
					"end":	8.000131,
					"seconds":	0.9999840259552002,
					"bytes":	12500584,
					"bits_per_second":	100006269.50462933,
					"packets":	8633,
					"omitted":	false,
					"sender":	true
				}],
			"sum":	{
				"start":	7.000147,
				"end":	8.000131,
				"seconds":	0.9999840259552002,
				"bytes":	12500584,
				"bits_per_second":	100006269.50462933,
				"packets":	8633,
				"omitted":	false,
				"sender":	true
			}
		}, {
			"streams":	[{
					"socket":	5,
					"start":	8.000131,
					"end":	9.0001,
					"seconds":	0.9999690055847168,
					"bytes":	12500584,
					"bits_per_second":	100007771.68240707,
					"packets":	8633,
					"omitted":	false,
					"sender":	true
				}],
			"sum":	{
				"start":	8.000131,
				"end":	9.0001,
				"seconds":	0.9999690055847168,
				"bytes":	12500584,
				"bits_per_second":	100007771.68240707,
				"packets":	8633,
				"omitted":	false,
				"sender":	true
			}
		}, {
			"streams":	[{
					"socket":	5,
					"start":	9.0001,
					"end":	10.000131,
					"seconds":	1.0000309944152832,
					"bytes":	12499136,
					"bits_per_second":	99989988.868760839,
					"packets":	8632,
					"omitted":	false,
					"sender":	true
				}],
			"sum":	{
				"start":	9.0001,
				"end":	10.000131,
				"seconds":	1.0000309944152832,
				"bytes":	12499136,
				"bits_per_second":	99989988.868760839,
				"packets":	8632,
				"omitted":	false,
				"sender":	true
			}
		}, {
			"streams":	[{
					"socket":	5,
					"start":	10.000131,
					"end":	11.000145,
					"seconds":	1.0000139474868774,
					"bytes":	12500584,
					"bits_per_second":	100003277.20560348,
					"packets":	8633,
					"omitted":	false,
					"sender":	true
				}],
			"sum":	{
				"start":	10.000131,
				"end":	11.000145,
				"seconds":	1.0000139474868774,
				"bytes":	12500584,
				"bits_per_second":	100003277.20560348,
				"packets":	8633,
				"omitted":	false,
				"sender":	true
			}
		}, {
			"streams":	[{
					"socket":	5,
					"start":	11.000145,
					"end":	12.000129,
					"seconds":	0.9999840259552002,
					"bytes":	12500584,
					"bits_per_second":	100006269.50462933,
					"packets":	8633,
					"omitted":	false,
					"sender":	true
				}],
			"sum":	{
				"start":	11.000145,
				"end":	12.000129,
				"seconds":	0.9999840259552002,
				"bytes":	12500584,
				"bits_per_second":	100006269.50462933,
				"packets":	8633,
				"omitted":	false,
				"sender":	true
			}
		}, {
			"streams":	[{
					"socket":	5,
					"start":	12.000129,
					"end":	13.000096,
					"seconds":	0.99996697902679443,
					"bytes":	12499136,
					"bits_per_second":	99996389.978114128,
					"packets":	8632,
					"omitted":	false,
					"sender":	true
				}],
			"sum":	{
				"start":	12.000129,
				"end":	13.000096,
				"seconds":	0.99996697902679443,
				"bytes":	12499136,
				"bits_per_second":	99996389.978114128,
				"packets":	8632,
				"omitted":	false,
				"sender":	true
			}
		}, {
			"streams":	[{
					"socket":	5,
					"start":	13.000096,
					"end":	14.000104,
					"seconds":	1.0000079870224,
					"bytes":	12500584,
					"bits_per_second":	100003873.26682414,
					"packets":	8633,
					"omitted":	false,
					"sender":	true
				}],
			"sum":	{
				"start":	13.000096,
				"end":	14.000104,
				"seconds":	1.0000079870224,
				"bytes":	12500584,
				"bits_per_second":	100003873.26682414,
				"packets":	8633,
				"omitted":	false,
				"sender":	true
			}
		}, {
			"streams":	[{
					"socket":	5,
					"start":	14.000104,
					"end":	15.000089,
					"seconds":	0.9999849796295166,
					"bytes":	12499136,
					"bits_per_second":	99994589.955787465,
					"packets":	8632,
					"omitted":	false,