{
	"start":	{
		"connected":	[{
				"socket":	5,
				"local_host":	"172.20.171.186",
				"local_port":	35293,
				"remote_host":	"54.227.41.78",
				"remote_port":	5201
			}],
		"version":	"iperf 3.16",
		"system_info":	"Linux DESKTOP-OR35M89 6.18.33.1-microsoft-standard-WSL2 #1 SMP PREEMPT_DYNAMIC Fri Jun  5 01:12:21 UTC 2026 x86_64",
		"timestamp":	{
			"time":	"Thu, 25 Jun 2026 23:52:49 GMT",
			"timesecs":	1782431569
		},
		"connecting_to":	{
			"host":	"54.227.41.78",
			"port":	5201
		},
		"cookie":	"faxyj6xw2fnbz54pcqyacncstjjlatqhnpc4",
		"target_bitrate":	100000000,
		"fq_rate":	0,
		"sock_bufsize":	0,
		"sndbuf_actual":	212992,
		"rcvbuf_actual":	212992,
		"test_start":	{
			"protocol":	"UDP",
			"num_streams":	1,
			"blksize":	1448,
			"omit":	0,
			"duration":	30,
			"bytes":	0,
			"blocks":	0,
			"reverse":	0,
			"tos":	0,
			"target_bitrate":	100000000,
			"bidir":	0,
			"fqrate":	0
		}
	},
	"intervals":	[{
			"streams":	[{
					"socket":	5,
					"start":	0,
					"end":	1.000182,
					"seconds":	1.000182032585144,
					"bytes":	12490448,
					"bits_per_second":	99905397.9621391,
					"packets":	8626,
					"omitted":	false,
					"sender":	true
				}],
			"sum":	{
				"start":	0,
				"end":	1.000182,
				"seconds":	1.000182032585144,
				"bytes":	12490448,
				"bits_per_second":	99905397.9621391,
				"packets":	8626,
				"omitted":	false,
				"sender":	true
			}
		}, {
			"streams":	[{
					"socket":	5,
					"start":	1.000182,
					"end":	2.000148,
					"seconds":	0.999966025352478,
					"bytes":	12500584,
					"bits_per_second":	100008069.73891874,
					"packets":	8633,
					"omitted":	false,
					"sender":	true
				}],
			"sum":	{
				"start":	1.000182,
				"end":	2.000148,
				"seconds":	0.999966025352478,
				"bytes":	12500584,
				"bits_per_second":	100008069.73891874,
				"packets":	8633,
				"omitted":	false,
				"sender":	true
			}
		}, {
			"streams":	[{
					"socket":	5,
					"start":	2.000148,
					"end":	3.000146,
					"seconds":	0.99999797344207764,
					"bytes":	12499136,
					"bits_per_second":	99993290.642195329,
					"packets":	8632,
					"omitted":	false,
					"sender":	true
				}],
			"sum":	{
				"start":	2.000148,
				"end":	3.000146,
				"seconds":	0.99999797344207764,
				"bytes":	12499136,
				"bits_per_second":	99993290.642195329,
				"packets":	8632,
				"omitted":	false,
				"sender":	true
			}
		}, {
			"streams":	[{
					"socket":	5,
					"start":	3.000146,
					"end":	4.000139,
					"seconds":	0.99999302625656128,
					"bytes":	12500584,
					"bits_per_second":	100005369.41178878,
					"packets":	8633,
					"omitted":	false,
					"sender":	true
				}],
			"sum":	{
				"start":	3.000146,
				"end":	4.000139,
				"seconds":	0.99999302625656128,
				"bytes":	12500584,
				"bits_per_second":	100005369.41178878,
				"packets":	8633,
				"omitted":	false,
				"sender":	true
			}
		}, {
			"streams":	[{
					"socket":	5,
					"start":	4.000139,
					"end":	5.000199,
					"seconds":	1.000059962272644,
					"bytes":	12500584,
					"bits_per_second":	99998675.8521345,
					"packets":	8633,
					"omitted":	false,
					"sender":	true
				}],
			"sum":	{
				"start":	4.000139,
				"end":	5.000199,
				"seconds":	1.000059962272644,
				"bytes":	12500584,
				"bits_per_second":	99998675.8521345,
				"packets":	8633,
				"omitted":	false,
				"sender":	true
			}
		}, {
			"streams":	[{
					"socket":	5,
					"start":	5.000199,
					"end":	6.000276,
					"seconds":	1.00007700920105,
					"bytes":	12503480,
					"bits_per_second":	100020137.52912,
					"packets":	8635,
					"omitted":	false,
					"sender":	true
				}],
			"sum":	{
				"start":	5.000199,
				"end":	6.000276,
				"seconds":	1.00007700920105,
				"bytes":	12503480,
				"bits_per_second":	100020137.52912,
				"packets":	8635,
				"omitted":	false,
				"sender":	true
			}
		}, {
			"streams":	[{
					"socket":	5,
					"start":	6.000276,
					"end":	7.000145,
					"seconds":	0.99986898899078369,
					"bytes":	12496240,
					"bits_per_second":	99983018.876207471,
					"packets":	8630,
					"omitted":	false,
					"sender":	true
				}],
			"sum":	{
				"start":	6.000276,
				"end":	7.000145,
				"seconds":	0.99986898899078369,
				"bytes":	12496240,
				"bits_per_second":	99983018.876207471,
				"packets":	8630,
				"omitted":	false,
				"sender":	true
			}
		}, {
			"streams":	[{
					"socket":	5,
					"start":	7.000145,
					"end":	8.000102,
					"seconds":	0.999957025051117,
					"bytes":	12499136,
					"bits_per_second":	99997385.38252525,
					"packets":	8632,
					"omitted":	false,
					"sender":	true
				}],
			"sum":	{
				"start":	7.000145,
				"end":	8.000102,
				"seconds":	0.999957025051117,
				"bytes":	12499136,
				"bits_per_second":	99997385.38252525,
				"packets":	8632,
				"omitted":	false,
				"sender":	true
			}
		}, {
			"streams":	[{
					"socket":	5,
					"start":	8.000102,
					"end":	9.000181,
					"seconds":	1.0000790357589722,
					"bytes":	12500584,
					"bits_per_second":	99996768.679492652,
					"packets":	8633,
					"omitted":	false,
					"sender":	true
				}],
			"sum":	{
				"start":	8.000102,
				"end":	9.000181,
				"seconds":	1.0000790357589722,
				"bytes":	12500584,
				"bits_per_second":	99996768.679492652,
				"packets":	8633,
				"omitted":	false,
				"sender":	true
			}
		}, {
			"streams":	[{
					"socket":	5,
					"start":	9.000181,
					"end":	10.000203,
					"seconds":	1.0000220537185669,
					"bytes":	12502032,
					"bits_per_second":	100014050.31828155,
					"packets":	8634,
					"omitted":	false,
					"sender":	true
				}],
			"sum":	{
				"start":	9.000181,
				"end":	10.000203,
				"seconds":	1.0000220537185669,
				"bytes":	12502032,
				"bits_per_second":	100014050.31828155,
				"packets":	8634,
				"omitted":	false,
				"sender":	true
			}
		}, {
			"streams":	[{
					"socket":	5,
					"start":	10.000203,
					"end":	11.000302,
					"seconds":	1.0000989437103271,
					"bytes":	12499136,
					"bits_per_second":	99983195.291687474,
					"packets":	8632,
					"omitted":	false,
					"sender":	true
				}],
			"sum":	{
				"start":	10.000203,
				"end":	11.000302,
				"seconds":	1.0000989437103271,
				"bytes":	12499136,
				"bits_per_second":	99983195.291687474,
				"packets":	8632,
				"omitted":	false,
				"sender":	true
			}
		}, {
			"streams":	[{
					"socket":	5,
					"start":	11.000302,
					"end":	12.000149,
					"seconds":	0.99984699487686157,
					"bytes":	12497688,
					"bits_per_second":	99996804.023313031,
					"packets":	8631,
					"omitted":	false,
					"sender":	true
				}],
			"sum":	{
				"start":	11.000302,
				"end":	12.000149,
				"seconds":	0.99984699487686157,
				"bytes":	12497688,
				"bits_per_second":	99996804.023313031,
				"packets":	8631,
				"omitted":	false,
				"sender":	true
			}
		}, {
			"streams":	[{
					"socket":	5,
					"start":	12.000149,
					"end":	13.000191,
					"seconds":	1.0000419616699219,
					"bytes":	12500584,
					"bits_per_second":	100000475.8130419,
					"packets":	8633,
					"omitted":	false,
					"sender":	true
				}],
			"sum":	{
				"start":	12.000149,
				"end":	13.000191,
				"seconds":	1.0000419616699219,
				"bytes":	12500584,
				"bits_per_second":	100000475.8130419,
				"packets":	8633,
				"omitted":	false,
				"sender":	true
			}
		}, {
			"streams":	[{
					"socket":	5,
					"start":	13.000191,
					"end":	14.000258,
					"seconds":	1.0000669956207275,
					"bytes":	12500584,
					"bits_per_second":	99997972.5737559,
					"packets":	8633,
					"omitted":	false,
					"sender":	true
				}],
			"sum":	{
				"start":	13.000191,
				"end":	14.000258,
				"seconds":	1.0000669956207275,
				"bytes":	12500584,
				"bits_per_second":	99997972.5737559,
				"packets":	8633,
				"omitted":	false,
				"sender":	true
			}
		}, {
			"streams":	[{
					"socket":	5,
					"start":	14.000258,
					"end":	15.000243,
					"seconds":	0.9999849796295166,
					"bytes":	12499136,
					"bits_per_second":	99994589.955787465,
					"packets":	8632,
					"omitted":	false,