{
	"start":	{
		"connected":	[{
				"socket":	5,
				"local_host":	"172.20.171.186",
				"local_port":	44671,
				"remote_host":	"54.227.41.78",
				"remote_port":	5201
			}],
		"version":	"iperf 3.16",
		"system_info":	"Linux DESKTOP-OR35M89 6.18.33.1-microsoft-standard-WSL2 #1 SMP PREEMPT_DYNAMIC Fri Jun  5 01:12:21 UTC 2026 x86_64",
		"timestamp":	{
			"time":	"Thu, 25 Jun 2026 21:33:18 GMT",
			"timesecs":	1782423198
		},
		"connecting_to":	{
			"host":	"54.227.41.78",
			"port":	5201
		},
		"cookie":	"oqrjvlbvo3bhlnng7qs3vfo6fhby7bpuxv7b",
		"target_bitrate":	100000000,
		"fq_rate":	0,
		"sock_bufsize":	0,
		"sndbuf_actual":	212992,
		"rcvbuf_actual":	212992,
		"test_start":	{
			"protocol":	"UDP",
			"num_streams":	1,
			"blksize":	1448,
			"omit":	0,
			"duration":	30,
			"bytes":	0,
			"blocks":	0,
			"reverse":	0,
			"tos":	0,
			"target_bitrate":	100000000,
			"bidir":	0,
			"fqrate":	0
		}
	},
	"intervals":	[{
			"streams":	[{
					"socket":	5,
					"start":	0,
					"end":	1.000151,
					"seconds":	1.0001510381698608,
					"bytes":	12490448,
					"bits_per_second":	99908494.0039121,
					"packets":	8626,
					"omitted":	false,
					"sender":	true
				}],
			"sum":	{
				"start":	0,
				"end":	1.000151,
				"seconds":	1.0001510381698608,
				"bytes":	12490448,
				"bits_per_second":	99908494.0039121,
				"packets":	8626,
				"omitted":	false,
				"sender":	true
			}
		}, {
			"streams":	[{
					"socket":	5,
					"start":	1.000151,
					"end":	2.000084,
					"seconds":	0.99993300437927246,
					"bytes":	12499136,
					"bits_per_second":	99999787.5478394,
					"packets":	8632,
					"omitted":	false,
					"sender":	true
				}],
			"sum":	{
				"start":	1.000151,
				"end":	2.000084,
				"seconds":	0.99993300437927246,
				"bytes":	12499136,
				"bits_per_second":	99999787.5478394,
				"packets":	8632,
				"omitted":	false,
				"sender":	true
			}
		}, {
			"streams":	[{
					"socket":	5,
					"start":	2.000084,
					"end":	3.000035,
					"seconds":	0.99995100498199463,
					"bytes":	12500584,
					"bits_per_second":	100009571.97077942,
					"packets":	8633,
					"omitted":	false,
					"sender":	true
				}],
			"sum":	{
				"start":	2.000084,
				"end":	3.000035,
				"seconds":	0.99995100498199463,
				"bytes":	12500584,
				"bits_per_second":	100009571.97077942,
				"packets":	8633,
				"omitted":	false,
				"sender":	true
			}
		}, {
			"streams":	[{
					"socket":	5,
					"start":	3.000035,
					"end":	4.000059,
					"seconds":	1.0000239610672,
					"bytes":	12500584,
					"bits_per_second":	100002275.8387485,
					"packets":	8633,
					"omitted":	false,
					"sender":	true
				}],
			"sum":	{
				"start":	3.000035,
				"end":	4.000059,
				"seconds":	1.0000239610672,
				"bytes":	12500584,
				"bits_per_second":	100002275.8387485,
				"packets":	8633,
				"omitted":	false,
				"sender":	true
			}
		}, {
			"streams":	[{
					"socket":	5,
					"start":	4.000059,
					"end":	5.000088,
					"seconds":	1.0000289678573608,
					"bytes":	12502032,
					"bits_per_second":	100013358.82728732,
					"packets":	8634,
					"omitted":	false,
					"sender":	true
				}],
			"sum":	{
				"start":	4.000059,
				"end":	5.000088,
				"seconds":	1.0000289678573608,
				"bytes":	12502032,
				"bits_per_second":	100013358.82728732,
				"packets":	8634,
				"omitted":	false,
				"sender":	true
			}
		}, {
			"streams":	[{
					"socket":	5,
					"start":	5.000088,
					"end":	6.000088,
					"seconds":	1,
					"bytes":	12497688,
					"bits_per_second":	99981504,
					"packets":	8631,
					"omitted":	false,
					"sender":	true
				}],
			"sum":	{
				"start":	5.000088,
				"end":	6.000088,
				"seconds":	1,
				"bytes":	12497688,
				"bits_per_second":	99981504,
				"packets":	8631,
				"omitted":	false,
				"sender":	true
			}
		}, {
			"streams":	[{
					"socket":	5,
					"start":	6.000088,
					"end":	7.000089,
					"seconds":	1.0000009536743164,
					"bytes":	12499136,
					"bits_per_second":	99992992.6392511,
					"packets":	8632,
					"omitted":	false,
					"sender":	true
				}],
			"sum":	{
				"start":	6.000088,
				"end":	7.000089,
				"seconds":	1.0000009536743164,
				"bytes":	12499136,
				"bits_per_second":	99992992.6392511,
				"packets":	8632,
				"omitted":	false,
				"sender":	true
			}
		}, {
			"streams":	[{
					"socket":	5,
					"start":	7.000089,
					"end":	8.000087,
					"seconds":	0.99999797344207764,
					"bytes":	12500584,
					"bits_per_second":	100004874.66567104,
					"packets":	8633,
					"omitted":	false,
					"sender":	true
				}],
			"sum":	{
				"start":	7.000089,
				"end":	8.000087,
				"seconds":	0.99999797344207764,
				"bytes":	12500584,
				"bits_per_second":	100004874.66567104,
				"packets":	8633,
				"omitted":	false,
				"sender":	true
			}
		}, {
			"streams":	[{
					"socket":	5,
					"start":	8.000087,
					"end":	9.000139,
					"seconds":	1.0000519752502441,
					"bytes":	12500584,
					"bits_per_second":	99999474.502288461,
					"packets":	8633,
					"omitted":	false,
					"sender":	true
				}],
			"sum":	{
				"start":	8.000087,
				"end":	9.000139,
				"seconds":	1.0000519752502441,
				"bytes":	12500584,
				"bits_per_second":	99999474.502288461,
				"packets":	8633,
				"omitted":	false,
				"sender":	true
			}
		}, {
			"streams":	[{
					"socket":	5,
					"start":	9.000139,
					"end":	10.00002,
					"seconds":	0.99988102912902832,
					"bytes":	12499136,
					"bits_per_second":	100004985.68024789,
					"packets":	8632,
					"omitted":	false,
					"sender":	true
				}],
			"sum":	{
				"start":	9.000139,
				"end":	10.00002,
				"seconds":	0.99988102912902832,
				"bytes":	12499136,
				"bits_per_second":	100004985.68024789,
				"packets":	8632,
				"omitted":	false,
				"sender":	true
			}
		}, {
			"streams":	[{
					"socket":	5,
					"start":	10.00002,
					"end":	11.000088,
					"seconds":	1.0000679492950439,
					"bytes":	12502032,
					"bits_per_second":	100009460.42766622,
					"packets":	8634,
					"omitted":	false,
					"sender":	true
				}],
			"sum":	{
				"start":	10.00002,
				"end":	11.000088,
				"seconds":	1.0000679492950439,
				"bytes":	12502032,
				"bits_per_second":	100009460.42766622,
				"packets":	8634,
				"omitted":	false,
				"sender":	true
			}
		}, {
			"streams":	[{
					"socket":	5,
					"start":	11.000088,
					"end":	12.000106,
					"seconds":	1.0000180006027222,
					"bytes":	12497688,
					"bits_per_second":	99979704.3050625,
					"packets":	8631,
					"omitted":	false,
					"sender":	true
				}],
			"sum":	{
				"start":	11.000088,
				"end":	12.000106,
				"seconds":	1.0000180006027222,
				"bytes":	12497688,
				"bits_per_second":	99979704.3050625,
				"packets":	8631,
				"omitted":	false,
				"sender":	true
			}
		}, {
			"streams":	[{
					"socket":	5,
					"start":	12.000106,
					"end":	13.000087,
					"seconds":	0.99998098611831665,
					"bytes":	12502032,
					"bits_per_second":	100018157.73341733,
					"packets":	8634,
					"omitted":	false,
					"sender":	true
				}],
			"sum":	{
				"start":	12.000106,
				"end":	13.000087,
				"seconds":	0.99998098611831665,
				"bytes":	12502032,
				"bits_per_second":	100018157.73341733,
				"packets":	8634,
				"omitted":	false,
				"sender":	true
			}
		}, {
			"streams":	[{
					"socket":	5,
					"start":	13.000087,
					"end":	14.000109,
					"seconds":	1.0000220537185669,
					"bytes":	12497688,
					"bits_per_second":	99979299.084675476,
					"packets":	8631,
					"omitted":	false,
					"sender":	true
				}],
			"sum":	{
				"start":	13.000087,
				"end":	14.000109,
				"seconds":	1.0000220537185669,
				"bytes":	12497688,
				"bits_per_second":	99979299.084675476,
				"packets":	8631,
				"omitted":	false,
				"sender":	true
			}
		}, {
			"streams":	[{
					"socket":	5,
					"start":	14.000109,
					"end":	15.000109,
					"seconds":	1,
					"bytes":	12500584,
					"bits_per_second":	100004672,
					"packets":	8633,
					"omitted":	false,
					"sender":	true
				}],
			"sum":	{
				"start":	14.000109,