{
	"start":	{
		"connected":	[{
				"socket":	5,
				"local_host":	"172.20.171.186",
				"local_port":	45067,
				"remote_host":	"54.227.41.78",
				"remote_port":	5201
			}],
		"version":	"iperf 3.16",
		"system_info":	"Linux DESKTOP-OR35M89 6.18.33.1-microsoft-standard-WSL2 #1 SMP PREEMPT_DYNAMIC Fri Jun  5 01:12:21 UTC 2026 x86_64",
		"timestamp":	{
			"time":	"Thu, 25 Jun 2026 22:17:21 GMT",
			"timesecs":	1782425841
		},
		"connecting_to":	{
			"host":	"54.227.41.78",
			"port":	5201
		},
		"cookie":	"dybo4qx5mksc43ykfywadeu6zuoi6fe66mp3",
		"target_bitrate":	100000000,
		"fq_rate":	0,
		"sock_bufsize":	0,
		"sndbuf_actual":	212992,
		"rcvbuf_actual":	212992,
		"test_start":	{
			"protocol":	"UDP",
			"num_streams":	1,
			"blksize":	1448,
			"omit":	0,
			"duration":	30,
			"bytes":	0,
			"blocks":	0,
			"reverse":	0,
			"tos":	0,
			"target_bitrate":	100000000,
			"bidir":	0,
			"fqrate":	0
		}
	},
	"intervals":	[{
			"streams":	[{
					"socket":	5,
					"start":	0,
					"end":	1.00013,
					"seconds":	1.0001300573349,
					"bytes":	12490448,
					"bits_per_second":	99910589.89495,
					"packets":	8626,
					"omitted":	false,
					"sender":	true
				}],
			"sum":	{
				"start":	0,
				"end":	1.00013,
				"seconds":	1.0001300573349,
				"bytes":	12490448,
				"bits_per_second":	99910589.89495,
				"packets":	8626,
				"omitted":	false,
				"sender":	true
			}
		}, {
			"streams":	[{
					"socket":	5,
					"start":	1.00013,
					"end":	2.000088,
					"seconds":	0.99995797872543335,
					"bytes":	12499136,
					"bits_per_second":	99997290.013579577,
					"packets":	8632,
					"omitted":	false,
					"sender":	true
				}],
			"sum":	{
				"start":	1.00013,
				"end":	2.000088,
				"seconds":	0.99995797872543335,
				"bytes":	12499136,
				"bits_per_second":	99997290.013579577,
				"packets":	8632,
				"omitted":	false,
				"sender":	true
			}
		}, {
			"streams":	[{
					"socket":	5,
					"start":	2.000088,
					"end":	3.000125,
					"seconds":	1.0000369548797607,
					"bytes":	12502032,
					"bits_per_second":	100012560.04786886,
					"packets":	8634,
					"omitted":	false,
					"sender":	true
				}],
			"sum":	{
				"start":	2.000088,
				"end":	3.000125,
				"seconds":	1.0000369548797607,
				"bytes":	12502032,
				"bits_per_second":	100012560.04786886,
				"packets":	8634,
				"omitted":	false,
				"sender":	true
			}
		}, {
			"streams":	[{
					"socket":	5,
					"start":	3.000125,
					"end":	4.000102,
					"seconds":	0.9999769926071167,
					"bytes":	12499136,
					"bits_per_second":	99995388.6331928,
					"packets":	8632,
					"omitted":	false,
					"sender":	true
				}],
			"sum":	{
				"start":	3.000125,
				"end":	4.000102,
				"seconds":	0.9999769926071167,
				"bytes":	12499136,
				"bits_per_second":	99995388.6331928,
				"packets":	8632,
				"omitted":	false,
				"sender":	true
			}
		}, {
			"streams":	[{
					"socket":	5,
					"start":	4.000102,
					"end":	5.000089,
					"seconds":	0.999987006187439,
					"bytes":	12499136,
					"bits_per_second":	99994387.308325842,
					"packets":	8632,
					"omitted":	false,
					"sender":	true
				}],
			"sum":	{
				"start":	4.000102,
				"end":	5.000089,
				"seconds":	0.999987006187439,
				"bytes":	12499136,
				"bits_per_second":	99994387.308325842,
				"packets":	8632,
				"omitted":	false,
				"sender":	true
			}
		}, {
			"streams":	[{
					"socket":	5,
					"start":	5.000089,
					"end":	6.000156,
					"seconds":	1.0000669956207275,
					"bytes":	12500584,
					"bits_per_second":	99997972.5737559,
					"packets":	8633,
					"omitted":	false,
					"sender":	true
				}],
			"sum":	{
				"start":	5.000089,
				"end":	6.000156,
				"seconds":	1.0000669956207275,
				"bytes":	12500584,
				"bits_per_second":	99997972.5737559,
				"packets":	8633,
				"omitted":	false,
				"sender":	true
			}
		}, {
			"streams":	[{
					"socket":	5,
					"start":	6.000156,
					"end":	7.000192,
					"seconds":	1.0000360012054443,
					"bytes":	12507824,
					"bits_per_second":	100058989.75575325,
					"packets":	8638,
					"omitted":	false,
					"sender":	true
				}],
			"sum":	{
				"start":	6.000156,
				"end":	7.000192,
				"seconds":	1.0000360012054443,
				"bytes":	12507824,
				"bits_per_second":	100058989.75575325,
				"packets":	8638,
				"omitted":	false,
				"sender":	true
			}
		}, {
			"streams":	[{
					"socket":	5,
					"start":	7.000192,
					"end":	8.000186,
					"seconds":	0.99999397993087769,
					"bytes":	12493344,
					"bits_per_second":	99947353.6899778,
					"packets":	8628,
					"omitted":	false,
					"sender":	true
				}],
			"sum":	{
				"start":	7.000192,
				"end":	8.000186,
				"seconds":	0.99999397993087769,
				"bytes":	12493344,
				"bits_per_second":	99947353.6899778,
				"packets":	8628,
				"omitted":	false,
				"sender":	true
			}
		}, {
			"streams":	[{
					"socket":	5,
					"start":	8.000186,
					"end":	9.000141,
					"seconds":	0.99995499849319458,
					"bytes":	12499136,
					"bits_per_second":	99997588.0421388,
					"packets":	8632,
					"omitted":	false,
					"sender":	true
				}],
			"sum":	{
				"start":	8.000186,
				"end":	9.000141,
				"seconds":	0.99995499849319458,
				"bytes":	12499136,
				"bits_per_second":	99997588.0421388,
				"packets":	8632,
				"omitted":	false,
				"sender":	true
			}
		}, {
			"streams":	[{
					"socket":	5,
					"start":	9.000141,
					"end":	10.000137,
					"seconds":	0.9999960064888,
					"bytes":	12499136,
					"bits_per_second":	99993487.325111553,
					"packets":	8632,
					"omitted":	false,
					"sender":	true
				}],
			"sum":	{
				"start":	9.000141,
				"end":	10.000137,
				"seconds":	0.9999960064888,
				"bytes":	12499136,
				"bits_per_second":	99993487.325111553,
				"packets":	8632,
				"omitted":	false,
				"sender":	true
			}
		}, {
			"streams":	[{
					"socket":	5,
					"start":	10.000137,
					"end":	11.000094,
					"seconds":	0.999957025051117,
					"bytes":	12499136,
					"bits_per_second":	99997385.38252525,
					"packets":	8632,
					"omitted":	false,
					"sender":	true
				}],
			"sum":	{
				"start":	10.000137,
				"end":	11.000094,
				"seconds":	0.999957025051117,
				"bytes":	12499136,
				"bits_per_second":	99997385.38252525,
				"packets":	8632,
				"omitted":	false,
				"sender":	true
			}
		}, {
			"streams":	[{
					"socket":	5,
					"start":	11.000094,
					"end":	12.000177,
					"seconds":	1.0000829696655273,
					"bytes":	12502032,
					"bits_per_second":	100007958.3731437,
					"packets":	8634,
					"omitted":	false,
					"sender":	true
				}],
			"sum":	{
				"start":	11.000094,
				"end":	12.000177,
				"seconds":	1.0000829696655273,
				"bytes":	12502032,
				"bits_per_second":	100007958.3731437,
				"packets":	8634,
				"omitted":	false,
				"sender":	true
			}
		}, {
			"streams":	[{
					"socket":	5,
					"start":	12.000177,
					"end":	13.00016,
					"seconds":	0.999983012676239,
					"bytes":	12499136,
					"bits_per_second":	99994786.64381513,
					"packets":	8632,
					"omitted":	false,
					"sender":	true
				}],
			"sum":	{
				"start":	12.000177,
				"end":	13.00016,
				"seconds":	0.999983012676239,
				"bytes":	12499136,
				"bits_per_second":	99994786.64381513,
				"packets":	8632,
				"omitted":	false,
				"sender":	true
			}
		}, {
			"streams":	[{
					"socket":	5,
					"start":	13.00016,
					"end":	14.000145,
					"seconds":	0.9999849796295166,
					"bytes":	12500584,
					"bits_per_second":	100006174.12978606,
					"packets":	8633,
					"omitted":	false,
					"sender":	true
				}],
			"sum":	{
				"start":	13.00016,
				"end":	14.000145,
				"seconds":	0.9999849796295166,
				"bytes":	12500584,
				"bits_per_second":	100006174.12978606,
				"packets":	8633,
				"omitted":	false,
				"sender":	true
			}
		}, {
			"streams":	[{
					"socket":	5,
					"start":	14.000145,
					"end":	15.000129,
					"seconds":	0.9999840259552002,
					"bytes":	12499136,
					"bits_per_second":	99994685.319583043,
					"packets":	8632,
					"omitted":	false,
					"sender":	true
				}],