{
	"start":	{
		"connected":	[{
				"socket":	5,
				"local_host":	"172.20.171.186",
				"local_port":	45444,
				"remote_host":	"54.227.41.78",
				"remote_port":	5201
			}],
		"version":	"iperf 3.16",
		"system_info":	"Linux DESKTOP-OR35M89 6.18.33.1-microsoft-standard-WSL2 #1 SMP PREEMPT_DYNAMIC Fri Jun  5 01:12:21 UTC 2026 x86_64",
		"timestamp":	{
			"time":	"Thu, 25 Jun 2026 22:43:33 GMT",
			"timesecs":	1782427413
		},
		"connecting_to":	{
			"host":	"54.227.41.78",
			"port":	5201
		},
		"cookie":	"oruwasdp7iuwgs73m56bpcbvqxttefidcf5i",
		"target_bitrate":	100000000,
		"fq_rate":	0,
		"sock_bufsize":	0,
		"sndbuf_actual":	212992,
		"rcvbuf_actual":	212992,
		"test_start":	{
			"protocol":	"UDP",
			"num_streams":	1,
			"blksize":	1448,
			"omit":	0,
			"duration":	30,
			"bytes":	0,
			"blocks":	0,
			"reverse":	0,
			"tos":	0,
			"target_bitrate":	100000000,
			"bidir":	0,
			"fqrate":	0
		}
	},
	"intervals":	[{
			"streams":	[{
					"socket":	5,
					"start":	0,
					"end":	1.000144,
					"seconds":	1.0001440048217773,
					"bytes":	12490448,
					"bits_per_second":	99909196.59395057,
					"packets":	8626,
					"omitted":	false,
					"sender":	true
				}],
			"sum":	{
				"start":	0,
				"end":	1.000144,
				"seconds":	1.0001440048217773,
				"bytes":	12490448,
				"bits_per_second":	99909196.59395057,
				"packets":	8626,
				"omitted":	false,
				"sender":	true
			}
		}, {
			"streams":	[{
					"socket":	5,
					"start":	1.000144,
					"end":	2.000133,
					"seconds":	0.99998897314071655,
					"bytes":	12500584,
					"bits_per_second":	100005774.7496057,
					"packets":	8633,
					"omitted":	false,
					"sender":	true
				}],
			"sum":	{
				"start":	1.000144,
				"end":	2.000133,
				"seconds":	0.99998897314071655,
				"bytes":	12500584,
				"bits_per_second":	100005774.7496057,
				"packets":	8633,
				"omitted":	false,
				"sender":	true
			}
		}, {
			"streams":	[{
					"socket":	5,
					"start":	2.000133,
					"end":	3.000095,
					"seconds":	0.9999619722366333,
					"bytes":	12499136,
					"bits_per_second":	99996890.658095345,
					"packets":	8632,
					"omitted":	false,
					"sender":	true
				}],
			"sum":	{
				"start":	2.000133,
				"end":	3.000095,
				"seconds":	0.9999619722366333,
				"bytes":	12499136,
				"bits_per_second":	99996890.658095345,
				"packets":	8632,
				"omitted":	false,
				"sender":	true
			}
		}, {
			"streams":	[{
					"socket":	5,
					"start":	3.000095,
					"end":	4.000132,
					"seconds":	1.0000369548797607,
					"bytes":	12502032,
					"bits_per_second":	100012560.04786886,
					"packets":	8634,
					"omitted":	false,
					"sender":	true
				}],
			"sum":	{
				"start":	3.000095,
				"end":	4.000132,
				"seconds":	1.0000369548797607,
				"bytes":	12502032,
				"bits_per_second":	100012560.04786886,
				"packets":	8634,
				"omitted":	false,
				"sender":	true
			}
		}, {
			"streams":	[{
					"socket":	5,
					"start":	4.000132,
					"end":	5.000088,
					"seconds":	0.99995601177215576,
					"bytes":	12497688,
					"bits_per_second":	99985902.2026473,
					"packets":	8631,
					"omitted":	false,
					"sender":	true
				}],
			"sum":	{
				"start":	4.000132,
				"end":	5.000088,
				"seconds":	0.99995601177215576,
				"bytes":	12497688,
				"bits_per_second":	99985902.2026473,
				"packets":	8631,
				"omitted":	false,
				"sender":	true
			}
		}, {
			"streams":	[{
					"socket":	5,
					"start":	5.000088,
					"end":	6.00015,
					"seconds":	1.0000619888305664,
					"bytes":	12500584,
					"bits_per_second":	99998473.2115872,
					"packets":	8633,
					"omitted":	false,
					"sender":	true
				}],
			"sum":	{
				"start":	5.000088,
				"end":	6.00015,
				"seconds":	1.0000619888305664,
				"bytes":	12500584,
				"bits_per_second":	99998473.2115872,
				"packets":	8633,
				"omitted":	false,
				"sender":	true
			}
		}, {
			"streams":	[{
					"socket":	5,
					"start":	6.00015,
					"end":	7.000102,
					"seconds":	0.99995201826095581,
					"bytes":	12499136,
					"bits_per_second":	99997886.0724745,
					"packets":	8632,
					"omitted":	false,
					"sender":	true
				}],
			"sum":	{
				"start":	6.00015,
				"end":	7.000102,
				"seconds":	0.99995201826095581,
				"bytes":	12499136,
				"bits_per_second":	99997886.0724745,
				"packets":	8632,
				"omitted":	false,
				"sender":	true
			}
		}, {
			"streams":	[{
					"socket":	5,
					"start":	7.000102,
					"end":	8.000225,
					"seconds":	1.0001230239868164,
					"bytes":	12502032,
					"bits_per_second":	100003953.1149904,
					"packets":	8634,
					"omitted":	false,
					"sender":	true
				}],
			"sum":	{
				"start":	7.000102,
				"end":	8.000225,
				"seconds":	1.0001230239868164,
				"bytes":	12502032,
				"bits_per_second":	100003953.1149904,
				"packets":	8634,
				"omitted":	false,
				"sender":	true
			}
		}, {
			"streams":	[{
					"socket":	5,
					"start":	8.000225,
					"end":	9.000089,
					"seconds":	0.99986398220062256,
					"bytes":	12499136,
					"bits_per_second":	100006690.68999067,
					"packets":	8632,
					"omitted":	false,
					"sender":	true
				}],
			"sum":	{
				"start":	8.000225,
				"end":	9.000089,
				"seconds":	0.99986398220062256,
				"bytes":	12499136,
				"bits_per_second":	100006690.68999067,
				"packets":	8632,
				"omitted":	false,
				"sender":	true
			}
		}, {
			"streams":	[{
					"socket":	5,
					"start":	9.000089,
					"end":	10.000088,
					"seconds":	0.99999898672103882,
					"bytes":	12499136,
					"bits_per_second":	99993189.320995,
					"packets":	8632,
					"omitted":	false,
					"sender":	true
				}],
			"sum":	{
				"start":	9.000089,
				"end":	10.000088,
				"seconds":	0.99999898672103882,
				"bytes":	12499136,
				"bits_per_second":	99993189.320995,
				"packets":	8632,
				"omitted":	false,
				"sender":	true
			}
		}, {
			"streams":	[{
					"socket":	5,
					"start":	10.000088,
					"end":	11.000136,
					"seconds":	1.000048041343689,
					"bytes":	12500584,
					"bits_per_second":	99999867.8719787,
					"packets":	8633,
					"omitted":	false,
					"sender":	true
				}],
			"sum":	{
				"start":	10.000088,
				"end":	11.000136,
				"seconds":	1.000048041343689,
				"bytes":	12500584,
				"bits_per_second":	99999867.8719787,
				"packets":	8633,
				"omitted":	false,
				"sender":	true
			}
		}, {
			"streams":	[{
					"socket":	5,
					"start":	11.000136,
					"end":	12.000174,
					"seconds":	1.0000380277633667,
					"bytes":	12500584,
					"bits_per_second":	100000869.19060996,
					"packets":	8633,
					"omitted":	false,
					"sender":	true
				}],
			"sum":	{
				"start":	11.000136,
				"end":	12.000174,
				"seconds":	1.0000380277633667,
				"bytes":	12500584,
				"bits_per_second":	100000869.19060996,
				"packets":	8633,
				"omitted":	false,
				"sender":	true
			}
		}, {
			"streams":	[{
					"socket":	5,
					"start":	12.000174,
					"end":	13.000145,
					"seconds":	0.99997097253799438,
					"bytes":	12499136,
					"bits_per_second":	99995990.629818723,
					"packets":	8632,
					"omitted":	false,
					"sender":	true
				}],
			"sum":	{
				"start":	12.000174,
				"end":	13.000145,
				"seconds":	0.99997097253799438,
				"bytes":	12499136,
				"bits_per_second":	99995990.629818723,
				"packets":	8632,
				"omitted":	false,
				"sender":	true
			}
		}, {
			"streams":	[{
					"socket":	5,
					"start":	13.000145,
					"end":	14.000089,
					"seconds":	0.999943971633911,
					"bytes":	12500584,
					"bits_per_second":	100010275.41232345,
					"packets":	8633,
					"omitted":	false,
					"sender":	true
				}],
			"sum":	{
				"start":	13.000145,
				"end":	14.000089,
				"seconds":	0.999943971633911,
				"bytes":	12500584,
				"bits_per_second":	100010275.41232345,
				"packets":	8633,
				"omitted":	false,
				"sender":	true
			}
		}, {
			"streams":	[{
					"socket":	5,
					"start":	14.000089,
					"end":	15.000147,
					"seconds":	1.0000580549240112,
					"bytes":	12499136,
					"bits_per_second":	99987283.24586907,
					"packets":	8632,
					"omitted":	false,