{
	"start":	{
		"connected":	[{
				"socket":	5,
				"local_host":	"172.20.171.186",
				"local_port":	56968,
				"remote_host":	"54.227.41.78",
				"remote_port":	5201
			}],
		"version":	"iperf 3.16",
		"system_info":	"Linux DESKTOP-OR35M89 6.18.33.1-microsoft-standard-WSL2 #1 SMP PREEMPT_DYNAMIC Fri Jun  5 01:12:21 UTC 2026 x86_64",
		"timestamp":	{
			"time":	"Thu, 25 Jun 2026 21:43:36 GMT",
			"timesecs":	1782423816
		},
		"connecting_to":	{
			"host":	"54.227.41.78",
			"port":	5201
		},
		"cookie":	"mhh4w4b3tatfcpanpthbu42xfanq64wbjyfp",
		"target_bitrate":	100000000,
		"fq_rate":	0,
		"sock_bufsize":	0,
		"sndbuf_actual":	212992,
		"rcvbuf_actual":	212992,
		"test_start":	{
			"protocol":	"UDP",
			"num_streams":	1,
			"blksize":	1448,
			"omit":	0,
			"duration":	30,
			"bytes":	0,
			"blocks":	0,
			"reverse":	0,
			"tos":	0,
			"target_bitrate":	100000000,
			"bidir":	0,
			"fqrate":	0
		}
	},
	"intervals":	[{
			"streams":	[{
					"socket":	5,
					"start":	0,
					"end":	1.000151,
					"seconds":	1.0001510381698608,
					"bytes":	12490448,
					"bits_per_second":	99908494.0039121,
					"packets":	8626,
					"omitted":	false,
					"sender":	true
				}],
			"sum":	{
				"start":	0,
				"end":	1.000151,
				"seconds":	1.0001510381698608,
				"bytes":	12490448,
				"bits_per_second":	99908494.0039121,
				"packets":	8626,
				"omitted":	false,
				"sender":	true
			}
		}, {
			"streams":	[{
					"socket":	5,
					"start":	1.000151,
					"end":	2.000145,
					"seconds":	0.99999397993087769,
					"bytes":	12500584,
					"bits_per_second":	100005274.03866231,
					"packets":	8633,
					"omitted":	false,
					"sender":	true
				}],
			"sum":	{
				"start":	1.000151,
				"end":	2.000145,
				"seconds":	0.99999397993087769,
				"bytes":	12500584,
				"bits_per_second":	100005274.03866231,
				"packets":	8633,
				"omitted":	false,
				"sender":	true
			}
		}, {
			"streams":	[{
					"socket":	5,
					"start":	2.000145,
					"end":	3.000176,
					"seconds":	1.0000309944152832,
					"bytes":	12499136,
					"bits_per_second":	99989988.868760839,
					"packets":	8632,
					"omitted":	false,
					"sender":	true
				}],
			"sum":	{
				"start":	2.000145,
				"end":	3.000176,
				"seconds":	1.0000309944152832,
				"bytes":	12499136,
				"bits_per_second":	99989988.868760839,
				"packets":	8632,
				"omitted":	false,
				"sender":	true
			}
		}, {
			"streams":	[{
					"socket":	5,
					"start":	3.000176,
					"end":	4.000183,
					"seconds":	1.0000070333480835,
					"bytes":	12500584,
					"bits_per_second":	100003968.63727884,
					"packets":	8633,
					"omitted":	false,
					"sender":	true
				}],
			"sum":	{
				"start":	3.000176,
				"end":	4.000183,
				"seconds":	1.0000070333480835,
				"bytes":	12500584,
				"bits_per_second":	100003968.63727884,
				"packets":	8633,
				"omitted":	false,
				"sender":	true
			}
		}, {
			"streams":	[{
					"socket":	5,
					"start":	4.000183,
					"end":	5.000133,
					"seconds":	0.99994999170303345,
					"bytes":	12499136,
					"bits_per_second":	99998088.7341175,
					"packets":	8632,
					"omitted":	false,
					"sender":	true
				}],
			"sum":	{
				"start":	4.000183,
				"end":	5.000133,
				"seconds":	0.99994999170303345,
				"bytes":	12499136,
				"bits_per_second":	99998088.7341175,
				"packets":	8632,
				"omitted":	false,
				"sender":	true
			}
		}, {
			"streams":	[{
					"socket":	5,
					"start":	5.000133,
					"end":	6.00015,
					"seconds":	1.0000170469284058,
					"bytes":	12500584,
					"bits_per_second":	100002967.25657681,
					"packets":	8633,
					"omitted":	false,
					"sender":	true
				}],
			"sum":	{
				"start":	5.000133,
				"end":	6.00015,
				"seconds":	1.0000170469284058,
				"bytes":	12500584,
				"bits_per_second":	100002967.25657681,
				"packets":	8633,
				"omitted":	false,
				"sender":	true
			}
		}, {
			"streams":	[{
					"socket":	5,
					"start":	6.00015,
					"end":	7.000145,
					"seconds":	0.999994993209839,
					"bytes":	12499136,
					"bits_per_second":	99993588.6469158,
					"packets":	8632,
					"omitted":	false,
					"sender":	true
				}],
			"sum":	{
				"start":	6.00015,
				"end":	7.000145,
				"seconds":	0.999994993209839,
				"bytes":	12499136,
				"bits_per_second":	99993588.6469158,
				"packets":	8632,
				"omitted":	false,
				"sender":	true
			}
		}, {
			"streams":	[{
					"socket":	5,
					"start":	7.000145,
					"end":	8.000087,
					"seconds":	0.99994200468063354,
					"bytes":	12500584,
					"bits_per_second":	100010472.13927171,
					"packets":	8633,
					"omitted":	false,
					"sender":	true
				}],
			"sum":	{
				"start":	7.000145,
				"end":	8.000087,
				"seconds":	0.99994200468063354,
				"bytes":	12500584,
				"bits_per_second":	100010472.13927171,
				"packets":	8633,
				"omitted":	false,
				"sender":	true
			}
		}, {
			"streams":	[{
					"socket":	5,
					"start":	8.000087,
					"end":	9.000179,
					"seconds":	1.0000920295715332,
					"bytes":	12500584,
					"bits_per_second":	99995469.459790349,
					"packets":	8633,
					"omitted":	false,
					"sender":	true
				}],
			"sum":	{
				"start":	8.000087,
				"end":	9.000179,
				"seconds":	1.0000920295715332,
				"bytes":	12500584,
				"bits_per_second":	99995469.459790349,
				"packets":	8633,
				"omitted":	false,
				"sender":	true
			}
		}, {
			"streams":	[{
					"socket":	5,
					"start":	9.000179,
					"end":	10.000145,
					"seconds":	0.999966025352478,
					"bytes":	12499136,
					"bits_per_second":	99996485.345343038,
					"packets":	8632,
					"omitted":	false,
					"sender":	true
				}],
			"sum":	{
				"start":	9.000179,
				"end":	10.000145,
				"seconds":	0.999966025352478,
				"bytes":	12499136,
				"bits_per_second":	99996485.345343038,
				"packets":	8632,
				"omitted":	false,
				"sender":	true
			}
		}, {
			"streams":	[{
					"socket":	5,
					"start":	10.000145,
					"end":	11.000145,
					"seconds":	1,
					"bytes":	12500584,
					"bits_per_second":	100004672,
					"packets":	8633,
					"omitted":	false,
					"sender":	true
				}],
			"sum":	{
				"start":	10.000145,
				"end":	11.000145,
				"seconds":	1,
				"bytes":	12500584,
				"bits_per_second":	100004672,
				"packets":	8633,
				"omitted":	false,
				"sender":	true
			}
		}, {
			"streams":	[{
					"socket":	5,
					"start":	11.000145,
					"end":	12.000146,
					"seconds":	1.0000009536743164,
					"bytes":	12499136,
					"bits_per_second":	99992992.6392511,
					"packets":	8632,
					"omitted":	false,
					"sender":	true
				}],
			"sum":	{
				"start":	11.000145,
				"end":	12.000146,
				"seconds":	1.0000009536743164,
				"bytes":	12499136,
				"bits_per_second":	99992992.6392511,
				"packets":	8632,
				"omitted":	false,
				"sender":	true
			}
		}, {
			"streams":	[{
					"socket":	5,
					"start":	12.000146,
					"end":	13.000177,
					"seconds":	1.0000309944152832,
					"bytes":	12502032,
					"bits_per_second":	100013156.15070449,
					"packets":	8634,
					"omitted":	false,
					"sender":	true
				}],
			"sum":	{
				"start":	12.000146,
				"end":	13.000177,
				"seconds":	1.0000309944152832,
				"bytes":	12502032,
				"bits_per_second":	100013156.15070449,
				"packets":	8634,
				"omitted":	false,
				"sender":	true
			}
		}, {
			"streams":	[{
					"socket":	5,
					"start":	13.000177,
					"end":	14.000133,
					"seconds":	0.99995601177215576,
					"bytes":	12499136,
					"bits_per_second":	99997486.712229356,
					"packets":	8632,
					"omitted":	false,
					"sender":	true
				}],
			"sum":	{
				"start":	13.000177,
				"end":	14.000133,
				"seconds":	0.99995601177215576,
				"bytes":	12499136,
				"bits_per_second":	99997486.712229356,
				"packets":	8632,
				"omitted":	false,
				"sender":	true
			}
		}, {
			"streams":	[{
					"socket":	5,
					"start":	14.000133,
					"end":	15.000147,
					"seconds":	1.0000139474868774,
					"bytes":	12499136,
					"bits_per_second":	99991693.3671689,
					"packets":	8632,
					"omitted":	false,
					"sender":	true
				}],