{
	"start":	{
		"connected":	[{
				"socket":	5,
				"local_host":	"172.20.171.186",
				"local_port":	47057,
				"remote_host":	"54.227.41.78",
				"remote_port":	5201
			}],
		"version":	"iperf 3.16",
		"system_info":	"Linux DESKTOP-OR35M89 6.18.33.1-microsoft-standard-WSL2 #1 SMP PREEMPT_DYNAMIC Fri Jun  5 01:12:21 UTC 2026 x86_64",
		"timestamp":	{
			"time":	"Thu, 25 Jun 2026 23:46:46 GMT",
			"timesecs":	1782431206
		},
		"connecting_to":	{
			"host":	"54.227.41.78",
			"port":	5201
		},
		"cookie":	"heqfgqjw3ofkkv6ywasxwu2cxie6qcwhsxu2",
		"target_bitrate":	100000000,
		"fq_rate":	0,
		"sock_bufsize":	0,
		"sndbuf_actual":	212992,
		"rcvbuf_actual":	212992,
		"test_start":	{
			"protocol":	"UDP",
			"num_streams":	1,
			"blksize":	1448,
			"omit":	0,
			"duration":	30,
			"bytes":	0,
			"blocks":	0,
			"reverse":	0,
			"tos":	0,
			"target_bitrate":	100000000,
			"bidir":	0,
			"fqrate":	0
		}
	},
	"intervals":	[{
			"streams":	[{
					"socket":	5,
					"start":	0,
					"end":	1.000159,
					"seconds":	1.0001590251922607,
					"bytes":	12489000,
					"bits_per_second":	99896114.001264855,
					"packets":	8625,
					"omitted":	false,
					"sender":	true
				}],
			"sum":	{
				"start":	0,
				"end":	1.000159,
				"seconds":	1.0001590251922607,
				"bytes":	12489000,
				"bits_per_second":	99896114.001264855,
				"packets":	8625,
				"omitted":	false,
				"sender":	true
			}
		}, {
			"streams":	[{
					"socket":	5,
					"start":	1.000159,
					"end":	2.000106,
					"seconds":	0.99994701147079468,
					"bytes":	12500584,
					"bits_per_second":	100009971.38128936,
					"packets":	8633,
					"omitted":	false,
					"sender":	true
				}],
			"sum":	{
				"start":	1.000159,
				"end":	2.000106,
				"seconds":	0.99994701147079468,
				"bytes":	12500584,
				"bits_per_second":	100009971.38128936,
				"packets":	8633,
				"omitted":	false,
				"sender":	true
			}
		}, {
			"streams":	[{
					"socket":	5,
					"start":	2.000106,
					"end":	3.000065,
					"seconds":	0.99995899200439453,
					"bytes":	12500584,
					"bits_per_second":	100008773.15933022,
					"packets":	8633,
					"omitted":	false,
					"sender":	true
				}],
			"sum":	{
				"start":	2.000106,
				"end":	3.000065,
				"seconds":	0.99995899200439453,
				"bytes":	12500584,
				"bits_per_second":	100008773.15933022,
				"packets":	8633,
				"omitted":	false,
				"sender":	true
			}
		}, {
			"streams":	[{
					"socket":	5,
					"start":	3.000065,
					"end":	4.000165,
					"seconds":	1.0001000165939331,
					"bytes":	12500584,
					"bits_per_second":	99994670.873607755,
					"packets":	8633,
					"omitted":	false,
					"sender":	true
				}],
			"sum":	{
				"start":	3.000065,
				"end":	4.000165,
				"seconds":	1.0001000165939331,
				"bytes":	12500584,
				"bits_per_second":	99994670.873607755,
				"packets":	8633,
				"omitted":	false,
				"sender":	true
			}
		}, {
			"streams":	[{
					"socket":	5,
					"start":	4.000165,
					"end":	5.000058,
					"seconds":	0.99989300966262817,
					"bytes":	12499136,
					"bits_per_second":	100003787.43895656,
					"packets":	8632,
					"omitted":	false,
					"sender":	true
				}],
			"sum":	{
				"start":	4.000165,
				"end":	5.000058,
				"seconds":	0.99989300966262817,
				"bytes":	12499136,
				"bits_per_second":	100003787.43895656,
				"packets":	8632,
				"omitted":	false,
				"sender":	true
			}
		}, {
			"streams":	[{
					"socket":	5,
					"start":	5.000058,
					"end":	6.000115,
					"seconds":	1.0000569820404053,
					"bytes":	12499136,
					"bits_per_second":	99987390.5144737,
					"packets":	8632,
					"omitted":	false,
					"sender":	true
				}],
			"sum":	{
				"start":	5.000058,
				"end":	6.000115,
				"seconds":	1.0000569820404053,
				"bytes":	12499136,
				"bits_per_second":	99987390.5144737,
				"packets":	8632,
				"omitted":	false,
				"sender":	true
			}
		}, {
			"streams":	[{
					"socket":	5,
					"start":	6.000115,
					"end":	7.000177,
					"seconds":	1.0000619888305664,
					"bytes":	12500584,
					"bits_per_second":	99998473.2115872,
					"packets":	8633,
					"omitted":	false,
					"sender":	true
				}],
			"sum":	{
				"start":	6.000115,
				"end":	7.000177,
				"seconds":	1.0000619888305664,
				"bytes":	12500584,
				"bits_per_second":	99998473.2115872,
				"packets":	8633,
				"omitted":	false,
				"sender":	true
			}
		}, {
			"streams":	[{
					"socket":	5,
					"start":	7.000177,
					"end":	8.000058,
					"seconds":	0.99988102912902832,
					"bytes":	12500584,
					"bits_per_second":	100016571.05857044,
					"packets":	8633,
					"omitted":	false,
					"sender":	true
				}],
			"sum":	{
				"start":	7.000177,
				"end":	8.000058,
				"seconds":	0.99988102912902832,
				"bytes":	12500584,
				"bits_per_second":	100016571.05857044,
				"packets":	8633,
				"omitted":	false,
				"sender":	true
			}
		}, {
			"streams":	[{
					"socket":	5,
					"start":	8.000058,
					"end":	9.0001,
					"seconds":	1.0000419616699219,
					"bytes":	12499136,
					"bits_per_second":	99988892.2991055,
					"packets":	8632,
					"omitted":	false,
					"sender":	true
				}],
			"sum":	{
				"start":	8.000058,
				"end":	9.0001,
				"seconds":	1.0000419616699219,
				"bytes":	12499136,
				"bits_per_second":	99988892.2991055,
				"packets":	8632,
				"omitted":	false,
				"sender":	true
			}
		}, {
			"streams":	[{
					"socket":	5,
					"start":	9.0001,
					"end":	10.000116,
					"seconds":	1.0000159740448,
					"bytes":	12500584,
					"bits_per_second":	100003074.54640707,
					"packets":	8633,
					"omitted":	false,
					"sender":	true
				}],
			"sum":	{
				"start":	9.0001,
				"end":	10.000116,
				"seconds":	1.0000159740448,
				"bytes":	12500584,
				"bits_per_second":	100003074.54640707,
				"packets":	8633,
				"omitted":	false,
				"sender":	true
			}
		}, {
			"streams":	[{
					"socket":	5,
					"start":	10.000116,
					"end":	11.000057,
					"seconds":	0.99994099140167236,
					"bytes":	12499136,
					"bits_per_second":	99998988.8001633,
					"packets":	8632,
					"omitted":	false,
					"sender":	true
				}],
			"sum":	{
				"start":	10.000116,
				"end":	11.000057,
				"seconds":	0.99994099140167236,
				"bytes":	12499136,
				"bits_per_second":	99998988.8001633,
				"packets":	8632,
				"omitted":	false,
				"sender":	true
			}
		}, {
			"streams":	[{
					"socket":	5,
					"start":	11.000057,
					"end":	12.00026,
					"seconds":	1.000203013420105,
					"bytes":	12502032,
					"bits_per_second":	99995955.479081526,
					"packets":	8634,
					"omitted":	false,
					"sender":	true
				}],
			"sum":	{
				"start":	11.000057,
				"end":	12.00026,
				"seconds":	1.000203013420105,
				"bytes":	12502032,
				"bits_per_second":	99995955.479081526,
				"packets":	8634,
				"omitted":	false,
				"sender":	true
			}
		}, {
			"streams":	[{
					"socket":	5,
					"start":	12.00026,
					"end":	13.000102,
					"seconds":	0.99984198808670044,
					"bytes":	12499136,
					"bits_per_second":	100008890.59615007,
					"packets":	8632,
					"omitted":	false,
					"sender":	true
				}],
			"sum":	{
				"start":	12.00026,
				"end":	13.000102,
				"seconds":	0.99984198808670044,
				"bytes":	12499136,
				"bits_per_second":	100008890.59615007,
				"packets":	8632,
				"omitted":	false,
				"sender":	true
			}
		}, {
			"streams":	[{
					"socket":	5,
					"start":	13.000102,
					"end":	14.000231,
					"seconds":	1.0001289844512939,
					"bytes":	12500584,
					"bits_per_second":	99991774.615817264,
					"packets":	8633,
					"omitted":	false,
					"sender":	true
				}],
			"sum":	{
				"start":	13.000102,
				"end":	14.000231,
				"seconds":	1.0001289844512939,
				"bytes":	12500584,
				"bits_per_second":	99991774.615817264,
				"packets":	8633,
				"omitted":	false,
				"sender":	true
			}
		}, {
			"streams":	[{
					"socket":	5,
					"start":	14.000231,
					"end":	15.000119,
					"seconds":	0.999888002872467,
					"bytes":	12499136,
					"bits_per_second":	100004288.1930186,
					"packets":	8632,
					"omitted":	false,