{
	"start":	{
		"connected":	[{
				"socket":	5,
				"local_host":	"172.20.171.186",
				"local_port":	38334,
				"remote_host":	"54.227.41.78",
				"remote_port":	5201
			}],
		"version":	"iperf 3.16",
		"system_info":	"Linux DESKTOP-OR35M89 6.18.33.1-microsoft-standard-WSL2 #1 SMP PREEMPT_DYNAMIC Fri Jun  5 01:12:21 UTC 2026 x86_64",
		"timestamp":	{
			"time":	"Thu, 25 Jun 2026 22:41:55 GMT",
			"timesecs":	1782427315
		},
		"connecting_to":	{
			"host":	"54.227.41.78",
			"port":	5201
		},
		"cookie":	"nc7ghffusn6hobfzp3v46m2si6ugoe47v7va",
		"target_bitrate":	100000000,
		"fq_rate":	0,
		"sock_bufsize":	0,
		"sndbuf_actual":	212992,
		"rcvbuf_actual":	212992,
		"test_start":	{
			"protocol":	"UDP",
			"num_streams":	1,
			"blksize":	1448,
			"omit":	0,
			"duration":	30,
			"bytes":	0,
			"blocks":	0,
			"reverse":	0,
			"tos":	0,
			"target_bitrate":	100000000,
			"bidir":	0,
			"fqrate":	0
		}
	},
	"intervals":	[{
			"streams":	[{
					"socket":	5,
					"start":	0,
					"end":	1.000121,
					"seconds":	1.000120997428894,
					"bytes":	12490448,
					"bits_per_second":	99911494.965992153,
					"packets":	8626,
					"omitted":	false,
					"sender":	true
				}],
			"sum":	{
				"start":	0,
				"end":	1.000121,
				"seconds":	1.000120997428894,
				"bytes":	12490448,
				"bits_per_second":	99911494.965992153,
				"packets":	8626,
				"omitted":	false,
				"sender":	true
			}
		}, {
			"streams":	[{
					"socket":	5,
					"start":	1.000121,
					"end":	2.000114,
					"seconds":	0.99999302625656128,
					"bytes":	12499136,
					"bits_per_second":	99993785.331004366,
					"packets":	8632,
					"omitted":	false,
					"sender":	true
				}],
			"sum":	{
				"start":	1.000121,
				"end":	2.000114,
				"seconds":	0.99999302625656128,
				"bytes":	12499136,
				"bits_per_second":	99993785.331004366,
				"packets":	8632,
				"omitted":	false,
				"sender":	true
			}
		}, {
			"streams":	[{
					"socket":	5,
					"start":	2.000114,
					"end":	3.00017,
					"seconds":	1.0000560283660889,
					"bytes":	12502032,
					"bits_per_second":	100010652.56654522,
					"packets":	8634,
					"omitted":	false,
					"sender":	true
				}],
			"sum":	{
				"start":	2.000114,
				"end":	3.00017,
				"seconds":	1.0000560283660889,
				"bytes":	12502032,
				"bits_per_second":	100010652.56654522,
				"packets":	8634,
				"omitted":	false,
				"sender":	true
			}
		}, {
			"streams":	[{
					"socket":	5,
					"start":	3.00017,
					"end":	4.000201,
					"seconds":	1.0000309944152832,
					"bytes":	12499136,
					"bits_per_second":	99989988.868760839,
					"packets":	8632,
					"omitted":	false,
					"sender":	true
				}],
			"sum":	{
				"start":	3.00017,
				"end":	4.000201,
				"seconds":	1.0000309944152832,
				"bytes":	12499136,
				"bits_per_second":	99989988.868760839,
				"packets":	8632,
				"omitted":	false,
				"sender":	true
			}
		}, {
			"streams":	[{
					"socket":	5,
					"start":	4.000201,
					"end":	5.000107,
					"seconds":	0.99990600347518921,
					"bytes":	12500584,
					"bits_per_second":	100014072.97529185,
					"packets":	8633,
					"omitted":	false,
					"sender":	true
				}],
			"sum":	{
				"start":	4.000201,
				"end":	5.000107,
				"seconds":	0.99990600347518921,
				"bytes":	12500584,
				"bits_per_second":	100014072.97529185,
				"packets":	8633,
				"omitted":	false,
				"sender":	true
			}
		}, {
			"streams":	[{
					"socket":	5,
					"start":	5.000107,
					"end":	6.000156,
					"seconds":	1.0000489950180054,
					"bytes":	12499136,
					"bits_per_second":	99988189.076875851,
					"packets":	8632,
					"omitted":	false,
					"sender":	true
				}],
			"sum":	{
				"start":	5.000107,
				"end":	6.000156,
				"seconds":	1.0000489950180054,
				"bytes":	12499136,
				"bits_per_second":	99988189.076875851,
				"packets":	8632,
				"omitted":	false,
				"sender":	true
			}
		}, {
			"streams":	[{
					"socket":	5,
					"start":	6.000156,
					"end":	7.000096,
					"seconds":	0.99993997812271118,
					"bytes":	12499136,
					"bits_per_second":	99999090.133116961,
					"packets":	8632,
					"omitted":	false,
					"sender":	true
				}],
			"sum":	{
				"start":	6.000156,
				"end":	7.000096,
				"seconds":	0.99993997812271118,
				"bytes":	12499136,
				"bits_per_second":	99999090.133116961,
				"packets":	8632,
				"omitted":	false,
				"sender":	true
			}
		}, {
			"streams":	[{
					"socket":	5,
					"start":	7.000096,
					"end":	8.000179,
					"seconds":	1.0000829696655273,
					"bytes":	12500584,
					"bits_per_second":	99996375.334184572,
					"packets":	8633,
					"omitted":	false,
					"sender":	true
				}],
			"sum":	{
				"start":	7.000096,
				"end":	8.000179,
				"seconds":	1.0000829696655273,
				"bytes":	12500584,
				"bits_per_second":	99996375.334184572,
				"packets":	8633,
				"omitted":	false,
				"sender":	true
			}
		}, {
			"streams":	[{
					"socket":	5,
					"start":	8.000179,
					"end":	9.000202,
					"seconds":	1.0000230073928833,
					"bytes":	12506376,
					"bits_per_second":	100048706.14011037,
					"packets":	8637,
					"omitted":	false,
					"sender":	true
				}],
			"sum":	{
				"start":	8.000179,
				"end":	9.000202,
				"seconds":	1.0000230073928833,
				"bytes":	12506376,
				"bits_per_second":	100048706.14011037,
				"packets":	8637,
				"omitted":	false,
				"sender":	true
			}
		}, {
			"streams":	[{
					"socket":	5,
					"start":	9.000202,
					"end":	10.000196,
					"seconds":	0.99999397993087769,
					"bytes":	12494792,
					"bits_per_second":	99958937.7597147,
					"packets":	8629,
					"omitted":	false,
					"sender":	true
				}],
			"sum":	{
				"start":	9.000202,
				"end":	10.000196,
				"seconds":	0.99999397993087769,
				"bytes":	12494792,
				"bits_per_second":	99958937.7597147,
				"packets":	8629,
				"omitted":	false,
				"sender":	true
			}
		}, {
			"streams":	[{
					"socket":	5,
					"start":	10.000196,
					"end":	11.000094,
					"seconds":	0.99989801645278931,
					"bytes":	12499136,
					"bits_per_second":	100003286.68990937,
					"packets":	8632,
					"omitted":	false,
					"sender":	true
				}],
			"sum":	{
				"start":	10.000196,
				"end":	11.000094,
				"seconds":	0.99989801645278931,
				"bytes":	12499136,
				"bits_per_second":	100003286.68990937,
				"packets":	8632,
				"omitted":	false,
				"sender":	true
			}
		}, {
			"streams":	[{
					"socket":	5,
					"start":	11.000094,
					"end":	12.00015,
					"seconds":	1.0000560283660889,
					"bytes":	12500584,
					"bits_per_second":	99999069.215541452,
					"packets":	8633,
					"omitted":	false,
					"sender":	true
				}],
			"sum":	{
				"start":	11.000094,
				"end":	12.00015,
				"seconds":	1.0000560283660889,
				"bytes":	12500584,
				"bits_per_second":	99999069.215541452,
				"packets":	8633,
				"omitted":	false,
				"sender":	true
			}
		}, {
			"streams":	[{
					"socket":	5,
					"start":	12.00015,
					"end":	13.000091,
					"seconds":	0.99994099140167236,
					"bytes":	12499136,
					"bits_per_second":	99998988.8001633,
					"packets":	8632,
					"omitted":	false,
					"sender":	true
				}],
			"sum":	{
				"start":	12.00015,
				"end":	13.000091,
				"seconds":	0.99994099140167236,
				"bytes":	12499136,
				"bits_per_second":	99998988.8001633,
				"packets":	8632,
				"omitted":	false,
				"sender":	true
			}
		}, {
			"streams":	[{
					"socket":	5,
					"start":	13.000091,
					"end":	14.000134,
					"seconds":	1.0000430345535278,
					"bytes":	12500584,
					"bits_per_second":	100000368.52878775,
					"packets":	8633,
					"omitted":	false,
					"sender":	true
				}],
			"sum":	{
				"start":	13.000091,
				"end":	14.000134,
				"seconds":	1.0000430345535278,
				"bytes":	12500584,
				"bits_per_second":	100000368.52878775,
				"packets":	8633,
				"omitted":	false,
				"sender":	true
			}
		}, {
			"streams":	[{
					"socket":	5,
					"start":	14.000134,
					"end":	15.000146,
					"seconds":	1.0000120401382446,
					"bytes":	12500584,
					"bits_per_second":	100003467.944421,
					"packets":	8633,