{
	"start":	{
		"connected":	[{
				"socket":	5,
				"local_host":	"172.20.171.186",
				"local_port":	50769,
				"remote_host":	"54.227.41.78",
				"remote_port":	5201
			}],
		"version":	"iperf 3.16",
		"system_info":	"Linux DESKTOP-OR35M89 6.18.33.1-microsoft-standard-WSL2 #1 SMP PREEMPT_DYNAMIC Fri Jun  5 01:12:21 UTC 2026 x86_64",
		"timestamp":	{
			"time":	"Thu, 25 Jun 2026 22:02:41 GMT",
			"timesecs":	1782424961
		},
		"connecting_to":	{
			"host":	"54.227.41.78",
			"port":	5201
		},
		"cookie":	"s3p4ezoyo5yvmtozpllqnyfci7xvbmvave2x",
		"target_bitrate":	100000000,
		"fq_rate":	0,
		"sock_bufsize":	0,
		"sndbuf_actual":	212992,
		"rcvbuf_actual":	212992,
		"test_start":	{
			"protocol":	"UDP",
			"num_streams":	1,
			"blksize":	1448,
			"omit":	0,
			"duration":	30,
			"bytes":	0,
			"blocks":	0,
			"reverse":	0,
			"tos":	0,
			"target_bitrate":	100000000,
			"bidir":	0,
			"fqrate":	0
		}
	},
	"intervals":	[{
			"streams":	[{
					"socket":	5,
					"start":	0,
					"end":	1.000088,
					"seconds":	1.0000879764556885,
					"bytes":	12490448,
					"bits_per_second":	99914793.8505662,
					"packets":	8626,
					"omitted":	false,
					"sender":	true
				}],
			"sum":	{
				"start":	0,
				"end":	1.000088,
				"seconds":	1.0000879764556885,
				"bytes":	12490448,
				"bits_per_second":	99914793.8505662,
				"packets":	8626,
				"omitted":	false,
				"sender":	true
			}
		}, {
			"streams":	[{
					"socket":	5,
					"start":	1.000088,
					"end":	2.000146,
					"seconds":	1.0000580549240112,
					"bytes":	12499136,
					"bits_per_second":	99987283.24586907,
					"packets":	8632,
					"omitted":	false,
					"sender":	true
				}],
			"sum":	{
				"start":	1.000088,
				"end":	2.000146,
				"seconds":	1.0000580549240112,
				"bytes":	12499136,
				"bits_per_second":	99987283.24586907,
				"packets":	8632,
				"omitted":	false,
				"sender":	true
			}
		}, {
			"streams":	[{
					"socket":	5,
					"start":	2.000146,
					"end":	3.000115,
					"seconds":	0.9999690055847168,
					"bytes":	12500584,
					"bits_per_second":	100007771.68240707,
					"packets":	8633,
					"omitted":	false,
					"sender":	true
				}],
			"sum":	{
				"start":	2.000146,
				"end":	3.000115,
				"seconds":	0.9999690055847168,
				"bytes":	12500584,
				"bits_per_second":	100007771.68240707,
				"packets":	8633,
				"omitted":	false,
				"sender":	true
			}
		}, {
			"streams":	[{
					"socket":	5,
					"start":	3.000115,
					"end":	4.000111,
					"seconds":	0.9999960064888,
					"bytes":	12500584,
					"bits_per_second":	100005071.37137258,
					"packets":	8633,
					"omitted":	false,
					"sender":	true
				}],
			"sum":	{
				"start":	3.000115,
				"end":	4.000111,
				"seconds":	0.9999960064888,
				"bytes":	12500584,
				"bits_per_second":	100005071.37137258,
				"packets":	8633,
				"omitted":	false,
				"sender":	true
			}
		}, {
			"streams":	[{
					"socket":	5,
					"start":	4.000111,
					"end":	5.000101,
					"seconds":	0.99998998641967773,
					"bytes":	12499136,
					"bits_per_second":	99994089.298844948,
					"packets":	8632,
					"omitted":	false,
					"sender":	true
				}],
			"sum":	{
				"start":	4.000111,
				"end":	5.000101,
				"seconds":	0.99998998641967773,
				"bytes":	12499136,
				"bits_per_second":	99994089.298844948,
				"packets":	8632,
				"omitted":	false,
				"sender":	true
			}
		}, {
			"streams":	[{
					"socket":	5,
					"start":	5.000101,
					"end":	6.00009,
					"seconds":	0.99998897314071655,
					"bytes":	12500584,
					"bits_per_second":	100005774.7496057,
					"packets":	8633,
					"omitted":	false,
					"sender":	true
				}],
			"sum":	{
				"start":	5.000101,
				"end":	6.00009,
				"seconds":	0.99998897314071655,
				"bytes":	12500584,
				"bits_per_second":	100005774.7496057,
				"packets":	8633,
				"omitted":	false,
				"sender":	true
			}
		}, {
			"streams":	[{
					"socket":	5,
					"start":	6.00009,
					"end":	7.000093,
					"seconds":	1.0000029802322388,
					"bytes":	12499136,
					"bits_per_second":	99992789.9982636,
					"packets":	8632,
					"omitted":	false,
					"sender":	true
				}],
			"sum":	{
				"start":	6.00009,
				"end":	7.000093,
				"seconds":	1.0000029802322388,
				"bytes":	12499136,
				"bits_per_second":	99992789.9982636,
				"packets":	8632,
				"omitted":	false,
				"sender":	true
			}
		}, {
			"streams":	[{
					"socket":	5,
					"start":	7.000093,
					"end":	8.000129,
					"seconds":	1.0000360012054443,
					"bytes":	12500584,
					"bits_per_second":	100001071.840868,
					"packets":	8633,
					"omitted":	false,
					"sender":	true
				}],
			"sum":	{
				"start":	7.000093,
				"end":	8.000129,
				"seconds":	1.0000360012054443,
				"bytes":	12500584,
				"bits_per_second":	100001071.840868,
				"packets":	8633,
				"omitted":	false,
				"sender":	true
			}
		}, {
			"streams":	[{
					"socket":	5,
					"start":	8.000129,
					"end":	9.000093,
					"seconds":	0.99996399879455566,
					"bytes":	12499136,
					"bits_per_second":	99996688.0013085,
					"packets":	8632,
					"omitted":	false,
					"sender":	true
				}],
			"sum":	{
				"start":	8.000129,
				"end":	9.000093,
				"seconds":	0.99996399879455566,
				"bytes":	12499136,
				"bits_per_second":	99996688.0013085,
				"packets":	8632,
				"omitted":	false,
				"sender":	true
			}
		}, {
			"streams":	[{
					"socket":	5,
					"start":	9.000093,
					"end":	10.000106,
					"seconds":	1.000012993812561,
					"bytes":	12500584,
					"bits_per_second":	100003372.5749213,
					"packets":	8633,
					"omitted":	false,
					"sender":	true
				}],
			"sum":	{
				"start":	9.000093,
				"end":	10.000106,
				"seconds":	1.000012993812561,
				"bytes":	12500584,
				"bits_per_second":	100003372.5749213,
				"packets":	8633,
				"omitted":	false,
				"sender":	true
			}
		}, {
			"streams":	[{
					"socket":	5,
					"start":	10.000106,
					"end":	11.000095,
					"seconds":	0.99998897314071655,
					"bytes":	12499136,
					"bits_per_second":	99994190.621869147,
					"packets":	8632,
					"omitted":	false,
					"sender":	true
				}],
			"sum":	{
				"start":	10.000106,
				"end":	11.000095,
				"seconds":	0.99998897314071655,
				"bytes":	12499136,
				"bits_per_second":	99994190.621869147,
				"packets":	8632,
				"omitted":	false,
				"sender":	true
			}
		}, {
			"streams":	[{
					"socket":	5,
					"start":	11.000095,
					"end":	12.00015,
					"seconds":	1.0000549554824829,
					"bytes":	12502032,
					"bits_per_second":	100010759.86043839,
					"packets":	8634,
					"omitted":	false,
					"sender":	true
				}],
			"sum":	{
				"start":	11.000095,
				"end":	12.00015,
				"seconds":	1.0000549554824829,
				"bytes":	12502032,
				"bits_per_second":	100010759.86043839,
				"packets":	8634,
				"omitted":	false,
				"sender":	true
			}
		}, {
			"streams":	[{
					"socket":	5,
					"start":	12.00015,
					"end":	13.000095,
					"seconds":	0.99994498491287231,
					"bytes":	12499136,
					"bits_per_second":	99998589.4311102,
					"packets":	8632,
					"omitted":	false,
					"sender":	true
				}],
			"sum":	{
				"start":	12.00015,
				"end":	13.000095,
				"seconds":	0.99994498491287231,
				"bytes":	12499136,
				"bits_per_second":	99998589.4311102,
				"packets":	8632,
				"omitted":	false,
				"sender":	true
			}
		}, {
			"streams":	[{
					"socket":	5,
					"start":	13.000095,
					"end":	14.000147,
					"seconds":	1.0000519752502441,
					"bytes":	12500584,
					"bits_per_second":	99999474.502288461,
					"packets":	8633,
					"omitted":	false,
					"sender":	true
				}],
			"sum":	{
				"start":	13.000095,
				"end":	14.000147,
				"seconds":	1.0000519752502441,
				"bytes":	12500584,
				"bits_per_second":	99999474.502288461,
				"packets":	8633,
				"omitted":	false,
				"sender":	true
			}
		}, {
			"streams":	[{
					"socket":	5,
					"start":	14.000147,
					"end":	15.000149,
					"seconds":	1.0000020265579224,
					"bytes":	12499136,
					"bits_per_second":	99992885.358626,
					"packets":	8632,
					"omitted":	false,