{
	"start":	{
		"connected":	[{
				"socket":	5,
				"local_host":	"172.20.171.186",
				"local_port":	39849,
				"remote_host":	"54.227.41.78",
				"remote_port":	5201
			}],
		"version":	"iperf 3.16",
		"system_info":	"Linux DESKTOP-OR35M89 6.18.33.1-microsoft-standard-WSL2 #1 SMP PREEMPT_DYNAMIC Fri Jun  5 01:12:21 UTC 2026 x86_64",
		"timestamp":	{
			"time":	"Fri, 26 Jun 2026 00:29:08 GMT",
			"timesecs":	1782433748
		},
		"connecting_to":	{
			"host":	"54.227.41.78",
			"port":	5201
		},
		"cookie":	"yqbpdtdwngyq7xmeo5paodxijpqrorxu4c4n",
		"target_bitrate":	100000000,
		"fq_rate":	0,
		"sock_bufsize":	0,
		"sndbuf_actual":	212992,
		"rcvbuf_actual":	212992,
		"test_start":	{
			"protocol":	"UDP",
			"num_streams":	1,
			"blksize":	1448,
			"omit":	0,
			"duration":	30,
			"bytes":	0,
			"blocks":	0,
			"reverse":	0,
			"tos":	0,
			"target_bitrate":	100000000,
			"bidir":	0,
			"fqrate":	0
		}
	},
	"intervals":	[{
			"streams":	[{
					"socket":	5,
					"start":	0,
					"end":	1.000133,
					"seconds":	1.0001330375671387,
					"bytes":	12489000,
					"bits_per_second":	99898709.718698725,
					"packets":	8625,
					"omitted":	false,
					"sender":	true
				}],
			"sum":	{
				"start":	0,
				"end":	1.000133,
				"seconds":	1.0001330375671387,
				"bytes":	12489000,
				"bits_per_second":	99898709.718698725,
				"packets":	8625,
				"omitted":	false,
				"sender":	true
			}
		}, {
			"streams":	[{
					"socket":	5,
					"start":	1.000133,
					"end":	2.00013,
					"seconds":	0.99999701976776123,
					"bytes":	12500584,
					"bits_per_second":	100004970.03803575,
					"packets":	8633,
					"omitted":	false,
					"sender":	true
				}],
			"sum":	{
				"start":	1.000133,
				"end":	2.00013,
				"seconds":	0.99999701976776123,
				"bytes":	12500584,
				"bits_per_second":	100004970.03803575,
				"packets":	8633,
				"omitted":	false,
				"sender":	true
			}
		}, {
			"streams":	[{
					"socket":	5,
					"start":	2.00013,
					"end":	3.000099,
					"seconds":	0.9999690055847168,
					"bytes":	12500584,
					"bits_per_second":	100007771.68240707,
					"packets":	8633,
					"omitted":	false,
					"sender":	true
				}],
			"sum":	{
				"start":	2.00013,
				"end":	3.000099,
				"seconds":	0.9999690055847168,
				"bytes":	12500584,
				"bits_per_second":	100007771.68240707,
				"packets":	8633,
				"omitted":	false,
				"sender":	true
			}
		}, {
			"streams":	[{
					"socket":	5,
					"start":	3.000099,
					"end":	4.000099,
					"seconds":	1,
					"bytes":	12499136,
					"bits_per_second":	99993088,
					"packets":	8632,
					"omitted":	false,
					"sender":	true
				}],
			"sum":	{
				"start":	3.000099,
				"end":	4.000099,
				"seconds":	1,
				"bytes":	12499136,
				"bits_per_second":	99993088,
				"packets":	8632,
				"omitted":	false,
				"sender":	true
			}
		}, {
			"streams":	[{
					"socket":	5,
					"start":	4.000099,
					"end":	5.000177,
					"seconds":	1.0000779628753662,
					"bytes":	12500584,
					"bits_per_second":	99996875.956022829,
					"packets":	8633,
					"omitted":	false,
					"sender":	true
				}],
			"sum":	{
				"start":	4.000099,
				"end":	5.000177,
				"seconds":	1.0000779628753662,
				"bytes":	12500584,
				"bits_per_second":	99996875.956022829,
				"packets":	8633,
				"omitted":	false,
				"sender":	true
			}
		}, {
			"streams":	[{
					"socket":	5,
					"start":	5.000177,
					"end":	6.000144,
					"seconds":	0.99996697902679443,
					"bytes":	12499136,
					"bits_per_second":	99996389.978114128,
					"packets":	8632,
					"omitted":	false,
					"sender":	true
				}],
			"sum":	{
				"start":	5.000177,
				"end":	6.000144,
				"seconds":	0.99996697902679443,
				"bytes":	12499136,
				"bits_per_second":	99996389.978114128,
				"packets":	8632,
				"omitted":	false,
				"sender":	true
			}
		}, {
			"streams":	[{
					"socket":	5,
					"start":	6.000144,
					"end":	7.000103,
					"seconds":	0.99995899200439453,
					"bytes":	12500584,
					"bits_per_second":	100008773.15933022,
					"packets":	8633,
					"omitted":	false,
					"sender":	true
				}],
			"sum":	{
				"start":	6.000144,
				"end":	7.000103,
				"seconds":	0.99995899200439453,
				"bytes":	12500584,
				"bits_per_second":	100008773.15933022,
				"packets":	8633,
				"omitted":	false,
				"sender":	true
			}
		}, {
			"streams":	[{
					"socket":	5,
					"start":	7.000103,
					"end":	8.000088,
					"seconds":	0.9999849796295166,
					"bytes":	12500584,
					"bits_per_second":	100006174.12978606,
					"packets":	8633,
					"omitted":	false,
					"sender":	true
				}],
			"sum":	{
				"start":	7.000103,
				"end":	8.000088,
				"seconds":	0.9999849796295166,
				"bytes":	12500584,
				"bits_per_second":	100006174.12978606,
				"packets":	8633,
				"omitted":	false,
				"sender":	true
			}
		}, {
			"streams":	[{
					"socket":	5,
					"start":	8.000088,
					"end":	9.000145,
					"seconds":	1.0000569820404053,
					"bytes":	12499136,
					"bits_per_second":	99987390.5144737,
					"packets":	8632,
					"omitted":	false,
					"sender":	true
				}],
			"sum":	{
				"start":	8.000088,
				"end":	9.000145,
				"seconds":	1.0000569820404053,
				"bytes":	12499136,
				"bits_per_second":	99987390.5144737,
				"packets":	8632,
				"omitted":	false,
				"sender":	true
			}
		}, {
			"streams":	[{
					"socket":	5,
					"start":	9.000145,
					"end":	10.000088,
					"seconds":	0.99994301795959473,
					"bytes":	12500584,
					"bits_per_second":	100010370.79498959,
					"packets":	8633,
					"omitted":	false,
					"sender":	true
				}],
			"sum":	{
				"start":	9.000145,
				"end":	10.000088,
				"seconds":	0.99994301795959473,
				"bytes":	12500584,
				"bits_per_second":	100010370.79498959,
				"packets":	8633,
				"omitted":	false,
				"sender":	true
			}
		}, {
			"streams":	[{
					"socket":	5,
					"start":	10.000088,
					"end":	11.00016,
					"seconds":	1.0000720024108887,
					"bytes":	12499136,
					"bits_per_second":	99985888.77495335,
					"packets":	8632,
					"omitted":	false,
					"sender":	true
				}],
			"sum":	{
				"start":	10.000088,
				"end":	11.00016,
				"seconds":	1.0000720024108887,
				"bytes":	12499136,
				"bits_per_second":	99985888.77495335,
				"packets":	8632,
				"omitted":	false,
				"sender":	true
			}
		}, {
			"streams":	[{
					"socket":	5,
					"start":	11.00016,
					"end":	12.00028,
					"seconds":	1.0001200437545776,
					"bytes":	12500584,
					"bits_per_second":	99992668.504642472,
					"packets":	8633,
					"omitted":	false,
					"sender":	true
				}],
			"sum":	{
				"start":	11.00016,
				"end":	12.00028,
				"seconds":	1.0001200437545776,
				"bytes":	12500584,
				"bits_per_second":	99992668.504642472,
				"packets":	8633,
				"omitted":	false,
				"sender":	true
			}
		}, {
			"streams":	[{
					"socket":	5,
					"start":	12.00028,
					"end":	13.00013,
					"seconds":	0.99984997510910034,
					"bytes":	12499136,
					"bits_per_second":	100008091.70304683,
					"packets":	8632,
					"omitted":	false,
					"sender":	true
				}],
			"sum":	{
				"start":	12.00028,
				"end":	13.00013,
				"seconds":	0.99984997510910034,
				"bytes":	12499136,
				"bits_per_second":	100008091.70304683,
				"packets":	8632,
				"omitted":	false,
				"sender":	true
			}
		}, {
			"streams":	[{
					"socket":	5,
					"start":	13.00013,
					"end":	14.0001,
					"seconds":	0.999970018863678,
					"bytes":	12500584,
					"bits_per_second":	100007670.34359781,
					"packets":	8633,
					"omitted":	false,
					"sender":	true
				}],
			"sum":	{
				"start":	13.00013,
				"end":	14.0001,
				"seconds":	0.999970018863678,
				"bytes":	12500584,
				"bits_per_second":	100007670.34359781,
				"packets":	8633,
				"omitted":	false,
				"sender":	true
			}
		}, {
			"streams":	[{
					"socket":	5,
					"start":	14.0001,
					"end":	15.000147,
					"seconds":	1.000046968460083,
					"bytes":	12500584,
					"bits_per_second":	99999975.155158624,
					"packets":	8633,
					"omitted":	false,
					"sender":	true
				}],