{
	"start":	{
		"connected":	[{
				"socket":	5,
				"local_host":	"172.20.171.186",
				"local_port":	37928,
				"remote_host":	"54.227.41.78",
				"remote_port":	5201
			}],
		"version":	"iperf 3.16",
		"system_info":	"Linux DESKTOP-OR35M89 6.18.33.1-microsoft-standard-WSL2 #1 SMP PREEMPT_DYNAMIC Fri Jun  5 01:12:21 UTC 2026 x86_64",
		"timestamp":	{
			"time":	"Thu, 25 Jun 2026 21:34:23 GMT",
			"timesecs":	1782423263
		},
		"connecting_to":	{
			"host":	"54.227.41.78",
			"port":	5201
		},
		"cookie":	"lfnlqupqgt4figz73chfpqsa4fq62ieqxt5h",
		"target_bitrate":	100000000,
		"fq_rate":	0,
		"sock_bufsize":	0,
		"sndbuf_actual":	212992,
		"rcvbuf_actual":	212992,
		"test_start":	{
			"protocol":	"UDP",
			"num_streams":	1,
			"blksize":	1448,
			"omit":	0,
			"duration":	30,
			"bytes":	0,
			"blocks":	0,
			"reverse":	0,
			"tos":	0,
			"target_bitrate":	100000000,
			"bidir":	0,
			"fqrate":	0
		}
	},
	"intervals":	[{
			"streams":	[{
					"socket":	5,
					"start":	0,
					"end":	1.000102,
					"seconds":	1.0001020431518555,
					"bytes":	12490448,
					"bits_per_second":	99913388.522922561,
					"packets":	8626,
					"omitted":	false,
					"sender":	true
				}],
			"sum":	{
				"start":	0,
				"end":	1.000102,
				"seconds":	1.0001020431518555,
				"bytes":	12490448,
				"bits_per_second":	99913388.522922561,
				"packets":	8626,
				"omitted":	false,
				"sender":	true
			}
		}, {
			"streams":	[{
					"socket":	5,
					"start":	1.000102,
					"end":	2.000092,
					"seconds":	0.99998998641967773,
					"bytes":	12499136,
					"bits_per_second":	99994089.298844948,
					"packets":	8632,
					"omitted":	false,
					"sender":	true
				}],
			"sum":	{
				"start":	1.000102,
				"end":	2.000092,
				"seconds":	0.99998998641967773,
				"bytes":	12499136,
				"bits_per_second":	99994089.298844948,
				"packets":	8632,
				"omitted":	false,
				"sender":	true
			}
		}, {
			"streams":	[{
					"socket":	5,
					"start":	2.000092,
					"end":	3.000154,
					"seconds":	1.0000619888305664,
					"bytes":	12500584,
					"bits_per_second":	99998473.2115872,
					"packets":	8633,
					"omitted":	false,
					"sender":	true
				}],
			"sum":	{
				"start":	2.000092,
				"end":	3.000154,
				"seconds":	1.0000619888305664,
				"bytes":	12500584,
				"bits_per_second":	99998473.2115872,
				"packets":	8633,
				"omitted":	false,
				"sender":	true
			}
		}, {
			"streams":	[{
					"socket":	5,
					"start":	3.000154,
					"end":	4.00009,
					"seconds":	0.99993598461151123,
					"bytes":	12500584,
					"bits_per_second":	100011074.24777114,
					"packets":	8633,
					"omitted":	false,
					"sender":	true
				}],
			"sum":	{
				"start":	3.000154,
				"end":	4.00009,
				"seconds":	0.99993598461151123,
				"bytes":	12500584,
				"bits_per_second":	100011074.24777114,
				"packets":	8633,
				"omitted":	false,
				"sender":	true
			}
		}, {
			"streams":	[{
					"socket":	5,
					"start":	4.00009,
					"end":	5.000152,
					"seconds":	1.0000619888305664,
					"bytes":	12499136,
					"bits_per_second":	99986889.9296213,
					"packets":	8632,
					"omitted":	false,
					"sender":	true
				}],
			"sum":	{
				"start":	4.00009,
				"end":	5.000152,
				"seconds":	1.0000619888305664,
				"bytes":	12499136,
				"bits_per_second":	99986889.9296213,
				"packets":	8632,
				"omitted":	false,
				"sender":	true
			}
		}, {
			"streams":	[{
					"socket":	5,
					"start":	5.000152,
					"end":	6.000091,
					"seconds":	0.99993902444839478,
					"bytes":	12500584,
					"bits_per_second":	100010770.21188013,
					"packets":	8633,
					"omitted":	false,
					"sender":	true
				}],
			"sum":	{
				"start":	5.000152,
				"end":	6.000091,
				"seconds":	0.99993902444839478,
				"bytes":	12500584,
				"bits_per_second":	100010770.21188013,
				"packets":	8633,
				"omitted":	false,
				"sender":	true
			}
		}, {
			"streams":	[{
					"socket":	5,
					"start":	6.000091,
					"end":	7.000145,
					"seconds":	1.0000540018081665,
					"bytes":	12499136,
					"bits_per_second":	99987688.484027475,
					"packets":	8632,
					"omitted":	false,
					"sender":	true
				}],
			"sum":	{
				"start":	6.000091,
				"end":	7.000145,
				"seconds":	1.0000540018081665,
				"bytes":	12499136,
				"bits_per_second":	99987688.484027475,
				"packets":	8632,
				"omitted":	false,
				"sender":	true
			}
		}, {
			"streams":	[{
					"socket":	5,
					"start":	7.000145,
					"end":	8.000127,
					"seconds":	0.99998199939727783,
					"bytes":	12502032,
					"bits_per_second":	100018056.38529803,
					"packets":	8634,
					"omitted":	false,
					"sender":	true
				}],
			"sum":	{
				"start":	7.000145,
				"end":	8.000127,
				"seconds":	0.99998199939727783,
				"bytes":	12502032,
				"bits_per_second":	100018056.38529803,
				"packets":	8634,
				"omitted":	false,
				"sender":	true
			}
		}, {
			"streams":	[{
					"socket":	5,
					"start":	8.000127,
					"end":	9.000134,
					"seconds":	1.0000070333480835,
					"bytes":	12499136,
					"bits_per_second":	99992384.7187526,
					"packets":	8632,
					"omitted":	false,
					"sender":	true
				}],
			"sum":	{
				"start":	8.000127,
				"end":	9.000134,
				"seconds":	1.0000070333480835,
				"bytes":	12499136,
				"bits_per_second":	99992384.7187526,
				"packets":	8632,
				"omitted":	false,
				"sender":	true
			}
		}, {
			"streams":	[{
					"socket":	5,
					"start":	9.000134,
					"end":	10.000146,
					"seconds":	1.0000120401382446,
					"bytes":	12499136,
					"bits_per_second":	99991884.0838923,
					"packets":	8632,
					"omitted":	false,
					"sender":	true
				}],
			"sum":	{
				"start":	9.000134,
				"end":	10.000146,
				"seconds":	1.0000120401382446,
				"bytes":	12499136,
				"bits_per_second":	99991884.0838923,
				"packets":	8632,
				"omitted":	false,
				"sender":	true
			}
		}, {
			"streams":	[{
					"socket":	5,
					"start":	10.000146,
					"end":	11.000143,
					"seconds":	0.99999701976776123,
					"bytes":	12500584,
					"bits_per_second":	100004970.03803575,
					"packets":	8633,
					"omitted":	false,
					"sender":	true
				}],
			"sum":	{
				"start":	10.000146,
				"end":	11.000143,
				"seconds":	0.99999701976776123,
				"bytes":	12500584,
				"bits_per_second":	100004970.03803575,
				"packets":	8633,
				"omitted":	false,
				"sender":	true
			}
		}, {
			"streams":	[{
					"socket":	5,
					"start":	11.000143,
					"end":	12.000165,
					"seconds":	1.0000220537185669,
					"bytes":	12500584,
					"bits_per_second":	100002466.57374619,
					"packets":	8633,
					"omitted":	false,
					"sender":	true
				}],
			"sum":	{
				"start":	11.000143,
				"end":	12.000165,
				"seconds":	1.0000220537185669,
				"bytes":	12500584,
				"bits_per_second":	100002466.57374619,
				"packets":	8633,
				"omitted":	false,
				"sender":	true
			}
		}, {
			"streams":	[{
					"socket":	5,
					"start":	12.000165,
					"end":	13.000088,
					"seconds":	0.9999229907989502,
					"bytes":	12499136,
					"bits_per_second":	100000788.98086376,
					"packets":	8632,
					"omitted":	false,
					"sender":	true
				}],
			"sum":	{
				"start":	12.000165,
				"end":	13.000088,
				"seconds":	0.9999229907989502,
				"bytes":	12499136,
				"bits_per_second":	100000788.98086376,
				"packets":	8632,
				"omitted":	false,
				"sender":	true
			}
		}, {
			"streams":	[{
					"socket":	5,
					"start":	13.000088,
					"end":	14.000145,
					"seconds":	1.0000569820404053,
					"bytes":	12500584,
					"bits_per_second":	99998973.854431346,
					"packets":	8633,
					"omitted":	false,
					"sender":	true
				}],
			"sum":	{
				"start":	13.000088,
				"end":	14.000145,
				"seconds":	1.0000569820404053,
				"bytes":	12500584,
				"bits_per_second":	99998973.854431346,
				"packets":	8633,
				"omitted":	false,
				"sender":	true
			}
		}, {
			"streams":	[{
					"socket":	5,
					"start":	14.000145,
					"end":	15.000121,
					"seconds":	0.99997597932815552,
					"bytes":	12499136,
					"bits_per_second":	99995489.958850235,
					"packets":	8632,