{
	"start":	{
		"connected":	[{
				"socket":	5,
				"local_host":	"172.20.171.186",
				"local_port":	36812,
				"remote_host":	"54.227.41.78",
				"remote_port":	5201
			}],
		"version":	"iperf 3.16",
		"system_info":	"Linux DESKTOP-OR35M89 6.18.33.1-microsoft-standard-WSL2 #1 SMP PREEMPT_DYNAMIC Fri Jun  5 01:12:21 UTC 2026 x86_64",
		"timestamp":	{
			"time":	"Thu, 25 Jun 2026 23:23:22 GMT",
			"timesecs":	1782429802
		},
		"connecting_to":	{
			"host":	"54.227.41.78",
			"port":	5201
		},
		"cookie":	"znrfrhad2ez3jwynvbjc72i6zx5dxeodvusv",
		"target_bitrate":	100000000,
		"fq_rate":	0,
		"sock_bufsize":	0,
		"sndbuf_actual":	212992,
		"rcvbuf_actual":	212992,
		"test_start":	{
			"protocol":	"UDP",
			"num_streams":	1,
			"blksize":	1448,
			"omit":	0,
			"duration":	30,
			"bytes":	0,
			"blocks":	0,
			"reverse":	0,
			"tos":	0,
			"target_bitrate":	100000000,
			"bidir":	0,
			"fqrate":	0
		}
	},
	"intervals":	[{
			"streams":	[{
					"socket":	5,
					"start":	0,
					"end":	1.000111,
					"seconds":	1.0001109838485718,
					"bytes":	12490448,
					"bits_per_second":	99912495.3267482,
					"packets":	8626,
					"omitted":	false,
					"sender":	true
				}],
			"sum":	{
				"start":	0,
				"end":	1.000111,
				"seconds":	1.0001109838485718,
				"bytes":	12490448,
				"bits_per_second":	99912495.3267482,
				"packets":	8626,
				"omitted":	false,
				"sender":	true
			}
		}, {
			"streams":	[{
					"socket":	5,
					"start":	1.000111,
					"end":	2.000093,
					"seconds":	0.99998199939727783,
					"bytes":	12499136,
					"bits_per_second":	99994887.968252569,
					"packets":	8632,
					"omitted":	false,
					"sender":	true
				}],
			"sum":	{
				"start":	1.000111,
				"end":	2.000093,
				"seconds":	0.99998199939727783,
				"bytes":	12499136,
				"bits_per_second":	99994887.968252569,
				"packets":	8632,
				"omitted":	false,
				"sender":	true
			}
		}, {
			"streams":	[{
					"socket":	5,
					"start":	2.000093,
					"end":	3.0001,
					"seconds":	1.0000070333480835,
					"bytes":	12500584,
					"bits_per_second":	100003968.63727884,
					"packets":	8633,
					"omitted":	false,
					"sender":	true
				}],
			"sum":	{
				"start":	2.000093,
				"end":	3.0001,
				"seconds":	1.0000070333480835,
				"bytes":	12500584,
				"bits_per_second":	100003968.63727884,
				"packets":	8633,
				"omitted":	false,
				"sender":	true
			}
		}, {
			"streams":	[{
					"socket":	5,
					"start":	3.0001,
					"end":	4.000094,
					"seconds":	0.99999397993087769,
					"bytes":	12500584,
					"bits_per_second":	100005274.03866231,
					"packets":	8633,
					"omitted":	false,
					"sender":	true
				}],
			"sum":	{
				"start":	3.0001,
				"end":	4.000094,
				"seconds":	0.99999397993087769,
				"bytes":	12500584,
				"bits_per_second":	100005274.03866231,
				"packets":	8633,
				"omitted":	false,
				"sender":	true
			}
		}, {
			"streams":	[{
					"socket":	5,
					"start":	4.000094,
					"end":	5.000118,
					"seconds":	1.0000239610672,
					"bytes":	12499136,
					"bits_per_second":	99990692.116306856,
					"packets":	8632,
					"omitted":	false,
					"sender":	true
				}],
			"sum":	{
				"start":	4.000094,
				"end":	5.000118,
				"seconds":	1.0000239610672,
				"bytes":	12499136,
				"bits_per_second":	99990692.116306856,
				"packets":	8632,
				"omitted":	false,
				"sender":	true
			}
		}, {
			"streams":	[{
					"socket":	5,
					"start":	5.000118,
					"end":	6.000178,
					"seconds":	1.000059962272644,
					"bytes":	12500584,
					"bits_per_second":	99998675.8521345,
					"packets":	8633,
					"omitted":	false,
					"sender":	true
				}],
			"sum":	{
				"start":	5.000118,
				"end":	6.000178,
				"seconds":	1.000059962272644,
				"bytes":	12500584,
				"bits_per_second":	99998675.8521345,
				"packets":	8633,
				"omitted":	false,
				"sender":	true
			}
		}, {
			"streams":	[{
					"socket":	5,
					"start":	6.000178,
					"end":	7.000197,
					"seconds":	1.0000189542770386,
					"bytes":	12500584,
					"bits_per_second":	100002776.51966922,
					"packets":	8633,
					"omitted":	false,
					"sender":	true
				}],
			"sum":	{
				"start":	6.000178,
				"end":	7.000197,
				"seconds":	1.0000189542770386,
				"bytes":	12500584,
				"bits_per_second":	100002776.51966922,
				"packets":	8633,
				"omitted":	false,
				"sender":	true
			}
		}, {
			"streams":	[{
					"socket":	5,
					"start":	7.000197,
					"end":	8.000139,
					"seconds":	0.99994200468063354,
					"bytes":	12499136,
					"bits_per_second":	99998887.46741496,
					"packets":	8632,
					"omitted":	false,
					"sender":	true
				}],
			"sum":	{
				"start":	7.000197,
				"end":	8.000139,
				"seconds":	0.99994200468063354,
				"bytes":	12499136,
				"bits_per_second":	99998887.46741496,
				"packets":	8632,
				"omitted":	false,
				"sender":	true
			}
		}, {
			"streams":	[{
					"socket":	5,
					"start":	8.000139,
					"end":	9.000164,
					"seconds":	1.0000250339508057,
					"bytes":	12500584,
					"bits_per_second":	100002168.55063204,
					"packets":	8633,
					"omitted":	false,
					"sender":	true
				}],
			"sum":	{
				"start":	8.000139,
				"end":	9.000164,
				"seconds":	1.0000250339508057,
				"bytes":	12500584,
				"bits_per_second":	100002168.55063204,
				"packets":	8633,
				"omitted":	false,
				"sender":	true
			}
		}, {
			"streams":	[{
					"socket":	5,
					"start":	9.000164,
					"end":	10.000122,
					"seconds":	0.99995797872543335,
					"bytes":	12499136,
					"bits_per_second":	99997290.013579577,
					"packets":	8632,
					"omitted":	false,
					"sender":	true
				}],
			"sum":	{
				"start":	9.000164,
				"end":	10.000122,
				"seconds":	0.99995797872543335,
				"bytes":	12499136,
				"bits_per_second":	99997290.013579577,
				"packets":	8632,
				"omitted":	false,
				"sender":	true
			}
		}, {
			"streams":	[{
					"socket":	5,
					"start":	10.000122,
					"end":	11.0001,
					"seconds":	0.999978005886078,
					"bytes":	12500584,
					"bits_per_second":	100006871.56252614,
					"packets":	8633,
					"omitted":	false,
					"sender":	true
				}],
			"sum":	{
				"start":	10.000122,
				"end":	11.0001,
				"seconds":	0.999978005886078,
				"bytes":	12500584,
				"bits_per_second":	100006871.56252614,
				"packets":	8633,
				"omitted":	false,
				"sender":	true
			}
		}, {
			"streams":	[{
					"socket":	5,
					"start":	11.0001,
					"end":	12.000102,
					"seconds":	1.0000020265579224,
					"bytes":	12499136,
					"bits_per_second":	99992885.358626,
					"packets":	8632,
					"omitted":	false,
					"sender":	true
				}],
			"sum":	{
				"start":	11.0001,
				"end":	12.000102,
				"seconds":	1.0000020265579224,
				"bytes":	12499136,
				"bits_per_second":	99992885.358626,
				"packets":	8632,
				"omitted":	false,
				"sender":	true
			}
		}, {
			"streams":	[{
					"socket":	5,
					"start":	12.000102,
					"end":	13.000145,
					"seconds":	1.0000430345535278,
					"bytes":	12500584,
					"bits_per_second":	100000368.52878775,
					"packets":	8633,
					"omitted":	false,
					"sender":	true
				}],
			"sum":	{
				"start":	12.000102,
				"end":	13.000145,
				"seconds":	1.0000430345535278,
				"bytes":	12500584,
				"bits_per_second":	100000368.52878775,
				"packets":	8633,
				"omitted":	false,
				"sender":	true
			}
		}, {
			"streams":	[{
					"socket":	5,
					"start":	13.000145,
					"end":	14.000142,
					"seconds":	0.99999701976776123,
					"bytes":	12499136,
					"bits_per_second":	99993386.003512636,
					"packets":	8632,
					"omitted":	false,
					"sender":	true
				}],
			"sum":	{
				"start":	13.000145,
				"end":	14.000142,
				"seconds":	0.99999701976776123,
				"bytes":	12499136,
				"bits_per_second":	99993386.003512636,
				"packets":	8632,
				"omitted":	false,
				"sender":	true
			}
		}, {
			"streams":	[{
					"socket":	5,
					"start":	14.000142,
					"end":	15.000148,
					"seconds":	1.0000059604644775,
					"bytes":	12500584,
					"bits_per_second":	100004075.92925781,
					"packets":	8633,
					"omitted":	false,