{
	"start":	{
		"connected":	[{
				"socket":	5,
				"local_host":	"172.20.171.186",
				"local_port":	54522,
				"remote_host":	"54.227.41.78",
				"remote_port":	5201
			}],
		"version":	"iperf 3.16",
		"system_info":	"Linux DESKTOP-OR35M89 6.18.33.1-microsoft-standard-WSL2 #1 SMP PREEMPT_DYNAMIC Fri Jun  5 01:12:21 UTC 2026 x86_64",
		"timestamp":	{
			"time":	"Thu, 25 Jun 2026 22:43:01 GMT",
			"timesecs":	1782427381
		},
		"connecting_to":	{
			"host":	"54.227.41.78",
			"port":	5201
		},
		"cookie":	"256gsqt5dz3ormktfkrcwiihpzuinmeidteo",
		"target_bitrate":	100000000,
		"fq_rate":	0,
		"sock_bufsize":	0,
		"sndbuf_actual":	212992,
		"rcvbuf_actual":	212992,
		"test_start":	{
			"protocol":	"UDP",
			"num_streams":	1,
			"blksize":	1448,
			"omit":	0,
			"duration":	30,
			"bytes":	0,
			"blocks":	0,
			"reverse":	0,
			"tos":	0,
			"target_bitrate":	100000000,
			"bidir":	0,
			"fqrate":	0
		}
	},
	"intervals":	[{
			"streams":	[{
					"socket":	5,
					"start":	0,
					"end":	1.000136,
					"seconds":	1.0001360177993774,
					"bytes":	12490448,
					"bits_per_second":	99909994.4624174,
					"packets":	8626,
					"omitted":	false,
					"sender":	true
				}],
			"sum":	{
				"start":	0,
				"end":	1.000136,
				"seconds":	1.0001360177993774,
				"bytes":	12490448,
				"bits_per_second":	99909994.4624174,
				"packets":	8626,
				"omitted":	false,
				"sender":	true
			}
		}, {
			"streams":	[{
					"socket":	5,
					"start":	1.000136,
					"end":	2.000152,
					"seconds":	1.0000159740448,
					"bytes":	12499136,
					"bits_per_second":	99991490.731447458,
					"packets":	8632,
					"omitted":	false,
					"sender":	true
				}],
			"sum":	{
				"start":	1.000136,
				"end":	2.000152,
				"seconds":	1.0000159740448,
				"bytes":	12499136,
				"bits_per_second":	99991490.731447458,
				"packets":	8632,
				"omitted":	false,
				"sender":	true
			}
		}, {
			"streams":	[{
					"socket":	5,
					"start":	2.000152,
					"end":	3.0002,
					"seconds":	1.000048041343689,
					"bytes":	12502032,
					"bits_per_second":	100011451.31549452,
					"packets":	8634,
					"omitted":	false,
					"sender":	true
				}],
			"sum":	{
				"start":	2.000152,
				"end":	3.0002,
				"seconds":	1.000048041343689,
				"bytes":	12502032,
				"bits_per_second":	100011451.31549452,
				"packets":	8634,
				"omitted":	false,
				"sender":	true
			}
		}, {
			"streams":	[{
					"socket":	5,
					"start":	3.0002,
					"end":	4.000178,
					"seconds":	0.999978005886078,
					"bytes":	12500584,
					"bits_per_second":	100006871.56252614,
					"packets":	8633,
					"omitted":	false,
					"sender":	true
				}],
			"sum":	{
				"start":	3.0002,
				"end":	4.000178,
				"seconds":	0.999978005886078,
				"bytes":	12500584,
				"bits_per_second":	100006871.56252614,
				"packets":	8633,
				"omitted":	false,
				"sender":	true
			}
		}, {
			"streams":	[{
					"socket":	5,
					"start":	4.000178,
					"end":	5.00014,
					"seconds":	0.9999619722366333,
					"bytes":	12497688,
					"bits_per_second":	99985306.217565,
					"packets":	8631,
					"omitted":	false,
					"sender":	true
				}],
			"sum":	{
				"start":	4.000178,
				"end":	5.00014,
				"seconds":	0.9999619722366333,
				"bytes":	12497688,
				"bits_per_second":	99985306.217565,
				"packets":	8631,
				"omitted":	false,
				"sender":	true
			}
		}, {
			"streams":	[{
					"socket":	5,
					"start":	5.00014,
					"end":	6.000111,
					"seconds":	0.99997097253799438,
					"bytes":	12500584,
					"bits_per_second":	100007574.9660826,
					"packets":	8633,
					"omitted":	false,
					"sender":	true
				}],
			"sum":	{
				"start":	5.00014,
				"end":	6.000111,
				"seconds":	0.99997097253799438,
				"bytes":	12500584,
				"bits_per_second":	100007574.9660826,
				"packets":	8633,
				"omitted":	false,
				"sender":	true
			}
		}, {
			"streams":	[{
					"socket":	5,
					"start":	6.000111,
					"end":	7.000112,
					"seconds":	1.0000009536743164,
					"bytes":	12500584,
					"bits_per_second":	100004576.62820375,
					"packets":	8633,
					"omitted":	false,
					"sender":	true
				}],
			"sum":	{
				"start":	6.000111,
				"end":	7.000112,
				"seconds":	1.0000009536743164,
				"bytes":	12500584,
				"bits_per_second":	100004576.62820375,
				"packets":	8633,
				"omitted":	false,
				"sender":	true
			}
		}, {
			"streams":	[{
					"socket":	5,
					"start":	7.000112,
					"end":	8.000224,
					"seconds":	1.0001120567321777,
					"bytes":	12502032,
					"bits_per_second":	100005049.76092252,
					"packets":	8634,
					"omitted":	false,
					"sender":	true
				}],
			"sum":	{
				"start":	7.000112,
				"end":	8.000224,
				"seconds":	1.0001120567321777,
				"bytes":	12502032,
				"bits_per_second":	100005049.76092252,
				"packets":	8634,
				"omitted":	false,
				"sender":	true
			}
		}, {
			"streams":	[{
					"socket":	5,
					"start":	8.000224,
					"end":	9.000173,
					"seconds":	0.99994897842407227,
					"bytes":	12497688,
					"bits_per_second":	99986605.474182963,
					"packets":	8631,
					"omitted":	false,
					"sender":	true
				}],
			"sum":	{
				"start":	8.000224,
				"end":	9.000173,
				"seconds":	0.99994897842407227,
				"bytes":	12497688,
				"bits_per_second":	99986605.474182963,
				"packets":	8631,
				"omitted":	false,
				"sender":	true
			}
		}, {
			"streams":	[{
					"socket":	5,
					"start":	9.000173,
					"end":	10.000156,
					"seconds":	0.999983012676239,
					"bytes":	12500584,
					"bits_per_second":	100006370.84059963,
					"packets":	8633,
					"omitted":	false,
					"sender":	true
				}],
			"sum":	{
				"start":	9.000173,
				"end":	10.000156,
				"seconds":	0.999983012676239,
				"bytes":	12500584,
				"bits_per_second":	100006370.84059963,
				"packets":	8633,
				"omitted":	false,
				"sender":	true
			}
		}, {
			"streams":	[{
					"socket":	5,
					"start":	10.000156,
					"end":	11.000141,
					"seconds":	0.9999849796295166,
					"bytes":	12497688,
					"bits_per_second":	99983005.7817889,
					"packets":	8631,
					"omitted":	false,
					"sender":	true
				}],
			"sum":	{
				"start":	10.000156,
				"end":	11.000141,
				"seconds":	0.9999849796295166,
				"bytes":	12497688,
				"bits_per_second":	99983005.7817889,
				"packets":	8631,
				"omitted":	false,
				"sender":	true
			}
		}, {
			"streams":	[{
					"socket":	5,
					"start":	11.000141,
					"end":	12.000135,
					"seconds":	0.99999397993087769,
					"bytes":	12500584,
					"bits_per_second":	100005274.03866231,
					"packets":	8633,
					"omitted":	false,
					"sender":	true
				}],
			"sum":	{
				"start":	11.000141,
				"end":	12.000135,
				"seconds":	0.99999397993087769,
				"bytes":	12500584,
				"bits_per_second":	100005274.03866231,
				"packets":	8633,
				"omitted":	false,
				"sender":	true
			}
		}, {
			"streams":	[{
					"socket":	5,
					"start":	12.000135,
					"end":	13.000182,
					"seconds":	1.000046968460083,
					"bytes":	12502032,
					"bits_per_second":	100011558.61110154,
					"packets":	8634,
					"omitted":	false,
					"sender":	true
				}],
			"sum":	{
				"start":	12.000135,
				"end":	13.000182,
				"seconds":	1.000046968460083,
				"bytes":	12502032,
				"bits_per_second":	100011558.61110154,
				"packets":	8634,
				"omitted":	false,
				"sender":	true
			}
		}, {
			"streams":	[{
					"socket":	5,
					"start":	13.000182,
					"end":	14.000177,
					"seconds":	0.999994993209839,
					"bytes":	12500584,
					"bits_per_second":	100005172.70491476,
					"packets":	8633,
					"omitted":	false,
					"sender":	true
				}],
			"sum":	{
				"start":	13.000182,
				"end":	14.000177,
				"seconds":	0.999994993209839,
				"bytes":	12500584,
				"bits_per_second":	100005172.70491476,
				"packets":	8633,
				"omitted":	false,
				"sender":	true
			}
		}, {
			"streams":	[{
					"socket":	5,
					"start":	14.000177,
					"end":	15.000185,
					"seconds":	1.0000079870224,
					"bytes":	12499136,
					"bits_per_second":	99992289.359345064,
					"packets":	8632,
					"omitted":	false,