{
	"start":	{
		"connected":	[{
				"socket":	5,
				"local_host":	"172.20.171.186",
				"local_port":	51724,
				"remote_host":	"54.227.41.78",
				"remote_port":	5201
			}],
		"version":	"iperf 3.16",
		"system_info":	"Linux DESKTOP-OR35M89 6.18.33.1-microsoft-standard-WSL2 #1 SMP PREEMPT_DYNAMIC Fri Jun  5 01:12:21 UTC 2026 x86_64",
		"timestamp":	{
			"time":	"Thu, 25 Jun 2026 22:08:39 GMT",
			"timesecs":	1782425319
		},
		"connecting_to":	{
			"host":	"54.227.41.78",
			"port":	5201
		},
		"cookie":	"akkpzqrhcglffcgzmo4xlwymcplwnmpfg24y",
		"target_bitrate":	100000000,
		"fq_rate":	0,
		"sock_bufsize":	0,
		"sndbuf_actual":	212992,
		"rcvbuf_actual":	212992,
		"test_start":	{
			"protocol":	"UDP",
			"num_streams":	1,
			"blksize":	1448,
			"omit":	0,
			"duration":	30,
			"bytes":	0,
			"blocks":	0,
			"reverse":	0,
			"tos":	0,
			"target_bitrate":	100000000,
			"bidir":	0,
			"fqrate":	0
		}
	},
	"intervals":	[{
			"streams":	[{
					"socket":	5,
					"start":	0,
					"end":	1.00014,
					"seconds":	1.0001399517059326,
					"bytes":	12490448,
					"bits_per_second":	99909601.4808337,
					"packets":	8626,
					"omitted":	false,
					"sender":	true
				}],
			"sum":	{
				"start":	0,
				"end":	1.00014,
				"seconds":	1.0001399517059326,
				"bytes":	12490448,
				"bits_per_second":	99909601.4808337,
				"packets":	8626,
				"omitted":	false,
				"sender":	true
			}
		}, {
			"streams":	[{
					"socket":	5,
					"start":	1.00014,
					"end":	2.000133,
					"seconds":	0.99999302625656128,
					"bytes":	12500584,
					"bits_per_second":	100005369.41178878,
					"packets":	8633,
					"omitted":	false,
					"sender":	true
				}],
			"sum":	{
				"start":	1.00014,
				"end":	2.000133,
				"seconds":	0.99999302625656128,
				"bytes":	12500584,
				"bits_per_second":	100005369.41178878,
				"packets":	8633,
				"omitted":	false,
				"sender":	true
			}
		}, {
			"streams":	[{
					"socket":	5,
					"start":	2.000133,
					"end":	3.000117,
					"seconds":	0.9999840259552002,
					"bytes":	12499136,
					"bits_per_second":	99994685.319583043,
					"packets":	8632,
					"omitted":	false,
					"sender":	true
				}],
			"sum":	{
				"start":	2.000133,
				"end":	3.000117,
				"seconds":	0.9999840259552002,
				"bytes":	12499136,
				"bits_per_second":	99994685.319583043,
				"packets":	8632,
				"omitted":	false,
				"sender":	true
			}
		}, {
			"streams":	[{
					"socket":	5,
					"start":	3.000117,
					"end":	4.000149,
					"seconds":	1.0000319480895996,
					"bytes":	12500584,
					"bits_per_second":	100001477.14384812,
					"packets":	8633,
					"omitted":	false,
					"sender":	true
				}],
			"sum":	{
				"start":	3.000117,
				"end":	4.000149,
				"seconds":	1.0000319480895996,
				"bytes":	12500584,
				"bits_per_second":	100001477.14384812,
				"packets":	8633,
				"omitted":	false,
				"sender":	true
			}
		}, {
			"streams":	[{
					"socket":	5,
					"start":	4.000149,
					"end":	5.000099,
					"seconds":	0.99994999170303345,
					"bytes":	12500584,
					"bits_per_second":	100009673.31344259,
					"packets":	8633,
					"omitted":	false,
					"sender":	true
				}],
			"sum":	{
				"start":	4.000149,
				"end":	5.000099,
				"seconds":	0.99994999170303345,
				"bytes":	12500584,
				"bits_per_second":	100009673.31344259,
				"packets":	8633,
				"omitted":	false,
				"sender":	true
			}
		}, {
			"streams":	[{
					"socket":	5,
					"start":	5.000099,
					"end":	6.000113,
					"seconds":	1.0000139474868774,
					"bytes":	12499136,
					"bits_per_second":	99991693.3671689,
					"packets":	8632,
					"omitted":	false,
					"sender":	true
				}],
			"sum":	{
				"start":	5.000099,
				"end":	6.000113,
				"seconds":	1.0000139474868774,
				"bytes":	12499136,
				"bits_per_second":	99991693.3671689,
				"packets":	8632,
				"omitted":	false,
				"sender":	true
			}
		}, {
			"streams":	[{
					"socket":	5,
					"start":	6.000113,
					"end":	7.00009,
					"seconds":	0.9999769926071167,
					"bytes":	12499136,
					"bits_per_second":	99995388.6331928,
					"packets":	8632,
					"omitted":	false,
					"sender":	true
				}],
			"sum":	{
				"start":	6.000113,
				"end":	7.00009,
				"seconds":	0.9999769926071167,
				"bytes":	12499136,
				"bits_per_second":	99995388.6331928,
				"packets":	8632,
				"omitted":	false,
				"sender":	true
			}
		}, {
			"streams":	[{
					"socket":	5,
					"start":	7.00009,
					"end":	8.000149,
					"seconds":	1.0000590085983276,
					"bytes":	12500584,
					"bits_per_second":	99998771.212676257,
					"packets":	8633,
					"omitted":	false,
					"sender":	true
				}],
			"sum":	{
				"start":	7.00009,
				"end":	8.000149,
				"seconds":	1.0000590085983276,
				"bytes":	12500584,
				"bits_per_second":	99998771.212676257,
				"packets":	8633,
				"omitted":	false,
				"sender":	true
			}
		}, {
			"streams":	[{
					"socket":	5,
					"start":	8.000149,
					"end":	9.000137,
					"seconds":	0.9999880194664,
					"bytes":	12500584,
					"bits_per_second":	100005870.12368719,
					"packets":	8633,
					"omitted":	false,
					"sender":	true
				}],
			"sum":	{
				"start":	8.000149,
				"end":	9.000137,
				"seconds":	0.9999880194664,
				"bytes":	12500584,
				"bits_per_second":	100005870.12368719,
				"packets":	8633,
				"omitted":	false,
				"sender":	true
			}
		}, {
			"streams":	[{
					"socket":	5,
					"start":	9.000137,
					"end":	10.000133,
					"seconds":	0.9999960064888,
					"bytes":	12499136,
					"bits_per_second":	99993487.325111553,
					"packets":	8632,
					"omitted":	false,
					"sender":	true
				}],
			"sum":	{
				"start":	9.000137,
				"end":	10.000133,
				"seconds":	0.9999960064888,
				"bytes":	12499136,
				"bits_per_second":	99993487.325111553,
				"packets":	8632,
				"omitted":	false,
				"sender":	true
			}
		}, {
			"streams":	[{
					"socket":	5,
					"start":	10.000133,
					"end":	11.000118,
					"seconds":	0.9999849796295166,
					"bytes":	12500584,
					"bits_per_second":	100006174.12978606,
					"packets":	8633,
					"omitted":	false,
					"sender":	true
				}],
			"sum":	{
				"start":	10.000133,
				"end":	11.000118,
				"seconds":	0.9999849796295166,
				"bytes":	12500584,
				"bits_per_second":	100006174.12978606,
				"packets":	8633,
				"omitted":	false,
				"sender":	true
			}
		}, {
			"streams":	[{
					"socket":	5,
					"start":	11.000118,
					"end":	12.000115,
					"seconds":	0.99999701976776123,
					"bytes":	12500584,
					"bits_per_second":	100004970.03803575,
					"packets":	8633,
					"omitted":	false,
					"sender":	true
				}],
			"sum":	{
				"start":	11.000118,
				"end":	12.000115,
				"seconds":	0.99999701976776123,
				"bytes":	12500584,
				"bits_per_second":	100004970.03803575,
				"packets":	8633,
				"omitted":	false,
				"sender":	true
			}
		}, {
			"streams":	[{
					"socket":	5,
					"start":	12.000115,
					"end":	13.000136,
					"seconds":	1.0000209808349609,
					"bytes":	12499136,
					"bits_per_second":	99990990.105539,
					"packets":	8632,
					"omitted":	false,
					"sender":	true
				}],
			"sum":	{
				"start":	12.000115,
				"end":	13.000136,
				"seconds":	1.0000209808349609,
				"bytes":	12499136,
				"bits_per_second":	99990990.105539,
				"packets":	8632,
				"omitted":	false,
				"sender":	true
			}
		}, {
			"streams":	[{
					"socket":	5,
					"start":	13.000136,
					"end":	14.00014,
					"seconds":	1.0000040531158447,
					"bytes":	12500584,
					"bits_per_second":	100004266.67112221,
					"packets":	8633,
					"omitted":	false,
					"sender":	true
				}],
			"sum":	{
				"start":	13.000136,
				"end":	14.00014,
				"seconds":	1.0000040531158447,
				"bytes":	12500584,
				"bits_per_second":	100004266.67112221,
				"packets":	8633,
				"omitted":	false,
				"sender":	true
			}
		}, {
			"streams":	[{
					"socket":	5,
					"start":	14.00014,
					"end":	15.000413,
					"seconds":	1.0002729892730713,
					"bytes":	12509272,
					"bits_per_second":	100046864.27924734,
					"packets":	8639,
					"omitted":	false,