{
	"start":	{
		"connected":	[{
				"socket":	5,
				"local_host":	"172.20.171.186",
				"local_port":	47261,
				"remote_host":	"54.227.41.78",
				"remote_port":	5201
			}],
		"version":	"iperf 3.16",
		"system_info":	"Linux DESKTOP-OR35M89 6.18.33.1-microsoft-standard-WSL2 #1 SMP PREEMPT_DYNAMIC Fri Jun  5 01:12:21 UTC 2026 x86_64",
		"timestamp":	{
			"time":	"Thu, 25 Jun 2026 21:42:31 GMT",
			"timesecs":	1782423751
		},
		"connecting_to":	{
			"host":	"54.227.41.78",
			"port":	5201
		},
		"cookie":	"jdx7bz42wdtvi335xm5wydzgbxz7potzonzi",
		"target_bitrate":	100000000,
		"fq_rate":	0,
		"sock_bufsize":	0,
		"sndbuf_actual":	212992,
		"rcvbuf_actual":	212992,
		"test_start":	{
			"protocol":	"UDP",
			"num_streams":	1,
			"blksize":	1448,
			"omit":	0,
			"duration":	30,
			"bytes":	0,
			"blocks":	0,
			"reverse":	0,
			"tos":	0,
			"target_bitrate":	100000000,
			"bidir":	0,
			"fqrate":	0
		}
	},
	"intervals":	[{
			"streams":	[{
					"socket":	5,
					"start":	0,
					"end":	1.000086,
					"seconds":	1.0000859498977661,
					"bytes":	12490448,
					"bits_per_second":	99914996.3162813,
					"packets":	8626,
					"omitted":	false,
					"sender":	true
				}],
			"sum":	{
				"start":	0,
				"end":	1.000086,
				"seconds":	1.0000859498977661,
				"bytes":	12490448,
				"bits_per_second":	99914996.3162813,
				"packets":	8626,
				"omitted":	false,
				"sender":	true
			}
		}, {
			"streams":	[{
					"socket":	5,
					"start":	1.000086,
					"end":	2.000086,
					"seconds":	1,
					"bytes":	12500584,
					"bits_per_second":	100004672,
					"packets":	8633,
					"omitted":	false,
					"sender":	true
				}],
			"sum":	{
				"start":	1.000086,
				"end":	2.000086,
				"seconds":	1,
				"bytes":	12500584,
				"bits_per_second":	100004672,
				"packets":	8633,
				"omitted":	false,
				"sender":	true
			}
		}, {
			"streams":	[{
					"socket":	5,
					"start":	2.000086,
					"end":	3.000125,
					"seconds":	1.0000389814376831,
					"bytes":	12499136,
					"bits_per_second":	99989190.2776102,
					"packets":	8632,
					"omitted":	false,
					"sender":	true
				}],
			"sum":	{
				"start":	2.000086,
				"end":	3.000125,
				"seconds":	1.0000389814376831,
				"bytes":	12499136,
				"bits_per_second":	99989190.2776102,
				"packets":	8632,
				"omitted":	false,
				"sender":	true
			}
		}, {
			"streams":	[{
					"socket":	5,
					"start":	3.000125,
					"end":	4.000143,
					"seconds":	1.0000180006027222,
					"bytes":	12502032,
					"bits_per_second":	100014455.67951684,
					"packets":	8634,
					"omitted":	false,
					"sender":	true
				}],
			"sum":	{
				"start":	3.000125,
				"end":	4.000143,
				"seconds":	1.0000180006027222,
				"bytes":	12502032,
				"bits_per_second":	100014455.67951684,
				"packets":	8634,
				"omitted":	false,
				"sender":	true
			}
		}, {
			"streams":	[{
					"socket":	5,
					"start":	4.000143,
					"end":	5.000102,
					"seconds":	0.99995899200439453,
					"bytes":	12497688,
					"bits_per_second":	99985604.209218025,
					"packets":	8631,
					"omitted":	false,
					"sender":	true
				}],
			"sum":	{
				"start":	4.000143,
				"end":	5.000102,
				"seconds":	0.99995899200439453,
				"bytes":	12497688,
				"bits_per_second":	99985604.209218025,
				"packets":	8631,
				"omitted":	false,
				"sender":	true
			}
		}, {
			"streams":	[{
					"socket":	5,
					"start":	5.000102,
					"end":	6.000088,
					"seconds":	0.99998599290847778,
					"bytes":	12499136,
					"bits_per_second":	99994488.631954,
					"packets":	8632,
					"omitted":	false,
					"sender":	true
				}],
			"sum":	{
				"start":	5.000102,
				"end":	6.000088,
				"seconds":	0.99998599290847778,
				"bytes":	12499136,
				"bits_per_second":	99994488.631954,
				"packets":	8632,
				"omitted":	false,
				"sender":	true
			}
		}, {
			"streams":	[{
					"socket":	5,
					"start":	6.000088,
					"end":	7.000086,
					"seconds":	0.99999797344207764,
					"bytes":	12502032,
					"bits_per_second":	100016458.68914673,
					"packets":	8634,
					"omitted":	false,
					"sender":	true
				}],
			"sum":	{
				"start":	6.000088,
				"end":	7.000086,
				"seconds":	0.99999797344207764,
				"bytes":	12502032,
				"bits_per_second":	100016458.68914673,
				"packets":	8634,
				"omitted":	false,
				"sender":	true
			}
		}, {
			"streams":	[{
					"socket":	5,
					"start":	7.000086,
					"end":	8.000214,
					"seconds":	1.0001280307769775,
					"bytes":	12500584,
					"bits_per_second":	99991869.963197172,
					"packets":	8633,
					"omitted":	false,
					"sender":	true
				}],
			"sum":	{
				"start":	7.000086,
				"end":	8.000214,
				"seconds":	1.0001280307769775,
				"bytes":	12500584,
				"bits_per_second":	99991869.963197172,
				"packets":	8633,
				"omitted":	false,
				"sender":	true
			}
		}, {
			"streams":	[{
					"socket":	5,
					"start":	8.000214,
					"end":	9.000125,
					"seconds":	0.99991101026535034,
					"bytes":	12499136,
					"bits_per_second":	100001987.15030095,
					"packets":	8632,
					"omitted":	false,
					"sender":	true
				}],
			"sum":	{
				"start":	8.000214,
				"end":	9.000125,
				"seconds":	0.99991101026535034,
				"bytes":	12499136,
				"bits_per_second":	100001987.15030095,
				"packets":	8632,
				"omitted":	false,
				"sender":	true
			}
		}, {
			"streams":	[{
					"socket":	5,
					"start":	9.000125,
					"end":	10.000088,
					"seconds":	0.99996298551559448,
					"bytes":	12499136,
					"bits_per_second":	99996789.329599246,
					"packets":	8632,
					"omitted":	false,
					"sender":	true
				}],
			"sum":	{
				"start":	9.000125,
				"end":	10.000088,
				"seconds":	0.99996298551559448,
				"bytes":	12499136,
				"bits_per_second":	99996789.329599246,
				"packets":	8632,
				"omitted":	false,
				"sender":	true
			}
		}, {
			"streams":	[{
					"socket":	5,
					"start":	10.000088,
					"end":	11.000088,
					"seconds":	1,
					"bytes":	12500584,
					"bits_per_second":	100004672,
					"packets":	8633,
					"omitted":	false,
					"sender":	true
				}],
			"sum":	{
				"start":	10.000088,
				"end":	11.000088,
				"seconds":	1,
				"bytes":	12500584,
				"bits_per_second":	100004672,
				"packets":	8633,
				"omitted":	false,
				"sender":	true
			}
		}, {
			"streams":	[{
					"socket":	5,
					"start":	11.000088,
					"end":	12.000097,
					"seconds":	1.0000089406967163,
					"bytes":	12499136,
					"bits_per_second":	99992194.000119448,
					"packets":	8632,
					"omitted":	false,
					"sender":	true
				}],
			"sum":	{
				"start":	11.000088,
				"end":	12.000097,
				"seconds":	1.0000089406967163,
				"bytes":	12499136,
				"bits_per_second":	99992194.000119448,
				"packets":	8632,
				"omitted":	false,
				"sender":	true
			}
		}, {
			"streams":	[{
					"socket":	5,
					"start":	12.000097,
					"end":	13.000194,
					"seconds":	1.0000970363616943,
					"bytes":	12502032,
					"bits_per_second":	100006551.72807471,
					"packets":	8634,
					"omitted":	false,
					"sender":	true
				}],
			"sum":	{
				"start":	12.000097,
				"end":	13.000194,
				"seconds":	1.0000970363616943,
				"bytes":	12502032,
				"bits_per_second":	100006551.72807471,
				"packets":	8634,
				"omitted":	false,
				"sender":	true
			}
		}, {
			"streams":	[{
					"socket":	5,
					"start":	13.000194,
					"end":	14.000085,
					"seconds":	0.99989098310470581,
					"bytes":	12499136,
					"bits_per_second":	100003990.12452041,
					"packets":	8632,
					"omitted":	false,
					"sender":	true
				}],
			"sum":	{
				"start":	13.000194,
				"end":	14.000085,
				"seconds":	0.99989098310470581,
				"bytes":	12499136,
				"bits_per_second":	100003990.12452041,
				"packets":	8632,
				"omitted":	false,
				"sender":	true
			}
		}, {
			"streams":	[{
					"socket":	5,
					"start":	14.000085,
					"end":	15.000091,
					"seconds":	1.0000059604644775,
					"bytes":	12499136,
					"bits_per_second":	99992491.998303428,
					"packets":	8632,
					"omitted":	false,
					"sender":	true
				}],
			"sum":	{
				"start":	14.000085,
				"end":	15.000091,