{
	"start":	{
		"connected":	[{
				"socket":	5,
				"local_host":	"172.20.171.186",
				"local_port":	52583,
				"remote_host":	"54.227.41.78",
				"remote_port":	5201
			}],
		"version":	"iperf 3.16",
		"system_info":	"Linux DESKTOP-OR35M89 6.18.33.1-microsoft-standard-WSL2 #1 SMP PREEMPT_DYNAMIC Fri Jun  5 01:12:21 UTC 2026 x86_64",
		"timestamp":	{
			"time":	"Thu, 25 Jun 2026 23:15:10 GMT",
			"timesecs":	1782429310
		},
		"connecting_to":	{
			"host":	"54.227.41.78",
			"port":	5201
		},
		"cookie":	"pgmx34zhbrkyhogrbycvorno2mxky2cwcu5e",
		"target_bitrate":	100000000,
		"fq_rate":	0,
		"sock_bufsize":	0,
		"sndbuf_actual":	212992,
		"rcvbuf_actual":	212992,
		"test_start":	{
			"protocol":	"UDP",
			"num_streams":	1,
			"blksize":	1448,
			"omit":	0,
			"duration":	30,
			"bytes":	0,
			"blocks":	0,
			"reverse":	0,
			"tos":	0,
			"target_bitrate":	100000000,
			"bidir":	0,
			"fqrate":	0
		}
	},
	"intervals":	[{
			"streams":	[{
					"socket":	5,
					"start":	0,
					"end":	1.000133,
					"seconds":	1.0001330375671387,
					"bytes":	12490448,
					"bits_per_second":	99910292.177796558,
					"packets":	8626,
					"omitted":	false,
					"sender":	true
				}],
			"sum":	{
				"start":	0,
				"end":	1.000133,
				"seconds":	1.0001330375671387,
				"bytes":	12490448,
				"bits_per_second":	99910292.177796558,
				"packets":	8626,
				"omitted":	false,
				"sender":	true
			}
		}, {
			"streams":	[{
					"socket":	5,
					"start":	1.000133,
					"end":	2.000144,
					"seconds":	1.0000109672546387,
					"bytes":	12500584,
					"bits_per_second":	100003575.23532562,
					"packets":	8633,
					"omitted":	false,
					"sender":	true
				}],
			"sum":	{
				"start":	1.000133,
				"end":	2.000144,
				"seconds":	1.0000109672546387,
				"bytes":	12500584,
				"bits_per_second":	100003575.23532562,
				"packets":	8633,
				"omitted":	false,
				"sender":	true
			}
		}, {
			"streams":	[{
					"socket":	5,
					"start":	2.000144,
					"end":	3.000144,
					"seconds":	1,
					"bytes":	12499136,
					"bits_per_second":	99993088,
					"packets":	8632,
					"omitted":	false,
					"sender":	true
				}],
			"sum":	{
				"start":	2.000144,
				"end":	3.000144,
				"seconds":	1,
				"bytes":	12499136,
				"bits_per_second":	99993088,
				"packets":	8632,
				"omitted":	false,
				"sender":	true
			}
		}, {
			"streams":	[{
					"socket":	5,
					"start":	3.000144,
					"end":	4.000176,
					"seconds":	1.0000319480895996,
					"bytes":	12500584,
					"bits_per_second":	100001477.14384812,
					"packets":	8633,
					"omitted":	false,
					"sender":	true
				}],
			"sum":	{
				"start":	3.000144,
				"end":	4.000176,
				"seconds":	1.0000319480895996,
				"bytes":	12500584,
				"bits_per_second":	100001477.14384812,
				"packets":	8633,
				"omitted":	false,
				"sender":	true
			}
		}, {
			"streams":	[{
					"socket":	5,
					"start":	4.000176,
					"end":	5.000092,
					"seconds":	0.99991601705551147,
					"bytes":	12499136,
					"bits_per_second":	100001486.41928272,
					"packets":	8632,
					"omitted":	false,
					"sender":	true
				}],
			"sum":	{
				"start":	4.000176,
				"end":	5.000092,
				"seconds":	0.99991601705551147,
				"bytes":	12499136,
				"bits_per_second":	100001486.41928272,
				"packets":	8632,
				"omitted":	false,
				"sender":	true
			}
		}, {
			"streams":	[{
					"socket":	5,
					"start":	5.000092,
					"end":	6.000142,
					"seconds":	1.0000499486923218,
					"bytes":	12500584,
					"bits_per_second":	99999677.1468939,
					"packets":	8633,
					"omitted":	false,
					"sender":	true
				}],
			"sum":	{
				"start":	5.000092,
				"end":	6.000142,
				"seconds":	1.0000499486923218,
				"bytes":	12500584,
				"bits_per_second":	99999677.1468939,
				"packets":	8633,
				"omitted":	false,
				"sender":	true
			}
		}, {
			"streams":	[{
					"socket":	5,
					"start":	6.000142,
					"end":	7.000189,
					"seconds":	1.000046968460083,
					"bytes":	12500584,
					"bits_per_second":	99999975.155158624,
					"packets":	8633,
					"omitted":	false,
					"sender":	true
				}],
			"sum":	{
				"start":	6.000142,
				"end":	7.000189,
				"seconds":	1.000046968460083,
				"bytes":	12500584,
				"bits_per_second":	99999975.155158624,
				"packets":	8633,
				"omitted":	false,
				"sender":	true
			}
		}, {
			"streams":	[{
					"socket":	5,
					"start":	7.000189,
					"end":	8.000082,
					"seconds":	0.99989300966262817,
					"bytes":	12499136,
					"bits_per_second":	100003787.43895656,
					"packets":	8632,
					"omitted":	false,
					"sender":	true
				}],
			"sum":	{
				"start":	7.000189,
				"end":	8.000082,
				"seconds":	0.99989300966262817,
				"bytes":	12499136,
				"bits_per_second":	100003787.43895656,
				"packets":	8632,
				"omitted":	false,
				"sender":	true
			}
		}, {
			"streams":	[{
					"socket":	5,
					"start":	8.000082,
					"end":	9.000245,
					"seconds":	1.0001629590988159,
					"bytes":	12500584,
					"bits_per_second":	99988377.984031662,
					"packets":	8633,
					"omitted":	false,
					"sender":	true
				}],
			"sum":	{
				"start":	8.000082,
				"end":	9.000245,
				"seconds":	1.0001629590988159,
				"bytes":	12500584,
				"bits_per_second":	99988377.984031662,
				"packets":	8633,
				"omitted":	false,
				"sender":	true
			}
		}, {
			"streams":	[{
					"socket":	5,
					"start":	9.000245,
					"end":	10.000092,
					"seconds":	0.99984699487686157,
					"bytes":	12499136,
					"bits_per_second":	100008389.79599561,
					"packets":	8632,
					"omitted":	false,
					"sender":	true
				}],
			"sum":	{
				"start":	9.000245,
				"end":	10.000092,
				"seconds":	0.99984699487686157,
				"bytes":	12499136,
				"bits_per_second":	100008389.79599561,
				"packets":	8632,
				"omitted":	false,
				"sender":	true
			}
		}, {
			"streams":	[{
					"socket":	5,
					"start":	10.000092,
					"end":	11.000294,
					"seconds":	1.000201940536499,
					"bytes":	12500584,
					"bits_per_second":	99984481.080249071,
					"packets":	8633,
					"omitted":	false,
					"sender":	true
				}],
			"sum":	{
				"start":	10.000092,
				"end":	11.000294,
				"seconds":	1.000201940536499,
				"bytes":	12500584,
				"bits_per_second":	99984481.080249071,
				"packets":	8633,
				"omitted":	false,
				"sender":	true
			}
		}, {
			"streams":	[{
					"socket":	5,
					"start":	11.000294,
					"end":	12.000092,
					"seconds":	0.9997979998588562,
					"bytes":	12499136,
					"bits_per_second":	100013290.69883741,
					"packets":	8632,
					"omitted":	false,
					"sender":	true
				}],
			"sum":	{
				"start":	11.000294,
				"end":	12.000092,
				"seconds":	0.9997979998588562,
				"bytes":	12499136,
				"bits_per_second":	100013290.69883741,
				"packets":	8632,
				"omitted":	false,
				"sender":	true
			}
		}, {
			"streams":	[{
					"socket":	5,
					"start":	12.000092,
					"end":	13.000175,
					"seconds":	1.0000829696655273,
					"bytes":	12502032,
					"bits_per_second":	100007958.3731437,
					"packets":	8634,
					"omitted":	false,
					"sender":	true
				}],
			"sum":	{
				"start":	12.000092,
				"end":	13.000175,
				"seconds":	1.0000829696655273,
				"bytes":	12502032,
				"bits_per_second":	100007958.3731437,
				"packets":	8634,
				"omitted":	false,
				"sender":	true
			}
		}, {
			"streams":	[{
					"socket":	5,
					"start":	13.000175,
					"end":	14.000084,
					"seconds":	0.999908983707428,
					"bytes":	12497688,
					"bits_per_second":	99990604.77413857,
					"packets":	8631,
					"omitted":	false,
					"sender":	true
				}],
			"sum":	{
				"start":	13.000175,
				"end":	14.000084,
				"seconds":	0.999908983707428,
				"bytes":	12497688,
				"bits_per_second":	99990604.77413857,
				"packets":	8631,
				"omitted":	false,
				"sender":	true
			}
		}, {
			"streams":	[{
					"socket":	5,
					"start":	14.000084,
					"end":	15.00009,
					"seconds":	1.0000059604644775,
					"bytes":	12500584,
					"bits_per_second":	100004075.92925781,
					"packets":	8633,
					"omitted":	false,
					"sender":	true
				}],