{
	"start":	{
		"connected":	[{
				"socket":	5,
				"local_host":	"172.20.171.186",
				"local_port":	35168,
				"remote_host":	"54.227.41.78",
				"remote_port":	5201
			}],
		"version":	"iperf 3.16",
		"system_info":	"Linux DESKTOP-OR35M89 6.18.33.1-microsoft-standard-WSL2 #1 SMP PREEMPT_DYNAMIC Fri Jun  5 01:12:21 UTC 2026 x86_64",
		"timestamp":	{
			"time":	"Thu, 25 Jun 2026 21:37:38 GMT",
			"timesecs":	1782423458
		},
		"connecting_to":	{
			"host":	"54.227.41.78",
			"port":	5201
		},
		"cookie":	"vwod2icoaycif7nmnmfjijxlan2vxoh53pgg",
		"target_bitrate":	100000000,
		"fq_rate":	0,
		"sock_bufsize":	0,
		"sndbuf_actual":	212992,
		"rcvbuf_actual":	212992,
		"test_start":	{
			"protocol":	"UDP",
			"num_streams":	1,
			"blksize":	1448,
			"omit":	0,
			"duration":	30,
			"bytes":	0,
			"blocks":	0,
			"reverse":	0,
			"tos":	0,
			"target_bitrate":	100000000,
			"bidir":	0,
			"fqrate":	0
		}
	},
	"intervals":	[{
			"streams":	[{
					"socket":	5,
					"start":	0,
					"end":	1.000166,
					"seconds":	1.0001660585403442,
					"bytes":	12490448,
					"bits_per_second":	99906993.5904742,
					"packets":	8626,
					"omitted":	false,
					"sender":	true
				}],
			"sum":	{
				"start":	0,
				"end":	1.000166,
				"seconds":	1.0001660585403442,
				"bytes":	12490448,
				"bits_per_second":	99906993.5904742,
				"packets":	8626,
				"omitted":	false,
				"sender":	true
			}
		}, {
			"streams":	[{
					"socket":	5,
					"start":	1.000166,
					"end":	2.000151,
					"seconds":	0.9999849796295166,
					"bytes":	12500584,
					"bits_per_second":	100006174.12978606,
					"packets":	8633,
					"omitted":	false,
					"sender":	true
				}],
			"sum":	{
				"start":	1.000166,
				"end":	2.000151,
				"seconds":	0.9999849796295166,
				"bytes":	12500584,
				"bits_per_second":	100006174.12978606,
				"packets":	8633,
				"omitted":	false,
				"sender":	true
			}
		}, {
			"streams":	[{
					"socket":	5,
					"start":	2.000151,
					"end":	3.000135,
					"seconds":	0.9999840259552002,
					"bytes":	12502032,
					"bits_per_second":	100017853.68967561,
					"packets":	8634,
					"omitted":	false,
					"sender":	true
				}],
			"sum":	{
				"start":	2.000151,
				"end":	3.000135,
				"seconds":	0.9999840259552002,
				"bytes":	12502032,
				"bits_per_second":	100017853.68967561,
				"packets":	8634,
				"omitted":	false,
				"sender":	true
			}
		}, {
			"streams":	[{
					"socket":	5,
					"start":	3.000135,
					"end":	4.000086,
					"seconds":	0.99995100498199463,
					"bytes":	12497688,
					"bits_per_second":	99986402.8356072,
					"packets":	8631,
					"omitted":	false,
					"sender":	true
				}],
			"sum":	{
				"start":	3.000135,
				"end":	4.000086,
				"seconds":	0.99995100498199463,
				"bytes":	12497688,
				"bits_per_second":	99986402.8356072,
				"packets":	8631,
				"omitted":	false,
				"sender":	true
			}
		}, {
			"streams":	[{
					"socket":	5,
					"start":	4.000086,
					"end":	5.000118,
					"seconds":	1.0000319480895996,
					"bytes":	12500584,
					"bits_per_second":	100001477.14384812,
					"packets":	8633,
					"omitted":	false,
					"sender":	true
				}],
			"sum":	{
				"start":	4.000086,
				"end":	5.000118,
				"seconds":	1.0000319480895996,
				"bytes":	12500584,
				"bits_per_second":	100001477.14384812,
				"packets":	8633,
				"omitted":	false,
				"sender":	true
			}
		}, {
			"streams":	[{
					"socket":	5,
					"start":	5.000118,
					"end":	6.000138,
					"seconds":	1.0000200271606445,
					"bytes":	12499136,
					"bits_per_second":	99991085.4624684,
					"packets":	8632,
					"omitted":	false,
					"sender":	true
				}],
			"sum":	{
				"start":	5.000118,
				"end":	6.000138,
				"seconds":	1.0000200271606445,
				"bytes":	12499136,
				"bits_per_second":	99991085.4624684,
				"packets":	8632,
				"omitted":	false,
				"sender":	true
			}
		}, {
			"streams":	[{
					"socket":	5,
					"start":	6.000138,
					"end":	7.00015,
					"seconds":	1.0000120401382446,
					"bytes":	12500584,
					"bits_per_second":	100003467.944421,
					"packets":	8633,
					"omitted":	false,
					"sender":	true
				}],
			"sum":	{
				"start":	6.000138,
				"end":	7.00015,
				"seconds":	1.0000120401382446,
				"bytes":	12500584,
				"bits_per_second":	100003467.944421,
				"packets":	8633,
				"omitted":	false,
				"sender":	true
			}
		}, {
			"streams":	[{
					"socket":	5,
					"start":	7.00015,
					"end":	8.000157,
					"seconds":	1.0000070333480835,
					"bytes":	12500584,
					"bits_per_second":	100003968.63727884,
					"packets":	8633,
					"omitted":	false,
					"sender":	true
				}],
			"sum":	{
				"start":	7.00015,
				"end":	8.000157,
				"seconds":	1.0000070333480835,
				"bytes":	12500584,
				"bits_per_second":	100003968.63727884,
				"packets":	8633,
				"omitted":	false,
				"sender":	true
			}
		}, {
			"streams":	[{
					"socket":	5,
					"start":	8.000157,
					"end":	9.000116,
					"seconds":	0.99995899200439453,
					"bytes":	12499136,
					"bits_per_second":	99997188.6842741,
					"packets":	8632,
					"omitted":	false,
					"sender":	true
				}],
			"sum":	{
				"start":	8.000157,
				"end":	9.000116,
				"seconds":	0.99995899200439453,
				"bytes":	12499136,
				"bits_per_second":	99997188.6842741,
				"packets":	8632,
				"omitted":	false,
				"sender":	true
			}
		}, {
			"streams":	[{
					"socket":	5,
					"start":	9.000116,
					"end":	10.00014,
					"seconds":	1.0000239610672,
					"bytes":	12500584,
					"bits_per_second":	100002275.8387485,
					"packets":	8633,
					"omitted":	false,
					"sender":	true
				}],
			"sum":	{
				"start":	9.000116,
				"end":	10.00014,
				"seconds":	1.0000239610672,
				"bytes":	12500584,
				"bits_per_second":	100002275.8387485,
				"packets":	8633,
				"omitted":	false,
				"sender":	true
			}
		}, {
			"streams":	[{
					"socket":	5,
					"start":	10.00014,
					"end":	11.000134,
					"seconds":	0.99999397993087769,
					"bytes":	12499136,
					"bits_per_second":	99993689.9689254,
					"packets":	8632,
					"omitted":	false,
					"sender":	true
				}],
			"sum":	{
				"start":	10.00014,
				"end":	11.000134,
				"seconds":	0.99999397993087769,
				"bytes":	12499136,
				"bits_per_second":	99993689.9689254,
				"packets":	8632,
				"omitted":	false,
				"sender":	true
			}
		}, {
			"streams":	[{
					"socket":	5,
					"start":	11.000134,
					"end":	12.00013,
					"seconds":	0.9999960064888,
					"bytes":	12500584,
					"bits_per_second":	100005071.37137258,
					"packets":	8633,
					"omitted":	false,
					"sender":	true
				}],
			"sum":	{
				"start":	11.000134,
				"end":	12.00013,
				"seconds":	0.9999960064888,
				"bytes":	12500584,
				"bits_per_second":	100005071.37137258,
				"packets":	8633,
				"omitted":	false,
				"sender":	true
			}
		}, {
			"streams":	[{
					"socket":	5,
					"start":	12.00013,
					"end":	13.000161,
					"seconds":	1.0000309944152832,
					"bytes":	12500584,
					"bits_per_second":	100001572.50973266,
					"packets":	8633,
					"omitted":	false,
					"sender":	true
				}],
			"sum":	{
				"start":	12.00013,
				"end":	13.000161,
				"seconds":	1.0000309944152832,
				"bytes":	12500584,
				"bits_per_second":	100001572.50973266,
				"packets":	8633,
				"omitted":	false,
				"sender":	true
			}
		}, {
			"streams":	[{
					"socket":	5,
					"start":	13.000161,
					"end":	14.000115,
					"seconds":	0.9999539852142334,
					"bytes":	12499136,
					"bits_per_second":	99997689.372253627,
					"packets":	8632,
					"omitted":	false,
					"sender":	true
				}],
			"sum":	{
				"start":	13.000161,
				"end":	14.000115,
				"seconds":	0.9999539852142334,
				"bytes":	12499136,
				"bits_per_second":	99997689.372253627,
				"packets":	8632,
				"omitted":	false,
				"sender":	true
			}
		}, {
			"streams":	[{
					"socket":	5,
					"start":	14.000115,
					"end":	15.000148,
					"seconds":	1.0000330209732056,
					"bytes":	12499136,
					"bits_per_second":	99989786.239947736,
					"packets":	8632,
					"omitted":	false,
					"sender":	true
				}],