{
	"start":	{
		"connected":	[{
				"socket":	5,
				"local_host":	"172.20.171.186",
				"local_port":	49722,
				"remote_host":	"54.227.41.78",
				"remote_port":	5201
			}],
		"version":	"iperf 3.16",
		"system_info":	"Linux DESKTOP-OR35M89 6.18.33.1-microsoft-standard-WSL2 #1 SMP PREEMPT_DYNAMIC Fri Jun  5 01:12:21 UTC 2026 x86_64",
		"timestamp":	{
			"time":	"Thu, 25 Jun 2026 22:50:39 GMT",
			"timesecs":	1782427839
		},
		"connecting_to":	{
			"host":	"54.227.41.78",
			"port":	5201
		},
		"cookie":	"sjlnrpfuym4xtsnecddw2nh5ujm6ux2vvh7a",
		"target_bitrate":	100000000,
		"fq_rate":	0,
		"sock_bufsize":	0,
		"sndbuf_actual":	212992,
		"rcvbuf_actual":	212992,
		"test_start":	{
			"protocol":	"UDP",
			"num_streams":	1,
			"blksize":	1448,
			"omit":	0,
			"duration":	30,
			"bytes":	0,
			"blocks":	0,
			"reverse":	0,
			"tos":	0,
			"target_bitrate":	100000000,
			"bidir":	0,
			"fqrate":	0
		}
	},
	"intervals":	[{
			"streams":	[{
					"socket":	5,
					"start":	0,
					"end":	1.000084,
					"seconds":	1.0000840425491333,
					"bytes":	12490448,
					"bits_per_second":	99915186.872998059,
					"packets":	8626,
					"omitted":	false,
					"sender":	true
				}],
			"sum":	{
				"start":	0,
				"end":	1.000084,
				"seconds":	1.0000840425491333,
				"bytes":	12490448,
				"bits_per_second":	99915186.872998059,
				"packets":	8626,
				"omitted":	false,
				"sender":	true
			}
		}, {
			"streams":	[{
					"socket":	5,
					"start":	1.000084,
					"end":	2.000088,
					"seconds":	1.0000040531158447,
					"bytes":	12499136,
					"bits_per_second":	99992682.718073323,
					"packets":	8632,
					"omitted":	false,
					"sender":	true
				}],
			"sum":	{
				"start":	1.000084,
				"end":	2.000088,
				"seconds":	1.0000040531158447,
				"bytes":	12499136,
				"bits_per_second":	99992682.718073323,
				"packets":	8632,
				"omitted":	false,
				"sender":	true
			}
		}, {
			"streams":	[{
					"socket":	5,
					"start":	2.000088,
					"end":	3.000087,
					"seconds":	0.99999898672103882,
					"bytes":	12500584,
					"bits_per_second":	100004773.33273284,
					"packets":	8633,
					"omitted":	false,
					"sender":	true
				}],
			"sum":	{
				"start":	2.000088,
				"end":	3.000087,
				"seconds":	0.99999898672103882,
				"bytes":	12500584,
				"bits_per_second":	100004773.33273284,
				"packets":	8633,
				"omitted":	false,
				"sender":	true
			}
		}, {
			"streams":	[{
					"socket":	5,
					"start":	3.000087,
					"end":	4.000135,
					"seconds":	1.000048041343689,
					"bytes":	12500584,
					"bits_per_second":	99999867.8719787,
					"packets":	8633,
					"omitted":	false,
					"sender":	true
				}],
			"sum":	{
				"start":	3.000087,
				"end":	4.000135,
				"seconds":	1.000048041343689,
				"bytes":	12500584,
				"bits_per_second":	99999867.8719787,
				"packets":	8633,
				"omitted":	false,
				"sender":	true
			}
		}, {
			"streams":	[{
					"socket":	5,
					"start":	4.000135,
					"end":	5.000196,
					"seconds":	1.00006103515625,
					"bytes":	12500584,
					"bits_per_second":	99998568.571742445,
					"packets":	8633,
					"omitted":	false,
					"sender":	true
				}],
			"sum":	{
				"start":	4.000135,
				"end":	5.000196,
				"seconds":	1.00006103515625,
				"bytes":	12500584,
				"bits_per_second":	99998568.571742445,
				"packets":	8633,
				"omitted":	false,
				"sender":	true
			}
		}, {
			"streams":	[{
					"socket":	5,
					"start":	5.000196,
					"end":	6.000087,
					"seconds":	0.99989098310470581,
					"bytes":	12499136,
					"bits_per_second":	100003990.12452041,
					"packets":	8632,
					"omitted":	false,
					"sender":	true
				}],
			"sum":	{
				"start":	5.000196,
				"end":	6.000087,
				"seconds":	0.99989098310470581,
				"bytes":	12499136,
				"bits_per_second":	100003990.12452041,
				"packets":	8632,
				"omitted":	false,
				"sender":	true
			}
		}, {
			"streams":	[{
					"socket":	5,
					"start":	6.000087,
					"end":	7.000084,
					"seconds":	0.99999701976776123,
					"bytes":	12499136,
					"bits_per_second":	99993386.003512636,
					"packets":	8632,
					"omitted":	false,
					"sender":	true
				}],
			"sum":	{
				"start":	6.000087,
				"end":	7.000084,
				"seconds":	0.99999701976776123,
				"bytes":	12499136,
				"bits_per_second":	99993386.003512636,
				"packets":	8632,
				"omitted":	false,
				"sender":	true
			}
		}, {
			"streams":	[{
					"socket":	5,
					"start":	7.000084,
					"end":	8.000084,
					"seconds":	1,
					"bytes":	12500584,
					"bits_per_second":	100004672,
					"packets":	8633,
					"omitted":	false,
					"sender":	true
				}],
			"sum":	{
				"start":	7.000084,
				"end":	8.000084,
				"seconds":	1,
				"bytes":	12500584,
				"bits_per_second":	100004672,
				"packets":	8633,
				"omitted":	false,
				"sender":	true
			}
		}, {
			"streams":	[{
					"socket":	5,
					"start":	8.000084,
					"end":	9.000121,
					"seconds":	1.0000369548797607,
					"bytes":	12500584,
					"bits_per_second":	100000976.47593838,
					"packets":	8633,
					"omitted":	false,
					"sender":	true
				}],
			"sum":	{
				"start":	8.000084,
				"end":	9.000121,
				"seconds":	1.0000369548797607,
				"bytes":	12500584,
				"bits_per_second":	100000976.47593838,
				"packets":	8633,
				"omitted":	false,
				"sender":	true
			}
		}, {
			"streams":	[{
					"socket":	5,
					"start":	9.000121,
					"end":	10.000085,
					"seconds":	0.99996399879455566,
					"bytes":	12499136,
					"bits_per_second":	99996688.0013085,
					"packets":	8632,
					"omitted":	false,
					"sender":	true
				}],
			"sum":	{
				"start":	9.000121,
				"end":	10.000085,
				"seconds":	0.99996399879455566,
				"bytes":	12499136,
				"bits_per_second":	99996688.0013085,
				"packets":	8632,
				"omitted":	false,
				"sender":	true
			}
		}, {
			"streams":	[{
					"socket":	5,
					"start":	10.000085,
					"end":	11.00009,
					"seconds":	1.0000050067901611,
					"bytes":	12500584,
					"bits_per_second":	100004171.30009906,
					"packets":	8633,
					"omitted":	false,
					"sender":	true
				}],
			"sum":	{
				"start":	10.000085,
				"end":	11.00009,
				"seconds":	1.0000050067901611,
				"bytes":	12500584,
				"bits_per_second":	100004171.30009906,
				"packets":	8633,
				"omitted":	false,
				"sender":	true
			}
		}, {
			"streams":	[{
					"socket":	5,
					"start":	11.00009,
					"end":	12.000084,
					"seconds":	0.99999397993087769,
					"bytes":	12499136,
					"bits_per_second":	99993689.9689254,
					"packets":	8632,
					"omitted":	false,
					"sender":	true
				}],
			"sum":	{
				"start":	11.00009,
				"end":	12.000084,
				"seconds":	0.99999397993087769,
				"bytes":	12499136,
				"bits_per_second":	99993689.9689254,
				"packets":	8632,
				"omitted":	false,
				"sender":	true
			}
		}, {
			"streams":	[{
					"socket":	5,
					"start":	12.000084,
					"end":	13.000132,
					"seconds":	1.000048041343689,
					"bytes":	12502032,
					"bits_per_second":	100011451.31549452,
					"packets":	8634,
					"omitted":	false,
					"sender":	true
				}],
			"sum":	{
				"start":	12.000084,
				"end":	13.000132,
				"seconds":	1.000048041343689,
				"bytes":	12502032,
				"bits_per_second":	100011451.31549452,
				"packets":	8634,
				"omitted":	false,
				"sender":	true
			}
		}, {
			"streams":	[{
					"socket":	5,
					"start":	13.000132,
					"end":	14.000094,
					"seconds":	0.9999619722366333,
					"bytes":	12499136,
					"bits_per_second":	99996890.658095345,
					"packets":	8632,
					"omitted":	false,
					"sender":	true
				}],
			"sum":	{
				"start":	13.000132,
				"end":	14.000094,
				"seconds":	0.9999619722366333,
				"bytes":	12499136,
				"bits_per_second":	99996890.658095345,
				"packets":	8632,
				"omitted":	false,
				"sender":	true
			}
		}, {
			"streams":	[{
					"socket":	5,
					"start":	14.000094,
					"end":	15.000099,
					"seconds":	1.0000050067901611,
					"bytes":	12499136,
					"bits_per_second":	99992587.358097434,
					"packets":	8632,
					"omitted":	false,
					"sender":	true
				}],