{
	"start":	{
		"connected":	[{
				"socket":	5,
				"local_host":	"172.20.171.186",
				"local_port":	52677,
				"remote_host":	"54.227.41.78",
				"remote_port":	5201
			}],
		"version":	"iperf 3.16",
		"system_info":	"Linux DESKTOP-OR35M89 6.18.33.1-microsoft-standard-WSL2 #1 SMP PREEMPT_DYNAMIC Fri Jun  5 01:12:21 UTC 2026 x86_64",
		"timestamp":	{
			"time":	"Thu, 25 Jun 2026 21:30:35 GMT",
			"timesecs":	1782423035
		},
		"connecting_to":	{
			"host":	"54.227.41.78",
			"port":	5201
		},
		"cookie":	"lt5fufkkncm3ghczxq3akbv457u52fuabaaf",
		"target_bitrate":	100000000,
		"fq_rate":	0,
		"sock_bufsize":	0,
		"sndbuf_actual":	212992,
		"rcvbuf_actual":	212992,
		"test_start":	{
			"protocol":	"UDP",
			"num_streams":	1,
			"blksize":	1448,
			"omit":	0,
			"duration":	30,
			"bytes":	0,
			"blocks":	0,
			"reverse":	0,
			"tos":	0,
			"target_bitrate":	100000000,
			"bidir":	0,
			"fqrate":	0
		}
	},
	"intervals":	[{
			"streams":	[{
					"socket":	5,
					"start":	0,
					"end":	1.000086,
					"seconds":	1.0000859498977661,
					"bytes":	12489000,
					"bits_per_second":	99903413.311839357,
					"packets":	8625,
					"omitted":	false,
					"sender":	true
				}],
			"sum":	{
				"start":	0,
				"end":	1.000086,
				"seconds":	1.0000859498977661,
				"bytes":	12489000,
				"bits_per_second":	99903413.311839357,
				"packets":	8625,
				"omitted":	false,
				"sender":	true
			}
		}, {
			"streams":	[{
					"socket":	5,
					"start":	1.000086,
					"end":	2.000133,
					"seconds":	1.000046968460083,
					"bytes":	12500584,
					"bits_per_second":	99999975.155158624,
					"packets":	8633,
					"omitted":	false,
					"sender":	true
				}],
			"sum":	{
				"start":	1.000086,
				"end":	2.000133,
				"seconds":	1.000046968460083,
				"bytes":	12500584,
				"bits_per_second":	99999975.155158624,
				"packets":	8633,
				"omitted":	false,
				"sender":	true
			}
		}, {
			"streams":	[{
					"socket":	5,
					"start":	2.000133,
					"end":	3.000147,
					"seconds":	1.0000139474868774,
					"bytes":	12500584,
					"bits_per_second":	100003277.20560348,
					"packets":	8633,
					"omitted":	false,
					"sender":	true
				}],
			"sum":	{
				"start":	2.000133,
				"end":	3.000147,
				"seconds":	1.0000139474868774,
				"bytes":	12500584,
				"bits_per_second":	100003277.20560348,
				"packets":	8633,
				"omitted":	false,
				"sender":	true
			}
		}, {
			"streams":	[{
					"socket":	5,
					"start":	3.000147,
					"end":	4.000156,
					"seconds":	1.0000089406967163,
					"bytes":	12500584,
					"bits_per_second":	100003777.89655134,
					"packets":	8633,
					"omitted":	false,
					"sender":	true
				}],
			"sum":	{
				"start":	3.000147,
				"end":	4.000156,
				"seconds":	1.0000089406967163,
				"bytes":	12500584,
				"bits_per_second":	100003777.89655134,
				"packets":	8633,
				"omitted":	false,
				"sender":	true
			}
		}, {
			"streams":	[{
					"socket":	5,
					"start":	4.000156,
					"end":	5.000241,
					"seconds":	1.00008499622345,
					"bytes":	12500584,
					"bits_per_second":	99996172.7029608,
					"packets":	8633,
					"omitted":	false,
					"sender":	true
				}],
			"sum":	{
				"start":	4.000156,
				"end":	5.000241,
				"seconds":	1.00008499622345,
				"bytes":	12500584,
				"bits_per_second":	99996172.7029608,
				"packets":	8633,
				"omitted":	false,
				"sender":	true
			}
		}, {
			"streams":	[{
					"socket":	5,
					"start":	5.000241,
					"end":	6.000148,
					"seconds":	0.99990701675415039,
					"bytes":	12499136,
					"bits_per_second":	100002386.5464938,
					"packets":	8632,
					"omitted":	false,
					"sender":	true
				}],
			"sum":	{
				"start":	5.000241,
				"end":	6.000148,
				"seconds":	0.99990701675415039,
				"bytes":	12499136,
				"bits_per_second":	100002386.5464938,
				"packets":	8632,
				"omitted":	false,
				"sender":	true
			}
		}, {
			"streams":	[{
					"socket":	5,
					"start":	6.000148,
					"end":	7.00016,
					"seconds":	1.0000120401382446,
					"bytes":	12499136,
					"bits_per_second":	99991884.0838923,
					"packets":	8632,
					"omitted":	false,
					"sender":	true
				}],
			"sum":	{
				"start":	6.000148,
				"end":	7.00016,
				"seconds":	1.0000120401382446,
				"bytes":	12499136,
				"bits_per_second":	99991884.0838923,
				"packets":	8632,
				"omitted":	false,
				"sender":	true
			}
		}, {
			"streams":	[{
					"socket":	5,
					"start":	7.00016,
					"end":	8.000083,
					"seconds":	0.9999229907989502,
					"bytes":	12500584,
					"bits_per_second":	100012373.87300706,
					"packets":	8633,
					"omitted":	false,
					"sender":	true
				}],
			"sum":	{
				"start":	7.00016,
				"end":	8.000083,
				"seconds":	0.9999229907989502,
				"bytes":	12500584,
				"bits_per_second":	100012373.87300706,
				"packets":	8633,
				"omitted":	false,
				"sender":	true
			}
		}, {
			"streams":	[{
					"socket":	5,
					"start":	8.000083,
					"end":	9.000151,
					"seconds":	1.0000679492950439,
					"bytes":	12499136,
					"bits_per_second":	99986294.001808524,
					"packets":	8632,
					"omitted":	false,
					"sender":	true
				}],
			"sum":	{
				"start":	8.000083,
				"end":	9.000151,
				"seconds":	1.0000679492950439,
				"bytes":	12499136,
				"bits_per_second":	99986294.001808524,
				"packets":	8632,
				"omitted":	false,
				"sender":	true
			}
		}, {
			"streams":	[{
					"socket":	5,
					"start":	9.000151,
					"end":	10.000145,
					"seconds":	0.99999397993087769,
					"bytes":	12500584,
					"bits_per_second":	100005274.03866231,
					"packets":	8633,
					"omitted":	false,
					"sender":	true
				}],
			"sum":	{
				"start":	9.000151,
				"end":	10.000145,
				"seconds":	0.99999397993087769,
				"bytes":	12500584,
				"bits_per_second":	100005274.03866231,
				"packets":	8633,
				"omitted":	false,
				"sender":	true
			}
		}, {
			"streams":	[{
					"socket":	5,
					"start":	10.000145,
					"end":	11.000147,
					"seconds":	1.0000020265579224,
					"bytes":	12499136,
					"bits_per_second":	99992885.358626,
					"packets":	8632,
					"omitted":	false,
					"sender":	true
				}],
			"sum":	{
				"start":	10.000145,
				"end":	11.000147,
				"seconds":	1.0000020265579224,
				"bytes":	12499136,
				"bits_per_second":	99992885.358626,
				"packets":	8632,
				"omitted":	false,
				"sender":	true
			}
		}, {
			"streams":	[{
					"socket":	5,
					"start":	11.000147,
					"end":	12.000144,
					"seconds":	0.99999701976776123,
					"bytes":	12500584,
					"bits_per_second":	100004970.03803575,
					"packets":	8633,
					"omitted":	false,
					"sender":	true
				}],
			"sum":	{
				"start":	11.000147,
				"end":	12.000144,
				"seconds":	0.99999701976776123,
				"bytes":	12500584,
				"bits_per_second":	100004970.03803575,
				"packets":	8633,
				"omitted":	false,
				"sender":	true
			}
		}, {
			"streams":	[{
					"socket":	5,
					"start":	12.000144,
					"end":	13.000252,
					"seconds":	1.000108003616333,
					"bytes":	12503480,
					"bits_per_second":	100017037.79822287,
					"packets":	8635,
					"omitted":	false,
					"sender":	true
				}],
			"sum":	{
				"start":	12.000144,
				"end":	13.000252,
				"seconds":	1.000108003616333,
				"bytes":	12503480,
				"bits_per_second":	100017037.79822287,
				"packets":	8635,
				"omitted":	false,
				"sender":	true
			}
		}, {
			"streams":	[{
					"socket":	5,
					"start":	13.000252,
					"end":	14.000105,
					"seconds":	0.999853014945984,
					"bytes":	12497688,
					"bits_per_second":	99996201.9471446,
					"packets":	8631,
					"omitted":	false,
					"sender":	true
				}],
			"sum":	{
				"start":	13.000252,
				"end":	14.000105,
				"seconds":	0.999853014945984,
				"bytes":	12497688,
				"bits_per_second":	99996201.9471446,
				"packets":	8631,
				"omitted":	false,
				"sender":	true
			}
		}, {
			"streams":	[{
					"socket":	5,
					"start":	14.000105,
					"end":	15.00013,
					"seconds":	1.0000250339508057,
					"bytes":	12499136,
					"bits_per_second":	99990584.840618074,
					"packets":	8632,
					"omitted":	false,