{
	"start":	{
		"connected":	[{
				"socket":	5,
				"local_host":	"172.20.171.186",
				"local_port":	58036,
				"remote_host":	"54.227.41.78",
				"remote_port":	5201
			}],
		"version":	"iperf 3.16",
		"system_info":	"Linux DESKTOP-OR35M89 6.18.33.1-microsoft-standard-WSL2 #1 SMP PREEMPT_DYNAMIC Fri Jun  5 01:12:21 UTC 2026 x86_64",
		"timestamp":	{
			"time":	"Thu, 25 Jun 2026 23:12:47 GMT",
			"timesecs":	1782429167
		},
		"connecting_to":	{
			"host":	"54.227.41.78",
			"port":	5201
		},
		"cookie":	"jqh4jo2dpgmtgf3id2sj6brh7lqy6u2qmv2t",
		"target_bitrate":	100000000,
		"fq_rate":	0,
		"sock_bufsize":	0,
		"sndbuf_actual":	212992,
		"rcvbuf_actual":	212992,
		"test_start":	{
			"protocol":	"UDP",
			"num_streams":	1,
			"blksize":	1448,
			"omit":	0,
			"duration":	30,
			"bytes":	0,
			"blocks":	0,
			"reverse":	0,
			"tos":	0,
			"target_bitrate":	100000000,
			"bidir":	0,
			"fqrate":	0
		}
	},
	"intervals":	[{
			"streams":	[{
					"socket":	5,
					"start":	0,
					"end":	1.000091,
					"seconds":	1.0000909566879272,
					"bytes":	12490448,
					"bits_per_second":	99914496.10835807,
					"packets":	8626,
					"omitted":	false,
					"sender":	true
				}],
			"sum":	{
				"start":	0,
				"end":	1.000091,
				"seconds":	1.0000909566879272,
				"bytes":	12490448,
				"bits_per_second":	99914496.10835807,
				"packets":	8626,
				"omitted":	false,
				"sender":	true
			}
		}, {
			"streams":	[{
					"socket":	5,
					"start":	1.000091,
					"end":	2.00015,
					"seconds":	1.0000590085983276,
					"bytes":	12499136,
					"bits_per_second":	99987187.896191522,
					"packets":	8632,
					"omitted":	false,
					"sender":	true
				}],
			"sum":	{
				"start":	1.000091,
				"end":	2.00015,
				"seconds":	1.0000590085983276,
				"bytes":	12499136,
				"bits_per_second":	99987187.896191522,
				"packets":	8632,
				"omitted":	false,
				"sender":	true
			}
		}, {
			"streams":	[{
					"socket":	5,
					"start":	2.00015,
					"end":	3.000173,
					"seconds":	1.0000230073928833,
					"bytes":	12502032,
					"bits_per_second":	100013954.93964489,
					"packets":	8634,
					"omitted":	false,
					"sender":	true
				}],
			"sum":	{
				"start":	2.00015,
				"end":	3.000173,
				"seconds":	1.0000230073928833,
				"bytes":	12502032,
				"bits_per_second":	100013954.93964489,
				"packets":	8634,
				"omitted":	false,
				"sender":	true
			}
		}, {
			"streams":	[{
					"socket":	5,
					"start":	3.000173,
					"end":	4.000147,
					"seconds":	0.999974012374878,
					"bytes":	12499136,
					"bits_per_second":	99995686.6504185,
					"packets":	8632,
					"omitted":	false,
					"sender":	true
				}],
			"sum":	{
				"start":	3.000173,
				"end":	4.000147,
				"seconds":	0.999974012374878,
				"bytes":	12499136,
				"bits_per_second":	99995686.6504185,
				"packets":	8632,
				"omitted":	false,
				"sender":	true
			}
		}, {
			"streams":	[{
					"socket":	5,
					"start":	4.000147,
					"end":	5.00009,
					"seconds":	0.99994301795959473,
					"bytes":	12499136,
					"bits_per_second":	99998786.134872,
					"packets":	8632,
					"omitted":	false,
					"sender":	true
				}],
			"sum":	{
				"start":	4.000147,
				"end":	5.00009,
				"seconds":	0.99994301795959473,
				"bytes":	12499136,
				"bits_per_second":	99998786.134872,
				"packets":	8632,
				"omitted":	false,
				"sender":	true
			}
		}, {
			"streams":	[{
					"socket":	5,
					"start":	5.00009,
					"end":	6.000089,
					"seconds":	0.99999898672103882,
					"bytes":	12500584,
					"bits_per_second":	100004773.33273284,
					"packets":	8633,
					"omitted":	false,
					"sender":	true
				}],
			"sum":	{
				"start":	5.00009,
				"end":	6.000089,
				"seconds":	0.99999898672103882,
				"bytes":	12500584,
				"bits_per_second":	100004773.33273284,
				"packets":	8633,
				"omitted":	false,
				"sender":	true
			}
		}, {
			"streams":	[{
					"socket":	5,
					"start":	6.000089,
					"end":	7.000151,
					"seconds":	1.0000619888305664,
					"bytes":	12499136,
					"bits_per_second":	99986889.9296213,
					"packets":	8632,
					"omitted":	false,
					"sender":	true
				}],
			"sum":	{
				"start":	6.000089,
				"end":	7.000151,
				"seconds":	1.0000619888305664,
				"bytes":	12499136,
				"bits_per_second":	99986889.9296213,
				"packets":	8632,
				"omitted":	false,
				"sender":	true
			}
		}, {
			"streams":	[{
					"socket":	5,
					"start":	7.000151,
					"end":	8.000154,
					"seconds":	1.0000029802322388,
					"bytes":	12500584,
					"bits_per_second":	100004373.96374069,
					"packets":	8633,
					"omitted":	false,
					"sender":	true
				}],
			"sum":	{
				"start":	7.000151,
				"end":	8.000154,
				"seconds":	1.0000029802322388,
				"bytes":	12500584,
				"bits_per_second":	100004373.96374069,
				"packets":	8633,
				"omitted":	false,
				"sender":	true
			}
		}, {
			"streams":	[{
					"socket":	5,
					"start":	8.000154,
					"end":	9.000131,
					"seconds":	0.9999769926071167,
					"bytes":	12500584,
					"bits_per_second":	100006972.89971657,
					"packets":	8633,
					"omitted":	false,
					"sender":	true
				}],
			"sum":	{
				"start":	8.000154,
				"end":	9.000131,
				"seconds":	0.9999769926071167,
				"bytes":	12500584,
				"bits_per_second":	100006972.89971657,
				"packets":	8633,
				"omitted":	false,
				"sender":	true
			}
		}, {
			"streams":	[{
					"socket":	5,
					"start":	9.000131,
					"end":	10.00009,
					"seconds":	0.99995899200439453,
					"bytes":	12499136,
					"bits_per_second":	99997188.6842741,
					"packets":	8632,
					"omitted":	false,
					"sender":	true
				}],
			"sum":	{
				"start":	9.000131,
				"end":	10.00009,
				"seconds":	0.99995899200439453,
				"bytes":	12499136,
				"bits_per_second":	99997188.6842741,
				"packets":	8632,
				"omitted":	false,
				"sender":	true
			}
		}, {
			"streams":	[{
					"socket":	5,
					"start":	10.00009,
					"end":	11.000144,
					"seconds":	1.0000540018081665,
					"bytes":	12500584,
					"bits_per_second":	99999271.8585043,
					"packets":	8633,
					"omitted":	false,
					"sender":	true
				}],
			"sum":	{
				"start":	10.00009,
				"end":	11.000144,
				"seconds":	1.0000540018081665,
				"bytes":	12500584,
				"bits_per_second":	99999271.8585043,
				"packets":	8633,
				"omitted":	false,
				"sender":	true
			}
		}, {
			"streams":	[{
					"socket":	5,
					"start":	11.000144,
					"end":	12.000179,
					"seconds":	1.0000350475311279,
					"bytes":	12500584,
					"bits_per_second":	100001167.20597953,
					"packets":	8633,
					"omitted":	false,
					"sender":	true
				}],
			"sum":	{
				"start":	11.000144,
				"end":	12.000179,
				"seconds":	1.0000350475311279,
				"bytes":	12500584,
				"bits_per_second":	100001167.20597953,
				"packets":	8633,
				"omitted":	false,
				"sender":	true
			}
		}, {
			"streams":	[{
					"socket":	5,
					"start":	12.000179,
					"end":	13.000149,
					"seconds":	0.999970018863678,
					"bytes":	12499136,
					"bits_per_second":	99996085.99628593,
					"packets":	8632,
					"omitted":	false,
					"sender":	true
				}],
			"sum":	{
				"start":	12.000179,
				"end":	13.000149,
				"seconds":	0.999970018863678,
				"bytes":	12499136,
				"bits_per_second":	99996085.99628593,
				"packets":	8632,
				"omitted":	false,
				"sender":	true
			}
		}, {
			"streams":	[{
					"socket":	5,
					"start":	13.000149,
					"end":	14.000088,
					"seconds":	0.99993902444839478,
					"bytes":	12499136,
					"bits_per_second":	99999185.505496264,
					"packets":	8632,
					"omitted":	false,
					"sender":	true
				}],
			"sum":	{
				"start":	13.000149,
				"end":	14.000088,
				"seconds":	0.99993902444839478,
				"bytes":	12499136,
				"bits_per_second":	99999185.505496264,
				"packets":	8632,
				"omitted":	false,
				"sender":	true
			}
		}, {
			"streams":	[{
					"socket":	5,
					"start":	14.000088,
					"end":	15.000145,
					"seconds":	1.0000569820404053,
					"bytes":	12500584,
					"bits_per_second":	99998973.854431346,
					"packets":	8633,
					"omitted":	false,