{
	"start":	{
		"connected":	[{
				"socket":	5,
				"local_host":	"172.20.171.186",
				"local_port":	37241,
				"remote_host":	"54.227.41.78",
				"remote_port":	5201
			}],
		"version":	"iperf 3.16",
		"system_info":	"Linux DESKTOP-OR35M89 6.18.33.1-microsoft-standard-WSL2 #1 SMP PREEMPT_DYNAMIC Fri Jun  5 01:12:21 UTC 2026 x86_64",
		"timestamp":	{
			"time":	"Thu, 25 Jun 2026 22:47:23 GMT",
			"timesecs":	1782427643
		},
		"connecting_to":	{
			"host":	"54.227.41.78",
			"port":	5201
		},
		"cookie":	"dmxkhan6vzzodflbcvwjv46kpk63lxmwtrh3",
		"target_bitrate":	100000000,
		"fq_rate":	0,
		"sock_bufsize":	0,
		"sndbuf_actual":	212992,
		"rcvbuf_actual":	212992,
		"test_start":	{
			"protocol":	"UDP",
			"num_streams":	1,
			"blksize":	1448,
			"omit":	0,
			"duration":	30,
			"bytes":	0,
			"blocks":	0,
			"reverse":	0,
			"tos":	0,
			"target_bitrate":	100000000,
			"bidir":	0,
			"fqrate":	0
		}
	},
	"intervals":	[{
			"streams":	[{
					"socket":	5,
					"start":	0,
					"end":	1.000108,
					"seconds":	1.000108003616333,
					"bytes":	12490448,
					"bits_per_second":	99912793.0570319,
					"packets":	8626,
					"omitted":	false,
					"sender":	true
				}],
			"sum":	{
				"start":	0,
				"end":	1.000108,
				"seconds":	1.000108003616333,
				"bytes":	12490448,
				"bits_per_second":	99912793.0570319,
				"packets":	8626,
				"omitted":	false,
				"sender":	true
			}
		}, {
			"streams":	[{
					"socket":	5,
					"start":	1.000108,
					"end":	2.000129,
					"seconds":	1.0000209808349609,
					"bytes":	12500584,
					"bits_per_second":	100002573.86250213,
					"packets":	8633,
					"omitted":	false,
					"sender":	true
				}],
			"sum":	{
				"start":	1.000108,
				"end":	2.000129,
				"seconds":	1.0000209808349609,
				"bytes":	12500584,
				"bits_per_second":	100002573.86250213,
				"packets":	8633,
				"omitted":	false,
				"sender":	true
			}
		}, {
			"streams":	[{
					"socket":	5,
					"start":	2.000129,
					"end":	3.000145,
					"seconds":	1.0000159740448,
					"bytes":	12499136,
					"bits_per_second":	99991490.731447458,
					"packets":	8632,
					"omitted":	false,
					"sender":	true
				}],
			"sum":	{
				"start":	2.000129,
				"end":	3.000145,
				"seconds":	1.0000159740448,
				"bytes":	12499136,
				"bits_per_second":	99991490.731447458,
				"packets":	8632,
				"omitted":	false,
				"sender":	true
			}
		}, {
			"streams":	[{
					"socket":	5,
					"start":	3.000145,
					"end":	4.000176,
					"seconds":	1.0000309944152832,
					"bytes":	12500584,
					"bits_per_second":	100001572.50973266,
					"packets":	8633,
					"omitted":	false,
					"sender":	true
				}],
			"sum":	{
				"start":	3.000145,
				"end":	4.000176,
				"seconds":	1.0000309944152832,
				"bytes":	12500584,
				"bits_per_second":	100001572.50973266,
				"packets":	8633,
				"omitted":	false,
				"sender":	true
			}
		}, {
			"streams":	[{
					"socket":	5,
					"start":	4.000176,
					"end":	5.00009,
					"seconds":	0.999913990497589,
					"bytes":	12499136,
					"bits_per_second":	100001689.09551935,
					"packets":	8632,
					"omitted":	false,
					"sender":	true
				}],
			"sum":	{
				"start":	4.000176,
				"end":	5.00009,
				"seconds":	0.999913990497589,
				"bytes":	12499136,
				"bits_per_second":	100001689.09551935,
				"packets":	8632,
				"omitted":	false,
				"sender":	true
			}
		}, {
			"streams":	[{
					"socket":	5,
					"start":	5.00009,
					"end":	6.000144,
					"seconds":	1.0000540018081665,
					"bytes":	12500584,
					"bits_per_second":	99999271.8585043,
					"packets":	8633,
					"omitted":	false,
					"sender":	true
				}],
			"sum":	{
				"start":	5.00009,
				"end":	6.000144,
				"seconds":	1.0000540018081665,
				"bytes":	12500584,
				"bits_per_second":	99999271.8585043,
				"packets":	8633,
				"omitted":	false,
				"sender":	true
			}
		}, {
			"streams":	[{
					"socket":	5,
					"start":	6.000144,
					"end":	7.000091,
					"seconds":	0.99994701147079468,
					"bytes":	12500584,
					"bits_per_second":	100009971.38128936,
					"packets":	8633,
					"omitted":	false,
					"sender":	true
				}],
			"sum":	{
				"start":	6.000144,
				"end":	7.000091,
				"seconds":	0.99994701147079468,
				"bytes":	12500584,
				"bits_per_second":	100009971.38128936,
				"packets":	8633,
				"omitted":	false,
				"sender":	true
			}
		}, {
			"streams":	[{
					"socket":	5,
					"start":	7.000091,
					"end":	8.000178,
					"seconds":	1.0000870227813721,
					"bytes":	12500584,
					"bits_per_second":	99995970.0725583,
					"packets":	8633,
					"omitted":	false,
					"sender":	true
				}],
			"sum":	{
				"start":	7.000091,
				"end":	8.000178,
				"seconds":	1.0000870227813721,
				"bytes":	12500584,
				"bits_per_second":	99995970.0725583,
				"packets":	8633,
				"omitted":	false,
				"sender":	true
			}
		}, {
			"streams":	[{
					"socket":	5,
					"start":	8.000178,
					"end":	9.000146,
					"seconds":	0.99996799230575562,
					"bytes":	12499136,
					"bits_per_second":	99996288.6506327,
					"packets":	8632,
					"omitted":	false,
					"sender":	true
				}],
			"sum":	{
				"start":	8.000178,
				"end":	9.000146,
				"seconds":	0.99996799230575562,
				"bytes":	12499136,
				"bits_per_second":	99996288.6506327,
				"packets":	8632,
				"omitted":	false,
				"sender":	true
			}
		}, {
			"streams":	[{
					"socket":	5,
					"start":	9.000146,
					"end":	10.000142,
					"seconds":	0.9999960064888,
					"bytes":	12500584,
					"bits_per_second":	100005071.37137258,
					"packets":	8633,
					"omitted":	false,
					"sender":	true
				}],
			"sum":	{
				"start":	9.000146,
				"end":	10.000142,
				"seconds":	0.9999960064888,
				"bytes":	12500584,
				"bits_per_second":	100005071.37137258,
				"packets":	8633,
				"omitted":	false,
				"sender":	true
			}
		}, {
			"streams":	[{
					"socket":	5,
					"start":	10.000142,
					"end":	11.000177,
					"seconds":	1.0000350475311279,
					"bytes":	12499136,
					"bits_per_second":	99989583.6119559,
					"packets":	8632,
					"omitted":	false,
					"sender":	true
				}],
			"sum":	{
				"start":	10.000142,
				"end":	11.000177,
				"seconds":	1.0000350475311279,
				"bytes":	12499136,
				"bits_per_second":	99989583.6119559,
				"packets":	8632,
				"omitted":	false,
				"sender":	true
			}
		}, {
			"streams":	[{
					"socket":	5,
					"start":	11.000177,
					"end":	12.000227,
					"seconds":	1.0000499486923218,
					"bytes":	12500584,
					"bits_per_second":	99999677.1468939,
					"packets":	8633,
					"omitted":	false,
					"sender":	true
				}],
			"sum":	{
				"start":	11.000177,
				"end":	12.000227,
				"seconds":	1.0000499486923218,
				"bytes":	12500584,
				"bits_per_second":	99999677.1468939,
				"packets":	8633,
				"omitted":	false,
				"sender":	true
			}
		}, {
			"streams":	[{
					"socket":	5,
					"start":	12.000227,
					"end":	13.000177,
					"seconds":	0.99994999170303345,
					"bytes":	12500584,
					"bits_per_second":	100009673.31344259,
					"packets":	8633,
					"omitted":	false,
					"sender":	true
				}],
			"sum":	{
				"start":	12.000227,
				"end":	13.000177,
				"seconds":	0.99994999170303345,
				"bytes":	12500584,
				"bits_per_second":	100009673.31344259,
				"packets":	8633,
				"omitted":	false,
				"sender":	true
			}
		}, {
			"streams":	[{
					"socket":	5,
					"start":	13.000177,
					"end":	14.000155,
					"seconds":	0.999978005886078,
					"bytes":	12499136,
					"bits_per_second":	99995287.3077407,
					"packets":	8632,
					"omitted":	false,
					"sender":	true
				}],
			"sum":	{
				"start":	13.000177,
				"end":	14.000155,
				"seconds":	0.999978005886078,
				"bytes":	12499136,
				"bits_per_second":	99995287.3077407,
				"packets":	8632,
				"omitted":	false,
				"sender":	true
			}
		}, {
			"streams":	[{
					"socket":	5,
					"start":	14.000155,
					"end":	15.000147,
					"seconds":	0.9999920129776,
					"bytes":	12500584,
					"bits_per_second":	100005470.74593496,
					"packets":	8633,
					"omitted":	false,
					"sender":	true
				}],