{
	"start":	{
		"connected":	[{
				"socket":	5,
				"local_host":	"172.20.171.186",
				"local_port":	44466,
				"remote_host":	"54.227.41.78",
				"remote_port":	5201
			}],
		"version":	"iperf 3.16",
		"system_info":	"Linux DESKTOP-OR35M89 6.18.33.1-microsoft-standard-WSL2 #1 SMP PREEMPT_DYNAMIC Fri Jun  5 01:12:21 UTC 2026 x86_64",
		"timestamp":	{
			"time":	"Thu, 25 Jun 2026 23:10:22 GMT",
			"timesecs":	1782429022
		},
		"connecting_to":	{
			"host":	"54.227.41.78",
			"port":	5201
		},
		"cookie":	"pmwgv25oebc24lozreisbrpabfqadph3h7hj",
		"target_bitrate":	100000000,
		"fq_rate":	0,
		"sock_bufsize":	0,
		"sndbuf_actual":	212992,
		"rcvbuf_actual":	212992,
		"test_start":	{
			"protocol":	"UDP",
			"num_streams":	1,
			"blksize":	1448,
			"omit":	0,
			"duration":	30,
			"bytes":	0,
			"blocks":	0,
			"reverse":	0,
			"tos":	0,
			"target_bitrate":	100000000,
			"bidir":	0,
			"fqrate":	0
		}
	},
	"intervals":	[{
			"streams":	[{
					"socket":	5,
					"start":	0,
					"end":	1.000125,
					"seconds":	1.0001250505447388,
					"bytes":	12490448,
					"bits_per_second":	99911090.0637621,
					"packets":	8626,
					"omitted":	false,
					"sender":	true
				}],
			"sum":	{
				"start":	0,
				"end":	1.000125,
				"seconds":	1.0001250505447388,
				"bytes":	12490448,
				"bits_per_second":	99911090.0637621,
				"packets":	8626,
				"omitted":	false,
				"sender":	true
			}
		}, {
			"streams":	[{
					"socket":	5,
					"start":	1.000125,
					"end":	2.000129,
					"seconds":	1.0000040531158447,
					"bytes":	12500584,
					"bits_per_second":	100004266.67112221,
					"packets":	8633,
					"omitted":	false,
					"sender":	true
				}],
			"sum":	{
				"start":	1.000125,
				"end":	2.000129,
				"seconds":	1.0000040531158447,
				"bytes":	12500584,
				"bits_per_second":	100004266.67112221,
				"packets":	8633,
				"omitted":	false,
				"sender":	true
			}
		}, {
			"streams":	[{
					"socket":	5,
					"start":	2.000129,
					"end":	3.000065,
					"seconds":	0.99993598461151123,
					"bytes":	12499136,
					"bits_per_second":	99999489.506169423,
					"packets":	8632,
					"omitted":	false,
					"sender":	true
				}],
			"sum":	{
				"start":	2.000129,
				"end":	3.000065,
				"seconds":	0.99993598461151123,
				"bytes":	12499136,
				"bits_per_second":	99999489.506169423,
				"packets":	8632,
				"omitted":	false,
				"sender":	true
			}
		}, {
			"streams":	[{
					"socket":	5,
					"start":	3.000065,
					"end":	4.000175,
					"seconds":	1.0001100301742554,
					"bytes":	12500584,
					"bits_per_second":	99993669.6791008,
					"packets":	8633,
					"omitted":	false,
					"sender":	true
				}],
			"sum":	{
				"start":	3.000065,
				"end":	4.000175,
				"seconds":	1.0001100301742554,
				"bytes":	12500584,
				"bits_per_second":	99993669.6791008,
				"packets":	8633,
				"omitted":	false,
				"sender":	true
			}
		}, {
			"streams":	[{
					"socket":	5,
					"start":	4.000175,
					"end":	5.000171,
					"seconds":	0.9999960064888,
					"bytes":	12500584,
					"bits_per_second":	100005071.37137258,
					"packets":	8633,
					"omitted":	false,
					"sender":	true
				}],
			"sum":	{
				"start":	4.000175,
				"end":	5.000171,
				"seconds":	0.9999960064888,
				"bytes":	12500584,
				"bits_per_second":	100005071.37137258,
				"packets":	8633,
				"omitted":	false,
				"sender":	true
			}
		}, {
			"streams":	[{
					"socket":	5,
					"start":	5.000171,
					"end":	6.000124,
					"seconds":	0.99995297193527222,
					"bytes":	12499136,
					"bits_per_second":	99997790.7025738,
					"packets":	8632,
					"omitted":	false,
					"sender":	true
				}],
			"sum":	{
				"start":	5.000171,
				"end":	6.000124,
				"seconds":	0.99995297193527222,
				"bytes":	12499136,
				"bits_per_second":	99997790.7025738,
				"packets":	8632,
				"omitted":	false,
				"sender":	true
			}
		}, {
			"streams":	[{
					"socket":	5,
					"start":	6.000124,
					"end":	7.000096,
					"seconds":	0.99997198581695557,
					"bytes":	12499136,
					"bits_per_second":	99995889.303146631,
					"packets":	8632,
					"omitted":	false,
					"sender":	true
				}],
			"sum":	{
				"start":	6.000124,
				"end":	7.000096,
				"seconds":	0.99997198581695557,
				"bytes":	12499136,
				"bits_per_second":	99995889.303146631,
				"packets":	8632,
				"omitted":	false,
				"sender":	true
			}
		}, {
			"streams":	[{
					"socket":	5,
					"start":	7.000096,
					"end":	8.000127,
					"seconds":	1.0000309944152832,
					"bytes":	12500584,
					"bits_per_second":	100001572.50973266,
					"packets":	8633,
					"omitted":	false,
					"sender":	true
				}],
			"sum":	{
				"start":	7.000096,
				"end":	8.000127,
				"seconds":	1.0000309944152832,
				"bytes":	12500584,
				"bits_per_second":	100001572.50973266,
				"packets":	8633,
				"omitted":	false,
				"sender":	true
			}
		}, {
			"streams":	[{
					"socket":	5,
					"start":	8.000127,
					"end":	9.000652,
					"seconds":	1.0005249977111816,
					"bytes":	12500584,
					"bits_per_second":	99952197.3251767,
					"packets":	8633,
					"omitted":	false,
					"sender":	true
				}],
			"sum":	{
				"start":	8.000127,
				"end":	9.000652,
				"seconds":	1.0005249977111816,
				"bytes":	12500584,
				"bits_per_second":	99952197.3251767,
				"packets":	8633,
				"omitted":	false,
				"sender":	true
			}
		}, {
			"streams":	[{
					"socket":	5,
					"start":	9.000652,
					"end":	10.000157,
					"seconds":	0.99950498342514038,
					"bytes":	12499136,
					"bits_per_second":	100042610.75051373,
					"packets":	8632,
					"omitted":	false,
					"sender":	true
				}],
			"sum":	{
				"start":	9.000652,
				"end":	10.000157,
				"seconds":	0.99950498342514038,
				"bytes":	12499136,
				"bits_per_second":	100042610.75051373,
				"packets":	8632,
				"omitted":	false,
				"sender":	true
			}
		}, {
			"streams":	[{
					"socket":	5,
					"start":	10.000157,
					"end":	11.000131,
					"seconds":	0.999974012374878,
					"bytes":	12500584,
					"bits_per_second":	100007270.95146696,
					"packets":	8633,
					"omitted":	false,
					"sender":	true
				}],
			"sum":	{
				"start":	10.000157,
				"end":	11.000131,
				"seconds":	0.999974012374878,
				"bytes":	12500584,
				"bits_per_second":	100007270.95146696,
				"packets":	8633,
				"omitted":	false,
				"sender":	true
			}
		}, {
			"streams":	[{
					"socket":	5,
					"start":	11.000131,
					"end":	12.000178,
					"seconds":	1.000046968460083,
					"bytes":	12500584,
					"bits_per_second":	99999975.155158624,
					"packets":	8633,
					"omitted":	false,
					"sender":	true
				}],
			"sum":	{
				"start":	11.000131,
				"end":	12.000178,
				"seconds":	1.000046968460083,
				"bytes":	12500584,
				"bits_per_second":	99999975.155158624,
				"packets":	8633,
				"omitted":	false,
				"sender":	true
			}
		}, {
			"streams":	[{
					"socket":	5,
					"start":	12.000178,
					"end":	13.000124,
					"seconds":	0.9999459981918335,
					"bytes":	12499136,
					"bits_per_second":	99998488.099171266,
					"packets":	8632,
					"omitted":	false,
					"sender":	true
				}],
			"sum":	{
				"start":	12.000178,
				"end":	13.000124,
				"seconds":	0.9999459981918335,
				"bytes":	12499136,
				"bits_per_second":	99998488.099171266,
				"packets":	8632,
				"omitted":	false,
				"sender":	true
			}
		}, {
			"streams":	[{
					"socket":	5,
					"start":	13.000124,
					"end":	14.000124,
					"seconds":	1,
					"bytes":	12500584,
					"bits_per_second":	100004672,
					"packets":	8633,
					"omitted":	false,
					"sender":	true
				}],
			"sum":	{
				"start":	13.000124,
				"end":	14.000124,
				"seconds":	1,
				"bytes":	12500584,
				"bits_per_second":	100004672,
				"packets":	8633,
				"omitted":	false,
				"sender":	true
			}
		}, {
			"streams":	[{
					"socket":	5,
					"start":	14.000124,
					"end":	15.000156,
					"seconds":	1.0000319480895996,
					"bytes":	12499136,
					"bits_per_second":	99989893.51392296,
					"packets":	8632,
					"omitted":	false,
					"sender":	true
				}],