{
	"start":	{
		"connected":	[{
				"socket":	5,
				"local_host":	"172.20.171.186",
				"local_port":	55159,
				"remote_host":	"54.227.41.78",
				"remote_port":	5201
			}],
		"version":	"iperf 3.16",
		"system_info":	"Linux DESKTOP-OR35M89 6.18.33.1-microsoft-standard-WSL2 #1 SMP PREEMPT_DYNAMIC Fri Jun  5 01:12:21 UTC 2026 x86_64",
		"timestamp":	{
			"time":	"Fri, 26 Jun 2026 00:20:50 GMT",
			"timesecs":	1782433250
		},
		"connecting_to":	{
			"host":	"54.227.41.78",
			"port":	5201
		},
		"cookie":	"cwbfaaowajrd6flmlh5gprwot76qbbfdopiv",
		"target_bitrate":	100000000,
		"fq_rate":	0,
		"sock_bufsize":	0,
		"sndbuf_actual":	212992,
		"rcvbuf_actual":	212992,
		"test_start":	{
			"protocol":	"UDP",
			"num_streams":	1,
			"blksize":	1448,
			"omit":	0,
			"duration":	30,
			"bytes":	0,
			"blocks":	0,
			"reverse":	0,
			"tos":	0,
			"target_bitrate":	100000000,
			"bidir":	0,
			"fqrate":	0
		}
	},
	"intervals":	[{
			"streams":	[{
					"socket":	5,
					"start":	0,
					"end":	1.000091,
					"seconds":	1.0000909566879272,
					"bytes":	12489000,
					"bits_per_second":	99902913.1619045,
					"packets":	8625,
					"omitted":	false,
					"sender":	true
				}],
			"sum":	{
				"start":	0,
				"end":	1.000091,
				"seconds":	1.0000909566879272,
				"bytes":	12489000,
				"bits_per_second":	99902913.1619045,
				"packets":	8625,
				"omitted":	false,
				"sender":	true
			}
		}, {
			"streams":	[{
					"socket":	5,
					"start":	1.000091,
					"end":	2.000147,
					"seconds":	1.0000560283660889,
					"bytes":	12502032,
					"bits_per_second":	100010652.56654522,
					"packets":	8634,
					"omitted":	false,
					"sender":	true
				}],
			"sum":	{
				"start":	1.000091,
				"end":	2.000147,
				"seconds":	1.0000560283660889,
				"bytes":	12502032,
				"bits_per_second":	100010652.56654522,
				"packets":	8634,
				"omitted":	false,
				"sender":	true
			}
		}, {
			"streams":	[{
					"socket":	5,
					"start":	2.000147,
					"end":	3.000145,
					"seconds":	0.99999797344207764,
					"bytes":	12499136,
					"bits_per_second":	99993290.642195329,
					"packets":	8632,
					"omitted":	false,
					"sender":	true
				}],
			"sum":	{
				"start":	2.000147,
				"end":	3.000145,
				"seconds":	0.99999797344207764,
				"bytes":	12499136,
				"bits_per_second":	99993290.642195329,
				"packets":	8632,
				"omitted":	false,
				"sender":	true
			}
		}, {
			"streams":	[{
					"socket":	5,
					"start":	3.000145,
					"end":	4.000153,
					"seconds":	1.0000079870224,
					"bytes":	12499136,
					"bits_per_second":	99992289.359345064,
					"packets":	8632,
					"omitted":	false,
					"sender":	true
				}],
			"sum":	{
				"start":	3.000145,
				"end":	4.000153,
				"seconds":	1.0000079870224,
				"bytes":	12499136,
				"bits_per_second":	99992289.359345064,
				"packets":	8632,
				"omitted":	false,
				"sender":	true
			}
		}, {
			"streams":	[{
					"socket":	5,
					"start":	4.000153,
					"end":	5.000093,
					"seconds":	0.99993997812271118,
					"bytes":	12500584,
					"bits_per_second":	100010674.82845213,
					"packets":	8633,
					"omitted":	false,
					"sender":	true
				}],
			"sum":	{
				"start":	4.000153,
				"end":	5.000093,
				"seconds":	0.99993997812271118,
				"bytes":	12500584,
				"bits_per_second":	100010674.82845213,
				"packets":	8633,
				"omitted":	false,
				"sender":	true
			}
		}, {
			"streams":	[{
					"socket":	5,
					"start":	5.000093,
					"end":	6.0001,
					"seconds":	1.0000070333480835,
					"bytes":	12500584,
					"bits_per_second":	100003968.63727884,
					"packets":	8633,
					"omitted":	false,
					"sender":	true
				}],
			"sum":	{
				"start":	5.000093,
				"end":	6.0001,
				"seconds":	1.0000070333480835,
				"bytes":	12500584,
				"bits_per_second":	100003968.63727884,
				"packets":	8633,
				"omitted":	false,
				"sender":	true
			}
		}, {
			"streams":	[{
					"socket":	5,
					"start":	6.0001,
					"end":	7.000089,
					"seconds":	0.99998897314071655,
					"bytes":	12499136,
					"bits_per_second":	99994190.621869147,
					"packets":	8632,
					"omitted":	false,
					"sender":	true
				}],
			"sum":	{
				"start":	6.0001,
				"end":	7.000089,
				"seconds":	0.99998897314071655,
				"bytes":	12499136,
				"bits_per_second":	99994190.621869147,
				"packets":	8632,
				"omitted":	false,
				"sender":	true
			}
		}, {
			"streams":	[{
					"socket":	5,
					"start":	7.000089,
					"end":	8.000091,
					"seconds":	1.0000020265579224,
					"bytes":	12500584,
					"bits_per_second":	100004469.33515039,
					"packets":	8633,
					"omitted":	false,
					"sender":	true
				}],
			"sum":	{
				"start":	7.000089,
				"end":	8.000091,
				"seconds":	1.0000020265579224,
				"bytes":	12500584,
				"bits_per_second":	100004469.33515039,
				"packets":	8633,
				"omitted":	false,
				"sender":	true
			}
		}, {
			"streams":	[{
					"socket":	5,
					"start":	8.000091,
					"end":	9.000101,
					"seconds":	1.0000100135803223,
					"bytes":	12499136,
					"bits_per_second":	99992086.721208,
					"packets":	8632,
					"omitted":	false,
					"sender":	true
				}],
			"sum":	{
				"start":	8.000091,
				"end":	9.000101,
				"seconds":	1.0000100135803223,
				"bytes":	12499136,
				"bits_per_second":	99992086.721208,
				"packets":	8632,
				"omitted":	false,
				"sender":	true
			}
		}, {
			"streams":	[{
					"socket":	5,
					"start":	9.000101,
					"end":	10.000293,
					"seconds":	1.0001920461654663,
					"bytes":	12504928,
					"bits_per_second":	100020215.50114389,
					"packets":	8636,
					"omitted":	false,
					"sender":	true
				}],
			"sum":	{
				"start":	9.000101,
				"end":	10.000293,
				"seconds":	1.0001920461654663,
				"bytes":	12504928,
				"bits_per_second":	100020215.50114389,
				"packets":	8636,
				"omitted":	false,
				"sender":	true
			}
		}, {
			"streams":	[{
					"socket":	5,
					"start":	10.000293,
					"end":	11.000144,
					"seconds":	0.99985098838806152,
					"bytes":	12496240,
					"bits_per_second":	99984818.8990335,
					"packets":	8630,
					"omitted":	false,
					"sender":	true
				}],
			"sum":	{
				"start":	10.000293,
				"end":	11.000144,
				"seconds":	0.99985098838806152,
				"bytes":	12496240,
				"bits_per_second":	99984818.8990335,
				"packets":	8630,
				"omitted":	false,
				"sender":	true
			}
		}, {
			"streams":	[{
					"socket":	5,
					"start":	11.000144,
					"end":	12.000146,
					"seconds":	1.0000020265579224,
					"bytes":	12499136,
					"bits_per_second":	99992885.358626,
					"packets":	8632,
					"omitted":	false,
					"sender":	true
				}],
			"sum":	{
				"start":	11.000144,
				"end":	12.000146,
				"seconds":	1.0000020265579224,
				"bytes":	12499136,
				"bits_per_second":	99992885.358626,
				"packets":	8632,
				"omitted":	false,
				"sender":	true
			}
		}, {
			"streams":	[{
					"socket":	5,
					"start":	12.000146,
					"end":	13.000084,
					"seconds":	0.99993801116943359,
					"bytes":	12500584,
					"bits_per_second":	100010871.55697174,
					"packets":	8633,
					"omitted":	false,
					"sender":	true
				}],
			"sum":	{
				"start":	12.000146,
				"end":	13.000084,
				"seconds":	0.99993801116943359,
				"bytes":	12500584,
				"bits_per_second":	100010871.55697174,
				"packets":	8633,
				"omitted":	false,
				"sender":	true
			}
		}, {
			"streams":	[{
					"socket":	5,
					"start":	13.000084,
					"end":	14.000093,
					"seconds":	1.0000089406967163,
					"bytes":	12500584,
					"bits_per_second":	100003777.89655134,
					"packets":	8633,
					"omitted":	false,
					"sender":	true
				}],
			"sum":	{
				"start":	13.000084,
				"end":	14.000093,
				"seconds":	1.0000089406967163,
				"bytes":	12500584,
				"bits_per_second":	100003777.89655134,
				"packets":	8633,
				"omitted":	false,
				"sender":	true
			}
		}, {
			"streams":	[{
					"socket":	5,
					"start":	14.000093,
					"end":	15.000157,
					"seconds":	1.0000640153884888,
					"bytes":	12499136,
					"bits_per_second":	99986687.313367933,
					"packets":	8632,
					"omitted":	false,