{
	"start":	{
		"connected":	[{
				"socket":	5,
				"local_host":	"172.20.171.186",
				"local_port":	55771,
				"remote_host":	"54.227.41.78",
				"remote_port":	5201
			}],
		"version":	"iperf 3.16",
		"system_info":	"Linux DESKTOP-OR35M89 6.18.33.1-microsoft-standard-WSL2 #1 SMP PREEMPT_DYNAMIC Fri Jun  5 01:12:21 UTC 2026 x86_64",
		"timestamp":	{
			"time":	"Thu, 25 Jun 2026 23:16:48 GMT",
			"timesecs":	1782429408
		},
		"connecting_to":	{
			"host":	"54.227.41.78",
			"port":	5201
		},
		"cookie":	"26iylywwjnhmpzajjw27fkppxvstjsz7pl3s",
		"target_bitrate":	100000000,
		"fq_rate":	0,
		"sock_bufsize":	0,
		"sndbuf_actual":	212992,
		"rcvbuf_actual":	212992,
		"test_start":	{
			"protocol":	"UDP",
			"num_streams":	1,
			"blksize":	1448,
			"omit":	0,
			"duration":	30,
			"bytes":	0,
			"blocks":	0,
			"reverse":	0,
			"tos":	0,
			"target_bitrate":	100000000,
			"bidir":	0,
			"fqrate":	0
		}
	},
	"intervals":	[{
			"streams":	[{
					"socket":	5,
					"start":	0,
					"end":	1.000129,
					"seconds":	1.0001289844512939,
					"bytes":	12490448,
					"bits_per_second":	99910697.073559567,
					"packets":	8626,
					"omitted":	false,
					"sender":	true
				}],
			"sum":	{
				"start":	0,
				"end":	1.000129,
				"seconds":	1.0001289844512939,
				"bytes":	12490448,
				"bits_per_second":	99910697.073559567,
				"packets":	8626,
				"omitted":	false,
				"sender":	true
			}
		}, {
			"streams":	[{
					"socket":	5,
					"start":	1.000129,
					"end":	2.000144,
					"seconds":	1.0000150203704834,
					"bytes":	12499136,
					"bits_per_second":	99991586.0893317,
					"packets":	8632,
					"omitted":	false,
					"sender":	true
				}],
			"sum":	{
				"start":	1.000129,
				"end":	2.000144,
				"seconds":	1.0000150203704834,
				"bytes":	12499136,
				"bits_per_second":	99991586.0893317,
				"packets":	8632,
				"omitted":	false,
				"sender":	true
			}
		}, {
			"streams":	[{
					"socket":	5,
					"start":	2.000144,
					"end":	3.000102,
					"seconds":	0.99995797872543335,
					"bytes":	12500584,
					"bits_per_second":	100008874.50037448,
					"packets":	8633,
					"omitted":	false,
					"sender":	true
				}],
			"sum":	{
				"start":	2.000144,
				"end":	3.000102,
				"seconds":	0.99995797872543335,
				"bytes":	12500584,
				"bits_per_second":	100008874.50037448,
				"packets":	8633,
				"omitted":	false,
				"sender":	true
			}
		}, {
			"streams":	[{
					"socket":	5,
					"start":	3.000102,
					"end":	4.000107,
					"seconds":	1.0000050067901611,
					"bytes":	12500584,
					"bits_per_second":	100004171.30009906,
					"packets":	8633,
					"omitted":	false,
					"sender":	true
				}],
			"sum":	{
				"start":	3.000102,
				"end":	4.000107,
				"seconds":	1.0000050067901611,
				"bytes":	12500584,
				"bits_per_second":	100004171.30009906,
				"packets":	8633,
				"omitted":	false,
				"sender":	true
			}
		}, {
			"streams":	[{
					"socket":	5,
					"start":	4.000107,
					"end":	5.000095,
					"seconds":	0.9999880194664,
					"bytes":	12499136,
					"bits_per_second":	99994285.984903038,
					"packets":	8632,
					"omitted":	false,
					"sender":	true
				}],
			"sum":	{
				"start":	4.000107,
				"end":	5.000095,
				"seconds":	0.9999880194664,
				"bytes":	12499136,
				"bits_per_second":	99994285.984903038,
				"packets":	8632,
				"omitted":	false,
				"sender":	true
			}
		}, {
			"streams":	[{
					"socket":	5,
					"start":	5.000095,
					"end":	6.000096,
					"seconds":	1.0000009536743164,
					"bytes":	12500584,
					"bits_per_second":	100004576.62820375,
					"packets":	8633,
					"omitted":	false,
					"sender":	true
				}],
			"sum":	{
				"start":	5.000095,
				"end":	6.000096,
				"seconds":	1.0000009536743164,
				"bytes":	12500584,
				"bits_per_second":	100004576.62820375,
				"packets":	8633,
				"omitted":	false,
				"sender":	true
			}
		}, {
			"streams":	[{
					"socket":	5,
					"start":	6.000096,
					"end":	7.000088,
					"seconds":	0.9999920129776,
					"bytes":	12499136,
					"bits_per_second":	99993886.653412551,
					"packets":	8632,
					"omitted":	false,
					"sender":	true
				}],
			"sum":	{
				"start":	6.000096,
				"end":	7.000088,
				"seconds":	0.9999920129776,
				"bytes":	12499136,
				"bits_per_second":	99993886.653412551,
				"packets":	8632,
				"omitted":	false,
				"sender":	true
			}
		}, {
			"streams":	[{
					"socket":	5,
					"start":	7.000088,
					"end":	8.000092,
					"seconds":	1.0000040531158447,
					"bytes":	12500584,
					"bits_per_second":	100004266.67112221,
					"packets":	8633,
					"omitted":	false,
					"sender":	true
				}],
			"sum":	{
				"start":	7.000088,
				"end":	8.000092,
				"seconds":	1.0000040531158447,
				"bytes":	12500584,
				"bits_per_second":	100004266.67112221,
				"packets":	8633,
				"omitted":	false,
				"sender":	true
			}
		}, {
			"streams":	[{
					"socket":	5,
					"start":	8.000092,
					"end":	9.000155,
					"seconds":	1.0000629425048828,
					"bytes":	12500584,
					"bits_per_second":	99998377.8516138,
					"packets":	8633,
					"omitted":	false,
					"sender":	true
				}],
			"sum":	{
				"start":	8.000092,
				"end":	9.000155,
				"seconds":	1.0000629425048828,
				"bytes":	12500584,
				"bits_per_second":	99998377.8516138,
				"packets":	8633,
				"omitted":	false,
				"sender":	true
			}
		}, {
			"streams":	[{
					"socket":	5,
					"start":	9.000155,
					"end":	10.000197,
					"seconds":	1.0000419616699219,
					"bytes":	12500584,
					"bits_per_second":	100000475.8130419,
					"packets":	8633,
					"omitted":	false,
					"sender":	true
				}],
			"sum":	{
				"start":	9.000155,
				"end":	10.000197,
				"seconds":	1.0000419616699219,
				"bytes":	12500584,
				"bits_per_second":	100000475.8130419,
				"packets":	8633,
				"omitted":	false,
				"sender":	true
			}
		}, {
			"streams":	[{
					"socket":	5,
					"start":	10.000197,
					"end":	11.000097,
					"seconds":	0.999899983406067,
					"bytes":	12499136,
					"bits_per_second":	100003089.96844143,
					"packets":	8632,
					"omitted":	false,
					"sender":	true
				}],
			"sum":	{
				"start":	10.000197,
				"end":	11.000097,
				"seconds":	0.999899983406067,
				"bytes":	12499136,
				"bits_per_second":	100003089.96844143,
				"packets":	8632,
				"omitted":	false,
				"sender":	true
			}
		}, {
			"streams":	[{
					"socket":	5,
					"start":	11.000097,
					"end":	12.000162,
					"seconds":	1.0000649690628052,
					"bytes":	12502032,
					"bits_per_second":	100009758.45972151,
					"packets":	8634,
					"omitted":	false,
					"sender":	true
				}],
			"sum":	{
				"start":	11.000097,
				"end":	12.000162,
				"seconds":	1.0000649690628052,
				"bytes":	12502032,
				"bits_per_second":	100009758.45972151,
				"packets":	8634,
				"omitted":	false,
				"sender":	true
			}
		}, {
			"streams":	[{
					"socket":	5,
					"start":	12.000162,
					"end":	13.000143,
					"seconds":	0.99998098611831665,
					"bytes":	12497688,
					"bits_per_second":	99983405.072634354,
					"packets":	8631,
					"omitted":	false,
					"sender":	true
				}],
			"sum":	{
				"start":	12.000162,
				"end":	13.000143,
				"seconds":	0.99998098611831665,
				"bytes":	12497688,
				"bits_per_second":	99983405.072634354,
				"packets":	8631,
				"omitted":	false,
				"sender":	true
			}
		}, {
			"streams":	[{
					"socket":	5,
					"start":	13.000143,
					"end":	14.000175,
					"seconds":	1.0000319480895996,
					"bytes":	12500584,
					"bits_per_second":	100001477.14384812,
					"packets":	8633,
					"omitted":	false,
					"sender":	true
				}],
			"sum":	{
				"start":	13.000143,
				"end":	14.000175,
				"seconds":	1.0000319480895996,
				"bytes":	12500584,
				"bits_per_second":	100001477.14384812,
				"packets":	8633,
				"omitted":	false,
				"sender":	true
			}
		}, {
			"streams":	[{
					"socket":	5,
					"start":	14.000175,
					"end":	15.000143,
					"seconds":	0.99996799230575562,
					"bytes":	12499136,
					"bits_per_second":	99996288.6506327,
					"packets":	8632,
					"omitted":	false,