{
	"start":	{
		"connected":	[{
				"socket":	5,
				"local_host":	"172.20.171.186",
				"local_port":	40543,
				"remote_host":	"54.227.41.78",
				"remote_port":	5201
			}],
		"version":	"iperf 3.16",
		"system_info":	"Linux DESKTOP-OR35M89 6.18.33.1-microsoft-standard-WSL2 #1 SMP PREEMPT_DYNAMIC Fri Jun  5 01:12:21 UTC 2026 x86_64",
		"timestamp":	{
			"time":	"Thu, 25 Jun 2026 22:38:39 GMT",
			"timesecs":	1782427119
		},
		"connecting_to":	{
			"host":	"54.227.41.78",
			"port":	5201
		},
		"cookie":	"nrkrlktltnxjqweposmjwsom7oxiv5lcyfms",
		"target_bitrate":	100000000,
		"fq_rate":	0,
		"sock_bufsize":	0,
		"sndbuf_actual":	212992,
		"rcvbuf_actual":	212992,
		"test_start":	{
			"protocol":	"UDP",
			"num_streams":	1,
			"blksize":	1448,
			"omit":	0,
			"duration":	30,
			"bytes":	0,
			"blocks":	0,
			"reverse":	0,
			"tos":	0,
			"target_bitrate":	100000000,
			"bidir":	0,
			"fqrate":	0
		}
	},
	"intervals":	[{
			"streams":	[{
					"socket":	5,
					"start":	0,
					"end":	1.000107,
					"seconds":	1.0001070499420166,
					"bytes":	12490448,
					"bits_per_second":	99912888.331097439,
					"packets":	8626,
					"omitted":	false,
					"sender":	true
				}],
			"sum":	{
				"start":	0,
				"end":	1.000107,
				"seconds":	1.0001070499420166,
				"bytes":	12490448,
				"bits_per_second":	99912888.331097439,
				"packets":	8626,
				"omitted":	false,
				"sender":	true
			}
		}, {
			"streams":	[{
					"socket":	5,
					"start":	1.000107,
					"end":	2.000117,
					"seconds":	1.0000100135803223,
					"bytes":	12499136,
					"bits_per_second":	99992086.721208,
					"packets":	8632,
					"omitted":	false,
					"sender":	true
				}],
			"sum":	{
				"start":	1.000107,
				"end":	2.000117,
				"seconds":	1.0000100135803223,
				"bytes":	12499136,
				"bits_per_second":	99992086.721208,
				"packets":	8632,
				"omitted":	false,
				"sender":	true
			}
		}, {
			"streams":	[{
					"socket":	5,
					"start":	2.000117,
					"end":	3.000192,
					"seconds":	1.0000749826431274,
					"bytes":	12503480,
					"bits_per_second":	100020340.21052451,
					"packets":	8635,
					"omitted":	false,
					"sender":	true
				}],
			"sum":	{
				"start":	2.000117,
				"end":	3.000192,
				"seconds":	1.0000749826431274,
				"bytes":	12503480,
				"bits_per_second":	100020340.21052451,
				"packets":	8635,
				"omitted":	false,
				"sender":	true
			}
		}, {
			"streams":	[{
					"socket":	5,
					"start":	3.000192,
					"end":	4.000145,
					"seconds":	0.99995297193527222,
					"bytes":	12496240,
					"bits_per_second":	99974621.612976357,
					"packets":	8630,
					"omitted":	false,
					"sender":	true
				}],
			"sum":	{
				"start":	3.000192,
				"end":	4.000145,
				"seconds":	0.99995297193527222,
				"bytes":	12496240,
				"bits_per_second":	99974621.612976357,
				"packets":	8630,
				"omitted":	false,
				"sender":	true
			}
		}, {
			"streams":	[{
					"socket":	5,
					"start":	4.000145,
					"end":	5.000119,
					"seconds":	0.999974012374878,
					"bytes":	12500584,
					"bits_per_second":	100007270.95146696,
					"packets":	8633,
					"omitted":	false,
					"sender":	true
				}],
			"sum":	{
				"start":	4.000145,
				"end":	5.000119,
				"seconds":	0.999974012374878,
				"bytes":	12500584,
				"bits_per_second":	100007270.95146696,
				"packets":	8633,
				"omitted":	false,
				"sender":	true
			}
		}, {
			"streams":	[{
					"socket":	5,
					"start":	5.000119,
					"end":	6.000163,
					"seconds":	1.0000439882278442,
					"bytes":	12499136,
					"bits_per_second":	99988689.674736738,
					"packets":	8632,
					"omitted":	false,
					"sender":	true
				}],
			"sum":	{
				"start":	5.000119,
				"end":	6.000163,
				"seconds":	1.0000439882278442,
				"bytes":	12499136,
				"bits_per_second":	99988689.674736738,
				"packets":	8632,
				"omitted":	false,
				"sender":	true
			}
		}, {
			"streams":	[{
					"socket":	5,
					"start":	6.000163,
					"end":	7.000228,
					"seconds":	1.0000649690628052,
					"bytes":	12502032,
					"bits_per_second":	100009758.45972151,
					"packets":	8634,
					"omitted":	false,
					"sender":	true
				}],
			"sum":	{
				"start":	6.000163,
				"end":	7.000228,
				"seconds":	1.0000649690628052,
				"bytes":	12502032,
				"bits_per_second":	100009758.45972151,
				"packets":	8634,
				"omitted":	false,
				"sender":	true
			}
		}, {
			"streams":	[{
					"socket":	5,
					"start":	7.000228,
					"end":	8.000145,
					"seconds":	0.999916970729828,
					"bytes":	12499136,
					"bits_per_second":	100001391.04251446,
					"packets":	8632,
					"omitted":	false,
					"sender":	true
				}],
			"sum":	{
				"start":	7.000228,
				"end":	8.000145,
				"seconds":	0.999916970729828,
				"bytes":	12499136,
				"bits_per_second":	100001391.04251446,
				"packets":	8632,
				"omitted":	false,
				"sender":	true
			}
		}, {
			"streams":	[{
					"socket":	5,
					"start":	8.000145,
					"end":	9.000165,
					"seconds":	1.0000200271606445,
					"bytes":	12500584,
					"bits_per_second":	100002669.23047844,
					"packets":	8633,
					"omitted":	false,
					"sender":	true
				}],
			"sum":	{
				"start":	8.000145,
				"end":	9.000165,
				"seconds":	1.0000200271606445,
				"bytes":	12500584,
				"bits_per_second":	100002669.23047844,
				"packets":	8633,
				"omitted":	false,
				"sender":	true
			}
		}, {
			"streams":	[{
					"socket":	5,
					"start":	9.000165,
					"end":	10.000107,
					"seconds":	0.99994200468063354,
					"bytes":	12499136,
					"bits_per_second":	99998887.46741496,
					"packets":	8632,
					"omitted":	false,
					"sender":	true
				}],
			"sum":	{
				"start":	9.000165,
				"end":	10.000107,
				"seconds":	0.99994200468063354,
				"bytes":	12499136,
				"bits_per_second":	99998887.46741496,
				"packets":	8632,
				"omitted":	false,
				"sender":	true
			}
		}, {
			"streams":	[{
					"socket":	5,
					"start":	10.000107,
					"end":	11.000104,
					"seconds":	0.99999701976776123,
					"bytes":	12500584,
					"bits_per_second":	100004970.03803575,
					"packets":	8633,
					"omitted":	false,
					"sender":	true
				}],
			"sum":	{
				"start":	10.000107,
				"end":	11.000104,
				"seconds":	0.99999701976776123,
				"bytes":	12500584,
				"bits_per_second":	100004970.03803575,
				"packets":	8633,
				"omitted":	false,
				"sender":	true
			}
		}, {
			"streams":	[{
					"socket":	5,
					"start":	11.000104,
					"end":	12.000236,
					"seconds":	1.0001319646835327,
					"bytes":	12500584,
					"bits_per_second":	99991476.65642707,
					"packets":	8633,
					"omitted":	false,
					"sender":	true
				}],
			"sum":	{
				"start":	11.000104,
				"end":	12.000236,
				"seconds":	1.0001319646835327,
				"bytes":	12500584,
				"bits_per_second":	99991476.65642707,
				"packets":	8633,
				"omitted":	false,
				"sender":	true
			}
		}, {
			"streams":	[{
					"socket":	5,
					"start":	12.000236,
					"end":	13.000134,
					"seconds":	0.99989801645278931,
					"bytes":	12499136,
					"bits_per_second":	100003286.68990937,
					"packets":	8632,
					"omitted":	false,
					"sender":	true
				}],
			"sum":	{
				"start":	12.000236,
				"end":	13.000134,
				"seconds":	0.99989801645278931,
				"bytes":	12499136,
				"bits_per_second":	100003286.68990937,
				"packets":	8632,
				"omitted":	false,
				"sender":	true
			}
		}, {
			"streams":	[{
					"socket":	5,
					"start":	13.000134,
					"end":	14.000136,
					"seconds":	1.0000020265579224,
					"bytes":	12500584,
					"bits_per_second":	100004469.33515039,
					"packets":	8633,
					"omitted":	false,
					"sender":	true
				}],
			"sum":	{
				"start":	13.000134,
				"end":	14.000136,
				"seconds":	1.0000020265579224,
				"bytes":	12500584,
				"bits_per_second":	100004469.33515039,
				"packets":	8633,
				"omitted":	false,
				"sender":	true
			}
		}, {
			"streams":	[{
					"socket":	5,
					"start":	14.000136,
					"end":	15.000119,
					"seconds":	0.999983012676239,
					"bytes":	12499136,
					"bits_per_second":	99994786.64381513,
					"packets":	8632,