{
	"start":	{
		"connected":	[{
				"socket":	5,
				"local_host":	"172.20.171.186",
				"local_port":	59164,
				"remote_host":	"54.227.41.78",
				"remote_port":	5201
			}],
		"version":	"iperf 3.16",
		"system_info":	"Linux DESKTOP-OR35M89 6.18.33.1-microsoft-standard-WSL2 #1 SMP PREEMPT_DYNAMIC Fri Jun  5 01:12:21 UTC 2026 x86_64",
		"timestamp":	{
			"time":	"Thu, 25 Jun 2026 21:32:12 GMT",
			"timesecs":	1782423132
		},
		"connecting_to":	{
			"host":	"54.227.41.78",
			"port":	5201
		},
		"cookie":	"3ozk6snwoixl5a3ap2ka53h2g4dvxui2zgcf",
		"target_bitrate":	100000000,
		"fq_rate":	0,
		"sock_bufsize":	0,
		"sndbuf_actual":	212992,
		"rcvbuf_actual":	212992,
		"test_start":	{
			"protocol":	"UDP",
			"num_streams":	1,
			"blksize":	1448,
			"omit":	0,
			"duration":	30,
			"bytes":	0,
			"blocks":	0,
			"reverse":	0,
			"tos":	0,
			"target_bitrate":	100000000,
			"bidir":	0,
			"fqrate":	0
		}
	},
	"intervals":	[{
			"streams":	[{
					"socket":	5,
					"start":	0,
					"end":	1.000141,
					"seconds":	1.0001410245895386,
					"bytes":	12490448,
					"bits_per_second":	99909494.3045747,
					"packets":	8626,
					"omitted":	false,
					"sender":	true
				}],
			"sum":	{
				"start":	0,
				"end":	1.000141,
				"seconds":	1.0001410245895386,
				"bytes":	12490448,
				"bits_per_second":	99909494.3045747,
				"packets":	8626,
				"omitted":	false,
				"sender":	true
			}
		}, {
			"streams":	[{
					"socket":	5,
					"start":	1.000141,
					"end":	2.000088,
					"seconds":	0.99994701147079468,
					"bytes":	12500584,
					"bits_per_second":	100009971.38128936,
					"packets":	8633,
					"omitted":	false,
					"sender":	true
				}],
			"sum":	{
				"start":	1.000141,
				"end":	2.000088,
				"seconds":	0.99994701147079468,
				"bytes":	12500584,
				"bits_per_second":	100009971.38128936,
				"packets":	8633,
				"omitted":	false,
				"sender":	true
			}
		}, {
			"streams":	[{
					"socket":	5,
					"start":	2.000088,
					"end":	3.000112,
					"seconds":	1.0000239610672,
					"bytes":	12499136,
					"bits_per_second":	99990692.116306856,
					"packets":	8632,
					"omitted":	false,
					"sender":	true
				}],
			"sum":	{
				"start":	2.000088,
				"end":	3.000112,
				"seconds":	1.0000239610672,
				"bytes":	12499136,
				"bits_per_second":	99990692.116306856,
				"packets":	8632,
				"omitted":	false,
				"sender":	true
			}
		}, {
			"streams":	[{
					"socket":	5,
					"start":	3.000112,
					"end":	4.000091,
					"seconds":	0.999979019165039,
					"bytes":	12499136,
					"bits_per_second":	99995185.982494,
					"packets":	8632,
					"omitted":	false,
					"sender":	true
				}],
			"sum":	{
				"start":	3.000112,
				"end":	4.000091,
				"seconds":	0.999979019165039,
				"bytes":	12499136,
				"bits_per_second":	99995185.982494,
				"packets":	8632,
				"omitted":	false,
				"sender":	true
			}
		}, {
			"streams":	[{
					"socket":	5,
					"start":	4.000091,
					"end":	5.00009,
					"seconds":	0.99999898672103882,
					"bytes":	12500584,
					"bits_per_second":	100004773.33273284,
					"packets":	8633,
					"omitted":	false,
					"sender":	true
				}],
			"sum":	{
				"start":	4.000091,
				"end":	5.00009,
				"seconds":	0.99999898672103882,
				"bytes":	12500584,
				"bits_per_second":	100004773.33273284,
				"packets":	8633,
				"omitted":	false,
				"sender":	true
			}
		}, {
			"streams":	[{
					"socket":	5,
					"start":	5.00009,
					"end":	6.000144,
					"seconds":	1.0000540018081665,
					"bytes":	12500584,
					"bits_per_second":	99999271.8585043,
					"packets":	8633,
					"omitted":	false,
					"sender":	true
				}],
			"sum":	{
				"start":	5.00009,
				"end":	6.000144,
				"seconds":	1.0000540018081665,
				"bytes":	12500584,
				"bits_per_second":	99999271.8585043,
				"packets":	8633,
				"omitted":	false,
				"sender":	true
			}
		}, {
			"streams":	[{
					"socket":	5,
					"start":	6.000144,
					"end":	7.000148,
					"seconds":	1.0000040531158447,
					"bytes":	12499136,
					"bits_per_second":	99992682.718073323,
					"packets":	8632,
					"omitted":	false,
					"sender":	true
				}],
			"sum":	{
				"start":	6.000144,
				"end":	7.000148,
				"seconds":	1.0000040531158447,
				"bytes":	12499136,
				"bits_per_second":	99992682.718073323,
				"packets":	8632,
				"omitted":	false,
				"sender":	true
			}
		}, {
			"streams":	[{
					"socket":	5,
					"start":	7.000148,
					"end":	8.000565,
					"seconds":	1.0004169940948486,
					"bytes":	12502032,
					"bits_per_second":	99974567.1958443,
					"packets":	8634,
					"omitted":	false,
					"sender":	true
				}],
			"sum":	{
				"start":	7.000148,
				"end":	8.000565,
				"seconds":	1.0004169940948486,
				"bytes":	12502032,
				"bits_per_second":	99974567.1958443,
				"packets":	8634,
				"omitted":	false,
				"sender":	true
			}
		}, {
			"streams":	[{
					"socket":	5,
					"start":	8.000565,
					"end":	9.000093,
					"seconds":	0.99952799081802368,
					"bytes":	12499136,
					"bits_per_second":	100040307.94391727,
					"packets":	8632,
					"omitted":	false,
					"sender":	true
				}],
			"sum":	{
				"start":	8.000565,
				"end":	9.000093,
				"seconds":	0.99952799081802368,
				"bytes":	12499136,
				"bits_per_second":	100040307.94391727,
				"packets":	8632,
				"omitted":	false,
				"sender":	true
			}
		}, {
			"streams":	[{
					"socket":	5,
					"start":	9.000093,
					"end":	10.000097,
					"seconds":	1.0000040531158447,
					"bytes":	12499136,
					"bits_per_second":	99992682.718073323,
					"packets":	8632,
					"omitted":	false,
					"sender":	true
				}],
			"sum":	{
				"start":	9.000093,
				"end":	10.000097,
				"seconds":	1.0000040531158447,
				"bytes":	12499136,
				"bits_per_second":	99992682.718073323,
				"packets":	8632,
				"omitted":	false,
				"sender":	true
			}
		}, {
			"streams":	[{
					"socket":	5,
					"start":	10.000097,
					"end":	11.000084,
					"seconds":	0.999987006187439,
					"bytes":	12499136,
					"bits_per_second":	99994387.308325842,
					"packets":	8632,
					"omitted":	false,
					"sender":	true
				}],
			"sum":	{
				"start":	10.000097,
				"end":	11.000084,
				"seconds":	0.999987006187439,
				"bytes":	12499136,
				"bits_per_second":	99994387.308325842,
				"packets":	8632,
				"omitted":	false,
				"sender":	true
			}
		}, {
			"streams":	[{
					"socket":	5,
					"start":	11.000084,
					"end":	12.00013,
					"seconds":	1.0000460147857666,
					"bytes":	12502032,
					"bits_per_second":	100011653.98516771,
					"packets":	8634,
					"omitted":	false,
					"sender":	true
				}],
			"sum":	{
				"start":	11.000084,
				"end":	12.00013,
				"seconds":	1.0000460147857666,
				"bytes":	12502032,
				"bits_per_second":	100011653.98516771,
				"packets":	8634,
				"omitted":	false,
				"sender":	true
			}
		}, {
			"streams":	[{
					"socket":	5,
					"start":	12.00013,
					"end":	13.000147,
					"seconds":	1.0000170469284058,
					"bytes":	12499136,
					"bits_per_second":	99991383.454045072,
					"packets":	8632,
					"omitted":	false,
					"sender":	true
				}],
			"sum":	{
				"start":	12.00013,
				"end":	13.000147,
				"seconds":	1.0000170469284058,
				"bytes":	12499136,
				"bits_per_second":	99991383.454045072,
				"packets":	8632,
				"omitted":	false,
				"sender":	true
			}
		}, {
			"streams":	[{
					"socket":	5,
					"start":	13.000147,
					"end":	14.000147,
					"seconds":	1,
					"bytes":	12500584,
					"bits_per_second":	100004672,
					"packets":	8633,
					"omitted":	false,
					"sender":	true
				}],
			"sum":	{
				"start":	13.000147,
				"end":	14.000147,
				"seconds":	1,
				"bytes":	12500584,
				"bits_per_second":	100004672,
				"packets":	8633,
				"omitted":	false,
				"sender":	true
			}
		}, {
			"streams":	[{
					"socket":	5,
					"start":	14.000147,
					"end":	15.000143,
					"seconds":	0.9999960064888,
					"bytes":	12499136,
					"bits_per_second":	99993487.325111553,
					"packets":	8632,
					"omitted":	false,
					"sender":	true
				}],
			"sum":	{
				"start":	14.000147,