{
	"start":	{
		"connected":	[{
				"socket":	5,
				"local_host":	"172.20.171.186",
				"local_port":	44321,
				"remote_host":	"54.227.41.78",
				"remote_port":	5201
			}],
		"version":	"iperf 3.16",
		"system_info":	"Linux DESKTOP-OR35M89 6.18.33.1-microsoft-standard-WSL2 #1 SMP PREEMPT_DYNAMIC Fri Jun  5 01:12:21 UTC 2026 x86_64",
		"timestamp":	{
			"time":	"Thu, 25 Jun 2026 23:20:04 GMT",
			"timesecs":	1782429604
		},
		"connecting_to":	{
			"host":	"54.227.41.78",
			"port":	5201
		},
		"cookie":	"o457jvpvvuwlndhlrxfpfmshlf2tyljb5sjb",
		"target_bitrate":	100000000,
		"fq_rate":	0,
		"sock_bufsize":	0,
		"sndbuf_actual":	212992,
		"rcvbuf_actual":	212992,
		"test_start":	{
			"protocol":	"UDP",
			"num_streams":	1,
			"blksize":	1448,
			"omit":	0,
			"duration":	30,
			"bytes":	0,
			"blocks":	0,
			"reverse":	0,
			"tos":	0,
			"target_bitrate":	100000000,
			"bidir":	0,
			"fqrate":	0
		}
	},
	"intervals":	[{
			"streams":	[{
					"socket":	5,
					"start":	0,
					"end":	1.000125,
					"seconds":	1.0001250505447388,
					"bytes":	12490448,
					"bits_per_second":	99911090.0637621,
					"packets":	8626,
					"omitted":	false,
					"sender":	true
				}],
			"sum":	{
				"start":	0,
				"end":	1.000125,
				"seconds":	1.0001250505447388,
				"bytes":	12490448,
				"bits_per_second":	99911090.0637621,
				"packets":	8626,
				"omitted":	false,
				"sender":	true
			}
		}, {
			"streams":	[{
					"socket":	5,
					"start":	1.000125,
					"end":	2.00015,
					"seconds":	1.0000250339508057,
					"bytes":	12499136,
					"bits_per_second":	99990584.840618074,
					"packets":	8632,
					"omitted":	false,
					"sender":	true
				}],
			"sum":	{
				"start":	1.000125,
				"end":	2.00015,
				"seconds":	1.0000250339508057,
				"bytes":	12499136,
				"bits_per_second":	99990584.840618074,
				"packets":	8632,
				"omitted":	false,
				"sender":	true
			}
		}, {
			"streams":	[{
					"socket":	5,
					"start":	2.00015,
					"end":	3.000149,
					"seconds":	0.99999898672103882,
					"bytes":	12500584,
					"bits_per_second":	100004773.33273284,
					"packets":	8633,
					"omitted":	false,
					"sender":	true
				}],
			"sum":	{
				"start":	2.00015,
				"end":	3.000149,
				"seconds":	0.99999898672103882,
				"bytes":	12500584,
				"bits_per_second":	100004773.33273284,
				"packets":	8633,
				"omitted":	false,
				"sender":	true
			}
		}, {
			"streams":	[{
					"socket":	5,
					"start":	3.000149,
					"end":	4.000125,
					"seconds":	0.99997597932815552,
					"bytes":	12499136,
					"bits_per_second":	99995489.958850235,
					"packets":	8632,
					"omitted":	false,
					"sender":	true
				}],
			"sum":	{
				"start":	3.000149,
				"end":	4.000125,
				"seconds":	0.99997597932815552,
				"bytes":	12499136,
				"bits_per_second":	99995489.958850235,
				"packets":	8632,
				"omitted":	false,
				"sender":	true
			}
		}, {
			"streams":	[{
					"socket":	5,
					"start":	4.000125,
					"end":	5.000088,
					"seconds":	0.99996298551559448,
					"bytes":	12500584,
					"bits_per_second":	100008373.7583909,
					"packets":	8633,
					"omitted":	false,
					"sender":	true
				}],
			"sum":	{
				"start":	4.000125,
				"end":	5.000088,
				"seconds":	0.99996298551559448,
				"bytes":	12500584,
				"bits_per_second":	100008373.7583909,
				"packets":	8633,
				"omitted":	false,
				"sender":	true
			}
		}, {
			"streams":	[{
					"socket":	5,
					"start":	5.000088,
					"end":	6.000145,
					"seconds":	1.0000569820404053,
					"bytes":	12500584,
					"bits_per_second":	99998973.854431346,
					"packets":	8633,
					"omitted":	false,
					"sender":	true
				}],
			"sum":	{
				"start":	5.000088,
				"end":	6.000145,
				"seconds":	1.0000569820404053,
				"bytes":	12500584,
				"bits_per_second":	99998973.854431346,
				"packets":	8633,
				"omitted":	false,
				"sender":	true
			}
		}, {
			"streams":	[{
					"socket":	5,
					"start":	6.000145,
					"end":	7.000127,
					"seconds":	0.99998199939727783,
					"bytes":	12499136,
					"bits_per_second":	99994887.968252569,
					"packets":	8632,
					"omitted":	false,
					"sender":	true
				}],
			"sum":	{
				"start":	6.000145,
				"end":	7.000127,
				"seconds":	0.99998199939727783,
				"bytes":	12499136,
				"bits_per_second":	99994887.968252569,
				"packets":	8632,
				"omitted":	false,
				"sender":	true
			}
		}, {
			"streams":	[{
					"socket":	5,
					"start":	7.000127,
					"end":	8.000202,
					"seconds":	1.0000749826431274,
					"bytes":	12500584,
					"bits_per_second":	99997173.947592139,
					"packets":	8633,
					"omitted":	false,
					"sender":	true
				}],
			"sum":	{
				"start":	7.000127,
				"end":	8.000202,
				"seconds":	1.0000749826431274,
				"bytes":	12500584,
				"bits_per_second":	99997173.947592139,
				"packets":	8633,
				"omitted":	false,
				"sender":	true
			}
		}, {
			"streams":	[{
					"socket":	5,
					"start":	8.000202,
					"end":	9.000183,
					"seconds":	0.99998098611831665,
					"bytes":	12500584,
					"bits_per_second":	100006573.51315634,
					"packets":	8633,
					"omitted":	false,
					"sender":	true
				}],
			"sum":	{
				"start":	8.000202,
				"end":	9.000183,
				"seconds":	0.99998098611831665,
				"bytes":	12500584,
				"bits_per_second":	100006573.51315634,
				"packets":	8633,
				"omitted":	false,
				"sender":	true
			}
		}, {
			"streams":	[{
					"socket":	5,
					"start":	9.000183,
					"end":	10.000143,
					"seconds":	0.99996000528335571,
					"bytes":	12499136,
					"bits_per_second":	99997087.355174,
					"packets":	8632,
					"omitted":	false,
					"sender":	true
				}],
			"sum":	{
				"start":	9.000183,
				"end":	10.000143,
				"seconds":	0.99996000528335571,
				"bytes":	12499136,
				"bits_per_second":	99997087.355174,
				"packets":	8632,
				"omitted":	false,
				"sender":	true
			}
		}, {
			"streams":	[{
					"socket":	5,
					"start":	10.000143,
					"end":	11.000135,
					"seconds":	0.9999920129776,
					"bytes":	12499136,
					"bits_per_second":	99993886.653412551,
					"packets":	8632,
					"omitted":	false,
					"sender":	true
				}],
			"sum":	{
				"start":	10.000143,
				"end":	11.000135,
				"seconds":	0.9999920129776,
				"bytes":	12499136,
				"bits_per_second":	99993886.653412551,
				"packets":	8632,
				"omitted":	false,
				"sender":	true
			}
		}, {
			"streams":	[{
					"socket":	5,
					"start":	11.000135,
					"end":	12.000102,
					"seconds":	0.99996697902679443,
					"bytes":	12500584,
					"bits_per_second":	100007974.3606417,
					"packets":	8633,
					"omitted":	false,
					"sender":	true
				}],
			"sum":	{
				"start":	11.000135,
				"end":	12.000102,
				"seconds":	0.99996697902679443,
				"bytes":	12500584,
				"bits_per_second":	100007974.3606417,
				"packets":	8633,
				"omitted":	false,
				"sender":	true
			}
		}, {
			"streams":	[{
					"socket":	5,
					"start":	12.000102,
					"end":	13.000117,
					"seconds":	1.0000150203704834,
					"bytes":	12500584,
					"bits_per_second":	100003169.91533835,
					"packets":	8633,
					"omitted":	false,
					"sender":	true
				}],
			"sum":	{
				"start":	12.000102,
				"end":	13.000117,
				"seconds":	1.0000150203704834,
				"bytes":	12500584,
				"bits_per_second":	100003169.91533835,
				"packets":	8633,
				"omitted":	false,
				"sender":	true
			}
		}, {
			"streams":	[{
					"socket":	5,
					"start":	13.000117,
					"end":	14.00019,
					"seconds":	1.0000729560852051,
					"bytes":	12499136,
					"bits_per_second":	99985793.427935377,
					"packets":	8632,
					"omitted":	false,
					"sender":	true
				}],
			"sum":	{
				"start":	13.000117,
				"end":	14.00019,
				"seconds":	1.0000729560852051,
				"bytes":	12499136,
				"bits_per_second":	99985793.427935377,
				"packets":	8632,
				"omitted":	false,
				"sender":	true
			}
		}, {
			"streams":	[{
					"socket":	5,
					"start":	14.00019,
					"end":	15.000138,
					"seconds":	0.999948024749756,
					"bytes":	12502032,
					"bits_per_second":	100021454.64013471,
					"packets":	8634,