{
	"start":	{
		"connected":	[{
				"socket":	5,
				"local_host":	"172.20.171.186",
				"local_port":	48401,
				"remote_host":	"54.227.41.78",
				"remote_port":	5201
			}],
		"version":	"iperf 3.16",
		"system_info":	"Linux DESKTOP-OR35M89 6.18.33.1-microsoft-standard-WSL2 #1 SMP PREEMPT_DYNAMIC Fri Jun  5 01:12:21 UTC 2026 x86_64",
		"timestamp":	{
			"time":	"Thu, 25 Jun 2026 23:49:32 GMT",
			"timesecs":	1782431372
		},
		"connecting_to":	{
			"host":	"54.227.41.78",
			"port":	5201
		},
		"cookie":	"7knn5m4yi2r7x7kdp7ao5i5l62vqk7xouu2i",
		"target_bitrate":	100000000,
		"fq_rate":	0,
		"sock_bufsize":	0,
		"sndbuf_actual":	212992,
		"rcvbuf_actual":	212992,
		"test_start":	{
			"protocol":	"UDP",
			"num_streams":	1,
			"blksize":	1448,
			"omit":	0,
			"duration":	30,
			"bytes":	0,
			"blocks":	0,
			"reverse":	0,
			"tos":	0,
			"target_bitrate":	100000000,
			"bidir":	0,
			"fqrate":	0
		}
	},
	"intervals":	[{
			"streams":	[{
					"socket":	5,
					"start":	0,
					"end":	1.000137,
					"seconds":	1.0001369714736938,
					"bytes":	12490448,
					"bits_per_second":	99909899.1938708,
					"packets":	8626,
					"omitted":	false,
					"sender":	true
				}],
			"sum":	{
				"start":	0,
				"end":	1.000137,
				"seconds":	1.0001369714736938,
				"bytes":	12490448,
				"bits_per_second":	99909899.1938708,
				"packets":	8626,
				"omitted":	false,
				"sender":	true
			}
		}, {
			"streams":	[{
					"socket":	5,
					"start":	1.000137,
					"end":	2.000096,
					"seconds":	0.99995899200439453,
					"bytes":	12500584,
					"bits_per_second":	100008773.15933022,
					"packets":	8633,
					"omitted":	false,
					"sender":	true
				}],
			"sum":	{
				"start":	1.000137,
				"end":	2.000096,
				"seconds":	0.99995899200439453,
				"bytes":	12500584,
				"bits_per_second":	100008773.15933022,
				"packets":	8633,
				"omitted":	false,
				"sender":	true
			}
		}, {
			"streams":	[{
					"socket":	5,
					"start":	2.000096,
					"end":	3.00009,
					"seconds":	0.99999397993087769,
					"bytes":	12499136,
					"bits_per_second":	99993689.9689254,
					"packets":	8632,
					"omitted":	false,
					"sender":	true
				}],
			"sum":	{
				"start":	2.000096,
				"end":	3.00009,
				"seconds":	0.99999397993087769,
				"bytes":	12499136,
				"bits_per_second":	99993689.9689254,
				"packets":	8632,
				"omitted":	false,
				"sender":	true
			}
		}, {
			"streams":	[{
					"socket":	5,
					"start":	3.00009,
					"end":	4.000147,
					"seconds":	1.0000569820404053,
					"bytes":	12500584,
					"bits_per_second":	99998973.854431346,
					"packets":	8633,
					"omitted":	false,
					"sender":	true
				}],
			"sum":	{
				"start":	3.00009,
				"end":	4.000147,
				"seconds":	1.0000569820404053,
				"bytes":	12500584,
				"bits_per_second":	99998973.854431346,
				"packets":	8633,
				"omitted":	false,
				"sender":	true
			}
		}, {
			"streams":	[{
					"socket":	5,
					"start":	4.000147,
					"end":	5.000134,
					"seconds":	0.999987006187439,
					"bytes":	12499136,
					"bits_per_second":	99994387.308325842,
					"packets":	8632,
					"omitted":	false,
					"sender":	true
				}],
			"sum":	{
				"start":	4.000147,
				"end":	5.000134,
				"seconds":	0.999987006187439,
				"bytes":	12499136,
				"bits_per_second":	99994387.308325842,
				"packets":	8632,
				"omitted":	false,
				"sender":	true
			}
		}, {
			"streams":	[{
					"socket":	5,
					"start":	5.000134,
					"end":	6.000138,
					"seconds":	1.0000040531158447,
					"bytes":	12500584,
					"bits_per_second":	100004266.67112221,
					"packets":	8633,
					"omitted":	false,
					"sender":	true
				}],
			"sum":	{
				"start":	5.000134,
				"end":	6.000138,
				"seconds":	1.0000040531158447,
				"bytes":	12500584,
				"bits_per_second":	100004266.67112221,
				"packets":	8633,
				"omitted":	false,
				"sender":	true
			}
		}, {
			"streams":	[{
					"socket":	5,
					"start":	6.000138,
					"end":	7.000137,
					"seconds":	0.99999898672103882,
					"bytes":	12500584,
					"bits_per_second":	100004773.33273284,
					"packets":	8633,
					"omitted":	false,
					"sender":	true
				}],
			"sum":	{
				"start":	6.000138,
				"end":	7.000137,
				"seconds":	0.99999898672103882,
				"bytes":	12500584,
				"bits_per_second":	100004773.33273284,
				"packets":	8633,
				"omitted":	false,
				"sender":	true
			}
		}, {
			"streams":	[{
					"socket":	5,
					"start":	7.000137,
					"end":	8.000146,
					"seconds":	1.0000089406967163,
					"bytes":	12499136,
					"bits_per_second":	99992194.000119448,
					"packets":	8632,
					"omitted":	false,
					"sender":	true
				}],
			"sum":	{
				"start":	7.000137,
				"end":	8.000146,
				"seconds":	1.0000089406967163,
				"bytes":	12499136,
				"bits_per_second":	99992194.000119448,
				"packets":	8632,
				"omitted":	false,
				"sender":	true
			}
		}, {
			"streams":	[{
					"socket":	5,
					"start":	8.000146,
					"end":	9.000147,
					"seconds":	1.0000009536743164,
					"bytes":	12500584,
					"bits_per_second":	100004576.62820375,
					"packets":	8633,
					"omitted":	false,
					"sender":	true
				}],
			"sum":	{
				"start":	8.000146,
				"end":	9.000147,
				"seconds":	1.0000009536743164,
				"bytes":	12500584,
				"bits_per_second":	100004576.62820375,
				"packets":	8633,
				"omitted":	false,
				"sender":	true
			}
		}, {
			"streams":	[{
					"socket":	5,
					"start":	9.000147,
					"end":	10.000218,
					"seconds":	1.0000710487365723,
					"bytes":	12499136,
					"bits_per_second":	99985984.1221532,
					"packets":	8632,
					"omitted":	false,
					"sender":	true
				}],
			"sum":	{
				"start":	9.000147,
				"end":	10.000218,
				"seconds":	1.0000710487365723,
				"bytes":	12499136,
				"bits_per_second":	99985984.1221532,
				"packets":	8632,
				"omitted":	false,
				"sender":	true
			}
		}, {
			"streams":	[{
					"socket":	5,
					"start":	10.000218,
					"end":	11.000148,
					"seconds":	0.99993002414703369,
					"bytes":	12500584,
					"bits_per_second":	100011670.40194297,
					"packets":	8633,
					"omitted":	false,
					"sender":	true
				}],
			"sum":	{
				"start":	10.000218,
				"end":	11.000148,
				"seconds":	0.99993002414703369,
				"bytes":	12500584,
				"bits_per_second":	100011670.40194297,
				"packets":	8633,
				"omitted":	false,
				"sender":	true
			}
		}, {
			"streams":	[{
					"socket":	5,
					"start":	11.000148,
					"end":	12.000097,
					"seconds":	0.99994897842407227,
					"bytes":	12499136,
					"bits_per_second":	99998190.065247044,
					"packets":	8632,
					"omitted":	false,
					"sender":	true
				}],
			"sum":	{
				"start":	11.000148,
				"end":	12.000097,
				"seconds":	0.99994897842407227,
				"bytes":	12499136,
				"bits_per_second":	99998190.065247044,
				"packets":	8632,
				"omitted":	false,
				"sender":	true
			}
		}, {
			"streams":	[{
					"socket":	5,
					"start":	12.000097,
					"end":	13.000108,
					"seconds":	1.0000109672546387,
					"bytes":	12500584,
					"bits_per_second":	100003575.23532562,
					"packets":	8633,
					"omitted":	false,
					"sender":	true
				}],
			"sum":	{
				"start":	12.000097,
				"end":	13.000108,
				"seconds":	1.0000109672546387,
				"bytes":	12500584,
				"bits_per_second":	100003575.23532562,
				"packets":	8633,
				"omitted":	false,
				"sender":	true
			}
		}, {
			"streams":	[{
					"socket":	5,
					"start":	13.000108,
					"end":	14.000145,
					"seconds":	1.0000369548797607,
					"bytes":	12500584,
					"bits_per_second":	100000976.47593838,
					"packets":	8633,
					"omitted":	false,
					"sender":	true
				}],
			"sum":	{
				"start":	13.000108,
				"end":	14.000145,
				"seconds":	1.0000369548797607,
				"bytes":	12500584,
				"bits_per_second":	100000976.47593838,
				"packets":	8633,
				"omitted":	false,
				"sender":	true
			}
		}, {
			"streams":	[{
					"socket":	5,
					"start":	14.000145,
					"end":	15.000134,
					"seconds":	0.99998897314071655,
					"bytes":	12499136,
					"bits_per_second":	99994190.621869147,
					"packets":	8632,