{
	"start":	{
		"connected":	[{
				"socket":	5,
				"local_host":	"172.20.171.186",
				"local_port":	40800,
				"remote_host":	"54.227.41.78",
				"remote_port":	5201
			}],
		"version":	"iperf 3.16",
		"system_info":	"Linux DESKTOP-OR35M89 6.18.33.1-microsoft-standard-WSL2 #1 SMP PREEMPT_DYNAMIC Fri Jun  5 01:12:21 UTC 2026 x86_64",
		"timestamp":	{
			"time":	"Thu, 25 Jun 2026 23:55:00 GMT",
			"timesecs":	1782431700
		},
		"connecting_to":	{
			"host":	"54.227.41.78",
			"port":	5201
		},
		"cookie":	"rasrkkotqz45w2niqzb7czwv7fpfbqfalnqg",
		"target_bitrate":	100000000,
		"fq_rate":	0,
		"sock_bufsize":	0,
		"sndbuf_actual":	212992,
		"rcvbuf_actual":	212992,
		"test_start":	{
			"protocol":	"UDP",
			"num_streams":	1,
			"blksize":	1448,
			"omit":	0,
			"duration":	30,
			"bytes":	0,
			"blocks":	0,
			"reverse":	0,
			"tos":	0,
			"target_bitrate":	100000000,
			"bidir":	0,
			"fqrate":	0
		}
	},
	"intervals":	[{
			"streams":	[{
					"socket":	5,
					"start":	0,
					"end":	1.0001,
					"seconds":	1.0001000165939331,
					"bytes":	12490448,
					"bits_per_second":	99913590.982942253,
					"packets":	8626,
					"omitted":	false,
					"sender":	true
				}],
			"sum":	{
				"start":	0,
				"end":	1.0001,
				"seconds":	1.0001000165939331,
				"bytes":	12490448,
				"bits_per_second":	99913590.982942253,
				"packets":	8626,
				"omitted":	false,
				"sender":	true
			}
		}, {
			"streams":	[{
					"socket":	5,
					"start":	1.0001,
					"end":	2.00009,
					"seconds":	0.99998998641967773,
					"bytes":	12499136,
					"bits_per_second":	99994089.298844948,
					"packets":	8632,
					"omitted":	false,
					"sender":	true
				}],
			"sum":	{
				"start":	1.0001,
				"end":	2.00009,
				"seconds":	0.99998998641967773,
				"bytes":	12499136,
				"bits_per_second":	99994089.298844948,
				"packets":	8632,
				"omitted":	false,
				"sender":	true
			}
		}, {
			"streams":	[{
					"socket":	5,
					"start":	2.00009,
					"end":	3.000105,
					"seconds":	1.0000150203704834,
					"bytes":	12500584,
					"bits_per_second":	100003169.91533835,
					"packets":	8633,
					"omitted":	false,
					"sender":	true
				}],
			"sum":	{
				"start":	2.00009,
				"end":	3.000105,
				"seconds":	1.0000150203704834,
				"bytes":	12500584,
				"bits_per_second":	100003169.91533835,
				"packets":	8633,
				"omitted":	false,
				"sender":	true
			}
		}, {
			"streams":	[{
					"socket":	5,
					"start":	3.000105,
					"end":	4.000146,
					"seconds":	1.0000410079956055,
					"bytes":	12500584,
					"bits_per_second":	100000571.17701663,
					"packets":	8633,
					"omitted":	false,
					"sender":	true
				}],
			"sum":	{
				"start":	3.000105,
				"end":	4.000146,
				"seconds":	1.0000410079956055,
				"bytes":	12500584,
				"bits_per_second":	100000571.17701663,
				"packets":	8633,
				"omitted":	false,
				"sender":	true
			}
		}, {
			"streams":	[{
					"socket":	5,
					"start":	4.000146,
					"end":	5.000126,
					"seconds":	0.99997997283935547,
					"bytes":	12500584,
					"bits_per_second":	100006674.84974274,
					"packets":	8633,
					"omitted":	false,
					"sender":	true
				}],
			"sum":	{
				"start":	4.000146,
				"end":	5.000126,
				"seconds":	0.99997997283935547,
				"bytes":	12500584,
				"bits_per_second":	100006674.84974274,
				"packets":	8633,
				"omitted":	false,
				"sender":	true
			}
		}, {
			"streams":	[{
					"socket":	5,
					"start":	5.000126,
					"end":	6.000096,
					"seconds":	0.999970018863678,
					"bytes":	12499136,
					"bits_per_second":	99996085.99628593,
					"packets":	8632,
					"omitted":	false,
					"sender":	true
				}],
			"sum":	{
				"start":	5.000126,
				"end":	6.000096,
				"seconds":	0.999970018863678,
				"bytes":	12499136,
				"bits_per_second":	99996085.99628593,
				"packets":	8632,
				"omitted":	false,
				"sender":	true
			}
		}, {
			"streams":	[{
					"socket":	5,
					"start":	6.000096,
					"end":	7.000133,
					"seconds":	1.0000369548797607,
					"bytes":	12500584,
					"bits_per_second":	100000976.47593838,
					"packets":	8633,
					"omitted":	false,
					"sender":	true
				}],
			"sum":	{
				"start":	6.000096,
				"end":	7.000133,
				"seconds":	1.0000369548797607,
				"bytes":	12500584,
				"bits_per_second":	100000976.47593838,
				"packets":	8633,
				"omitted":	false,
				"sender":	true
			}
		}, {
			"streams":	[{
					"socket":	5,
					"start":	7.000133,
					"end":	8.000149,
					"seconds":	1.0000159740448,
					"bytes":	12499136,
					"bits_per_second":	99991490.731447458,
					"packets":	8632,
					"omitted":	false,
					"sender":	true
				}],
			"sum":	{
				"start":	7.000133,
				"end":	8.000149,
				"seconds":	1.0000159740448,
				"bytes":	12499136,
				"bits_per_second":	99991490.731447458,
				"packets":	8632,
				"omitted":	false,
				"sender":	true
			}
		}, {
			"streams":	[{
					"socket":	5,
					"start":	8.000149,
					"end":	9.000206,
					"seconds":	1.0000569820404053,
					"bytes":	12500584,
					"bits_per_second":	99998973.854431346,
					"packets":	8633,
					"omitted":	false,
					"sender":	true
				}],
			"sum":	{
				"start":	8.000149,
				"end":	9.000206,
				"seconds":	1.0000569820404053,
				"bytes":	12500584,
				"bits_per_second":	99998973.854431346,
				"packets":	8633,
				"omitted":	false,
				"sender":	true
			}
		}, {
			"streams":	[{
					"socket":	5,
					"start":	9.000206,
					"end":	10.000145,
					"seconds":	0.99993902444839478,
					"bytes":	12499136,
					"bits_per_second":	99999185.505496264,
					"packets":	8632,
					"omitted":	false,
					"sender":	true
				}],
			"sum":	{
				"start":	9.000206,
				"end":	10.000145,
				"seconds":	0.99993902444839478,
				"bytes":	12499136,
				"bits_per_second":	99999185.505496264,
				"packets":	8632,
				"omitted":	false,
				"sender":	true
			}
		}, {
			"streams":	[{
					"socket":	5,
					"start":	10.000145,
					"end":	11.000386,
					"seconds":	1.0002410411834717,
					"bytes":	12512168,
					"bits_per_second":	100073222.23207936,
					"packets":	8641,
					"omitted":	false,
					"sender":	true
				}],
			"sum":	{
				"start":	10.000145,
				"end":	11.000386,
				"seconds":	1.0002410411834717,
				"bytes":	12512168,
				"bits_per_second":	100073222.23207936,
				"packets":	8641,
				"omitted":	false,
				"sender":	true
			}
		}, {
			"streams":	[{
					"socket":	5,
					"start":	11.000386,
					"end":	12.000144,
					"seconds":	0.999758005142212,
					"bytes":	12487552,
					"bits_per_second":	99924597.2386983,
					"packets":	8624,
					"omitted":	false,
					"sender":	true
				}],
			"sum":	{
				"start":	11.000386,
				"end":	12.000144,
				"seconds":	0.999758005142212,
				"bytes":	12487552,
				"bits_per_second":	99924597.2386983,
				"packets":	8624,
				"omitted":	false,
				"sender":	true
			}
		}, {
			"streams":	[{
					"socket":	5,
					"start":	12.000144,
					"end":	13.000132,
					"seconds":	0.9999880194664,
					"bytes":	12500584,
					"bits_per_second":	100005870.12368719,
					"packets":	8633,
					"omitted":	false,
					"sender":	true
				}],
			"sum":	{
				"start":	12.000144,
				"end":	13.000132,
				"seconds":	0.9999880194664,
				"bytes":	12500584,
				"bits_per_second":	100005870.12368719,
				"packets":	8633,
				"omitted":	false,
				"sender":	true
			}
		}, {
			"streams":	[{
					"socket":	5,
					"start":	13.000132,
					"end":	14.00012,
					"seconds":	0.9999880194664,
					"bytes":	12500584,
					"bits_per_second":	100005870.12368719,
					"packets":	8633,
					"omitted":	false,
					"sender":	true
				}],
			"sum":	{
				"start":	13.000132,
				"end":	14.00012,
				"seconds":	0.9999880194664,
				"bytes":	12500584,
				"bits_per_second":	100005870.12368719,
				"packets":	8633,
				"omitted":	false,
				"sender":	true
			}
		}, {
			"streams":	[{
					"socket":	5,
					"start":	14.00012,
					"end":	15.000147,
					"seconds":	1.0000269412994385,
					"bytes":	12499136,
					"bits_per_second":	99990394.1288508,
					"packets":	8632,
					"omitted":	false,