{
	"start":	{
		"connected":	[{
				"socket":	5,
				"local_host":	"172.20.171.186",
				"local_port":	35414,
				"remote_host":	"54.227.41.78",
				"remote_port":	5201
			}],
		"version":	"iperf 3.16",
		"system_info":	"Linux DESKTOP-OR35M89 6.18.33.1-microsoft-standard-WSL2 #1 SMP PREEMPT_DYNAMIC Fri Jun  5 01:12:21 UTC 2026 x86_64",
		"timestamp":	{
			"time":	"Thu, 25 Jun 2026 23:53:22 GMT",
			"timesecs":	1782431602
		},
		"connecting_to":	{
			"host":	"54.227.41.78",
			"port":	5201
		},
		"cookie":	"if36mgbcqfgv23yvlmlrbx6s5nnizv2jbv4s",
		"target_bitrate":	100000000,
		"fq_rate":	0,
		"sock_bufsize":	0,
		"sndbuf_actual":	212992,
		"rcvbuf_actual":	212992,
		"test_start":	{
			"protocol":	"UDP",
			"num_streams":	1,
			"blksize":	1448,
			"omit":	0,
			"duration":	30,
			"bytes":	0,
			"blocks":	0,
			"reverse":	0,
			"tos":	0,
			"target_bitrate":	100000000,
			"bidir":	0,
			"fqrate":	0
		}
	},
	"intervals":	[{
			"streams":	[{
					"socket":	5,
					"start":	0,
					"end":	1.000193,
					"seconds":	1.0001929998397827,
					"bytes":	12491896,
					"bits_per_second":	99915884.250347927,
					"packets":	8627,
					"omitted":	false,
					"sender":	true
				}],
			"sum":	{
				"start":	0,
				"end":	1.000193,
				"seconds":	1.0001929998397827,
				"bytes":	12491896,
				"bits_per_second":	99915884.250347927,
				"packets":	8627,
				"omitted":	false,
				"sender":	true
			}
		}, {
			"streams":	[{
					"socket":	5,
					"start":	1.000193,
					"end":	2.000192,
					"seconds":	0.99999898672103882,
					"bytes":	12503480,
					"bits_per_second":	100027941.3562085,
					"packets":	8635,
					"omitted":	false,
					"sender":	true
				}],
			"sum":	{
				"start":	1.000193,
				"end":	2.000192,
				"seconds":	0.99999898672103882,
				"bytes":	12503480,
				"bits_per_second":	100027941.3562085,
				"packets":	8635,
				"omitted":	false,
				"sender":	true
			}
		}, {
			"streams":	[{
					"socket":	5,
					"start":	2.000192,
					"end":	3.000147,
					"seconds":	0.99995499849319458,
					"bytes":	12494792,
					"bits_per_second":	99962834.478176057,
					"packets":	8629,
					"omitted":	false,
					"sender":	true
				}],
			"sum":	{
				"start":	2.000192,
				"end":	3.000147,
				"seconds":	0.99995499849319458,
				"bytes":	12494792,
				"bits_per_second":	99962834.478176057,
				"packets":	8629,
				"omitted":	false,
				"sender":	true
			}
		}, {
			"streams":	[{
					"socket":	5,
					"start":	3.000147,
					"end":	4.000118,
					"seconds":	0.99997097253799438,
					"bytes":	12499136,
					"bits_per_second":	99995990.629818723,
					"packets":	8632,
					"omitted":	false,
					"sender":	true
				}],
			"sum":	{
				"start":	3.000147,
				"end":	4.000118,
				"seconds":	0.99997097253799438,
				"bytes":	12499136,
				"bits_per_second":	99995990.629818723,
				"packets":	8632,
				"omitted":	false,
				"sender":	true
			}
		}, {
			"streams":	[{
					"socket":	5,
					"start":	4.000118,
					"end":	5.000097,
					"seconds":	0.999979019165039,
					"bytes":	12500584,
					"bits_per_second":	100006770.22554109,
					"packets":	8633,
					"omitted":	false,
					"sender":	true
				}],
			"sum":	{
				"start":	4.000118,
				"end":	5.000097,
				"seconds":	0.999979019165039,
				"bytes":	12500584,
				"bits_per_second":	100006770.22554109,
				"packets":	8633,
				"omitted":	false,
				"sender":	true
			}
		}, {
			"streams":	[{
					"socket":	5,
					"start":	5.000097,
					"end":	6.000148,
					"seconds":	1.0000510215759277,
					"bytes":	12502032,
					"bits_per_second":	100011153.27334964,
					"packets":	8634,
					"omitted":	false,
					"sender":	true
				}],
			"sum":	{
				"start":	5.000097,
				"end":	6.000148,
				"seconds":	1.0000510215759277,
				"bytes":	12502032,
				"bits_per_second":	100011153.27334964,
				"packets":	8634,
				"omitted":	false,
				"sender":	true
			}
		}, {
			"streams":	[{
					"socket":	5,
					"start":	6.000148,
					"end":	7.000248,
					"seconds":	1.0001000165939331,
					"bytes":	12499136,
					"bits_per_second":	99983088.0320841,
					"packets":	8632,
					"omitted":	false,
					"sender":	true
				}],
			"sum":	{
				"start":	6.000148,
				"end":	7.000248,
				"seconds":	1.0001000165939331,
				"bytes":	12499136,
				"bits_per_second":	99983088.0320841,
				"packets":	8632,
				"omitted":	false,
				"sender":	true
			}
		}, {
			"streams":	[{
					"socket":	5,
					"start":	7.000248,
					"end":	8.000121,
					"seconds":	0.99987298250198364,
					"bytes":	12499136,
					"bits_per_second":	100005790.4852946,
					"packets":	8632,
					"omitted":	false,
					"sender":	true
				}],
			"sum":	{
				"start":	7.000248,
				"end":	8.000121,
				"seconds":	0.99987298250198364,
				"bytes":	12499136,
				"bits_per_second":	100005790.4852946,
				"packets":	8632,
				"omitted":	false,
				"sender":	true
			}
		}, {
			"streams":	[{
					"socket":	5,
					"start":	8.000121,
					"end":	9.000137,
					"seconds":	1.0000159740448,
					"bytes":	12500584,
					"bits_per_second":	100003074.54640707,
					"packets":	8633,
					"omitted":	false,
					"sender":	true
				}],
			"sum":	{
				"start":	8.000121,
				"end":	9.000137,
				"seconds":	1.0000159740448,
				"bytes":	12500584,
				"bits_per_second":	100003074.54640707,
				"packets":	8633,
				"omitted":	false,
				"sender":	true
			}
		}, {
			"streams":	[{
					"socket":	5,
					"start":	9.000137,
					"end":	10.000098,
					"seconds":	0.999961018562317,
					"bytes":	12499136,
					"bits_per_second":	99996986.0262793,
					"packets":	8632,
					"omitted":	false,
					"sender":	true
				}],
			"sum":	{
				"start":	9.000137,
				"end":	10.000098,
				"seconds":	0.999961018562317,
				"bytes":	12499136,
				"bits_per_second":	99996986.0262793,
				"packets":	8632,
				"omitted":	false,
				"sender":	true
			}
		}, {
			"streams":	[{
					"socket":	5,
					"start":	10.000098,
					"end":	11.000141,
					"seconds":	1.0000430345535278,
					"bytes":	12500584,
					"bits_per_second":	100000368.52878775,
					"packets":	8633,
					"omitted":	false,
					"sender":	true
				}],
			"sum":	{
				"start":	10.000098,
				"end":	11.000141,
				"seconds":	1.0000430345535278,
				"bytes":	12500584,
				"bits_per_second":	100000368.52878775,
				"packets":	8633,
				"omitted":	false,
				"sender":	true
			}
		}, {
			"streams":	[{
					"socket":	5,
					"start":	11.000141,
					"end":	12.000189,
					"seconds":	1.000048041343689,
					"bytes":	12502032,
					"bits_per_second":	100011451.31549452,
					"packets":	8634,
					"omitted":	false,
					"sender":	true
				}],
			"sum":	{
				"start":	11.000141,
				"end":	12.000189,
				"seconds":	1.000048041343689,
				"bytes":	12502032,
				"bits_per_second":	100011451.31549452,
				"packets":	8634,
				"omitted":	false,
				"sender":	true
			}
		}, {
			"streams":	[{
					"socket":	5,
					"start":	12.000189,
					"end":	13.000142,
					"seconds":	0.99995297193527222,
					"bytes":	12497688,
					"bits_per_second":	99986206.157775074,
					"packets":	8631,
					"omitted":	false,
					"sender":	true
				}],
			"sum":	{
				"start":	12.000189,
				"end":	13.000142,
				"seconds":	0.99995297193527222,
				"bytes":	12497688,
				"bits_per_second":	99986206.157775074,
				"packets":	8631,
				"omitted":	false,
				"sender":	true
			}
		}, {
			"streams":	[{
					"socket":	5,
					"start":	13.000142,
					"end":	14.000167,
					"seconds":	1.0000250339508057,
					"bytes":	12500584,
					"bits_per_second":	100002168.55063204,
					"packets":	8633,
					"omitted":	false,
					"sender":	true
				}],
			"sum":	{
				"start":	13.000142,
				"end":	14.000167,
				"seconds":	1.0000250339508057,
				"bytes":	12500584,
				"bits_per_second":	100002168.55063204,
				"packets":	8633,
				"omitted":	false,
				"sender":	true
			}
		}, {
			"streams":	[{
					"socket":	5,
					"start":	14.000167,
					"end":	15.000113,
					"seconds":	0.9999459981918335,
					"bytes":	12499136,
					"bits_per_second":	99998488.099171266,
					"packets":	8632,