{
	"start":	{
		"connected":	[{
				"socket":	5,
				"local_host":	"172.20.171.186",
				"local_port":	47841,
				"remote_host":	"54.227.41.78",
				"remote_port":	5201
			}],
		"version":	"iperf 3.16",
		"system_info":	"Linux DESKTOP-OR35M89 6.18.33.1-microsoft-standard-WSL2 #1 SMP PREEMPT_DYNAMIC Fri Jun  5 01:12:21 UTC 2026 x86_64",
		"timestamp":	{
			"time":	"Thu, 25 Jun 2026 23:11:36 GMT",
			"timesecs":	1782429096
		},
		"connecting_to":	{
			"host":	"54.227.41.78",
			"port":	5201
		},
		"cookie":	"k3es3q65ar6yr4odarelzrumgelgstg4reox",
		"target_bitrate":	100000000,
		"fq_rate":	0,
		"sock_bufsize":	0,
		"sndbuf_actual":	212992,
		"rcvbuf_actual":	212992,
		"test_start":	{
			"protocol":	"UDP",
			"num_streams":	1,
			"blksize":	1448,
			"omit":	0,
			"duration":	30,
			"bytes":	0,
			"blocks":	0,
			"reverse":	0,
			"tos":	0,
			"target_bitrate":	100000000,
			"bidir":	0,
			"fqrate":	0
		}
	},
	"intervals":	[{
			"streams":	[{
					"socket":	5,
					"start":	0,
					"end":	1.000165,
					"seconds":	1.0001649856567383,
					"bytes":	12490448,
					"bits_per_second":	99907100.761368066,
					"packets":	8626,
					"omitted":	false,
					"sender":	true
				}],
			"sum":	{
				"start":	0,
				"end":	1.000165,
				"seconds":	1.0001649856567383,
				"bytes":	12490448,
				"bits_per_second":	99907100.761368066,
				"packets":	8626,
				"omitted":	false,
				"sender":	true
			}
		}, {
			"streams":	[{
					"socket":	5,
					"start":	1.000165,
					"end":	2.000094,
					"seconds":	0.99992901086807251,
					"bytes":	12500584,
					"bits_per_second":	100011771.748859,
					"packets":	8633,
					"omitted":	false,
					"sender":	true
				}],
			"sum":	{
				"start":	1.000165,
				"end":	2.000094,
				"seconds":	0.99992901086807251,
				"bytes":	12500584,
				"bits_per_second":	100011771.748859,
				"packets":	8633,
				"omitted":	false,
				"sender":	true
			}
		}, {
			"streams":	[{
					"socket":	5,
					"start":	2.000094,
					"end":	3.000182,
					"seconds":	1.0000879764556885,
					"bytes":	12502032,
					"bits_per_second":	100007457.69832928,
					"packets":	8634,
					"omitted":	false,
					"sender":	true
				}],
			"sum":	{
				"start":	2.000094,
				"end":	3.000182,
				"seconds":	1.0000879764556885,
				"bytes":	12502032,
				"bits_per_second":	100007457.69832928,
				"packets":	8634,
				"omitted":	false,
				"sender":	true
			}
		}, {
			"streams":	[{
					"socket":	5,
					"start":	3.000182,
					"end":	4.000171,
					"seconds":	0.99998897314071655,
					"bytes":	12499136,
					"bits_per_second":	99994190.621869147,
					"packets":	8632,
					"omitted":	false,
					"sender":	true
				}],
			"sum":	{
				"start":	3.000182,
				"end":	4.000171,
				"seconds":	0.99998897314071655,
				"bytes":	12499136,
				"bits_per_second":	99994190.621869147,
				"packets":	8632,
				"omitted":	false,
				"sender":	true
			}
		}, {
			"streams":	[{
					"socket":	5,
					"start":	4.000171,
					"end":	5.000125,
					"seconds":	0.9999539852142334,
					"bytes":	12499136,
					"bits_per_second":	99997689.372253627,
					"packets":	8632,
					"omitted":	false,
					"sender":	true
				}],
			"sum":	{
				"start":	4.000171,
				"end":	5.000125,
				"seconds":	0.9999539852142334,
				"bytes":	12499136,
				"bits_per_second":	99997689.372253627,
				"packets":	8632,
				"omitted":	false,
				"sender":	true
			}
		}, {
			"streams":	[{
					"socket":	5,
					"start":	5.000125,
					"end":	6.000137,
					"seconds":	1.0000120401382446,
					"bytes":	12499136,
					"bits_per_second":	99991884.0838923,
					"packets":	8632,
					"omitted":	false,
					"sender":	true
				}],
			"sum":	{
				"start":	5.000125,
				"end":	6.000137,
				"seconds":	1.0000120401382446,
				"bytes":	12499136,
				"bits_per_second":	99991884.0838923,
				"packets":	8632,
				"omitted":	false,
				"sender":	true
			}
		}, {
			"streams":	[{
					"socket":	5,
					"start":	6.000137,
					"end":	7.000148,
					"seconds":	1.0000109672546387,
					"bytes":	12500584,
					"bits_per_second":	100003575.23532562,
					"packets":	8633,
					"omitted":	false,
					"sender":	true
				}],
			"sum":	{
				"start":	6.000137,
				"end":	7.000148,
				"seconds":	1.0000109672546387,
				"bytes":	12500584,
				"bits_per_second":	100003575.23532562,
				"packets":	8633,
				"omitted":	false,
				"sender":	true
			}
		}, {
			"streams":	[{
					"socket":	5,
					"start":	7.000148,
					"end":	8.000174,
					"seconds":	1.0000259876251221,
					"bytes":	12500584,
					"bits_per_second":	100002073.18361068,
					"packets":	8633,
					"omitted":	false,
					"sender":	true
				}],
			"sum":	{
				"start":	7.000148,
				"end":	8.000174,
				"seconds":	1.0000259876251221,
				"bytes":	12500584,
				"bits_per_second":	100002073.18361068,
				"packets":	8633,
				"omitted":	false,
				"sender":	true
			}
		}, {
			"streams":	[{
					"socket":	5,
					"start":	8.000174,
					"end":	9.000245,
					"seconds":	1.0000710487365723,
					"bytes":	12499136,
					"bits_per_second":	99985984.1221532,
					"packets":	8632,
					"omitted":	false,
					"sender":	true
				}],
			"sum":	{
				"start":	8.000174,
				"end":	9.000245,
				"seconds":	1.0000710487365723,
				"bytes":	12499136,
				"bits_per_second":	99985984.1221532,
				"packets":	8632,
				"omitted":	false,
				"sender":	true
			}
		}, {
			"streams":	[{
					"socket":	5,
					"start":	9.000245,
					"end":	10.000155,
					"seconds":	0.999909996986389,
					"bytes":	12500584,
					"bits_per_second":	100013673.53202017,
					"packets":	8633,
					"omitted":	false,
					"sender":	true
				}],
			"sum":	{
				"start":	9.000245,
				"end":	10.000155,
				"seconds":	0.999909996986389,
				"bytes":	12500584,
				"bits_per_second":	100013673.53202017,
				"packets":	8633,
				"omitted":	false,
				"sender":	true
			}
		}, {
			"streams":	[{
					"socket":	5,
					"start":	10.000155,
					"end":	11.000212,
					"seconds":	1.0000569820404053,
					"bytes":	12499136,
					"bits_per_second":	99987390.5144737,
					"packets":	8632,
					"omitted":	false,
					"sender":	true
				}],
			"sum":	{
				"start":	10.000155,
				"end":	11.000212,
				"seconds":	1.0000569820404053,
				"bytes":	12499136,
				"bits_per_second":	99987390.5144737,
				"packets":	8632,
				"omitted":	false,
				"sender":	true
			}
		}, {
			"streams":	[{
					"socket":	5,
					"start":	11.000212,
					"end":	12.000149,
					"seconds":	0.99993699789047241,
					"bytes":	12500584,
					"bits_per_second":	100010972.90226875,
					"packets":	8633,
					"omitted":	false,
					"sender":	true
				}],
			"sum":	{
				"start":	11.000212,
				"end":	12.000149,
				"seconds":	0.99993699789047241,
				"bytes":	12500584,
				"bits_per_second":	100010972.90226875,
				"packets":	8633,
				"omitted":	false,
				"sender":	true
			}
		}, {
			"streams":	[{
					"socket":	5,
					"start":	12.000149,
					"end":	13.000201,
					"seconds":	1.0000519752502441,
					"bytes":	12502032,
					"bits_per_second":	100011057.90023845,
					"packets":	8634,
					"omitted":	false,
					"sender":	true
				}],
			"sum":	{
				"start":	12.000149,
				"end":	13.000201,
				"seconds":	1.0000519752502441,
				"bytes":	12502032,
				"bits_per_second":	100011057.90023845,
				"packets":	8634,
				"omitted":	false,
				"sender":	true
			}
		}, {
			"streams":	[{
					"socket":	5,
					"start":	13.000201,
					"end":	14.000169,
					"seconds":	0.99996799230575562,
					"bytes":	12499136,
					"bits_per_second":	99996288.6506327,
					"packets":	8632,
					"omitted":	false,
					"sender":	true
				}],
			"sum":	{
				"start":	13.000201,
				"end":	14.000169,
				"seconds":	0.99996799230575562,
				"bytes":	12499136,
				"bits_per_second":	99996288.6506327,
				"packets":	8632,
				"omitted":	false,
				"sender":	true
			}
		}, {
			"streams":	[{
					"socket":	5,
					"start":	14.000169,
					"end":	15.000137,
					"seconds":	0.99996799230575562,
					"bytes":	12497688,
					"bits_per_second":	99984704.2798437,
					"packets":	8631,