{
	"start":	{
		"connected":	[{
				"socket":	5,
				"local_host":	"172.20.171.186",
				"local_port":	38923,
				"remote_host":	"54.227.41.78",
				"remote_port":	5201
			}],
		"version":	"iperf 3.16",
		"system_info":	"Linux DESKTOP-OR35M89 6.18.33.1-microsoft-standard-WSL2 #1 SMP PREEMPT_DYNAMIC Fri Jun  5 01:12:21 UTC 2026 x86_64",
		"timestamp":	{
			"time":	"Thu, 25 Jun 2026 23:14:37 GMT",
			"timesecs":	1782429277
		},
		"connecting_to":	{
			"host":	"54.227.41.78",
			"port":	5201
		},
		"cookie":	"cxi57i4n5guuymoaptjtpuatyn4inyrcq4ix",
		"target_bitrate":	100000000,
		"fq_rate":	0,
		"sock_bufsize":	0,
		"sndbuf_actual":	212992,
		"rcvbuf_actual":	212992,
		"test_start":	{
			"protocol":	"UDP",
			"num_streams":	1,
			"blksize":	1448,
			"omit":	0,
			"duration":	30,
			"bytes":	0,
			"blocks":	0,
			"reverse":	0,
			"tos":	0,
			"target_bitrate":	100000000,
			"bidir":	0,
			"fqrate":	0
		}
	},
	"intervals":	[{
			"streams":	[{
					"socket":	5,
					"start":	0,
					"end":	1.000356,
					"seconds":	1.0003559589385986,
					"bytes":	12503480,
					"bits_per_second":	99992246.8659375,
					"packets":	8635,
					"omitted":	false,
					"sender":	true
				}],
			"sum":	{
				"start":	0,
				"end":	1.000356,
				"seconds":	1.0003559589385986,
				"bytes":	12503480,
				"bits_per_second":	99992246.8659375,
				"packets":	8635,
				"omitted":	false,
				"sender":	true
			}
		}, {
			"streams":	[{
					"socket":	5,
					"start":	1.000356,
					"end":	2.000149,
					"seconds":	0.999792993068695,
					"bytes":	12486104,
					"bits_per_second":	99909513.961893424,
					"packets":	8623,
					"omitted":	false,
					"sender":	true
				}],
			"sum":	{
				"start":	1.000356,
				"end":	2.000149,
				"seconds":	0.999792993068695,
				"bytes":	12486104,
				"bits_per_second":	99909513.961893424,
				"packets":	8623,
				"omitted":	false,
				"sender":	true
			}
		}, {
			"streams":	[{
					"socket":	5,
					"start":	2.000149,
					"end":	3.00029,
					"seconds":	1.0001410245895386,
					"bytes":	12502032,
					"bits_per_second":	100002153.23738672,
					"packets":	8634,
					"omitted":	false,
					"sender":	true
				}],
			"sum":	{
				"start":	2.000149,
				"end":	3.00029,
				"seconds":	1.0001410245895386,
				"bytes":	12502032,
				"bits_per_second":	100002153.23738672,
				"packets":	8634,
				"omitted":	false,
				"sender":	true
			}
		}, {
			"streams":	[{
					"socket":	5,
					"start":	3.00029,
					"end":	4.000138,
					"seconds":	0.99984800815582275,
					"bytes":	12502032,
					"bits_per_second":	100031459.966076,
					"packets":	8634,
					"omitted":	false,
					"sender":	true
				}],
			"sum":	{
				"start":	3.00029,
				"end":	4.000138,
				"seconds":	0.99984800815582275,
				"bytes":	12502032,
				"bits_per_second":	100031459.966076,
				"packets":	8634,
				"omitted":	false,
				"sender":	true
			}
		}, {
			"streams":	[{
					"socket":	5,
					"start":	4.000138,
					"end":	5.000163,
					"seconds":	1.0000250339508057,
					"bytes":	12496240,
					"bits_per_second":	99967417.4205901,
					"packets":	8630,
					"omitted":	false,
					"sender":	true
				}],
			"sum":	{
				"start":	4.000138,
				"end":	5.000163,
				"seconds":	1.0000250339508057,
				"bytes":	12496240,
				"bits_per_second":	99967417.4205901,
				"packets":	8630,
				"omitted":	false,
				"sender":	true
			}
		}, {
			"streams":	[{
					"socket":	5,
					"start":	5.000163,
					"end":	6.000167,
					"seconds":	1.0000040531158447,
					"bytes":	12500584,
					"bits_per_second":	100004266.67112221,
					"packets":	8633,
					"omitted":	false,
					"sender":	true
				}],
			"sum":	{
				"start":	5.000163,
				"end":	6.000167,
				"seconds":	1.0000040531158447,
				"bytes":	12500584,
				"bits_per_second":	100004266.67112221,
				"packets":	8633,
				"omitted":	false,
				"sender":	true
			}
		}, {
			"streams":	[{
					"socket":	5,
					"start":	6.000167,
					"end":	7.000184,
					"seconds":	1.0000170469284058,
					"bytes":	12500584,
					"bits_per_second":	100002967.25657681,
					"packets":	8633,
					"omitted":	false,
					"sender":	true
				}],
			"sum":	{
				"start":	6.000167,
				"end":	7.000184,
				"seconds":	1.0000170469284058,
				"bytes":	12500584,
				"bits_per_second":	100002967.25657681,
				"packets":	8633,
				"omitted":	false,
				"sender":	true
			}
		}, {
			"streams":	[{
					"socket":	5,
					"start":	7.000184,
					"end":	8.000228,
					"seconds":	1.0000439882278442,
					"bytes":	12502032,
					"bits_per_second":	100011856.6556623,
					"packets":	8634,
					"omitted":	false,
					"sender":	true
				}],
			"sum":	{
				"start":	7.000184,
				"end":	8.000228,
				"seconds":	1.0000439882278442,
				"bytes":	12502032,
				"bits_per_second":	100011856.6556623,
				"packets":	8634,
				"omitted":	false,
				"sender":	true
			}
		}, {
			"streams":	[{
					"socket":	5,
					"start":	8.000228,
					"end":	9.000142,
					"seconds":	0.999913990497589,
					"bytes":	12497688,
					"bits_per_second":	99990104.099099576,
					"packets":	8631,
					"omitted":	false,
					"sender":	true
				}],
			"sum":	{
				"start":	8.000228,
				"end":	9.000142,
				"seconds":	0.999913990497589,
				"bytes":	12497688,
				"bits_per_second":	99990104.099099576,
				"packets":	8631,
				"omitted":	false,
				"sender":	true
			}
		}, {
			"streams":	[{
					"socket":	5,
					"start":	9.000142,
					"end":	10.000133,
					"seconds":	0.999990999698639,
					"bytes":	12499136,
					"bits_per_second":	99993987.9760261,
					"packets":	8632,
					"omitted":	false,
					"sender":	true
				}],
			"sum":	{
				"start":	9.000142,
				"end":	10.000133,
				"seconds":	0.999990999698639,
				"bytes":	12499136,
				"bits_per_second":	99993987.9760261,
				"packets":	8632,
				"omitted":	false,
				"sender":	true
			}
		}, {
			"streams":	[{
					"socket":	5,
					"start":	10.000133,
					"end":	11.000137,
					"seconds":	1.0000040531158447,
					"bytes":	12502032,
					"bits_per_second":	100015850.62417111,
					"packets":	8634,
					"omitted":	false,
					"sender":	true
				}],
			"sum":	{
				"start":	10.000133,
				"end":	11.000137,
				"seconds":	1.0000040531158447,
				"bytes":	12502032,
				"bits_per_second":	100015850.62417111,
				"packets":	8634,
				"omitted":	false,
				"sender":	true
			}
		}, {
			"streams":	[{
					"socket":	5,
					"start":	11.000137,
					"end":	12.000148,
					"seconds":	1.0000109672546387,
					"bytes":	12497688,
					"bits_per_second":	99980407.4894122,
					"packets":	8631,
					"omitted":	false,
					"sender":	true
				}],
			"sum":	{
				"start":	11.000137,
				"end":	12.000148,
				"seconds":	1.0000109672546387,
				"bytes":	12497688,
				"bits_per_second":	99980407.4894122,
				"packets":	8631,
				"omitted":	false,
				"sender":	true
			}
		}, {
			"streams":	[{
					"socket":	5,
					"start":	12.000148,
					"end":	13.000115,
					"seconds":	0.99996697902679443,
					"bytes":	12500584,
					"bits_per_second":	100007974.3606417,
					"packets":	8633,
					"omitted":	false,
					"sender":	true
				}],
			"sum":	{
				"start":	12.000148,
				"end":	13.000115,
				"seconds":	0.99996697902679443,
				"bytes":	12500584,
				"bits_per_second":	100007974.3606417,
				"packets":	8633,
				"omitted":	false,
				"sender":	true
			}
		}, {
			"streams":	[{
					"socket":	5,
					"start":	13.000115,
					"end":	14.000163,
					"seconds":	1.000048041343689,
					"bytes":	12500584,
					"bits_per_second":	99999867.8719787,
					"packets":	8633,
					"omitted":	false,
					"sender":	true
				}],
			"sum":	{
				"start":	13.000115,
				"end":	14.000163,
				"seconds":	1.000048041343689,
				"bytes":	12500584,
				"bits_per_second":	99999867.8719787,
				"packets":	8633,
				"omitted":	false,
				"sender":	true
			}
		}, {
			"streams":	[{
					"socket":	5,
					"start":	14.000163,
					"end":	15.000191,
					"seconds":	1.0000280141830444,
					"bytes":	12500584,
					"bits_per_second":	100001870.52929421,
					"packets":	8633,
					"omitted":	false,