{
	"start":	{
		"connected":	[{
				"socket":	5,
				"local_host":	"172.20.171.186",
				"local_port":	50601,
				"remote_host":	"54.227.41.78",
				"remote_port":	5201
			}],
		"version":	"iperf 3.16",
		"system_info":	"Linux DESKTOP-OR35M89 6.18.33.1-microsoft-standard-WSL2 #1 SMP PREEMPT_DYNAMIC Fri Jun  5 01:12:21 UTC 2026 x86_64",
		"timestamp":	{
			"time":	"Thu, 25 Jun 2026 22:37:34 GMT",
			"timesecs":	1782427054
		},
		"connecting_to":	{
			"host":	"54.227.41.78",
			"port":	5201
		},
		"cookie":	"q7gzvz7qsjjmuvobohbms4ng7gjqk7bregac",
		"target_bitrate":	100000000,
		"fq_rate":	0,
		"sock_bufsize":	0,
		"sndbuf_actual":	212992,
		"rcvbuf_actual":	212992,
		"test_start":	{
			"protocol":	"UDP",
			"num_streams":	1,
			"blksize":	1448,
			"omit":	0,
			"duration":	30,
			"bytes":	0,
			"blocks":	0,
			"reverse":	0,
			"tos":	0,
			"target_bitrate":	100000000,
			"bidir":	0,
			"fqrate":	0
		}
	},
	"intervals":	[{
			"streams":	[{
					"socket":	5,
					"start":	0,
					"end":	1.000114,
					"seconds":	1.0001139640808105,
					"bytes":	12490448,
					"bits_per_second":	99912197.59823896,
					"packets":	8626,
					"omitted":	false,
					"sender":	true
				}],
			"sum":	{
				"start":	0,
				"end":	1.000114,
				"seconds":	1.0001139640808105,
				"bytes":	12490448,
				"bits_per_second":	99912197.59823896,
				"packets":	8626,
				"omitted":	false,
				"sender":	true
			}
		}, {
			"streams":	[{
					"socket":	5,
					"start":	1.000114,
					"end":	2.000097,
					"seconds":	0.999983012676239,
					"bytes":	12499136,
					"bits_per_second":	99994786.64381513,
					"packets":	8632,
					"omitted":	false,
					"sender":	true
				}],
			"sum":	{
				"start":	1.000114,
				"end":	2.000097,
				"seconds":	0.999983012676239,
				"bytes":	12499136,
				"bits_per_second":	99994786.64381513,
				"packets":	8632,
				"omitted":	false,
				"sender":	true
			}
		}, {
			"streams":	[{
					"socket":	5,
					"start":	2.000097,
					"end":	3.000137,
					"seconds":	1.0000400543212891,
					"bytes":	12502032,
					"bits_per_second":	100012250.07720256,
					"packets":	8634,
					"omitted":	false,
					"sender":	true
				}],
			"sum":	{
				"start":	2.000097,
				"end":	3.000137,
				"seconds":	1.0000400543212891,
				"bytes":	12502032,
				"bits_per_second":	100012250.07720256,
				"packets":	8634,
				"omitted":	false,
				"sender":	true
			}
		}, {
			"streams":	[{
					"socket":	5,
					"start":	3.000137,
					"end":	4.000156,
					"seconds":	1.0000189542770386,
					"bytes":	12500584,
					"bits_per_second":	100002776.51966922,
					"packets":	8633,
					"omitted":	false,
					"sender":	true
				}],
			"sum":	{
				"start":	3.000137,
				"end":	4.000156,
				"seconds":	1.0000189542770386,
				"bytes":	12500584,
				"bits_per_second":	100002776.51966922,
				"packets":	8633,
				"omitted":	false,
				"sender":	true
			}
		}, {
			"streams":	[{
					"socket":	5,
					"start":	4.000156,
					"end":	5.000106,
					"seconds":	0.99994999170303345,
					"bytes":	12497688,
					"bits_per_second":	99986504.1547924,
					"packets":	8631,
					"omitted":	false,
					"sender":	true
				}],
			"sum":	{
				"start":	4.000156,
				"end":	5.000106,
				"seconds":	0.99994999170303345,
				"bytes":	12497688,
				"bits_per_second":	99986504.1547924,
				"packets":	8631,
				"omitted":	false,
				"sender":	true
			}
		}, {
			"streams":	[{
					"socket":	5,
					"start":	5.000106,
					"end":	6.000088,
					"seconds":	0.99998199939727783,
					"bytes":	12500584,
					"bits_per_second":	100006472.17677531,
					"packets":	8633,
					"omitted":	false,
					"sender":	true
				}],
			"sum":	{
				"start":	5.000106,
				"end":	6.000088,
				"seconds":	0.99998199939727783,
				"bytes":	12500584,
				"bits_per_second":	100006472.17677531,
				"packets":	8633,
				"omitted":	false,
				"sender":	true
			}
		}, {
			"streams":	[{
					"socket":	5,
					"start":	6.000088,
					"end":	7.000104,
					"seconds":	1.0000159740448,
					"bytes":	12499136,
					"bits_per_second":	99991490.731447458,
					"packets":	8632,
					"omitted":	false,
					"sender":	true
				}],
			"sum":	{
				"start":	6.000088,
				"end":	7.000104,
				"seconds":	1.0000159740448,
				"bytes":	12499136,
				"bits_per_second":	99991490.731447458,
				"packets":	8632,
				"omitted":	false,
				"sender":	true
			}
		}, {
			"streams":	[{
					"socket":	5,
					"start":	7.000104,
					"end":	8.00016,
					"seconds":	1.0000560283660889,
					"bytes":	12500584,
					"bits_per_second":	99999069.215541452,
					"packets":	8633,
					"omitted":	false,
					"sender":	true
				}],
			"sum":	{
				"start":	7.000104,
				"end":	8.00016,
				"seconds":	1.0000560283660889,
				"bytes":	12500584,
				"bits_per_second":	99999069.215541452,
				"packets":	8633,
				"omitted":	false,
				"sender":	true
			}
		}, {
			"streams":	[{
					"socket":	5,
					"start":	8.00016,
					"end":	9.000251,
					"seconds":	1.0000909566879272,
					"bytes":	12502032,
					"bits_per_second":	100007159.67998649,
					"packets":	8634,
					"omitted":	false,
					"sender":	true
				}],
			"sum":	{
				"start":	8.00016,
				"end":	9.000251,
				"seconds":	1.0000909566879272,
				"bytes":	12502032,
				"bits_per_second":	100007159.67998649,
				"packets":	8634,
				"omitted":	false,
				"sender":	true
			}
		}, {
			"streams":	[{
					"socket":	5,
					"start":	9.000251,
					"end":	10.000166,
					"seconds":	0.99991500377655029,
					"bytes":	12499136,
					"bits_per_second":	100001587.75729835,
					"packets":	8632,
					"omitted":	false,
					"sender":	true
				}],
			"sum":	{
				"start":	9.000251,
				"end":	10.000166,
				"seconds":	0.99991500377655029,
				"bytes":	12499136,
				"bits_per_second":	100001587.75729835,
				"packets":	8632,
				"omitted":	false,
				"sender":	true
			}
		}, {
			"streams":	[{
					"socket":	5,
					"start":	10.000166,
					"end":	11.000114,
					"seconds":	0.999948024749756,
					"bytes":	12497688,
					"bits_per_second":	99986700.8337969,
					"packets":	8631,
					"omitted":	false,
					"sender":	true
				}],
			"sum":	{
				"start":	10.000166,
				"end":	11.000114,
				"seconds":	0.999948024749756,
				"bytes":	12497688,
				"bits_per_second":	99986700.8337969,
				"packets":	8631,
				"omitted":	false,
				"sender":	true
			}
		}, {
			"streams":	[{
					"socket":	5,
					"start":	11.000114,
					"end":	12.000149,
					"seconds":	1.0000350475311279,
					"bytes":	12500584,
					"bits_per_second":	100001167.20597953,
					"packets":	8633,
					"omitted":	false,
					"sender":	true
				}],
			"sum":	{
				"start":	11.000114,
				"end":	12.000149,
				"seconds":	1.0000350475311279,
				"bytes":	12500584,
				"bits_per_second":	100001167.20597953,
				"packets":	8633,
				"omitted":	false,
				"sender":	true
			}
		}, {
			"streams":	[{
					"socket":	5,
					"start":	12.000149,
					"end":	13.00013,
					"seconds":	0.99998098611831665,
					"bytes":	12500584,
					"bits_per_second":	100006573.51315634,
					"packets":	8633,
					"omitted":	false,
					"sender":	true
				}],
			"sum":	{
				"start":	12.000149,
				"end":	13.00013,
				"seconds":	0.99998098611831665,
				"bytes":	12500584,
				"bits_per_second":	100006573.51315634,
				"packets":	8633,
				"omitted":	false,
				"sender":	true
			}
		}, {
			"streams":	[{
					"socket":	5,
					"start":	13.00013,
					"end":	14.000153,
					"seconds":	1.0000230073928833,
					"bytes":	12500584,
					"bits_per_second":	100002371.2061564,
					"packets":	8633,
					"omitted":	false,
					"sender":	true
				}],
			"sum":	{
				"start":	13.00013,
				"end":	14.000153,
				"seconds":	1.0000230073928833,
				"bytes":	12500584,
				"bits_per_second":	100002371.2061564,
				"packets":	8633,
				"omitted":	false,
				"sender":	true
			}
		}, {
			"streams":	[{
					"socket":	5,
					"start":	14.000153,
					"end":	15.000088,
					"seconds":	0.99993497133255,
					"bytes":	12499136,
					"bits_per_second":	99999590.840137869,
					"packets":	8632,
					"omitted":	false,