{
	"start":	{
		"connected":	[{
				"socket":	5,
				"local_host":	"172.20.171.186",
				"local_port":	44744,
				"remote_host":	"54.227.41.78",
				"remote_port":	5201
			}],
		"version":	"iperf 3.16",
		"system_info":	"Linux DESKTOP-OR35M89 6.18.33.1-microsoft-standard-WSL2 #1 SMP PREEMPT_DYNAMIC Fri Jun  5 01:12:21 UTC 2026 x86_64",
		"timestamp":	{
			"time":	"Thu, 25 Jun 2026 23:50:38 GMT",
			"timesecs":	1782431438
		},
		"connecting_to":	{
			"host":	"54.227.41.78",
			"port":	5201
		},
		"cookie":	"upmt4bkffdqjybwchzo5vnatcvnxbcj5kn4r",
		"target_bitrate":	100000000,
		"fq_rate":	0,
		"sock_bufsize":	0,
		"sndbuf_actual":	212992,
		"rcvbuf_actual":	212992,
		"test_start":	{
			"protocol":	"UDP",
			"num_streams":	1,
			"blksize":	1448,
			"omit":	0,
			"duration":	30,
			"bytes":	0,
			"blocks":	0,
			"reverse":	0,
			"tos":	0,
			"target_bitrate":	100000000,
			"bidir":	0,
			"fqrate":	0
		}
	},
	"intervals":	[{
			"streams":	[{
					"socket":	5,
					"start":	0,
					"end":	1.000193,
					"seconds":	1.0001929998397827,
					"bytes":	12491896,
					"bits_per_second":	99915884.250347927,
					"packets":	8627,
					"omitted":	false,
					"sender":	true
				}],
			"sum":	{
				"start":	0,
				"end":	1.000193,
				"seconds":	1.0001929998397827,
				"bytes":	12491896,
				"bits_per_second":	99915884.250347927,
				"packets":	8627,
				"omitted":	false,
				"sender":	true
			}
		}, {
			"streams":	[{
					"socket":	5,
					"start":	1.000193,
					"end":	2.000251,
					"seconds":	1.0000580549240112,
					"bytes":	12502032,
					"bits_per_second":	100010449.90093067,
					"packets":	8634,
					"omitted":	false,
					"sender":	true
				}],
			"sum":	{
				"start":	1.000193,
				"end":	2.000251,
				"seconds":	1.0000580549240112,
				"bytes":	12502032,
				"bits_per_second":	100010449.90093067,
				"packets":	8634,
				"omitted":	false,
				"sender":	true
			}
		}, {
			"streams":	[{
					"socket":	5,
					"start":	2.000251,
					"end":	3.000116,
					"seconds":	0.99986499547958374,
					"bytes":	12496240,
					"bits_per_second":	99983418.2134255,
					"packets":	8630,
					"omitted":	false,
					"sender":	true
				}],
			"sum":	{
				"start":	2.000251,
				"end":	3.000116,
				"seconds":	0.99986499547958374,
				"bytes":	12496240,
				"bits_per_second":	99983418.2134255,
				"packets":	8630,
				"omitted":	false,
				"sender":	true
			}
		}, {
			"streams":	[{
					"socket":	5,
					"start":	3.000116,
					"end":	4.000125,
					"seconds":	1.0000089406967163,
					"bytes":	12420944,
					"bits_per_second":	99366663.5927971,
					"packets":	8579,
					"omitted":	false,
					"sender":	true
				}],
			"sum":	{
				"start":	3.000116,
				"end":	4.000125,
				"seconds":	1.0000089406967163,
				"bytes":	12420944,
				"bits_per_second":	99366663.5927971,
				"packets":	8579,
				"omitted":	false,
				"sender":	true
			}
		}, {
			"streams":	[{
					"socket":	5,
					"start":	4.000125,
					"end":	5.000209,
					"seconds":	1.0000840425491333,
					"bytes":	12578776,
					"bits_per_second":	100621751.4915064,
					"packets":	8686,
					"omitted":	false,
					"sender":	true
				}],
			"sum":	{
				"start":	4.000125,
				"end":	5.000209,
				"seconds":	1.0000840425491333,
				"bytes":	12578776,
				"bits_per_second":	100621751.4915064,
				"packets":	8686,
				"omitted":	false,
				"sender":	true
			}
		}, {
			"streams":	[{
					"socket":	5,
					"start":	5.000209,
					"end":	6.00018,
					"seconds":	0.99997097253799438,
					"bytes":	12502032,
					"bits_per_second":	100019159.30234648,
					"packets":	8634,
					"omitted":	false,
					"sender":	true
				}],
			"sum":	{
				"start":	5.000209,
				"end":	6.00018,
				"seconds":	0.99997097253799438,
				"bytes":	12502032,
				"bits_per_second":	100019159.30234648,
				"packets":	8634,
				"omitted":	false,
				"sender":	true
			}
		}, {
			"streams":	[{
					"socket":	5,
					"start":	6.00018,
					"end":	7.00013,
					"seconds":	0.99994999170303345,
					"bytes":	12499136,
					"bits_per_second":	99998088.7341175,
					"packets":	8632,
					"omitted":	false,
					"sender":	true
				}],
			"sum":	{
				"start":	6.00018,
				"end":	7.00013,
				"seconds":	0.99994999170303345,
				"bytes":	12499136,
				"bits_per_second":	99998088.7341175,
				"packets":	8632,
				"omitted":	false,
				"sender":	true
			}
		}, {
			"streams":	[{
					"socket":	5,
					"start":	7.00013,
					"end":	8.000116,
					"seconds":	0.99998599290847778,
					"bytes":	12499136,
					"bits_per_second":	99994488.631954,
					"packets":	8632,
					"omitted":	false,
					"sender":	true
				}],
			"sum":	{
				"start":	7.00013,
				"end":	8.000116,
				"seconds":	0.99998599290847778,
				"bytes":	12499136,
				"bits_per_second":	99994488.631954,
				"packets":	8632,
				"omitted":	false,
				"sender":	true
			}
		}, {
			"streams":	[{
					"socket":	5,
					"start":	8.000116,
					"end":	9.000111,
					"seconds":	0.999994993209839,
					"bytes":	12499136,
					"bits_per_second":	99993588.6469158,
					"packets":	8632,
					"omitted":	false,
					"sender":	true
				}],
			"sum":	{
				"start":	8.000116,
				"end":	9.000111,
				"seconds":	0.999994993209839,
				"bytes":	12499136,
				"bits_per_second":	99993588.6469158,
				"packets":	8632,
				"omitted":	false,
				"sender":	true
			}
		}, {
			"streams":	[{
					"socket":	5,
					"start":	9.000111,
					"end":	10.000181,
					"seconds":	1.0000699758529663,
					"bytes":	12502032,
					"bits_per_second":	100009257.76688324,
					"packets":	8634,
					"omitted":	false,
					"sender":	true
				}],
			"sum":	{
				"start":	9.000111,
				"end":	10.000181,
				"seconds":	1.0000699758529663,
				"bytes":	12502032,
				"bits_per_second":	100009257.76688324,
				"packets":	8634,
				"omitted":	false,
				"sender":	true
			}
		}, {
			"streams":	[{
					"socket":	5,
					"start":	10.000181,
					"end":	11.000164,
					"seconds":	0.999983012676239,
					"bytes":	12499136,
					"bits_per_second":	99994786.64381513,
					"packets":	8632,
					"omitted":	false,
					"sender":	true
				}],
			"sum":	{
				"start":	10.000181,
				"end":	11.000164,
				"seconds":	0.999983012676239,
				"bytes":	12499136,
				"bits_per_second":	99994786.64381513,
				"packets":	8632,
				"omitted":	false,
				"sender":	true
			}
		}, {
			"streams":	[{
					"socket":	5,
					"start":	11.000164,
					"end":	12.000184,
					"seconds":	1.0000200271606445,
					"bytes":	12500584,
					"bits_per_second":	100002669.23047844,
					"packets":	8633,
					"omitted":	false,
					"sender":	true
				}],
			"sum":	{
				"start":	11.000164,
				"end":	12.000184,
				"seconds":	1.0000200271606445,
				"bytes":	12500584,
				"bits_per_second":	100002669.23047844,
				"packets":	8633,
				"omitted":	false,
				"sender":	true
			}
		}, {
			"streams":	[{
					"socket":	5,
					"start":	12.000184,
					"end":	13.000136,
					"seconds":	0.99995201826095581,
					"bytes":	12499136,
					"bits_per_second":	99997886.0724745,
					"packets":	8632,
					"omitted":	false,
					"sender":	true
				}],
			"sum":	{
				"start":	12.000184,
				"end":	13.000136,
				"seconds":	0.99995201826095581,
				"bytes":	12499136,
				"bits_per_second":	99997886.0724745,
				"packets":	8632,
				"omitted":	false,
				"sender":	true
			}
		}, {
			"streams":	[{
					"socket":	5,
					"start":	13.000136,
					"end":	14.000124,
					"seconds":	0.9999880194664,
					"bytes":	12500584,
					"bits_per_second":	100005870.12368719,
					"packets":	8633,
					"omitted":	false,
					"sender":	true
				}],
			"sum":	{
				"start":	13.000136,
				"end":	14.000124,
				"seconds":	0.9999880194664,
				"bytes":	12500584,
				"bits_per_second":	100005870.12368719,
				"packets":	8633,
				"omitted":	false,
				"sender":	true
			}
		}, {
			"streams":	[{
					"socket":	5,
					"start":	14.000124,
					"end":	15.000375,
					"seconds":	1.0002510547637939,
					"bytes":	12499136,
					"bits_per_second":	99967990.559743062,
					"packets":	8632,
					"omitted":	false,