{
	"start":	{
		"connected":	[{
				"socket":	5,
				"local_host":	"172.20.171.186",
				"local_port":	45101,
				"remote_host":	"54.227.41.78",
				"remote_port":	5201
			}],
		"version":	"iperf 3.16",
		"system_info":	"Linux DESKTOP-OR35M89 6.18.33.1-microsoft-standard-WSL2 #1 SMP PREEMPT_DYNAMIC Fri Jun  5 01:12:21 UTC 2026 x86_64",
		"timestamp":	{
			"time":	"Thu, 25 Jun 2026 22:05:56 GMT",
			"timesecs":	1782425156
		},
		"connecting_to":	{
			"host":	"54.227.41.78",
			"port":	5201
		},
		"cookie":	"2ohczdf7l2hx4gtxp7q6bktrd3juii7oqa47",
		"target_bitrate":	100000000,
		"fq_rate":	0,
		"sock_bufsize":	0,
		"sndbuf_actual":	212992,
		"rcvbuf_actual":	212992,
		"test_start":	{
			"protocol":	"UDP",
			"num_streams":	1,
			"blksize":	1448,
			"omit":	0,
			"duration":	30,
			"bytes":	0,
			"blocks":	0,
			"reverse":	0,
			"tos":	0,
			"target_bitrate":	100000000,
			"bidir":	0,
			"fqrate":	0
		}
	},
	"intervals":	[{
			"streams":	[{
					"socket":	5,
					"start":	0,
					"end":	1.000147,
					"seconds":	1.0001469850540161,
					"bytes":	12490448,
					"bits_per_second":	99908898.885100678,
					"packets":	8626,
					"omitted":	false,
					"sender":	true
				}],
			"sum":	{
				"start":	0,
				"end":	1.000147,
				"seconds":	1.0001469850540161,
				"bytes":	12490448,
				"bits_per_second":	99908898.885100678,
				"packets":	8626,
				"omitted":	false,
				"sender":	true
			}
		}, {
			"streams":	[{
					"socket":	5,
					"start":	1.000147,
					"end":	2.000099,
					"seconds":	0.99995201826095581,
					"bytes":	12502032,
					"bits_per_second":	100021055.18416877,
					"packets":	8634,
					"omitted":	false,
					"sender":	true
				}],
			"sum":	{
				"start":	1.000147,
				"end":	2.000099,
				"seconds":	0.99995201826095581,
				"bytes":	12502032,
				"bits_per_second":	100021055.18416877,
				"packets":	8634,
				"omitted":	false,
				"sender":	true
			}
		}, {
			"streams":	[{
					"socket":	5,
					"start":	2.000099,
					"end":	3.000157,
					"seconds":	1.0000580549240112,
					"bytes":	12497688,
					"bits_per_second":	99975699.918338269,
					"packets":	8631,
					"omitted":	false,
					"sender":	true
				}],
			"sum":	{
				"start":	2.000099,
				"end":	3.000157,
				"seconds":	1.0000580549240112,
				"bytes":	12497688,
				"bits_per_second":	99975699.918338269,
				"packets":	8631,
				"omitted":	false,
				"sender":	true
			}
		}, {
			"streams":	[{
					"socket":	5,
					"start":	3.000157,
					"end":	4.000134,
					"seconds":	0.9999769926071167,
					"bytes":	12500584,
					"bits_per_second":	100006972.89971657,
					"packets":	8633,
					"omitted":	false,
					"sender":	true
				}],
			"sum":	{
				"start":	3.000157,
				"end":	4.000134,
				"seconds":	0.9999769926071167,
				"bytes":	12500584,
				"bits_per_second":	100006972.89971657,
				"packets":	8633,
				"omitted":	false,
				"sender":	true
			}
		}, {
			"streams":	[{
					"socket":	5,
					"start":	4.000134,
					"end":	5.00014,
					"seconds":	1.0000059604644775,
					"bytes":	12499136,
					"bits_per_second":	99992491.998303428,
					"packets":	8632,
					"omitted":	false,
					"sender":	true
				}],
			"sum":	{
				"start":	4.000134,
				"end":	5.00014,
				"seconds":	1.0000059604644775,
				"bytes":	12499136,
				"bits_per_second":	99992491.998303428,
				"packets":	8632,
				"omitted":	false,
				"sender":	true
			}
		}, {
			"streams":	[{
					"socket":	5,
					"start":	5.00014,
					"end":	6.000132,
					"seconds":	0.9999920129776,
					"bytes":	12500584,
					"bits_per_second":	100005470.74593496,
					"packets":	8633,
					"omitted":	false,
					"sender":	true
				}],
			"sum":	{
				"start":	5.00014,
				"end":	6.000132,
				"seconds":	0.9999920129776,
				"bytes":	12500584,
				"bits_per_second":	100005470.74593496,
				"packets":	8633,
				"omitted":	false,
				"sender":	true
			}
		}, {
			"streams":	[{
					"socket":	5,
					"start":	6.000132,
					"end":	7.000171,
					"seconds":	1.0000389814376831,
					"bytes":	12500584,
					"bits_per_second":	100000773.82606684,
					"packets":	8633,
					"omitted":	false,
					"sender":	true
				}],
			"sum":	{
				"start":	6.000132,
				"end":	7.000171,
				"seconds":	1.0000389814376831,
				"bytes":	12500584,
				"bits_per_second":	100000773.82606684,
				"packets":	8633,
				"omitted":	false,
				"sender":	true
			}
		}, {
			"streams":	[{
					"socket":	5,
					"start":	7.000171,
					"end":	8.00014,
					"seconds":	0.9999690055847168,
					"bytes":	12499136,
					"bits_per_second":	99996187.323356643,
					"packets":	8632,
					"omitted":	false,
					"sender":	true
				}],
			"sum":	{
				"start":	7.000171,
				"end":	8.00014,
				"seconds":	0.9999690055847168,
				"bytes":	12499136,
				"bits_per_second":	99996187.323356643,
				"packets":	8632,
				"omitted":	false,
				"sender":	true
			}
		}, {
			"streams":	[{
					"socket":	5,
					"start":	8.00014,
					"end":	9.000139,
					"seconds":	0.99999898672103882,
					"bytes":	12500584,
					"bits_per_second":	100004773.33273284,
					"packets":	8633,
					"omitted":	false,
					"sender":	true
				}],
			"sum":	{
				"start":	8.00014,
				"end":	9.000139,
				"seconds":	0.99999898672103882,
				"bytes":	12500584,
				"bits_per_second":	100004773.33273284,
				"packets":	8633,
				"omitted":	false,
				"sender":	true
			}
		}, {
			"streams":	[{
					"socket":	5,
					"start":	9.000139,
					"end":	10.000133,
					"seconds":	0.99999397993087769,
					"bytes":	12499136,
					"bits_per_second":	99993689.9689254,
					"packets":	8632,
					"omitted":	false,
					"sender":	true
				}],
			"sum":	{
				"start":	9.000139,
				"end":	10.000133,
				"seconds":	0.99999397993087769,
				"bytes":	12499136,
				"bits_per_second":	99993689.9689254,
				"packets":	8632,
				"omitted":	false,
				"sender":	true
			}
		}, {
			"streams":	[{
					"socket":	5,
					"start":	10.000133,
					"end":	11.000148,
					"seconds":	1.0000150203704834,
					"bytes":	12500584,
					"bits_per_second":	100003169.91533835,
					"packets":	8633,
					"omitted":	false,
					"sender":	true
				}],
			"sum":	{
				"start":	10.000133,
				"end":	11.000148,
				"seconds":	1.0000150203704834,
				"bytes":	12500584,
				"bits_per_second":	100003169.91533835,
				"packets":	8633,
				"omitted":	false,
				"sender":	true
			}
		}, {
			"streams":	[{
					"socket":	5,
					"start":	11.000148,
					"end":	12.000118,
					"seconds":	0.999970018863678,
					"bytes":	12499136,
					"bits_per_second":	99996085.99628593,
					"packets":	8632,
					"omitted":	false,
					"sender":	true
				}],
			"sum":	{
				"start":	11.000148,
				"end":	12.000118,
				"seconds":	0.999970018863678,
				"bytes":	12499136,
				"bits_per_second":	99996085.99628593,
				"packets":	8632,
				"omitted":	false,
				"sender":	true
			}
		}, {
			"streams":	[{
					"socket":	5,
					"start":	12.000118,
					"end":	13.000147,
					"seconds":	1.0000289678573608,
					"bytes":	12500584,
					"bits_per_second":	100001775.16284125,
					"packets":	8633,
					"omitted":	false,
					"sender":	true
				}],
			"sum":	{
				"start":	12.000118,
				"end":	13.000147,
				"seconds":	1.0000289678573608,
				"bytes":	12500584,
				"bits_per_second":	100001775.16284125,
				"packets":	8633,
				"omitted":	false,
				"sender":	true
			}
		}, {
			"streams":	[{
					"socket":	5,
					"start":	13.000147,
					"end":	14.000137,
					"seconds":	0.99998998641967773,
					"bytes":	12499136,
					"bits_per_second":	99994089.298844948,
					"packets":	8632,
					"omitted":	false,
					"sender":	true
				}],
			"sum":	{
				"start":	13.000147,
				"end":	14.000137,
				"seconds":	0.99998998641967773,
				"bytes":	12499136,
				"bits_per_second":	99994089.298844948,
				"packets":	8632,
				"omitted":	false,
				"sender":	true
			}
		}, {
			"streams":	[{
					"socket":	5,
					"start":	14.000137,
					"end":	15.000154,
					"seconds":	1.0000170469284058,
					"bytes":	12500584,
					"bits_per_second":	100002967.25657681,
					"packets":	8633,