{
	"start":	{
		"connected":	[{
				"socket":	5,
				"local_host":	"172.20.171.186",
				"local_port":	50677,
				"remote_host":	"54.227.41.78",
				"remote_port":	5201
			}],
		"version":	"iperf 3.16",
		"system_info":	"Linux DESKTOP-OR35M89 6.18.33.1-microsoft-standard-WSL2 #1 SMP PREEMPT_DYNAMIC Fri Jun  5 01:12:21 UTC 2026 x86_64",
		"timestamp":	{
			"time":	"Fri, 26 Jun 2026 00:28:35 GMT",
			"timesecs":	1782433715
		},
		"connecting_to":	{
			"host":	"54.227.41.78",
			"port":	5201
		},
		"cookie":	"xdghtvhomxpahqtfi4qc5tof52hpunyofx4j",
		"target_bitrate":	100000000,
		"fq_rate":	0,
		"sock_bufsize":	0,
		"sndbuf_actual":	212992,
		"rcvbuf_actual":	212992,
		"test_start":	{
			"protocol":	"UDP",
			"num_streams":	1,
			"blksize":	1448,
			"omit":	0,
			"duration":	30,
			"bytes":	0,
			"blocks":	0,
			"reverse":	0,
			"tos":	0,
			"target_bitrate":	100000000,
			"bidir":	0,
			"fqrate":	0
		}
	},
	"intervals":	[{
			"streams":	[{
					"socket":	5,
					"start":	0,
					"end":	1.000093,
					"seconds":	1.0000929832458496,
					"bytes":	12490448,
					"bits_per_second":	99914293.644670144,
					"packets":	8626,
					"omitted":	false,
					"sender":	true
				}],
			"sum":	{
				"start":	0,
				"end":	1.000093,
				"seconds":	1.0000929832458496,
				"bytes":	12490448,
				"bits_per_second":	99914293.644670144,
				"packets":	8626,
				"omitted":	false,
				"sender":	true
			}
		}, {
			"streams":	[{
					"socket":	5,
					"start":	1.000093,
					"end":	2.000135,
					"seconds":	1.0000419616699219,
					"bytes":	12500584,
					"bits_per_second":	100000475.8130419,
					"packets":	8633,
					"omitted":	false,
					"sender":	true
				}],
			"sum":	{
				"start":	1.000093,
				"end":	2.000135,
				"seconds":	1.0000419616699219,
				"bytes":	12500584,
				"bits_per_second":	100000475.8130419,
				"packets":	8633,
				"omitted":	false,
				"sender":	true
			}
		}, {
			"streams":	[{
					"socket":	5,
					"start":	2.000135,
					"end":	3.000134,
					"seconds":	0.99999898672103882,
					"bytes":	12499136,
					"bits_per_second":	99993189.320995,
					"packets":	8632,
					"omitted":	false,
					"sender":	true
				}],
			"sum":	{
				"start":	2.000135,
				"end":	3.000134,
				"seconds":	0.99999898672103882,
				"bytes":	12499136,
				"bits_per_second":	99993189.320995,
				"packets":	8632,
				"omitted":	false,
				"sender":	true
			}
		}, {
			"streams":	[{
					"socket":	5,
					"start":	3.000134,
					"end":	4.000096,
					"seconds":	0.9999619722366333,
					"bytes":	12499136,
					"bits_per_second":	99996890.658095345,
					"packets":	8632,
					"omitted":	false,
					"sender":	true
				}],
			"sum":	{
				"start":	3.000134,
				"end":	4.000096,
				"seconds":	0.9999619722366333,
				"bytes":	12499136,
				"bits_per_second":	99996890.658095345,
				"packets":	8632,
				"omitted":	false,
				"sender":	true
			}
		}, {
			"streams":	[{
					"socket":	5,
					"start":	4.000096,
					"end":	5.000137,
					"seconds":	1.0000410079956055,
					"bytes":	12500584,
					"bits_per_second":	100000571.17701663,
					"packets":	8633,
					"omitted":	false,
					"sender":	true
				}],
			"sum":	{
				"start":	4.000096,
				"end":	5.000137,
				"seconds":	1.0000410079956055,
				"bytes":	12500584,
				"bits_per_second":	100000571.17701663,
				"packets":	8633,
				"omitted":	false,
				"sender":	true
			}
		}, {
			"streams":	[{
					"socket":	5,
					"start":	5.000137,
					"end":	6.000132,
					"seconds":	0.999994993209839,
					"bytes":	12500584,
					"bits_per_second":	100005172.70491476,
					"packets":	8633,
					"omitted":	false,
					"sender":	true
				}],
			"sum":	{
				"start":	5.000137,
				"end":	6.000132,
				"seconds":	0.999994993209839,
				"bytes":	12500584,
				"bits_per_second":	100005172.70491476,
				"packets":	8633,
				"omitted":	false,
				"sender":	true
			}
		}, {
			"streams":	[{
					"socket":	5,
					"start":	6.000132,
					"end":	7.000098,
					"seconds":	0.999966025352478,
					"bytes":	12500584,
					"bits_per_second":	100008069.73891874,
					"packets":	8633,
					"omitted":	false,
					"sender":	true
				}],
			"sum":	{
				"start":	6.000132,
				"end":	7.000098,
				"seconds":	0.999966025352478,
				"bytes":	12500584,
				"bits_per_second":	100008069.73891874,
				"packets":	8633,
				"omitted":	false,
				"sender":	true
			}
		}, {
			"streams":	[{
					"socket":	5,
					"start":	7.000098,
					"end":	8.000092,
					"seconds":	0.99999397993087769,
					"bytes":	12499136,
					"bits_per_second":	99993689.9689254,
					"packets":	8632,
					"omitted":	false,
					"sender":	true
				}],
			"sum":	{
				"start":	7.000098,
				"end":	8.000092,
				"seconds":	0.99999397993087769,
				"bytes":	12499136,
				"bits_per_second":	99993689.9689254,
				"packets":	8632,
				"omitted":	false,
				"sender":	true
			}
		}, {
			"streams":	[{
					"socket":	5,
					"start":	8.000092,
					"end":	9.000144,
					"seconds":	1.0000519752502441,
					"bytes":	12499136,
					"bits_per_second":	99987891.104338467,
					"packets":	8632,
					"omitted":	false,
					"sender":	true
				}],
			"sum":	{
				"start":	8.000092,
				"end":	9.000144,
				"seconds":	1.0000519752502441,
				"bytes":	12499136,
				"bits_per_second":	99987891.104338467,
				"packets":	8632,
				"omitted":	false,
				"sender":	true
			}
		}, {
			"streams":	[{
					"socket":	5,
					"start":	9.000144,
					"end":	10.00011,
					"seconds":	0.999966025352478,
					"bytes":	12500584,
					"bits_per_second":	100008069.73891874,
					"packets":	8633,
					"omitted":	false,
					"sender":	true
				}],
			"sum":	{
				"start":	9.000144,
				"end":	10.00011,
				"seconds":	0.999966025352478,
				"bytes":	12500584,
				"bits_per_second":	100008069.73891874,
				"packets":	8633,
				"omitted":	false,
				"sender":	true
			}
		}, {
			"streams":	[{
					"socket":	5,
					"start":	10.00011,
					"end":	11.000211,
					"seconds":	1.0001009702682495,
					"bytes":	12500584,
					"bits_per_second":	99994575.520886153,
					"packets":	8633,
					"omitted":	false,
					"sender":	true
				}],
			"sum":	{
				"start":	10.00011,
				"end":	11.000211,
				"seconds":	1.0001009702682495,
				"bytes":	12500584,
				"bits_per_second":	99994575.520886153,
				"packets":	8633,
				"omitted":	false,
				"sender":	true
			}
		}, {
			"streams":	[{
					"socket":	5,
					"start":	11.000211,
					"end":	12.000089,
					"seconds":	0.99987798929214478,
					"bytes":	12500584,
					"bits_per_second":	100016875.12973204,
					"packets":	8633,
					"omitted":	false,
					"sender":	true
				}],
			"sum":	{
				"start":	11.000211,
				"end":	12.000089,
				"seconds":	0.99987798929214478,
				"bytes":	12500584,
				"bits_per_second":	100016875.12973204,
				"packets":	8633,
				"omitted":	false,
				"sender":	true
			}
		}, {
			"streams":	[{
					"socket":	5,
					"start":	12.000089,
					"end":	13.000135,
					"seconds":	1.0000460147857666,
					"bytes":	12499136,
					"bits_per_second":	99988487.0511892,
					"packets":	8632,
					"omitted":	false,
					"sender":	true
				}],
			"sum":	{
				"start":	12.000089,
				"end":	13.000135,
				"seconds":	1.0000460147857666,
				"bytes":	12499136,
				"bits_per_second":	99988487.0511892,
				"packets":	8632,
				"omitted":	false,
				"sender":	true
			}
		}, {
			"streams":	[{
					"socket":	5,
					"start":	13.000135,
					"end":	14.000087,
					"seconds":	0.99995201826095581,
					"bytes":	12499136,
					"bits_per_second":	99997886.0724745,
					"packets":	8632,
					"omitted":	false,
					"sender":	true
				}],
			"sum":	{
				"start":	13.000135,
				"end":	14.000087,
				"seconds":	0.99995201826095581,
				"bytes":	12499136,
				"bits_per_second":	99997886.0724745,
				"packets":	8632,
				"omitted":	false,
				"sender":	true
			}
		}, {
			"streams":	[{
					"socket":	5,
					"start":	14.000087,
					"end":	15.000132,
					"seconds":	1.0000449419021606,
					"bytes":	12502032,
					"bits_per_second":	100011761.28120959,
					"packets":	8634,
					"omitted":	false,