{
	"start":	{
		"connected":	[{
				"socket":	5,
				"local_host":	"172.20.171.186",
				"local_port":	55388,
				"remote_host":	"54.227.41.78",
				"remote_port":	5201
			}],
		"version":	"iperf 3.16",
		"system_info":	"Linux DESKTOP-OR35M89 6.18.33.1-microsoft-standard-WSL2 #1 SMP PREEMPT_DYNAMIC Fri Jun  5 01:12:21 UTC 2026 x86_64",
		"timestamp":	{
			"time":	"Thu, 25 Jun 2026 22:03:46 GMT",
			"timesecs":	1782425026
		},
		"connecting_to":	{
			"host":	"54.227.41.78",
			"port":	5201
		},
		"cookie":	"ykjvladfkhtn2qfsvuyokhfec6a5ujoe5r7h",
		"target_bitrate":	100000000,
		"fq_rate":	0,
		"sock_bufsize":	0,
		"sndbuf_actual":	212992,
		"rcvbuf_actual":	212992,
		"test_start":	{
			"protocol":	"UDP",
			"num_streams":	1,
			"blksize":	1448,
			"omit":	0,
			"duration":	30,
			"bytes":	0,
			"blocks":	0,
			"reverse":	0,
			"tos":	0,
			"target_bitrate":	100000000,
			"bidir":	0,
			"fqrate":	0
		}
	},
	"intervals":	[{
			"streams":	[{
					"socket":	5,
					"start":	0,
					"end":	1.000093,
					"seconds":	1.0000929832458496,
					"bytes":	12490448,
					"bits_per_second":	99914293.644670144,
					"packets":	8626,
					"omitted":	false,
					"sender":	true
				}],
			"sum":	{
				"start":	0,
				"end":	1.000093,
				"seconds":	1.0000929832458496,
				"bytes":	12490448,
				"bits_per_second":	99914293.644670144,
				"packets":	8626,
				"omitted":	false,
				"sender":	true
			}
		}, {
			"streams":	[{
					"socket":	5,
					"start":	1.000093,
					"end":	2.000086,
					"seconds":	0.99999302625656128,
					"bytes":	12500584,
					"bits_per_second":	100005369.41178878,
					"packets":	8633,
					"omitted":	false,
					"sender":	true
				}],
			"sum":	{
				"start":	1.000093,
				"end":	2.000086,
				"seconds":	0.99999302625656128,
				"bytes":	12500584,
				"bits_per_second":	100005369.41178878,
				"packets":	8633,
				"omitted":	false,
				"sender":	true
			}
		}, {
			"streams":	[{
					"socket":	5,
					"start":	2.000086,
					"end":	3.000096,
					"seconds":	1.0000100135803223,
					"bytes":	12499136,
					"bits_per_second":	99992086.721208,
					"packets":	8632,
					"omitted":	false,
					"sender":	true
				}],
			"sum":	{
				"start":	2.000086,
				"end":	3.000096,
				"seconds":	1.0000100135803223,
				"bytes":	12499136,
				"bits_per_second":	99992086.721208,
				"packets":	8632,
				"omitted":	false,
				"sender":	true
			}
		}, {
			"streams":	[{
					"socket":	5,
					"start":	3.000096,
					"end":	4.000104,
					"seconds":	1.0000079870224,
					"bytes":	12500584,
					"bits_per_second":	100003873.26682414,
					"packets":	8633,
					"omitted":	false,
					"sender":	true
				}],
			"sum":	{
				"start":	3.000096,
				"end":	4.000104,
				"seconds":	1.0000079870224,
				"bytes":	12500584,
				"bits_per_second":	100003873.26682414,
				"packets":	8633,
				"omitted":	false,
				"sender":	true
			}
		}, {
			"streams":	[{
					"socket":	5,
					"start":	4.000104,
					"end":	5.000103,
					"seconds":	0.99999898672103882,
					"bytes":	12499136,
					"bits_per_second":	99993189.320995,
					"packets":	8632,
					"omitted":	false,
					"sender":	true
				}],
			"sum":	{
				"start":	4.000104,
				"end":	5.000103,
				"seconds":	0.99999898672103882,
				"bytes":	12499136,
				"bits_per_second":	99993189.320995,
				"packets":	8632,
				"omitted":	false,
				"sender":	true
			}
		}, {
			"streams":	[{
					"socket":	5,
					"start":	5.000103,
					"end":	6.000142,
					"seconds":	1.0000389814376831,
					"bytes":	12500584,
					"bits_per_second":	100000773.82606684,
					"packets":	8633,
					"omitted":	false,
					"sender":	true
				}],
			"sum":	{
				"start":	5.000103,
				"end":	6.000142,
				"seconds":	1.0000389814376831,
				"bytes":	12500584,
				"bits_per_second":	100000773.82606684,
				"packets":	8633,
				"omitted":	false,
				"sender":	true
			}
		}, {
			"streams":	[{
					"socket":	5,
					"start":	6.000142,
					"end":	7.000143,
					"seconds":	1.0000009536743164,
					"bytes":	12499136,
					"bits_per_second":	99992992.6392511,
					"packets":	8632,
					"omitted":	false,
					"sender":	true
				}],
			"sum":	{
				"start":	6.000142,
				"end":	7.000143,
				"seconds":	1.0000009536743164,
				"bytes":	12499136,
				"bits_per_second":	99992992.6392511,
				"packets":	8632,
				"omitted":	false,
				"sender":	true
			}
		}, {
			"streams":	[{
					"socket":	5,
					"start":	7.000143,
					"end":	8.000091,
					"seconds":	0.999948024749756,
					"bytes":	12500584,
					"bits_per_second":	100009870.03802212,
					"packets":	8633,
					"omitted":	false,
					"sender":	true
				}],
			"sum":	{
				"start":	7.000143,
				"end":	8.000091,
				"seconds":	0.999948024749756,
				"bytes":	12500584,
				"bits_per_second":	100009870.03802212,
				"packets":	8633,
				"omitted":	false,
				"sender":	true
			}
		}, {
			"streams":	[{
					"socket":	5,
					"start":	8.000091,
					"end":	9.000092,
					"seconds":	1.0000009536743164,
					"bytes":	12500584,
					"bits_per_second":	100004576.62820375,
					"packets":	8633,
					"omitted":	false,
					"sender":	true
				}],
			"sum":	{
				"start":	8.000091,
				"end":	9.000092,
				"seconds":	1.0000009536743164,
				"bytes":	12500584,
				"bits_per_second":	100004576.62820375,
				"packets":	8633,
				"omitted":	false,
				"sender":	true
			}
		}, {
			"streams":	[{
					"socket":	5,
					"start":	9.000092,
					"end":	10.000089,
					"seconds":	0.99999701976776123,
					"bytes":	12499136,
					"bits_per_second":	99993386.003512636,
					"packets":	8632,
					"omitted":	false,
					"sender":	true
				}],
			"sum":	{
				"start":	9.000092,
				"end":	10.000089,
				"seconds":	0.99999701976776123,
				"bytes":	12499136,
				"bits_per_second":	99993386.003512636,
				"packets":	8632,
				"omitted":	false,
				"sender":	true
			}
		}, {
			"streams":	[{
					"socket":	5,
					"start":	10.000089,
					"end":	11.000274,
					"seconds":	1.0001850128173828,
					"bytes":	12500584,
					"bits_per_second":	99986173.2763828,
					"packets":	8633,
					"omitted":	false,
					"sender":	true
				}],
			"sum":	{
				"start":	10.000089,
				"end":	11.000274,
				"seconds":	1.0001850128173828,
				"bytes":	12500584,
				"bits_per_second":	99986173.2763828,
				"packets":	8633,
				"omitted":	false,
				"sender":	true
			}
		}, {
			"streams":	[{
					"socket":	5,
					"start":	11.000274,
					"end":	12.000146,
					"seconds":	0.99987202882766724,
					"bytes":	12499136,
					"bits_per_second":	100005885.870455,
					"packets":	8632,
					"omitted":	false,
					"sender":	true
				}],
			"sum":	{
				"start":	11.000274,
				"end":	12.000146,
				"seconds":	0.99987202882766724,
				"bytes":	12499136,
				"bits_per_second":	100005885.870455,
				"packets":	8632,
				"omitted":	false,
				"sender":	true
			}
		}, {
			"streams":	[{
					"socket":	5,
					"start":	12.000146,
					"end":	13.000145,
					"seconds":	0.99999898672103882,
					"bytes":	12500584,
					"bits_per_second":	100004773.33273284,
					"packets":	8633,
					"omitted":	false,
					"sender":	true
				}],
			"sum":	{
				"start":	12.000146,
				"end":	13.000145,
				"seconds":	0.99999898672103882,
				"bytes":	12500584,
				"bits_per_second":	100004773.33273284,
				"packets":	8633,
				"omitted":	false,
				"sender":	true
			}
		}, {
			"streams":	[{
					"socket":	5,
					"start":	13.000145,
					"end":	14.000257,
					"seconds":	1.0001120567321777,
					"bytes":	12500584,
					"bits_per_second":	99993467.058842272,
					"packets":	8633,
					"omitted":	false,
					"sender":	true
				}],
			"sum":	{
				"start":	13.000145,
				"end":	14.000257,
				"seconds":	1.0001120567321777,
				"bytes":	12500584,
				"bits_per_second":	99993467.058842272,
				"packets":	8633,
				"omitted":	false,
				"sender":	true
			}
		}, {
			"streams":	[{
					"socket":	5,
					"start":	14.000257,
					"end":	15.000085,
					"seconds":	0.99982798099517822,
					"bytes":	12499136,
					"bits_per_second":	100010291.67084515,
					"packets":	8632,
					"omitted":	false,