{
	"start":	{
		"connected":	[{
				"socket":	5,
				"local_host":	"172.20.171.186",
				"local_port":	56376,
				"remote_host":	"54.227.41.78",
				"remote_port":	5201
			}],
		"version":	"iperf 3.16",
		"system_info":	"Linux DESKTOP-OR35M89 6.18.33.1-microsoft-standard-WSL2 #1 SMP PREEMPT_DYNAMIC Fri Jun  5 01:12:21 UTC 2026 x86_64",
		"timestamp":	{
			"time":	"Thu, 25 Jun 2026 22:40:49 GMT",
			"timesecs":	1782427249
		},
		"connecting_to":	{
			"host":	"54.227.41.78",
			"port":	5201
		},
		"cookie":	"3vt57ipe6qahtt5teuadcso7dn3my5w5uf3z",
		"target_bitrate":	100000000,
		"fq_rate":	0,
		"sock_bufsize":	0,
		"sndbuf_actual":	212992,
		"rcvbuf_actual":	212992,
		"test_start":	{
			"protocol":	"UDP",
			"num_streams":	1,
			"blksize":	1448,
			"omit":	0,
			"duration":	30,
			"bytes":	0,
			"blocks":	0,
			"reverse":	0,
			"tos":	0,
			"target_bitrate":	100000000,
			"bidir":	0,
			"fqrate":	0
		}
	},
	"intervals":	[{
			"streams":	[{
					"socket":	5,
					"start":	0,
					"end":	1.000103,
					"seconds":	1.0001029968261719,
					"bytes":	12490448,
					"bits_per_second":	99913293.2479031,
					"packets":	8626,
					"omitted":	false,
					"sender":	true
				}],
			"sum":	{
				"start":	0,
				"end":	1.000103,
				"seconds":	1.0001029968261719,
				"bytes":	12490448,
				"bits_per_second":	99913293.2479031,
				"packets":	8626,
				"omitted":	false,
				"sender":	true
			}
		}, {
			"streams":	[{
					"socket":	5,
					"start":	1.000103,
					"end":	2.000111,
					"seconds":	1.0000079870224,
					"bytes":	12499136,
					"bits_per_second":	99992289.359345064,
					"packets":	8632,
					"omitted":	false,
					"sender":	true
				}],
			"sum":	{
				"start":	1.000103,
				"end":	2.000111,
				"seconds":	1.0000079870224,
				"bytes":	12499136,
				"bits_per_second":	99992289.359345064,
				"packets":	8632,
				"omitted":	false,
				"sender":	true
			}
		}, {
			"streams":	[{
					"socket":	5,
					"start":	2.000111,
					"end":	3.000103,
					"seconds":	0.9999920129776,
					"bytes":	12500584,
					"bits_per_second":	100005470.74593496,
					"packets":	8633,
					"omitted":	false,
					"sender":	true
				}],
			"sum":	{
				"start":	2.000111,
				"end":	3.000103,
				"seconds":	0.9999920129776,
				"bytes":	12500584,
				"bits_per_second":	100005470.74593496,
				"packets":	8633,
				"omitted":	false,
				"sender":	true
			}
		}, {
			"streams":	[{
					"socket":	5,
					"start":	3.000103,
					"end":	4.000129,
					"seconds":	1.0000259876251221,
					"bytes":	12500584,
					"bits_per_second":	100002073.18361068,
					"packets":	8633,
					"omitted":	false,
					"sender":	true
				}],
			"sum":	{
				"start":	3.000103,
				"end":	4.000129,
				"seconds":	1.0000259876251221,
				"bytes":	12500584,
				"bits_per_second":	100002073.18361068,
				"packets":	8633,
				"omitted":	false,
				"sender":	true
			}
		}, {
			"streams":	[{
					"socket":	5,
					"start":	4.000129,
					"end":	5.000111,
					"seconds":	0.99998199939727783,
					"bytes":	12499136,
					"bits_per_second":	99994887.968252569,
					"packets":	8632,
					"omitted":	false,
					"sender":	true
				}],
			"sum":	{
				"start":	4.000129,
				"end":	5.000111,
				"seconds":	0.99998199939727783,
				"bytes":	12499136,
				"bits_per_second":	99994887.968252569,
				"packets":	8632,
				"omitted":	false,
				"sender":	true
			}
		}, {
			"streams":	[{
					"socket":	5,
					"start":	5.000111,
					"end":	6.000145,
					"seconds":	1.000033974647522,
					"bytes":	12500584,
					"bits_per_second":	100001274.49194738,
					"packets":	8633,
					"omitted":	false,
					"sender":	true
				}],
			"sum":	{
				"start":	5.000111,
				"end":	6.000145,
				"seconds":	1.000033974647522,
				"bytes":	12500584,
				"bits_per_second":	100001274.49194738,
				"packets":	8633,
				"omitted":	false,
				"sender":	true
			}
		}, {
			"streams":	[{
					"socket":	5,
					"start":	6.000145,
					"end":	7.000128,
					"seconds":	0.999983012676239,
					"bytes":	12500584,
					"bits_per_second":	100006370.84059963,
					"packets":	8633,
					"omitted":	false,
					"sender":	true
				}],
			"sum":	{
				"start":	6.000145,
				"end":	7.000128,
				"seconds":	0.999983012676239,
				"bytes":	12500584,
				"bits_per_second":	100006370.84059963,
				"packets":	8633,
				"omitted":	false,
				"sender":	true
			}
		}, {
			"streams":	[{
					"socket":	5,
					"start":	7.000128,
					"end":	8.000147,
					"seconds":	1.0000189542770386,
					"bytes":	12500584,
					"bits_per_second":	100002776.51966922,
					"packets":	8633,
					"omitted":	false,
					"sender":	true
				}],
			"sum":	{
				"start":	7.000128,
				"end":	8.000147,
				"seconds":	1.0000189542770386,
				"bytes":	12500584,
				"bits_per_second":	100002776.51966922,
				"packets":	8633,
				"omitted":	false,
				"sender":	true
			}
		}, {
			"streams":	[{
					"socket":	5,
					"start":	8.000147,
					"end":	9.000096,
					"seconds":	0.99994897842407227,
					"bytes":	12499136,
					"bits_per_second":	99998190.065247044,
					"packets":	8632,
					"omitted":	false,
					"sender":	true
				}],
			"sum":	{
				"start":	8.000147,
				"end":	9.000096,
				"seconds":	0.99994897842407227,
				"bytes":	12499136,
				"bits_per_second":	99998190.065247044,
				"packets":	8632,
				"omitted":	false,
				"sender":	true
			}
		}, {
			"streams":	[{
					"socket":	5,
					"start":	9.000096,
					"end":	10.000556,
					"seconds":	1.0004600286483765,
					"bytes":	12506376,
					"bits_per_second":	100005002.83371553,
					"packets":	8637,
					"omitted":	false,
					"sender":	true
				}],
			"sum":	{
				"start":	9.000096,
				"end":	10.000556,
				"seconds":	1.0004600286483765,
				"bytes":	12506376,
				"bits_per_second":	100005002.83371553,
				"packets":	8637,
				"omitted":	false,
				"sender":	true
			}
		}, {
			"streams":	[{
					"socket":	5,
					"start":	10.000556,
					"end":	11.000137,
					"seconds":	0.999580979347229,
					"bytes":	12493344,
					"bits_per_second":	99988649.3091032,
					"packets":	8628,
					"omitted":	false,
					"sender":	true
				}],
			"sum":	{
				"start":	10.000556,
				"end":	11.000137,
				"seconds":	0.999580979347229,
				"bytes":	12493344,
				"bits_per_second":	99988649.3091032,
				"packets":	8628,
				"omitted":	false,
				"sender":	true
			}
		}, {
			"streams":	[{
					"socket":	5,
					"start":	11.000137,
					"end":	12.000138,
					"seconds":	1.0000009536743164,
					"bytes":	12499136,
					"bits_per_second":	99992992.6392511,
					"packets":	8632,
					"omitted":	false,
					"sender":	true
				}],
			"sum":	{
				"start":	11.000137,
				"end":	12.000138,
				"seconds":	1.0000009536743164,
				"bytes":	12499136,
				"bits_per_second":	99992992.6392511,
				"packets":	8632,
				"omitted":	false,
				"sender":	true
			}
		}, {
			"streams":	[{
					"socket":	5,
					"start":	12.000138,
					"end":	13.000179,
					"seconds":	1.0000410079956055,
					"bytes":	12500584,
					"bits_per_second":	100000571.17701663,
					"packets":	8633,
					"omitted":	false,
					"sender":	true
				}],
			"sum":	{
				"start":	12.000138,
				"end":	13.000179,
				"seconds":	1.0000410079956055,
				"bytes":	12500584,
				"bits_per_second":	100000571.17701663,
				"packets":	8633,
				"omitted":	false,
				"sender":	true
			}
		}, {
			"streams":	[{
					"socket":	5,
					"start":	13.000179,
					"end":	14.000203,
					"seconds":	1.0000239610672,
					"bytes":	12502032,
					"bits_per_second":	100013859.56119016,
					"packets":	8634,
					"omitted":	false,
					"sender":	true
				}],
			"sum":	{
				"start":	13.000179,
				"end":	14.000203,
				"seconds":	1.0000239610672,
				"bytes":	12502032,
				"bits_per_second":	100013859.56119016,
				"packets":	8634,
				"omitted":	false,
				"sender":	true
			}
		}, {
			"streams":	[{
					"socket":	5,
					"start":	14.000203,
					"end":	15.000131,
					"seconds":	0.99992799758911133,
					"bytes":	12499136,
					"bits_per_second":	100000288.26184441,
					"packets":	8632,
					"omitted":	false,