{
	"start":	{
		"connected":	[{
				"socket":	5,
				"local_host":	"172.20.171.186",
				"local_port":	39309,
				"remote_host":	"54.227.41.78",
				"remote_port":	5201
			}],
		"version":	"iperf 3.16",
		"system_info":	"Linux DESKTOP-OR35M89 6.18.33.1-microsoft-standard-WSL2 #1 SMP PREEMPT_DYNAMIC Fri Jun  5 01:12:21 UTC 2026 x86_64",
		"timestamp":	{
			"time":	"Thu, 25 Jun 2026 23:55:33 GMT",
			"timesecs":	1782431733
		},
		"connecting_to":	{
			"host":	"54.227.41.78",
			"port":	5201
		},
		"cookie":	"mblb734iklpgiokht4s56hnulo74xtp3wzc4",
		"target_bitrate":	100000000,
		"fq_rate":	0,
		"sock_bufsize":	0,
		"sndbuf_actual":	212992,
		"rcvbuf_actual":	212992,
		"test_start":	{
			"protocol":	"UDP",
			"num_streams":	1,
			"blksize":	1448,
			"omit":	0,
			"duration":	30,
			"bytes":	0,
			"blocks":	0,
			"reverse":	0,
			"tos":	0,
			"target_bitrate":	100000000,
			"bidir":	0,
			"fqrate":	0
		}
	},
	"intervals":	[{
			"streams":	[{
					"socket":	5,
					"start":	0,
					"end":	1.000111,
					"seconds":	1.0001109838485718,
					"bytes":	12489000,
					"bits_per_second":	99900912.61224246,
					"packets":	8625,
					"omitted":	false,
					"sender":	true
				}],
			"sum":	{
				"start":	0,
				"end":	1.000111,
				"seconds":	1.0001109838485718,
				"bytes":	12489000,
				"bits_per_second":	99900912.61224246,
				"packets":	8625,
				"omitted":	false,
				"sender":	true
			}
		}, {
			"streams":	[{
					"socket":	5,
					"start":	1.000111,
					"end":	2.000096,
					"seconds":	0.9999849796295166,
					"bytes":	12500584,
					"bits_per_second":	100006174.12978606,
					"packets":	8633,
					"omitted":	false,
					"sender":	true
				}],
			"sum":	{
				"start":	1.000111,
				"end":	2.000096,
				"seconds":	0.9999849796295166,
				"bytes":	12500584,
				"bits_per_second":	100006174.12978606,
				"packets":	8633,
				"omitted":	false,
				"sender":	true
			}
		}, {
			"streams":	[{
					"socket":	5,
					"start":	2.000096,
					"end":	3.000147,
					"seconds":	1.0000510215759277,
					"bytes":	12499136,
					"bits_per_second":	99987986.4553572,
					"packets":	8632,
					"omitted":	false,
					"sender":	true
				}],
			"sum":	{
				"start":	2.000096,
				"end":	3.000147,
				"seconds":	1.0000510215759277,
				"bytes":	12499136,
				"bits_per_second":	99987986.4553572,
				"packets":	8632,
				"omitted":	false,
				"sender":	true
			}
		}, {
			"streams":	[{
					"socket":	5,
					"start":	3.000147,
					"end":	4.00015,
					"seconds":	1.0000029802322388,
					"bytes":	12500584,
					"bits_per_second":	100004373.96374069,
					"packets":	8633,
					"omitted":	false,
					"sender":	true
				}],
			"sum":	{
				"start":	3.000147,
				"end":	4.00015,
				"seconds":	1.0000029802322388,
				"bytes":	12500584,
				"bits_per_second":	100004373.96374069,
				"packets":	8633,
				"omitted":	false,
				"sender":	true
			}
		}, {
			"streams":	[{
					"socket":	5,
					"start":	4.00015,
					"end":	5.00009,
					"seconds":	0.99993997812271118,
					"bytes":	12499136,
					"bits_per_second":	99999090.133116961,
					"packets":	8632,
					"omitted":	false,
					"sender":	true
				}],
			"sum":	{
				"start":	4.00015,
				"end":	5.00009,
				"seconds":	0.99993997812271118,
				"bytes":	12499136,
				"bits_per_second":	99999090.133116961,
				"packets":	8632,
				"omitted":	false,
				"sender":	true
			}
		}, {
			"streams":	[{
					"socket":	5,
					"start":	5.00009,
					"end":	6.000131,
					"seconds":	1.0000410079956055,
					"bytes":	12500584,
					"bits_per_second":	100000571.17701663,
					"packets":	8633,
					"omitted":	false,
					"sender":	true
				}],
			"sum":	{
				"start":	5.00009,
				"end":	6.000131,
				"seconds":	1.0000410079956055,
				"bytes":	12500584,
				"bits_per_second":	100000571.17701663,
				"packets":	8633,
				"omitted":	false,
				"sender":	true
			}
		}, {
			"streams":	[{
					"socket":	5,
					"start":	6.000131,
					"end":	7.000087,
					"seconds":	0.99995601177215576,
					"bytes":	12500584,
					"bits_per_second":	100009071.2218114,
					"packets":	8633,
					"omitted":	false,
					"sender":	true
				}],
			"sum":	{
				"start":	6.000131,
				"end":	7.000087,
				"seconds":	0.99995601177215576,
				"bytes":	12500584,
				"bits_per_second":	100009071.2218114,
				"packets":	8633,
				"omitted":	false,
				"sender":	true
			}
		}, {
			"streams":	[{
					"socket":	5,
					"start":	7.000087,
					"end":	8.000144,
					"seconds":	1.0000569820404053,
					"bytes":	12499136,
					"bits_per_second":	99987390.5144737,
					"packets":	8632,
					"omitted":	false,
					"sender":	true
				}],
			"sum":	{
				"start":	7.000087,
				"end":	8.000144,
				"seconds":	1.0000569820404053,
				"bytes":	12499136,
				"bits_per_second":	99987390.5144737,
				"packets":	8632,
				"omitted":	false,
				"sender":	true
			}
		}, {
			"streams":	[{
					"socket":	5,
					"start":	8.000144,
					"end":	9.000115,
					"seconds":	0.99997097253799438,
					"bytes":	12500584,
					"bits_per_second":	100007574.9660826,
					"packets":	8633,
					"omitted":	false,
					"sender":	true
				}],
			"sum":	{
				"start":	8.000144,
				"end":	9.000115,
				"seconds":	0.99997097253799438,
				"bytes":	12500584,
				"bits_per_second":	100007574.9660826,
				"packets":	8633,
				"omitted":	false,
				"sender":	true
			}
		}, {
			"streams":	[{
					"socket":	5,
					"start":	9.000115,
					"end":	10.000132,
					"seconds":	1.0000170469284058,
					"bytes":	12500584,
					"bits_per_second":	100002967.25657681,
					"packets":	8633,
					"omitted":	false,
					"sender":	true
				}],
			"sum":	{
				"start":	9.000115,
				"end":	10.000132,
				"seconds":	1.0000170469284058,
				"bytes":	12500584,
				"bits_per_second":	100002967.25657681,
				"packets":	8633,
				"omitted":	false,
				"sender":	true
			}
		}, {
			"streams":	[{
					"socket":	5,
					"start":	10.000132,
					"end":	11.000146,
					"seconds":	1.0000139474868774,
					"bytes":	12499136,
					"bits_per_second":	99991693.3671689,
					"packets":	8632,
					"omitted":	false,
					"sender":	true
				}],
			"sum":	{
				"start":	10.000132,
				"end":	11.000146,
				"seconds":	1.0000139474868774,
				"bytes":	12499136,
				"bits_per_second":	99991693.3671689,
				"packets":	8632,
				"omitted":	false,
				"sender":	true
			}
		}, {
			"streams":	[{
					"socket":	5,
					"start":	11.000146,
					"end":	12.000118,
					"seconds":	0.99997198581695557,
					"bytes":	12500584,
					"bits_per_second":	100007473.627672,
					"packets":	8633,
					"omitted":	false,
					"sender":	true
				}],
			"sum":	{
				"start":	11.000146,
				"end":	12.000118,
				"seconds":	0.99997198581695557,
				"bytes":	12500584,
				"bits_per_second":	100007473.627672,
				"packets":	8633,
				"omitted":	false,
				"sender":	true
			}
		}, {
			"streams":	[{
					"socket":	5,
					"start":	12.000118,
					"end":	13.000154,
					"seconds":	1.0000360012054443,
					"bytes":	12499136,
					"bits_per_second":	99989488.257890955,
					"packets":	8632,
					"omitted":	false,
					"sender":	true
				}],
			"sum":	{
				"start":	12.000118,
				"end":	13.000154,
				"seconds":	1.0000360012054443,
				"bytes":	12499136,
				"bits_per_second":	99989488.257890955,
				"packets":	8632,
				"omitted":	false,
				"sender":	true
			}
		}, {
			"streams":	[{
					"socket":	5,
					"start":	13.000154,
					"end":	14.000147,
					"seconds":	0.99999302625656128,
					"bytes":	12500584,
					"bits_per_second":	100005369.41178878,
					"packets":	8633,
					"omitted":	false,
					"sender":	true
				}],
			"sum":	{
				"start":	13.000154,
				"end":	14.000147,
				"seconds":	0.99999302625656128,
				"bytes":	12500584,
				"bits_per_second":	100005369.41178878,
				"packets":	8633,
				"omitted":	false,
				"sender":	true
			}
		}, {
			"streams":	[{
					"socket":	5,
					"start":	14.000147,
					"end":	15.000098,
					"seconds":	0.99995100498199463,
					"bytes":	12499136,
					"bits_per_second":	99997987.403193325,
					"packets":	8632,
					"omitted":	false,