{
	"start":	{
		"connected":	[{
				"socket":	5,
				"local_host":	"172.20.171.186",
				"local_port":	35085,
				"remote_host":	"54.227.41.78",
				"remote_port":	5201
			}],
		"version":	"iperf 3.16",
		"system_info":	"Linux DESKTOP-OR35M89 6.18.33.1-microsoft-standard-WSL2 #1 SMP PREEMPT_DYNAMIC Fri Jun  5 01:12:21 UTC 2026 x86_64",
		"timestamp":	{
			"time":	"Thu, 25 Jun 2026 21:39:48 GMT",
			"timesecs":	1782423588
		},
		"connecting_to":	{
			"host":	"54.227.41.78",
			"port":	5201
		},
		"cookie":	"vprialfzau4ojy5puezrgkkgiewo2yj67qsw",
		"target_bitrate":	100000000,
		"fq_rate":	0,
		"sock_bufsize":	0,
		"sndbuf_actual":	212992,
		"rcvbuf_actual":	212992,
		"test_start":	{
			"protocol":	"UDP",
			"num_streams":	1,
			"blksize":	1448,
			"omit":	0,
			"duration":	30,
			"bytes":	0,
			"blocks":	0,
			"reverse":	0,
			"tos":	0,
			"target_bitrate":	100000000,
			"bidir":	0,
			"fqrate":	0
		}
	},
	"intervals":	[{
			"streams":	[{
					"socket":	5,
					"start":	0,
					"end":	1.000149,
					"seconds":	1.0001490116119385,
					"bytes":	12489000,
					"bits_per_second":	99897114.169989526,
					"packets":	8625,
					"omitted":	false,
					"sender":	true
				}],
			"sum":	{
				"start":	0,
				"end":	1.000149,
				"seconds":	1.0001490116119385,
				"bytes":	12489000,
				"bits_per_second":	99897114.169989526,
				"packets":	8625,
				"omitted":	false,
				"sender":	true
			}
		}, {
			"streams":	[{
					"socket":	5,
					"start":	1.000149,
					"end":	2.000121,
					"seconds":	0.99997198581695557,
					"bytes":	12500584,
					"bits_per_second":	100007473.627672,
					"packets":	8633,
					"omitted":	false,
					"sender":	true
				}],
			"sum":	{
				"start":	1.000149,
				"end":	2.000121,
				"seconds":	0.99997198581695557,
				"bytes":	12500584,
				"bits_per_second":	100007473.627672,
				"packets":	8633,
				"omitted":	false,
				"sender":	true
			}
		}, {
			"streams":	[{
					"socket":	5,
					"start":	2.000121,
					"end":	3.000146,
					"seconds":	1.0000250339508057,
					"bytes":	12500584,
					"bits_per_second":	100002168.55063204,
					"packets":	8633,
					"omitted":	false,
					"sender":	true
				}],
			"sum":	{
				"start":	2.000121,
				"end":	3.000146,
				"seconds":	1.0000250339508057,
				"bytes":	12500584,
				"bits_per_second":	100002168.55063204,
				"packets":	8633,
				"omitted":	false,
				"sender":	true
			}
		}, {
			"streams":	[{
					"socket":	5,
					"start":	3.000146,
					"end":	4.000238,
					"seconds":	1.0000920295715332,
					"bytes":	12502032,
					"bits_per_second":	100007052.3938179,
					"packets":	8634,
					"omitted":	false,
					"sender":	true
				}],
			"sum":	{
				"start":	3.000146,
				"end":	4.000238,
				"seconds":	1.0000920295715332,
				"bytes":	12502032,
				"bits_per_second":	100007052.3938179,
				"packets":	8634,
				"omitted":	false,
				"sender":	true
			}
		}, {
			"streams":	[{
					"socket":	5,
					"start":	4.000238,
					"end":	5.000145,
					"seconds":	0.99990701675415039,
					"bytes":	12497688,
					"bits_per_second":	99990801.4692757,
					"packets":	8631,
					"omitted":	false,
					"sender":	true
				}],
			"sum":	{
				"start":	4.000238,
				"end":	5.000145,
				"seconds":	0.99990701675415039,
				"bytes":	12497688,
				"bits_per_second":	99990801.4692757,
				"packets":	8631,
				"omitted":	false,
				"sender":	true
			}
		}, {
			"streams":	[{
					"socket":	5,
					"start":	5.000145,
					"end":	6.000103,
					"seconds":	0.99995797872543335,
					"bytes":	12500584,
					"bits_per_second":	100008874.50037448,
					"packets":	8633,
					"omitted":	false,
					"sender":	true
				}],
			"sum":	{
				"start":	5.000145,
				"end":	6.000103,
				"seconds":	0.99995797872543335,
				"bytes":	12500584,
				"bits_per_second":	100008874.50037448,
				"packets":	8633,
				"omitted":	false,
				"sender":	true
			}
		}, {
			"streams":	[{
					"socket":	5,
					"start":	6.000103,
					"end":	7.000164,
					"seconds":	1.00006103515625,
					"bytes":	12500584,
					"bits_per_second":	99998568.571742445,
					"packets":	8633,
					"omitted":	false,
					"sender":	true
				}],
			"sum":	{
				"start":	6.000103,
				"end":	7.000164,
				"seconds":	1.00006103515625,
				"bytes":	12500584,
				"bits_per_second":	99998568.571742445,
				"packets":	8633,
				"omitted":	false,
				"sender":	true
			}
		}, {
			"streams":	[{
					"socket":	5,
					"start":	7.000164,
					"end":	8.000193,
					"seconds":	1.0000289678573608,
					"bytes":	12500584,
					"bits_per_second":	100001775.16284125,
					"packets":	8633,
					"omitted":	false,
					"sender":	true
				}],
			"sum":	{
				"start":	7.000164,
				"end":	8.000193,
				"seconds":	1.0000289678573608,
				"bytes":	12500584,
				"bits_per_second":	100001775.16284125,
				"packets":	8633,
				"omitted":	false,
				"sender":	true
			}
		}, {
			"streams":	[{
					"socket":	5,
					"start":	8.000193,
					"end":	9.0001,
					"seconds":	0.99990701675415039,
					"bytes":	12499136,
					"bits_per_second":	100002386.5464938,
					"packets":	8632,
					"omitted":	false,
					"sender":	true
				}],
			"sum":	{
				"start":	8.000193,
				"end":	9.0001,
				"seconds":	0.99990701675415039,
				"bytes":	12499136,
				"bits_per_second":	100002386.5464938,
				"packets":	8632,
				"omitted":	false,
				"sender":	true
			}
		}, {
			"streams":	[{
					"socket":	5,
					"start":	9.0001,
					"end":	10.000151,
					"seconds":	1.0000510215759277,
					"bytes":	12499136,
					"bits_per_second":	99987986.4553572,
					"packets":	8632,
					"omitted":	false,
					"sender":	true
				}],
			"sum":	{
				"start":	9.0001,
				"end":	10.000151,
				"seconds":	1.0000510215759277,
				"bytes":	12499136,
				"bits_per_second":	99987986.4553572,
				"packets":	8632,
				"omitted":	false,
				"sender":	true
			}
		}, {
			"streams":	[{
					"socket":	5,
					"start":	10.000151,
					"end":	11.000151,
					"seconds":	1,
					"bytes":	12500584,
					"bits_per_second":	100004672,
					"packets":	8633,
					"omitted":	false,
					"sender":	true
				}],
			"sum":	{
				"start":	10.000151,
				"end":	11.000151,
				"seconds":	1,
				"bytes":	12500584,
				"bits_per_second":	100004672,
				"packets":	8633,
				"omitted":	false,
				"sender":	true
			}
		}, {
			"streams":	[{
					"socket":	5,
					"start":	11.000151,
					"end":	12.000189,
					"seconds":	1.0000380277633667,
					"bytes":	12500584,
					"bits_per_second":	100000869.19060996,
					"packets":	8633,
					"omitted":	false,
					"sender":	true
				}],
			"sum":	{
				"start":	11.000151,
				"end":	12.000189,
				"seconds":	1.0000380277633667,
				"bytes":	12500584,
				"bits_per_second":	100000869.19060996,
				"packets":	8633,
				"omitted":	false,
				"sender":	true
			}
		}, {
			"streams":	[{
					"socket":	5,
					"start":	12.000189,
					"end":	13.00013,
					"seconds":	0.99994099140167236,
					"bytes":	12499136,
					"bits_per_second":	99998988.8001633,
					"packets":	8632,
					"omitted":	false,
					"sender":	true
				}],
			"sum":	{
				"start":	12.000189,
				"end":	13.00013,
				"seconds":	0.99994099140167236,
				"bytes":	12499136,
				"bits_per_second":	99998988.8001633,
				"packets":	8632,
				"omitted":	false,
				"sender":	true
			}
		}, {
			"streams":	[{
					"socket":	5,
					"start":	13.00013,
					"end":	14.000189,
					"seconds":	1.0000590085983276,
					"bytes":	12500584,
					"bits_per_second":	99998771.212676257,
					"packets":	8633,
					"omitted":	false,
					"sender":	true
				}],
			"sum":	{
				"start":	13.00013,
				"end":	14.000189,
				"seconds":	1.0000590085983276,
				"bytes":	12500584,
				"bits_per_second":	99998771.212676257,
				"packets":	8633,
				"omitted":	false,
				"sender":	true
			}
		}, {
			"streams":	[{
					"socket":	5,
					"start":	14.000189,
					"end":	15.000144,
					"seconds":	0.99995499849319458,
					"bytes":	12500584,
					"bits_per_second":	100009172.56345972,
					"packets":	8633,
					"omitted":	false,
					"sender":	true
				}],