{
	"start":	{
		"connected":	[{
				"socket":	5,
				"local_host":	"172.20.171.186",
				"local_port":	48797,
				"remote_host":	"54.227.41.78",
				"remote_port":	5201
			}],
		"version":	"iperf 3.16",
		"system_info":	"Linux DESKTOP-OR35M89 6.18.33.1-microsoft-standard-WSL2 #1 SMP PREEMPT_DYNAMIC Fri Jun  5 01:12:21 UTC 2026 x86_64",
		"timestamp":	{
			"time":	"Fri, 26 Jun 2026 00:21:24 GMT",
			"timesecs":	1782433284
		},
		"connecting_to":	{
			"host":	"54.227.41.78",
			"port":	5201
		},
		"cookie":	"jzwituejhweccp6fbwrfq3kuqe4z2fnhbojo",
		"target_bitrate":	100000000,
		"fq_rate":	0,
		"sock_bufsize":	0,
		"sndbuf_actual":	212992,
		"rcvbuf_actual":	212992,
		"test_start":	{
			"protocol":	"UDP",
			"num_streams":	1,
			"blksize":	1448,
			"omit":	0,
			"duration":	30,
			"bytes":	0,
			"blocks":	0,
			"reverse":	0,
			"tos":	0,
			"target_bitrate":	100000000,
			"bidir":	0,
			"fqrate":	0
		}
	},
	"intervals":	[{
			"streams":	[{
					"socket":	5,
					"start":	0,
					"end":	1.000109,
					"seconds":	1.0001089572906494,
					"bytes":	12490448,
					"bits_per_second":	99912697.7831481,
					"packets":	8626,
					"omitted":	false,
					"sender":	true
				}],
			"sum":	{
				"start":	0,
				"end":	1.000109,
				"seconds":	1.0001089572906494,
				"bytes":	12490448,
				"bits_per_second":	99912697.7831481,
				"packets":	8626,
				"omitted":	false,
				"sender":	true
			}
		}, {
			"streams":	[{
					"socket":	5,
					"start":	1.000109,
					"end":	2.000102,
					"seconds":	0.99999302625656128,
					"bytes":	12499136,
					"bits_per_second":	99993785.331004366,
					"packets":	8632,
					"omitted":	false,
					"sender":	true
				}],
			"sum":	{
				"start":	1.000109,
				"end":	2.000102,
				"seconds":	0.99999302625656128,
				"bytes":	12499136,
				"bits_per_second":	99993785.331004366,
				"packets":	8632,
				"omitted":	false,
				"sender":	true
			}
		}, {
			"streams":	[{
					"socket":	5,
					"start":	2.000102,
					"end":	3.000118,
					"seconds":	1.0000159740448,
					"bytes":	12500584,
					"bits_per_second":	100003074.54640707,
					"packets":	8633,
					"omitted":	false,
					"sender":	true
				}],
			"sum":	{
				"start":	2.000102,
				"end":	3.000118,
				"seconds":	1.0000159740448,
				"bytes":	12500584,
				"bits_per_second":	100003074.54640707,
				"packets":	8633,
				"omitted":	false,
				"sender":	true
			}
		}, {
			"streams":	[{
					"socket":	5,
					"start":	3.000118,
					"end":	4.00014,
					"seconds":	1.0000220537185669,
					"bytes":	12500584,
					"bits_per_second":	100002466.57374619,
					"packets":	8633,
					"omitted":	false,
					"sender":	true
				}],
			"sum":	{
				"start":	3.000118,
				"end":	4.00014,
				"seconds":	1.0000220537185669,
				"bytes":	12500584,
				"bits_per_second":	100002466.57374619,
				"packets":	8633,
				"omitted":	false,
				"sender":	true
			}
		}, {
			"streams":	[{
					"socket":	5,
					"start":	4.00014,
					"end":	5.000132,
					"seconds":	0.9999920129776,
					"bytes":	12500584,
					"bits_per_second":	100005470.74593496,
					"packets":	8633,
					"omitted":	false,
					"sender":	true
				}],
			"sum":	{
				"start":	4.00014,
				"end":	5.000132,
				"seconds":	0.9999920129776,
				"bytes":	12500584,
				"bits_per_second":	100005470.74593496,
				"packets":	8633,
				"omitted":	false,
				"sender":	true
			}
		}, {
			"streams":	[{
					"socket":	5,
					"start":	5.000132,
					"end":	6.000151,
					"seconds":	1.0000189542770386,
					"bytes":	12499136,
					"bits_per_second":	99991192.7392314,
					"packets":	8632,
					"omitted":	false,
					"sender":	true
				}],
			"sum":	{
				"start":	5.000132,
				"end":	6.000151,
				"seconds":	1.0000189542770386,
				"bytes":	12499136,
				"bits_per_second":	99991192.7392314,
				"packets":	8632,
				"omitted":	false,
				"sender":	true
			}
		}, {
			"streams":	[{
					"socket":	5,
					"start":	6.000151,
					"end":	7.000104,
					"seconds":	0.99995297193527222,
					"bytes":	12499136,
					"bits_per_second":	99997790.7025738,
					"packets":	8632,
					"omitted":	false,
					"sender":	true
				}],
			"sum":	{
				"start":	6.000151,
				"end":	7.000104,
				"seconds":	0.99995297193527222,
				"bytes":	12499136,
				"bits_per_second":	99997790.7025738,
				"packets":	8632,
				"omitted":	false,
				"sender":	true
			}
		}, {
			"streams":	[{
					"socket":	5,
					"start":	7.000104,
					"end":	8.000091,
					"seconds":	0.999987006187439,
					"bytes":	12500584,
					"bits_per_second":	100005971.45884812,
					"packets":	8633,
					"omitted":	false,
					"sender":	true
				}],
			"sum":	{
				"start":	7.000104,
				"end":	8.000091,
				"seconds":	0.999987006187439,
				"bytes":	12500584,
				"bits_per_second":	100005971.45884812,
				"packets":	8633,
				"omitted":	false,
				"sender":	true
			}
		}, {
			"streams":	[{
					"socket":	5,
					"start":	8.000091,
					"end":	9.000136,
					"seconds":	1.0000449419021606,
					"bytes":	12500584,
					"bits_per_second":	100000177.80179319,
					"packets":	8633,
					"omitted":	false,
					"sender":	true
				}],
			"sum":	{
				"start":	8.000091,
				"end":	9.000136,
				"seconds":	1.0000449419021606,
				"bytes":	12500584,
				"bits_per_second":	100000177.80179319,
				"packets":	8633,
				"omitted":	false,
				"sender":	true
			}
		}, {
			"streams":	[{
					"socket":	5,
					"start":	9.000136,
					"end":	10.000243,
					"seconds":	1.0001070499420166,
					"bytes":	12499136,
					"bits_per_second":	99982384.8914947,
					"packets":	8632,
					"omitted":	false,
					"sender":	true
				}],
			"sum":	{
				"start":	9.000136,
				"end":	10.000243,
				"seconds":	1.0001070499420166,
				"bytes":	12499136,
				"bits_per_second":	99982384.8914947,
				"packets":	8632,
				"omitted":	false,
				"sender":	true
			}
		}, {
			"streams":	[{
					"socket":	5,
					"start":	10.000243,
					"end":	11.000093,
					"seconds":	0.99984997510910034,
					"bytes":	12499136,
					"bits_per_second":	100008091.70304683,
					"packets":	8632,
					"omitted":	false,
					"sender":	true
				}],
			"sum":	{
				"start":	10.000243,
				"end":	11.000093,
				"seconds":	0.99984997510910034,
				"bytes":	12499136,
				"bits_per_second":	100008091.70304683,
				"packets":	8632,
				"omitted":	false,
				"sender":	true
			}
		}, {
			"streams":	[{
					"socket":	5,
					"start":	11.000093,
					"end":	12.000143,
					"seconds":	1.0000499486923218,
					"bytes":	12500584,
					"bits_per_second":	99999677.1468939,
					"packets":	8633,
					"omitted":	false,
					"sender":	true
				}],
			"sum":	{
				"start":	11.000093,
				"end":	12.000143,
				"seconds":	1.0000499486923218,
				"bytes":	12500584,
				"bits_per_second":	99999677.1468939,
				"packets":	8633,
				"omitted":	false,
				"sender":	true
			}
		}, {
			"streams":	[{
					"socket":	5,
					"start":	12.000143,
					"end":	13.000219,
					"seconds":	1.0000760555267334,
					"bytes":	12500584,
					"bits_per_second":	99997066.6704226,
					"packets":	8633,
					"omitted":	false,
					"sender":	true
				}],
			"sum":	{
				"start":	12.000143,
				"end":	13.000219,
				"seconds":	1.0000760555267334,
				"bytes":	12500584,
				"bits_per_second":	99997066.6704226,
				"packets":	8633,
				"omitted":	false,
				"sender":	true
			}
		}, {
			"streams":	[{
					"socket":	5,
					"start":	13.000219,
					"end":	14.000305,
					"seconds":	1.0000859498977661,
					"bytes":	12500584,
					"bits_per_second":	99996077.347374976,
					"packets":	8633,
					"omitted":	false,
					"sender":	true
				}],
			"sum":	{
				"start":	13.000219,
				"end":	14.000305,
				"seconds":	1.0000859498977661,
				"bytes":	12500584,
				"bits_per_second":	99996077.347374976,
				"packets":	8633,
				"omitted":	false,
				"sender":	true
			}
		}, {
			"streams":	[{
					"socket":	5,
					"start":	14.000305,
					"end":	15.000134,
					"seconds":	0.9998289942741394,
					"bytes":	12499136,
					"bits_per_second":	100010190.3151883,
					"packets":	8632,
					"omitted":	false,