{
	"start":	{
		"connected":	[{
				"socket":	5,
				"local_host":	"172.20.171.186",
				"local_port":	34888,
				"remote_host":	"54.227.41.78",
				"remote_port":	5201
			}],
		"version":	"iperf 3.16",
		"system_info":	"Linux DESKTOP-OR35M89 6.18.33.1-microsoft-standard-WSL2 #1 SMP PREEMPT_DYNAMIC Fri Jun  5 01:12:21 UTC 2026 x86_64",
		"timestamp":	{
			"time":	"Thu, 25 Jun 2026 22:14:38 GMT",
			"timesecs":	1782425678
		},
		"connecting_to":	{
			"host":	"54.227.41.78",
			"port":	5201
		},
		"cookie":	"osreddmktsw3d3cdavxi27s4m7i4m3dzthsw",
		"target_bitrate":	100000000,
		"fq_rate":	0,
		"sock_bufsize":	0,
		"sndbuf_actual":	212992,
		"rcvbuf_actual":	212992,
		"test_start":	{
			"protocol":	"UDP",
			"num_streams":	1,
			"blksize":	1448,
			"omit":	0,
			"duration":	30,
			"bytes":	0,
			"blocks":	0,
			"reverse":	0,
			"tos":	0,
			"target_bitrate":	100000000,
			"bidir":	0,
			"fqrate":	0
		}
	},
	"intervals":	[{
			"streams":	[{
					"socket":	5,
					"start":	0,
					"end":	1.000149,
					"seconds":	1.0001490116119385,
					"bytes":	12490448,
					"bits_per_second":	99908696.4440962,
					"packets":	8626,
					"omitted":	false,
					"sender":	true
				}],
			"sum":	{
				"start":	0,
				"end":	1.000149,
				"seconds":	1.0001490116119385,
				"bytes":	12490448,
				"bits_per_second":	99908696.4440962,
				"packets":	8626,
				"omitted":	false,
				"sender":	true
			}
		}, {
			"streams":	[{
					"socket":	5,
					"start":	1.000149,
					"end":	2.000113,
					"seconds":	0.99996399879455566,
					"bytes":	12499136,
					"bits_per_second":	99996688.0013085,
					"packets":	8632,
					"omitted":	false,
					"sender":	true
				}],
			"sum":	{
				"start":	1.000149,
				"end":	2.000113,
				"seconds":	0.99996399879455566,
				"bytes":	12499136,
				"bits_per_second":	99996688.0013085,
				"packets":	8632,
				"omitted":	false,
				"sender":	true
			}
		}, {
			"streams":	[{
					"socket":	5,
					"start":	2.000113,
					"end":	3.000093,
					"seconds":	0.99997997283935547,
					"bytes":	12500584,
					"bits_per_second":	100006674.84974274,
					"packets":	8633,
					"omitted":	false,
					"sender":	true
				}],
			"sum":	{
				"start":	2.000113,
				"end":	3.000093,
				"seconds":	0.99997997283935547,
				"bytes":	12500584,
				"bits_per_second":	100006674.84974274,
				"packets":	8633,
				"omitted":	false,
				"sender":	true
			}
		}, {
			"streams":	[{
					"socket":	5,
					"start":	3.000093,
					"end":	4.000099,
					"seconds":	1.0000059604644775,
					"bytes":	12500584,
					"bits_per_second":	100004075.92925781,
					"packets":	8633,
					"omitted":	false,
					"sender":	true
				}],
			"sum":	{
				"start":	3.000093,
				"end":	4.000099,
				"seconds":	1.0000059604644775,
				"bytes":	12500584,
				"bits_per_second":	100004075.92925781,
				"packets":	8633,
				"omitted":	false,
				"sender":	true
			}
		}, {
			"streams":	[{
					"socket":	5,
					"start":	4.000099,
					"end":	5.000146,
					"seconds":	1.000046968460083,
					"bytes":	12499136,
					"bits_per_second":	99988391.6992157,
					"packets":	8632,
					"omitted":	false,
					"sender":	true
				}],
			"sum":	{
				"start":	4.000099,
				"end":	5.000146,
				"seconds":	1.000046968460083,
				"bytes":	12499136,
				"bits_per_second":	99988391.6992157,
				"packets":	8632,
				"omitted":	false,
				"sender":	true
			}
		}, {
			"streams":	[{
					"socket":	5,
					"start":	5.000146,
					"end":	6.000096,
					"seconds":	0.99994999170303345,
					"bytes":	12500584,
					"bits_per_second":	100009673.31344259,
					"packets":	8633,
					"omitted":	false,
					"sender":	true
				}],
			"sum":	{
				"start":	5.000146,
				"end":	6.000096,
				"seconds":	0.99994999170303345,
				"bytes":	12500584,
				"bits_per_second":	100009673.31344259,
				"packets":	8633,
				"omitted":	false,
				"sender":	true
			}
		}, {
			"streams":	[{
					"socket":	5,
					"start":	6.000096,
					"end":	7.00013,
					"seconds":	1.000033974647522,
					"bytes":	12499136,
					"bits_per_second":	99989690.885496333,
					"packets":	8632,
					"omitted":	false,
					"sender":	true
				}],
			"sum":	{
				"start":	6.000096,
				"end":	7.00013,
				"seconds":	1.000033974647522,
				"bytes":	12499136,
				"bits_per_second":	99989690.885496333,
				"packets":	8632,
				"omitted":	false,
				"sender":	true
			}
		}, {
			"streams":	[{
					"socket":	5,
					"start":	7.00013,
					"end":	8.000146,
					"seconds":	1.0000159740448,
					"bytes":	12500584,
					"bits_per_second":	100003074.54640707,
					"packets":	8633,
					"omitted":	false,
					"sender":	true
				}],
			"sum":	{
				"start":	7.00013,
				"end":	8.000146,
				"seconds":	1.0000159740448,
				"bytes":	12500584,
				"bits_per_second":	100003074.54640707,
				"packets":	8633,
				"omitted":	false,
				"sender":	true
			}
		}, {
			"streams":	[{
					"socket":	5,
					"start":	8.000146,
					"end":	9.000091,
					"seconds":	0.99994498491287231,
					"bytes":	12500584,
					"bits_per_second":	100010174.06844003,
					"packets":	8633,
					"omitted":	false,
					"sender":	true
				}],
			"sum":	{
				"start":	8.000146,
				"end":	9.000091,
				"seconds":	0.99994498491287231,
				"bytes":	12500584,
				"bits_per_second":	100010174.06844003,
				"packets":	8633,
				"omitted":	false,
				"sender":	true
			}
		}, {
			"streams":	[{
					"socket":	5,
					"start":	9.000091,
					"end":	10.000147,
					"seconds":	1.0000560283660889,
					"bytes":	12499136,
					"bits_per_second":	99987485.864537671,
					"packets":	8632,
					"omitted":	false,
					"sender":	true
				}],
			"sum":	{
				"start":	9.000091,
				"end":	10.000147,
				"seconds":	1.0000560283660889,
				"bytes":	12499136,
				"bits_per_second":	99987485.864537671,
				"packets":	8632,
				"omitted":	false,
				"sender":	true
			}
		}, {
			"streams":	[{
					"socket":	5,
					"start":	10.000147,
					"end":	11.00015,
					"seconds":	1.0000029802322388,
					"bytes":	12500584,
					"bits_per_second":	100004373.96374069,
					"packets":	8633,
					"omitted":	false,
					"sender":	true
				}],
			"sum":	{
				"start":	10.000147,
				"end":	11.00015,
				"seconds":	1.0000029802322388,
				"bytes":	12500584,
				"bits_per_second":	100004373.96374069,
				"packets":	8633,
				"omitted":	false,
				"sender":	true
			}
		}, {
			"streams":	[{
					"socket":	5,
					"start":	11.00015,
					"end":	12.000148,
					"seconds":	0.99999797344207764,
					"bytes":	12500584,
					"bits_per_second":	100004874.66567104,
					"packets":	8633,
					"omitted":	false,
					"sender":	true
				}],
			"sum":	{
				"start":	11.00015,
				"end":	12.000148,
				"seconds":	0.99999797344207764,
				"bytes":	12500584,
				"bits_per_second":	100004874.66567104,
				"packets":	8633,
				"omitted":	false,
				"sender":	true
			}
		}, {
			"streams":	[{
					"socket":	5,
					"start":	12.000148,
					"end":	13.000101,
					"seconds":	0.99995297193527222,
					"bytes":	12499136,
					"bits_per_second":	99997790.7025738,
					"packets":	8632,
					"omitted":	false,
					"sender":	true
				}],
			"sum":	{
				"start":	12.000148,
				"end":	13.000101,
				"seconds":	0.99995297193527222,
				"bytes":	12499136,
				"bits_per_second":	99997790.7025738,
				"packets":	8632,
				"omitted":	false,
				"sender":	true
			}
		}, {
			"streams":	[{
					"socket":	5,
					"start":	13.000101,
					"end":	14.000178,
					"seconds":	1.00007700920105,
					"bytes":	12500584,
					"bits_per_second":	99996971.3131318,
					"packets":	8633,
					"omitted":	false,
					"sender":	true
				}],
			"sum":	{
				"start":	13.000101,
				"end":	14.000178,
				"seconds":	1.00007700920105,
				"bytes":	12500584,
				"bits_per_second":	99996971.3131318,
				"packets":	8633,
				"omitted":	false,
				"sender":	true
			}
		}, {
			"streams":	[{
					"socket":	5,
					"start":	14.000178,
					"end":	15.00009,
					"seconds":	0.99991202354431152,
					"bytes":	12499136,
					"bits_per_second":	100001885.81147586,
					"packets":	8632,
					"omitted":	false,