{
	"start":	{
		"connected":	[{
				"socket":	5,
				"local_host":	"172.20.171.186",
				"local_port":	39236,
				"remote_host":	"54.227.41.78",
				"remote_port":	5201
			}],
		"version":	"iperf 3.16",
		"system_info":	"Linux DESKTOP-OR35M89 6.18.33.1-microsoft-standard-WSL2 #1 SMP PREEMPT_DYNAMIC Fri Jun  5 01:12:21 UTC 2026 x86_64",
		"timestamp":	{
			"time":	"Thu, 25 Jun 2026 22:10:49 GMT",
			"timesecs":	1782425449
		},
		"connecting_to":	{
			"host":	"54.227.41.78",
			"port":	5201
		},
		"cookie":	"onfkzgxnvpysj644uehkbbuqjemlrfu47hed",
		"target_bitrate":	100000000,
		"fq_rate":	0,
		"sock_bufsize":	0,
		"sndbuf_actual":	212992,
		"rcvbuf_actual":	212992,
		"test_start":	{
			"protocol":	"UDP",
			"num_streams":	1,
			"blksize":	1448,
			"omit":	0,
			"duration":	30,
			"bytes":	0,
			"blocks":	0,
			"reverse":	0,
			"tos":	0,
			"target_bitrate":	100000000,
			"bidir":	0,
			"fqrate":	0
		}
	},
	"intervals":	[{
			"streams":	[{
					"socket":	5,
					"start":	0,
					"end":	1.000144,
					"seconds":	1.0001440048217773,
					"bytes":	12490448,
					"bits_per_second":	99909196.59395057,
					"packets":	8626,
					"omitted":	false,
					"sender":	true
				}],
			"sum":	{
				"start":	0,
				"end":	1.000144,
				"seconds":	1.0001440048217773,
				"bytes":	12490448,
				"bits_per_second":	99909196.59395057,
				"packets":	8626,
				"omitted":	false,
				"sender":	true
			}
		}, {
			"streams":	[{
					"socket":	5,
					"start":	1.000144,
					"end":	2.000112,
					"seconds":	0.99996799230575562,
					"bytes":	12499136,
					"bits_per_second":	99996288.6506327,
					"packets":	8632,
					"omitted":	false,
					"sender":	true
				}],
			"sum":	{
				"start":	1.000144,
				"end":	2.000112,
				"seconds":	0.99996799230575562,
				"bytes":	12499136,
				"bits_per_second":	99996288.6506327,
				"packets":	8632,
				"omitted":	false,
				"sender":	true
			}
		}, {
			"streams":	[{
					"socket":	5,
					"start":	2.000112,
					"end":	3.000143,
					"seconds":	1.0000309944152832,
					"bytes":	12500584,
					"bits_per_second":	100001572.50973266,
					"packets":	8633,
					"omitted":	false,
					"sender":	true
				}],
			"sum":	{
				"start":	2.000112,
				"end":	3.000143,
				"seconds":	1.0000309944152832,
				"bytes":	12500584,
				"bits_per_second":	100001572.50973266,
				"packets":	8633,
				"omitted":	false,
				"sender":	true
			}
		}, {
			"streams":	[{
					"socket":	5,
					"start":	3.000143,
					"end":	4.000246,
					"seconds":	1.0001029968261719,
					"bytes":	12500584,
					"bits_per_second":	99994372.896956563,
					"packets":	8633,
					"omitted":	false,
					"sender":	true
				}],
			"sum":	{
				"start":	3.000143,
				"end":	4.000246,
				"seconds":	1.0001029968261719,
				"bytes":	12500584,
				"bits_per_second":	99994372.896956563,
				"packets":	8633,
				"omitted":	false,
				"sender":	true
			}
		}, {
			"streams":	[{
					"socket":	5,
					"start":	4.000246,
					"end":	5.00008,
					"seconds":	0.99983400106430054,
					"bytes":	12499136,
					"bits_per_second":	100009689.50201696,
					"packets":	8632,
					"omitted":	false,
					"sender":	true
				}],
			"sum":	{
				"start":	4.000246,
				"end":	5.00008,
				"seconds":	0.99983400106430054,
				"bytes":	12499136,
				"bits_per_second":	100009689.50201696,
				"packets":	8632,
				"omitted":	false,
				"sender":	true
			}
		}, {
			"streams":	[{
					"socket":	5,
					"start":	5.00008,
					"end":	6.000096,
					"seconds":	1.0000159740448,
					"bytes":	12500584,
					"bits_per_second":	100003074.54640707,
					"packets":	8633,
					"omitted":	false,
					"sender":	true
				}],
			"sum":	{
				"start":	5.00008,
				"end":	6.000096,
				"seconds":	1.0000159740448,
				"bytes":	12500584,
				"bits_per_second":	100003074.54640707,
				"packets":	8633,
				"omitted":	false,
				"sender":	true
			}
		}, {
			"streams":	[{
					"socket":	5,
					"start":	6.000096,
					"end":	7.000114,
					"seconds":	1.0000180006027222,
					"bytes":	12499136,
					"bits_per_second":	99991288.0965473,
					"packets":	8632,
					"omitted":	false,
					"sender":	true
				}],
			"sum":	{
				"start":	6.000096,
				"end":	7.000114,
				"seconds":	1.0000180006027222,
				"bytes":	12499136,
				"bits_per_second":	99991288.0965473,
				"packets":	8632,
				"omitted":	false,
				"sender":	true
			}
		}, {
			"streams":	[{
					"socket":	5,
					"start":	7.000114,
					"end":	8.000149,
					"seconds":	1.0000350475311279,
					"bytes":	12500584,
					"bits_per_second":	100001167.20597953,
					"packets":	8633,
					"omitted":	false,
					"sender":	true
				}],
			"sum":	{
				"start":	7.000114,
				"end":	8.000149,
				"seconds":	1.0000350475311279,
				"bytes":	12500584,
				"bits_per_second":	100001167.20597953,
				"packets":	8633,
				"omitted":	false,
				"sender":	true
			}
		}, {
			"streams":	[{
					"socket":	5,
					"start":	8.000149,
					"end":	9.000139,
					"seconds":	0.99998998641967773,
					"bytes":	12500584,
					"bits_per_second":	100005673.41484343,
					"packets":	8633,
					"omitted":	false,
					"sender":	true
				}],
			"sum":	{
				"start":	8.000149,
				"end":	9.000139,
				"seconds":	0.99998998641967773,
				"bytes":	12500584,
				"bits_per_second":	100005673.41484343,
				"packets":	8633,
				"omitted":	false,
				"sender":	true
			}
		}, {
			"streams":	[{
					"socket":	5,
					"start":	9.000139,
					"end":	10.000116,
					"seconds":	0.9999769926071167,
					"bytes":	12499136,
					"bits_per_second":	99995388.6331928,
					"packets":	8632,
					"omitted":	false,
					"sender":	true
				}],
			"sum":	{
				"start":	9.000139,
				"end":	10.000116,
				"seconds":	0.9999769926071167,
				"bytes":	12499136,
				"bits_per_second":	99995388.6331928,
				"packets":	8632,
				"omitted":	false,
				"sender":	true
			}
		}, {
			"streams":	[{
					"socket":	5,
					"start":	10.000116,
					"end":	11.000189,
					"seconds":	1.0000729560852051,
					"bytes":	12502032,
					"bits_per_second":	100008959.7378121,
					"packets":	8634,
					"omitted":	false,
					"sender":	true
				}],
			"sum":	{
				"start":	10.000116,
				"end":	11.000189,
				"seconds":	1.0000729560852051,
				"bytes":	12502032,
				"bits_per_second":	100008959.7378121,
				"packets":	8634,
				"omitted":	false,
				"sender":	true
			}
		}, {
			"streams":	[{
					"socket":	5,
					"start":	11.000189,
					"end":	12.000237,
					"seconds":	1.000048041343689,
					"bytes":	12499136,
					"bits_per_second":	99988284.4284629,
					"packets":	8632,
					"omitted":	false,
					"sender":	true
				}],
			"sum":	{
				"start":	11.000189,
				"end":	12.000237,
				"seconds":	1.000048041343689,
				"bytes":	12499136,
				"bits_per_second":	99988284.4284629,
				"packets":	8632,
				"omitted":	false,
				"sender":	true
			}
		}, {
			"streams":	[{
					"socket":	5,
					"start":	12.000237,
					"end":	13.000083,
					"seconds":	0.99984598159790039,
					"bytes":	12499136,
					"bits_per_second":	100008491.148003,
					"packets":	8632,
					"omitted":	false,
					"sender":	true
				}],
			"sum":	{
				"start":	12.000237,
				"end":	13.000083,
				"seconds":	0.99984598159790039,
				"bytes":	12499136,
				"bits_per_second":	100008491.148003,
				"packets":	8632,
				"omitted":	false,
				"sender":	true
			}
		}, {
			"streams":	[{
					"socket":	5,
					"start":	13.000083,
					"end":	14.000133,
					"seconds":	1.0000499486923218,
					"bytes":	12500584,
					"bits_per_second":	99999677.1468939,
					"packets":	8633,
					"omitted":	false,
					"sender":	true
				}],
			"sum":	{
				"start":	13.000083,
				"end":	14.000133,
				"seconds":	1.0000499486923218,
				"bytes":	12500584,
				"bits_per_second":	99999677.1468939,
				"packets":	8633,
				"omitted":	false,
				"sender":	true
			}
		}, {
			"streams":	[{
					"socket":	5,
					"start":	14.000133,
					"end":	15.000138,
					"seconds":	1.0000050067901611,
					"bytes":	12499136,
					"bits_per_second":	99992587.358097434,
					"packets":	8632,
					"omitted":	false,