{
	"start":	{
		"connected":	[{
				"socket":	5,
				"local_host":	"172.20.171.186",
				"local_port":	38002,
				"remote_host":	"54.227.41.78",
				"remote_port":	5201
			}],
		"version":	"iperf 3.16",
		"system_info":	"Linux DESKTOP-OR35M89 6.18.33.1-microsoft-standard-WSL2 #1 SMP PREEMPT_DYNAMIC Fri Jun  5 01:12:21 UTC 2026 x86_64",
		"timestamp":	{
			"time":	"Thu, 25 Jun 2026 21:36:00 GMT",
			"timesecs":	1782423360
		},
		"connecting_to":	{
			"host":	"54.227.41.78",
			"port":	5201
		},
		"cookie":	"su7chdmhyi5k7rfl743qxz4b7o6ezx2cjstk",
		"target_bitrate":	100000000,
		"fq_rate":	0,
		"sock_bufsize":	0,
		"sndbuf_actual":	212992,
		"rcvbuf_actual":	212992,
		"test_start":	{
			"protocol":	"UDP",
			"num_streams":	1,
			"blksize":	1448,
			"omit":	0,
			"duration":	30,
			"bytes":	0,
			"blocks":	0,
			"reverse":	0,
			"tos":	0,
			"target_bitrate":	100000000,
			"bidir":	0,
			"fqrate":	0
		}
	},
	"intervals":	[{
			"streams":	[{
					"socket":	5,
					"start":	0,
					"end":	1.000094,
					"seconds":	1.0000940561294556,
					"bytes":	12490448,
					"bits_per_second":	99914186.458344027,
					"packets":	8626,
					"omitted":	false,
					"sender":	true
				}],
			"sum":	{
				"start":	0,
				"end":	1.000094,
				"seconds":	1.0000940561294556,
				"bytes":	12490448,
				"bits_per_second":	99914186.458344027,
				"packets":	8626,
				"omitted":	false,
				"sender":	true
			}
		}, {
			"streams":	[{
					"socket":	5,
					"start":	1.000094,
					"end":	2.000143,
					"seconds":	1.0000489950180054,
					"bytes":	12499136,
					"bits_per_second":	99988189.076875851,
					"packets":	8632,
					"omitted":	false,
					"sender":	true
				}],
			"sum":	{
				"start":	1.000094,
				"end":	2.000143,
				"seconds":	1.0000489950180054,
				"bytes":	12499136,
				"bits_per_second":	99988189.076875851,
				"packets":	8632,
				"omitted":	false,
				"sender":	true
			}
		}, {
			"streams":	[{
					"socket":	5,
					"start":	2.000143,
					"end":	3.000209,
					"seconds":	1.0000660419464111,
					"bytes":	12500584,
					"bits_per_second":	99998067.932956353,
					"packets":	8633,
					"omitted":	false,
					"sender":	true
				}],
			"sum":	{
				"start":	2.000143,
				"end":	3.000209,
				"seconds":	1.0000660419464111,
				"bytes":	12500584,
				"bits_per_second":	99998067.932956353,
				"packets":	8633,
				"omitted":	false,
				"sender":	true
			}
		}, {
			"streams":	[{
					"socket":	5,
					"start":	3.000209,
					"end":	4.000144,
					"seconds":	0.99993497133255,
					"bytes":	12499136,
					"bits_per_second":	99999590.840137869,
					"packets":	8632,
					"omitted":	false,
					"sender":	true
				}],
			"sum":	{
				"start":	3.000209,
				"end":	4.000144,
				"seconds":	0.99993497133255,
				"bytes":	12499136,
				"bits_per_second":	99999590.840137869,
				"packets":	8632,
				"omitted":	false,
				"sender":	true
			}
		}, {
			"streams":	[{
					"socket":	5,
					"start":	4.000144,
					"end":	5.000143,
					"seconds":	0.99999898672103882,
					"bytes":	12499136,
					"bits_per_second":	99993189.320995,
					"packets":	8632,
					"omitted":	false,
					"sender":	true
				}],
			"sum":	{
				"start":	4.000144,
				"end":	5.000143,
				"seconds":	0.99999898672103882,
				"bytes":	12499136,
				"bits_per_second":	99993189.320995,
				"packets":	8632,
				"omitted":	false,
				"sender":	true
			}
		}, {
			"streams":	[{
					"socket":	5,
					"start":	5.000143,
					"end":	6.000093,
					"seconds":	0.99994999170303345,
					"bytes":	12500584,
					"bits_per_second":	100009673.31344259,
					"packets":	8633,
					"omitted":	false,
					"sender":	true
				}],
			"sum":	{
				"start":	5.000143,
				"end":	6.000093,
				"seconds":	0.99994999170303345,
				"bytes":	12500584,
				"bits_per_second":	100009673.31344259,
				"packets":	8633,
				"omitted":	false,
				"sender":	true
			}
		}, {
			"streams":	[{
					"socket":	5,
					"start":	6.000093,
					"end":	7.000128,
					"seconds":	1.0000350475311279,
					"bytes":	12500584,
					"bits_per_second":	100001167.20597953,
					"packets":	8633,
					"omitted":	false,
					"sender":	true
				}],
			"sum":	{
				"start":	6.000093,
				"end":	7.000128,
				"seconds":	1.0000350475311279,
				"bytes":	12500584,
				"bits_per_second":	100001167.20597953,
				"packets":	8633,
				"omitted":	false,
				"sender":	true
			}
		}, {
			"streams":	[{
					"socket":	5,
					"start":	7.000128,
					"end":	8.000129,
					"seconds":	1.0000009536743164,
					"bytes":	12500584,
					"bits_per_second":	100004576.62820375,
					"packets":	8633,
					"omitted":	false,
					"sender":	true
				}],
			"sum":	{
				"start":	7.000128,
				"end":	8.000129,
				"seconds":	1.0000009536743164,
				"bytes":	12500584,
				"bits_per_second":	100004576.62820375,
				"packets":	8633,
				"omitted":	false,
				"sender":	true
			}
		}, {
			"streams":	[{
					"socket":	5,
					"start":	8.000129,
					"end":	9.000144,
					"seconds":	1.0000150203704834,
					"bytes":	12499136,
					"bits_per_second":	99991586.0893317,
					"packets":	8632,
					"omitted":	false,
					"sender":	true
				}],
			"sum":	{
				"start":	8.000129,
				"end":	9.000144,
				"seconds":	1.0000150203704834,
				"bytes":	12499136,
				"bits_per_second":	99991586.0893317,
				"packets":	8632,
				"omitted":	false,
				"sender":	true
			}
		}, {
			"streams":	[{
					"socket":	5,
					"start":	9.000144,
					"end":	10.000143,
					"seconds":	0.99999898672103882,
					"bytes":	12499136,
					"bits_per_second":	99993189.320995,
					"packets":	8632,
					"omitted":	false,
					"sender":	true
				}],
			"sum":	{
				"start":	9.000144,
				"end":	10.000143,
				"seconds":	0.99999898672103882,
				"bytes":	12499136,
				"bits_per_second":	99993189.320995,
				"packets":	8632,
				"omitted":	false,
				"sender":	true
			}
		}, {
			"streams":	[{
					"socket":	5,
					"start":	10.000143,
					"end":	11.000095,
					"seconds":	0.99995201826095581,
					"bytes":	12502032,
					"bits_per_second":	100021055.18416877,
					"packets":	8634,
					"omitted":	false,
					"sender":	true
				}],
			"sum":	{
				"start":	10.000143,
				"end":	11.000095,
				"seconds":	0.99995201826095581,
				"bytes":	12502032,
				"bits_per_second":	100021055.18416877,
				"packets":	8634,
				"omitted":	false,
				"sender":	true
			}
		}, {
			"streams":	[{
					"socket":	5,
					"start":	11.000095,
					"end":	12.000191,
					"seconds":	1.0000959634780884,
					"bytes":	12500584,
					"bits_per_second":	99995076.124703363,
					"packets":	8633,
					"omitted":	false,
					"sender":	true
				}],
			"sum":	{
				"start":	11.000095,
				"end":	12.000191,
				"seconds":	1.0000959634780884,
				"bytes":	12500584,
				"bits_per_second":	99995076.124703363,
				"packets":	8633,
				"omitted":	false,
				"sender":	true
			}
		}, {
			"streams":	[{
					"socket":	5,
					"start":	12.000191,
					"end":	13.000146,
					"seconds":	0.99995499849319458,
					"bytes":	12499136,
					"bits_per_second":	99997588.0421388,
					"packets":	8632,
					"omitted":	false,
					"sender":	true
				}],
			"sum":	{
				"start":	12.000191,
				"end":	13.000146,
				"seconds":	0.99995499849319458,
				"bytes":	12499136,
				"bits_per_second":	99997588.0421388,
				"packets":	8632,
				"omitted":	false,
				"sender":	true
			}
		}, {
			"streams":	[{
					"socket":	5,
					"start":	13.000146,
					"end":	14.000091,
					"seconds":	0.99994498491287231,
					"bytes":	12499136,
					"bits_per_second":	99998589.4311102,
					"packets":	8632,
					"omitted":	false,
					"sender":	true
				}],
			"sum":	{
				"start":	13.000146,
				"end":	14.000091,
				"seconds":	0.99994498491287231,
				"bytes":	12499136,
				"bits_per_second":	99998589.4311102,
				"packets":	8632,
				"omitted":	false,
				"sender":	true
			}
		}, {
			"streams":	[{
					"socket":	5,
					"start":	14.000091,
					"end":	15.000147,
					"seconds":	1.0000560283660889,
					"bytes":	12500584,
					"bits_per_second":	99999069.215541452,
					"packets":	8633,
					"omitted":	false,