{
	"start":	{
		"connected":	[{
				"socket":	5,
				"local_host":	"172.20.171.186",
				"local_port":	59732,
				"remote_host":	"54.227.41.78",
				"remote_port":	5201
			}],
		"version":	"iperf 3.16",
		"system_info":	"Linux DESKTOP-OR35M89 6.18.33.1-microsoft-standard-WSL2 #1 SMP PREEMPT_DYNAMIC Fri Jun  5 01:12:21 UTC 2026 x86_64",
		"timestamp":	{
			"time":	"Thu, 25 Jun 2026 21:40:21 GMT",
			"timesecs":	1782423621
		},
		"connecting_to":	{
			"host":	"54.227.41.78",
			"port":	5201
		},
		"cookie":	"z2udkw224pjbxzadlipjyw6ornmb5wjpgpnv",
		"target_bitrate":	100000000,
		"fq_rate":	0,
		"sock_bufsize":	0,
		"sndbuf_actual":	212992,
		"rcvbuf_actual":	212992,
		"test_start":	{
			"protocol":	"UDP",
			"num_streams":	1,
			"blksize":	1448,
			"omit":	0,
			"duration":	30,
			"bytes":	0,
			"blocks":	0,
			"reverse":	0,
			"tos":	0,
			"target_bitrate":	100000000,
			"bidir":	0,
			"fqrate":	0
		}
	},
	"intervals":	[{
			"streams":	[{
					"socket":	5,
					"start":	0,
					"end":	1.000111,
					"seconds":	1.0001109838485718,
					"bytes":	12490448,
					"bits_per_second":	99912495.3267482,
					"packets":	8626,
					"omitted":	false,
					"sender":	true
				}],
			"sum":	{
				"start":	0,
				"end":	1.000111,
				"seconds":	1.0001109838485718,
				"bytes":	12490448,
				"bits_per_second":	99912495.3267482,
				"packets":	8626,
				"omitted":	false,
				"sender":	true
			}
		}, {
			"streams":	[{
					"socket":	5,
					"start":	1.000111,
					"end":	2.000131,
					"seconds":	1.0000200271606445,
					"bytes":	12500584,
					"bits_per_second":	100002669.23047844,
					"packets":	8633,
					"omitted":	false,
					"sender":	true
				}],
			"sum":	{
				"start":	1.000111,
				"end":	2.000131,
				"seconds":	1.0000200271606445,
				"bytes":	12500584,
				"bits_per_second":	100002669.23047844,
				"packets":	8633,
				"omitted":	false,
				"sender":	true
			}
		}, {
			"streams":	[{
					"socket":	5,
					"start":	2.000131,
					"end":	3.000098,
					"seconds":	0.99996697902679443,
					"bytes":	12499136,
					"bits_per_second":	99996389.978114128,
					"packets":	8632,
					"omitted":	false,
					"sender":	true
				}],
			"sum":	{
				"start":	2.000131,
				"end":	3.000098,
				"seconds":	0.99996697902679443,
				"bytes":	12499136,
				"bits_per_second":	99996389.978114128,
				"packets":	8632,
				"omitted":	false,
				"sender":	true
			}
		}, {
			"streams":	[{
					"socket":	5,
					"start":	3.000098,
					"end":	4.000203,
					"seconds":	1.0001050233840942,
					"bytes":	12502032,
					"bits_per_second":	100005753.05738503,
					"packets":	8634,
					"omitted":	false,
					"sender":	true
				}],
			"sum":	{
				"start":	3.000098,
				"end":	4.000203,
				"seconds":	1.0001050233840942,
				"bytes":	12502032,
				"bits_per_second":	100005753.05738503,
				"packets":	8634,
				"omitted":	false,
				"sender":	true
			}
		}, {
			"streams":	[{
					"socket":	5,
					"start":	4.000203,
					"end":	5.000109,
					"seconds":	0.99990600347518921,
					"bytes":	12497688,
					"bits_per_second":	99990902.797375649,
					"packets":	8631,
					"omitted":	false,
					"sender":	true
				}],
			"sum":	{
				"start":	4.000203,
				"end":	5.000109,
				"seconds":	0.99990600347518921,
				"bytes":	12497688,
				"bits_per_second":	99990902.797375649,
				"packets":	8631,
				"omitted":	false,
				"sender":	true
			}
		}, {
			"streams":	[{
					"socket":	5,
					"start":	5.000109,
					"end":	6.000099,
					"seconds":	0.99998998641967773,
					"bytes":	12500584,
					"bits_per_second":	100005673.41484343,
					"packets":	8633,
					"omitted":	false,
					"sender":	true
				}],
			"sum":	{
				"start":	5.000109,
				"end":	6.000099,
				"seconds":	0.99998998641967773,
				"bytes":	12500584,
				"bits_per_second":	100005673.41484343,
				"packets":	8633,
				"omitted":	false,
				"sender":	true
			}
		}, {
			"streams":	[{
					"socket":	5,
					"start":	6.000099,
					"end":	7.000133,
					"seconds":	1.000033974647522,
					"bytes":	12499136,
					"bits_per_second":	99989690.885496333,
					"packets":	8632,
					"omitted":	false,
					"sender":	true
				}],
			"sum":	{
				"start":	6.000099,
				"end":	7.000133,
				"seconds":	1.000033974647522,
				"bytes":	12499136,
				"bits_per_second":	99989690.885496333,
				"packets":	8632,
				"omitted":	false,
				"sender":	true
			}
		}, {
			"streams":	[{
					"socket":	5,
					"start":	7.000133,
					"end":	8.000087,
					"seconds":	0.9999539852142334,
					"bytes":	12500584,
					"bits_per_second":	100009273.90531343,
					"packets":	8633,
					"omitted":	false,
					"sender":	true
				}],
			"sum":	{
				"start":	7.000133,
				"end":	8.000087,
				"seconds":	0.9999539852142334,
				"bytes":	12500584,
				"bits_per_second":	100009273.90531343,
				"packets":	8633,
				"omitted":	false,
				"sender":	true
			}
		}, {
			"streams":	[{
					"socket":	5,
					"start":	8.000087,
					"end":	9.000215,
					"seconds":	1.0001280307769775,
					"bytes":	12502032,
					"bits_per_second":	100003452.48027851,
					"packets":	8634,
					"omitted":	false,
					"sender":	true
				}],
			"sum":	{
				"start":	8.000087,
				"end":	9.000215,
				"seconds":	1.0001280307769775,
				"bytes":	12502032,
				"bits_per_second":	100003452.48027851,
				"packets":	8634,
				"omitted":	false,
				"sender":	true
			}
		}, {
			"streams":	[{
					"socket":	5,
					"start":	9.000215,
					"end":	10.000101,
					"seconds":	0.99988597631454468,
					"bytes":	12497688,
					"bits_per_second":	99992905.5596113,
					"packets":	8631,
					"omitted":	false,
					"sender":	true
				}],
			"sum":	{
				"start":	9.000215,
				"end":	10.000101,
				"seconds":	0.99988597631454468,
				"bytes":	12497688,
				"bits_per_second":	99992905.5596113,
				"packets":	8631,
				"omitted":	false,
				"sender":	true
			}
		}, {
			"streams":	[{
					"socket":	5,
					"start":	10.000101,
					"end":	11.000137,
					"seconds":	1.0000360012054443,
					"bytes":	12500584,
					"bits_per_second":	100001071.840868,
					"packets":	8633,
					"omitted":	false,
					"sender":	true
				}],
			"sum":	{
				"start":	10.000101,
				"end":	11.000137,
				"seconds":	1.0000360012054443,
				"bytes":	12500584,
				"bits_per_second":	100001071.840868,
				"packets":	8633,
				"omitted":	false,
				"sender":	true
			}
		}, {
			"streams":	[{
					"socket":	5,
					"start":	11.000137,
					"end":	12.000139,
					"seconds":	1.0000020265579224,
					"bytes":	12499136,
					"bits_per_second":	99992885.358626,
					"packets":	8632,
					"omitted":	false,
					"sender":	true
				}],
			"sum":	{
				"start":	11.000137,
				"end":	12.000139,
				"seconds":	1.0000020265579224,
				"bytes":	12499136,
				"bits_per_second":	99992885.358626,
				"packets":	8632,
				"omitted":	false,
				"sender":	true
			}
		}, {
			"streams":	[{
					"socket":	5,
					"start":	12.000139,
					"end":	13.000194,
					"seconds":	1.0000549554824829,
					"bytes":	12502032,
					"bits_per_second":	100010759.86043839,
					"packets":	8634,
					"omitted":	false,
					"sender":	true
				}],
			"sum":	{
				"start":	12.000139,
				"end":	13.000194,
				"seconds":	1.0000549554824829,
				"bytes":	12502032,
				"bits_per_second":	100010759.86043839,
				"packets":	8634,
				"omitted":	false,
				"sender":	true
			}
		}, {
			"streams":	[{
					"socket":	5,
					"start":	13.000194,
					"end":	14.000155,
					"seconds":	0.999961018562317,
					"bytes":	12500584,
					"bits_per_second":	100008570.47785786,
					"packets":	8633,
					"omitted":	false,
					"sender":	true
				}],
			"sum":	{
				"start":	13.000194,
				"end":	14.000155,
				"seconds":	0.999961018562317,
				"bytes":	12500584,
				"bits_per_second":	100008570.47785786,
				"packets":	8633,
				"omitted":	false,
				"sender":	true
			}
		}, {
			"streams":	[{
					"socket":	5,
					"start":	14.000155,
					"end":	15.000139,
					"seconds":	0.9999840259552002,
					"bytes":	12497688,
					"bits_per_second":	99983101.134536743,
					"packets":	8631,