{
	"start":	{
		"connected":	[{
				"socket":	5,
				"local_host":	"172.20.171.186",
				"local_port":	40448,
				"remote_host":	"54.227.41.78",
				"remote_port":	5201
			}],
		"version":	"iperf 3.16",
		"system_info":	"Linux DESKTOP-OR35M89 6.18.33.1-microsoft-standard-WSL2 #1 SMP PREEMPT_DYNAMIC Fri Jun  5 01:12:21 UTC 2026 x86_64",
		"timestamp":	{
			"time":	"Thu, 25 Jun 2026 23:21:11 GMT",
			"timesecs":	1782429671
		},
		"connecting_to":	{
			"host":	"54.227.41.78",
			"port":	5201
		},
		"cookie":	"euocqk424oahsn7gyniun6tso5sj7fzcptl6",
		"target_bitrate":	100000000,
		"fq_rate":	0,
		"sock_bufsize":	0,
		"sndbuf_actual":	212992,
		"rcvbuf_actual":	212992,
		"test_start":	{
			"protocol":	"UDP",
			"num_streams":	1,
			"blksize":	1448,
			"omit":	0,
			"duration":	30,
			"bytes":	0,
			"blocks":	0,
			"reverse":	0,
			"tos":	0,
			"target_bitrate":	100000000,
			"bidir":	0,
			"fqrate":	0
		}
	},
	"intervals":	[{
			"streams":	[{
					"socket":	5,
					"start":	0,
					"end":	1.000088,
					"seconds":	1.0000879764556885,
					"bytes":	12490448,
					"bits_per_second":	99914793.8505662,
					"packets":	8626,
					"omitted":	false,
					"sender":	true
				}],
			"sum":	{
				"start":	0,
				"end":	1.000088,
				"seconds":	1.0000879764556885,
				"bytes":	12490448,
				"bits_per_second":	99914793.8505662,
				"packets":	8626,
				"omitted":	false,
				"sender":	true
			}
		}, {
			"streams":	[{
					"socket":	5,
					"start":	1.000088,
					"end":	2.000089,
					"seconds":	1.0000009536743164,
					"bytes":	12500584,
					"bits_per_second":	100004576.62820375,
					"packets":	8633,
					"omitted":	false,
					"sender":	true
				}],
			"sum":	{
				"start":	1.000088,
				"end":	2.000089,
				"seconds":	1.0000009536743164,
				"bytes":	12500584,
				"bits_per_second":	100004576.62820375,
				"packets":	8633,
				"omitted":	false,
				"sender":	true
			}
		}, {
			"streams":	[{
					"socket":	5,
					"start":	2.000089,
					"end":	3.000129,
					"seconds":	1.0000400543212891,
					"bytes":	12499136,
					"bits_per_second":	99989083.0051439,
					"packets":	8632,
					"omitted":	false,
					"sender":	true
				}],
			"sum":	{
				"start":	2.000089,
				"end":	3.000129,
				"seconds":	1.0000400543212891,
				"bytes":	12499136,
				"bits_per_second":	99989083.0051439,
				"packets":	8632,
				"omitted":	false,
				"sender":	true
			}
		}, {
			"streams":	[{
					"socket":	5,
					"start":	3.000129,
					"end":	4.000093,
					"seconds":	0.99996399879455566,
					"bytes":	12500584,
					"bits_per_second":	100008272.41836147,
					"packets":	8633,
					"omitted":	false,
					"sender":	true
				}],
			"sum":	{
				"start":	3.000129,
				"end":	4.000093,
				"seconds":	0.99996399879455566,
				"bytes":	12500584,
				"bits_per_second":	100008272.41836147,
				"packets":	8633,
				"omitted":	false,
				"sender":	true
			}
		}, {
			"streams":	[{
					"socket":	5,
					"start":	4.000093,
					"end":	5.000089,
					"seconds":	0.9999960064888,
					"bytes":	12499136,
					"bits_per_second":	99993487.325111553,
					"packets":	8632,
					"omitted":	false,
					"sender":	true
				}],
			"sum":	{
				"start":	4.000093,
				"end":	5.000089,
				"seconds":	0.9999960064888,
				"bytes":	12499136,
				"bits_per_second":	99993487.325111553,
				"packets":	8632,
				"omitted":	false,
				"sender":	true
			}
		}, {
			"streams":	[{
					"socket":	5,
					"start":	5.000089,
					"end":	6.000087,
					"seconds":	0.99999797344207764,
					"bytes":	12500584,
					"bits_per_second":	100004874.66567104,
					"packets":	8633,
					"omitted":	false,
					"sender":	true
				}],
			"sum":	{
				"start":	5.000089,
				"end":	6.000087,
				"seconds":	0.99999797344207764,
				"bytes":	12500584,
				"bits_per_second":	100004874.66567104,
				"packets":	8633,
				"omitted":	false,
				"sender":	true
			}
		}, {
			"streams":	[{
					"socket":	5,
					"start":	6.000087,
					"end":	7.00015,
					"seconds":	1.0000629425048828,
					"bytes":	12499136,
					"bits_per_second":	99986794.5806939,
					"packets":	8632,
					"omitted":	false,
					"sender":	true
				}],
			"sum":	{
				"start":	6.000087,
				"end":	7.00015,
				"seconds":	1.0000629425048828,
				"bytes":	12499136,
				"bits_per_second":	99986794.5806939,
				"packets":	8632,
				"omitted":	false,
				"sender":	true
			}
		}, {
			"streams":	[{
					"socket":	5,
					"start":	7.00015,
					"end":	8.000132,
					"seconds":	0.99998199939727783,
					"bytes":	12500584,
					"bits_per_second":	100006472.17677531,
					"packets":	8633,
					"omitted":	false,
					"sender":	true
				}],
			"sum":	{
				"start":	7.00015,
				"end":	8.000132,
				"seconds":	0.99998199939727783,
				"bytes":	12500584,
				"bits_per_second":	100006472.17677531,
				"packets":	8633,
				"omitted":	false,
				"sender":	true
			}
		}, {
			"streams":	[{
					"socket":	5,
					"start":	8.000132,
					"end":	9.000128,
					"seconds":	0.9999960064888,
					"bytes":	12500584,
					"bits_per_second":	100005071.37137258,
					"packets":	8633,
					"omitted":	false,
					"sender":	true
				}],
			"sum":	{
				"start":	8.000132,
				"end":	9.000128,
				"seconds":	0.9999960064888,
				"bytes":	12500584,
				"bits_per_second":	100005071.37137258,
				"packets":	8633,
				"omitted":	false,
				"sender":	true
			}
		}, {
			"streams":	[{
					"socket":	5,
					"start":	9.000128,
					"end":	10.000165,
					"seconds":	1.0000369548797607,
					"bytes":	12499136,
					"bits_per_second":	99989392.9040079,
					"packets":	8632,
					"omitted":	false,
					"sender":	true
				}],
			"sum":	{
				"start":	9.000128,
				"end":	10.000165,
				"seconds":	1.0000369548797607,
				"bytes":	12499136,
				"bits_per_second":	99989392.9040079,
				"packets":	8632,
				"omitted":	false,
				"sender":	true
			}
		}, {
			"streams":	[{
					"socket":	5,
					"start":	10.000165,
					"end":	11.000201,
					"seconds":	1.0000360012054443,
					"bytes":	12499136,
					"bits_per_second":	99989488.257890955,
					"packets":	8632,
					"omitted":	false,
					"sender":	true
				}],
			"sum":	{
				"start":	10.000165,
				"end":	11.000201,
				"seconds":	1.0000360012054443,
				"bytes":	12499136,
				"bits_per_second":	99989488.257890955,
				"packets":	8632,
				"omitted":	false,
				"sender":	true
			}
		}, {
			"streams":	[{
					"socket":	5,
					"start":	11.000201,
					"end":	12.000145,
					"seconds":	0.999943971633911,
					"bytes":	12500584,
					"bits_per_second":	100010275.41232345,
					"packets":	8633,
					"omitted":	false,
					"sender":	true
				}],
			"sum":	{
				"start":	11.000201,
				"end":	12.000145,
				"seconds":	0.999943971633911,
				"bytes":	12500584,
				"bits_per_second":	100010275.41232345,
				"packets":	8633,
				"omitted":	false,
				"sender":	true
			}
		}, {
			"streams":	[{
					"socket":	5,
					"start":	12.000145,
					"end":	13.000143,
					"seconds":	0.99999797344207764,
					"bytes":	12500584,
					"bits_per_second":	100004874.66567104,
					"packets":	8633,
					"omitted":	false,
					"sender":	true
				}],
			"sum":	{
				"start":	12.000145,
				"end":	13.000143,
				"seconds":	0.99999797344207764,
				"bytes":	12500584,
				"bits_per_second":	100004874.66567104,
				"packets":	8633,
				"omitted":	false,
				"sender":	true
			}
		}, {
			"streams":	[{
					"socket":	5,
					"start":	13.000143,
					"end":	14.000147,
					"seconds":	1.0000040531158447,
					"bytes":	12500584,
					"bits_per_second":	100004266.67112221,
					"packets":	8633,
					"omitted":	false,
					"sender":	true
				}],
			"sum":	{
				"start":	13.000143,
				"end":	14.000147,
				"seconds":	1.0000040531158447,
				"bytes":	12500584,
				"bits_per_second":	100004266.67112221,
				"packets":	8633,
				"omitted":	false,
				"sender":	true
			}
		}, {
			"streams":	[{
					"socket":	5,
					"start":	14.000147,
					"end":	15.000137,
					"seconds":	0.99998998641967773,
					"bytes":	12499136,
					"bits_per_second":	99994089.298844948,
					"packets":	8632,
					"omitted":	false,