{
	"start":	{
		"connected":	[{
				"socket":	5,
				"local_host":	"172.20.171.186",
				"local_port":	50230,
				"remote_host":	"54.227.41.78",
				"remote_port":	5201
			}],
		"version":	"iperf 3.16",
		"system_info":	"Linux DESKTOP-OR35M89 6.18.33.1-microsoft-standard-WSL2 #1 SMP PREEMPT_DYNAMIC Fri Jun  5 01:12:21 UTC 2026 x86_64",
		"timestamp":	{
			"time":	"Thu, 25 Jun 2026 21:44:09 GMT",
			"timesecs":	1782423849
		},
		"connecting_to":	{
			"host":	"54.227.41.78",
			"port":	5201
		},
		"cookie":	"beqqro3z5rlzydmnamrrrx2fon6jrx6zc4n7",
		"target_bitrate":	100000000,
		"fq_rate":	0,
		"sock_bufsize":	0,
		"sndbuf_actual":	212992,
		"rcvbuf_actual":	212992,
		"test_start":	{
			"protocol":	"UDP",
			"num_streams":	1,
			"blksize":	1448,
			"omit":	0,
			"duration":	30,
			"bytes":	0,
			"blocks":	0,
			"reverse":	0,
			"tos":	0,
			"target_bitrate":	100000000,
			"bidir":	0,
			"fqrate":	0
		}
	},
	"intervals":	[{
			"streams":	[{
					"socket":	5,
					"start":	0,
					"end":	1.000146,
					"seconds":	1.0001460313797,
					"bytes":	12490448,
					"bits_per_second":	99908994.1517396,
					"packets":	8626,
					"omitted":	false,
					"sender":	true
				}],
			"sum":	{
				"start":	0,
				"end":	1.000146,
				"seconds":	1.0001460313797,
				"bytes":	12490448,
				"bits_per_second":	99908994.1517396,
				"packets":	8626,
				"omitted":	false,
				"sender":	true
			}
		}, {
			"streams":	[{
					"socket":	5,
					"start":	1.000146,
					"end":	2.000113,
					"seconds":	0.99996697902679443,
					"bytes":	12500584,
					"bits_per_second":	100007974.3606417,
					"packets":	8633,
					"omitted":	false,
					"sender":	true
				}],
			"sum":	{
				"start":	1.000146,
				"end":	2.000113,
				"seconds":	0.99996697902679443,
				"bytes":	12500584,
				"bits_per_second":	100007974.3606417,
				"packets":	8633,
				"omitted":	false,
				"sender":	true
			}
		}, {
			"streams":	[{
					"socket":	5,
					"start":	2.000113,
					"end":	3.000294,
					"seconds":	1.0001809597015381,
					"bytes":	12500584,
					"bits_per_second":	99986578.4586043,
					"packets":	8633,
					"omitted":	false,
					"sender":	true
				}],
			"sum":	{
				"start":	2.000113,
				"end":	3.000294,
				"seconds":	1.0001809597015381,
				"bytes":	12500584,
				"bits_per_second":	99986578.4586043,
				"packets":	8633,
				"omitted":	false,
				"sender":	true
			}
		}, {
			"streams":	[{
					"socket":	5,
					"start":	3.000294,
					"end":	4.000084,
					"seconds":	0.9997900128364563,
					"bytes":	12497688,
					"bits_per_second":	100002503.24200305,
					"packets":	8631,
					"omitted":	false,
					"sender":	true
				}],
			"sum":	{
				"start":	3.000294,
				"end":	4.000084,
				"seconds":	0.9997900128364563,
				"bytes":	12497688,
				"bits_per_second":	100002503.24200305,
				"packets":	8631,
				"omitted":	false,
				"sender":	true
			}
		}, {
			"streams":	[{
					"socket":	5,
					"start":	4.000084,
					"end":	5.000093,
					"seconds":	1.0000089406967163,
					"bytes":	12500584,
					"bits_per_second":	100003777.89655134,
					"packets":	8633,
					"omitted":	false,
					"sender":	true
				}],
			"sum":	{
				"start":	4.000084,
				"end":	5.000093,
				"seconds":	1.0000089406967163,
				"bytes":	12500584,
				"bits_per_second":	100003777.89655134,
				"packets":	8633,
				"omitted":	false,
				"sender":	true
			}
		}, {
			"streams":	[{
					"socket":	5,
					"start":	5.000093,
					"end":	6.000119,
					"seconds":	1.0000259876251221,
					"bytes":	12500584,
					"bits_per_second":	100002073.18361068,
					"packets":	8633,
					"omitted":	false,
					"sender":	true
				}],
			"sum":	{
				"start":	5.000093,
				"end":	6.000119,
				"seconds":	1.0000259876251221,
				"bytes":	12500584,
				"bits_per_second":	100002073.18361068,
				"packets":	8633,
				"omitted":	false,
				"sender":	true
			}
		}, {
			"streams":	[{
					"socket":	5,
					"start":	6.000119,
					"end":	7.000152,
					"seconds":	1.0000330209732056,
					"bytes":	12499136,
					"bits_per_second":	99989786.239947736,
					"packets":	8632,
					"omitted":	false,
					"sender":	true
				}],
			"sum":	{
				"start":	6.000119,
				"end":	7.000152,
				"seconds":	1.0000330209732056,
				"bytes":	12499136,
				"bits_per_second":	99989786.239947736,
				"packets":	8632,
				"omitted":	false,
				"sender":	true
			}
		}, {
			"streams":	[{
					"socket":	5,
					"start":	7.000152,
					"end":	8.000232,
					"seconds":	1.0000799894332886,
					"bytes":	12504928,
					"bits_per_second":	100031422.54319972,
					"packets":	8636,
					"omitted":	false,
					"sender":	true
				}],
			"sum":	{
				"start":	7.000152,
				"end":	8.000232,
				"seconds":	1.0000799894332886,
				"bytes":	12504928,
				"bits_per_second":	100031422.54319972,
				"packets":	8636,
				"omitted":	false,
				"sender":	true
			}
		}, {
			"streams":	[{
					"socket":	5,
					"start":	8.000232,
					"end":	9.000099,
					"seconds":	0.999867022037506,
					"bytes":	12494792,
					"bits_per_second":	99971630.023667738,
					"packets":	8629,
					"omitted":	false,
					"sender":	true
				}],
			"sum":	{
				"start":	8.000232,
				"end":	9.000099,
				"seconds":	0.999867022037506,
				"bytes":	12494792,
				"bits_per_second":	99971630.023667738,
				"packets":	8629,
				"omitted":	false,
				"sender":	true
			}
		}, {
			"streams":	[{
					"socket":	5,
					"start":	9.000099,
					"end":	10.000148,
					"seconds":	1.0000489950180054,
					"bytes":	12500584,
					"bits_per_second":	99999772.509345368,
					"packets":	8633,
					"omitted":	false,
					"sender":	true
				}],
			"sum":	{
				"start":	9.000099,
				"end":	10.000148,
				"seconds":	1.0000489950180054,
				"bytes":	12500584,
				"bits_per_second":	99999772.509345368,
				"packets":	8633,
				"omitted":	false,
				"sender":	true
			}
		}, {
			"streams":	[{
					"socket":	5,
					"start":	10.000148,
					"end":	11.000304,
					"seconds":	1.000156044960022,
					"bytes":	12500584,
					"bits_per_second":	99989069.209692538,
					"packets":	8633,
					"omitted":	false,
					"sender":	true
				}],
			"sum":	{
				"start":	10.000148,
				"end":	11.000304,
				"seconds":	1.000156044960022,
				"bytes":	12500584,
				"bits_per_second":	99989069.209692538,
				"packets":	8633,
				"omitted":	false,
				"sender":	true
			}
		}, {
			"streams":	[{
					"socket":	5,
					"start":	11.000304,
					"end":	12.000729,
					"seconds":	1.0004249811172485,
					"bytes":	12500584,
					"bits_per_second":	99962189.956829533,
					"packets":	8633,
					"omitted":	false,
					"sender":	true
				}],
			"sum":	{
				"start":	11.000304,
				"end":	12.000729,
				"seconds":	1.0004249811172485,
				"bytes":	12500584,
				"bits_per_second":	99962189.956829533,
				"packets":	8633,
				"omitted":	false,
				"sender":	true
			}
		}, {
			"streams":	[{
					"socket":	5,
					"start":	12.000729,
					"end":	13.000176,
					"seconds":	0.999446988105774,
					"bytes":	12499136,
					"bits_per_second":	100048415.96402659,
					"packets":	8632,
					"omitted":	false,
					"sender":	true
				}],
			"sum":	{
				"start":	12.000729,
				"end":	13.000176,
				"seconds":	0.999446988105774,
				"bytes":	12499136,
				"bits_per_second":	100048415.96402659,
				"packets":	8632,
				"omitted":	false,
				"sender":	true
			}
		}, {
			"streams":	[{
					"socket":	5,
					"start":	13.000176,
					"end":	14.000174,
					"seconds":	0.99999797344207764,
					"bytes":	12500584,
					"bits_per_second":	100004874.66567104,
					"packets":	8633,
					"omitted":	false,
					"sender":	true
				}],
			"sum":	{
				"start":	13.000176,
				"end":	14.000174,
				"seconds":	0.99999797344207764,
				"bytes":	12500584,
				"bits_per_second":	100004874.66567104,
				"packets":	8633,
				"omitted":	false,
				"sender":	true
			}
		}, {
			"streams":	[{
					"socket":	5,
					"start":	14.000174,
					"end":	15.000108,
					"seconds":	0.99993401765823364,
					"bytes":	12499136,
					"bits_per_second":	99999686.213472262,
					"packets":	8632,
					"omitted":	false,