{
	"start":	{
		"connected":	[{
				"socket":	5,
				"local_host":	"172.20.171.186",
				"local_port":	57452,
				"remote_host":	"54.227.41.78",
				"remote_port":	5201
			}],
		"version":	"iperf 3.16",
		"system_info":	"Linux DESKTOP-OR35M89 6.18.33.1-microsoft-standard-WSL2 #1 SMP PREEMPT_DYNAMIC Fri Jun  5 01:12:21 UTC 2026 x86_64",
		"timestamp":	{
			"time":	"Thu, 25 Jun 2026 22:45:11 GMT",
			"timesecs":	1782427511
		},
		"connecting_to":	{
			"host":	"54.227.41.78",
			"port":	5201
		},
		"cookie":	"arz33s3xg3jpvvetk4ddi2v35lnfrtsqrjao",
		"target_bitrate":	100000000,
		"fq_rate":	0,
		"sock_bufsize":	0,
		"sndbuf_actual":	212992,
		"rcvbuf_actual":	212992,
		"test_start":	{
			"protocol":	"UDP",
			"num_streams":	1,
			"blksize":	1448,
			"omit":	0,
			"duration":	30,
			"bytes":	0,
			"blocks":	0,
			"reverse":	0,
			"tos":	0,
			"target_bitrate":	100000000,
			"bidir":	0,
			"fqrate":	0
		}
	},
	"intervals":	[{
			"streams":	[{
					"socket":	5,
					"start":	0,
					"end":	1.000107,
					"seconds":	1.0001070499420166,
					"bytes":	12490448,
					"bits_per_second":	99912888.331097439,
					"packets":	8626,
					"omitted":	false,
					"sender":	true
				}],
			"sum":	{
				"start":	0,
				"end":	1.000107,
				"seconds":	1.0001070499420166,
				"bytes":	12490448,
				"bits_per_second":	99912888.331097439,
				"packets":	8626,
				"omitted":	false,
				"sender":	true
			}
		}, {
			"streams":	[{
					"socket":	5,
					"start":	1.000107,
					"end":	2.000101,
					"seconds":	0.99999397993087769,
					"bytes":	12499136,
					"bits_per_second":	99993689.9689254,
					"packets":	8632,
					"omitted":	false,
					"sender":	true
				}],
			"sum":	{
				"start":	1.000107,
				"end":	2.000101,
				"seconds":	0.99999397993087769,
				"bytes":	12499136,
				"bits_per_second":	99993689.9689254,
				"packets":	8632,
				"omitted":	false,
				"sender":	true
			}
		}, {
			"streams":	[{
					"socket":	5,
					"start":	2.000101,
					"end":	3.000101,
					"seconds":	1,
					"bytes":	12500584,
					"bits_per_second":	100004672,
					"packets":	8633,
					"omitted":	false,
					"sender":	true
				}],
			"sum":	{
				"start":	2.000101,
				"end":	3.000101,
				"seconds":	1,
				"bytes":	12500584,
				"bits_per_second":	100004672,
				"packets":	8633,
				"omitted":	false,
				"sender":	true
			}
		}, {
			"streams":	[{
					"socket":	5,
					"start":	3.000101,
					"end":	4.000164,
					"seconds":	1.0000629425048828,
					"bytes":	12502032,
					"bits_per_second":	100009961.12253371,
					"packets":	8634,
					"omitted":	false,
					"sender":	true
				}],
			"sum":	{
				"start":	3.000101,
				"end":	4.000164,
				"seconds":	1.0000629425048828,
				"bytes":	12502032,
				"bits_per_second":	100009961.12253371,
				"packets":	8634,
				"omitted":	false,
				"sender":	true
			}
		}, {
			"streams":	[{
					"socket":	5,
					"start":	4.000164,
					"end":	5.000093,
					"seconds":	0.99992901086807251,
					"bytes":	12497688,
					"bits_per_second":	99988602.104066,
					"packets":	8631,
					"omitted":	false,
					"sender":	true
				}],
			"sum":	{
				"start":	4.000164,
				"end":	5.000093,
				"seconds":	0.99992901086807251,
				"bytes":	12497688,
				"bits_per_second":	99988602.104066,
				"packets":	8631,
				"omitted":	false,
				"sender":	true
			}
		}, {
			"streams":	[{
					"socket":	5,
					"start":	5.000093,
					"end":	6.000148,
					"seconds":	1.0000549554824829,
					"bytes":	12500584,
					"bits_per_second":	99999176.4970077,
					"packets":	8633,
					"omitted":	false,
					"sender":	true
				}],
			"sum":	{
				"start":	5.000093,
				"end":	6.000148,
				"seconds":	1.0000549554824829,
				"bytes":	12500584,
				"bits_per_second":	99999176.4970077,
				"packets":	8633,
				"omitted":	false,
				"sender":	true
			}
		}, {
			"streams":	[{
					"socket":	5,
					"start":	6.000148,
					"end":	7.000134,
					"seconds":	0.99998599290847778,
					"bytes":	12500584,
					"bits_per_second":	100006072.79421441,
					"packets":	8633,
					"omitted":	false,
					"sender":	true
				}],
			"sum":	{
				"start":	6.000148,
				"end":	7.000134,
				"seconds":	0.99998599290847778,
				"bytes":	12500584,
				"bits_per_second":	100006072.79421441,
				"packets":	8633,
				"omitted":	false,
				"sender":	true
			}
		}, {
			"streams":	[{
					"socket":	5,
					"start":	7.000134,
					"end":	8.000179,
					"seconds":	1.0000449419021606,
					"bytes":	12500584,
					"bits_per_second":	100000177.80179319,
					"packets":	8633,
					"omitted":	false,
					"sender":	true
				}],
			"sum":	{
				"start":	7.000134,
				"end":	8.000179,
				"seconds":	1.0000449419021606,
				"bytes":	12500584,
				"bits_per_second":	100000177.80179319,
				"packets":	8633,
				"omitted":	false,
				"sender":	true
			}
		}, {
			"streams":	[{
					"socket":	5,
					"start":	8.000179,
					"end":	9.000182,
					"seconds":	1.0000029802322388,
					"bytes":	12499136,
					"bits_per_second":	99992789.9982636,
					"packets":	8632,
					"omitted":	false,
					"sender":	true
				}],
			"sum":	{
				"start":	8.000179,
				"end":	9.000182,
				"seconds":	1.0000029802322388,
				"bytes":	12499136,
				"bits_per_second":	99992789.9982636,
				"packets":	8632,
				"omitted":	false,
				"sender":	true
			}
		}, {
			"streams":	[{
					"socket":	5,
					"start":	9.000182,
					"end":	10.000151,
					"seconds":	0.9999690055847168,
					"bytes":	12499136,
					"bits_per_second":	99996187.323356643,
					"packets":	8632,
					"omitted":	false,
					"sender":	true
				}],
			"sum":	{
				"start":	9.000182,
				"end":	10.000151,
				"seconds":	0.9999690055847168,
				"bytes":	12499136,
				"bits_per_second":	99996187.323356643,
				"packets":	8632,
				"omitted":	false,
				"sender":	true
			}
		}, {
			"streams":	[{
					"socket":	5,
					"start":	10.000151,
					"end":	11.000148,
					"seconds":	0.99999701976776123,
					"bytes":	12500584,
					"bits_per_second":	100004970.03803575,
					"packets":	8633,
					"omitted":	false,
					"sender":	true
				}],
			"sum":	{
				"start":	10.000151,
				"end":	11.000148,
				"seconds":	0.99999701976776123,
				"bytes":	12500584,
				"bits_per_second":	100004970.03803575,
				"packets":	8633,
				"omitted":	false,
				"sender":	true
			}
		}, {
			"streams":	[{
					"socket":	5,
					"start":	11.000148,
					"end":	12.000106,
					"seconds":	0.99995797872543335,
					"bytes":	12499136,
					"bits_per_second":	99997290.013579577,
					"packets":	8632,
					"omitted":	false,
					"sender":	true
				}],
			"sum":	{
				"start":	11.000148,
				"end":	12.000106,
				"seconds":	0.99995797872543335,
				"bytes":	12499136,
				"bits_per_second":	99997290.013579577,
				"packets":	8632,
				"omitted":	false,
				"sender":	true
			}
		}, {
			"streams":	[{
					"socket":	5,
					"start":	12.000106,
					"end":	13.000165,
					"seconds":	1.0000590085983276,
					"bytes":	12500584,
					"bits_per_second":	99998771.212676257,
					"packets":	8633,
					"omitted":	false,
					"sender":	true
				}],
			"sum":	{
				"start":	12.000106,
				"end":	13.000165,
				"seconds":	1.0000590085983276,
				"bytes":	12500584,
				"bits_per_second":	99998771.212676257,
				"packets":	8633,
				"omitted":	false,
				"sender":	true
			}
		}, {
			"streams":	[{
					"socket":	5,
					"start":	13.000165,
					"end":	14.000149,
					"seconds":	0.9999840259552002,
					"bytes":	12499136,
					"bits_per_second":	99994685.319583043,
					"packets":	8632,
					"omitted":	false,
					"sender":	true
				}],
			"sum":	{
				"start":	13.000165,
				"end":	14.000149,
				"seconds":	0.9999840259552002,
				"bytes":	12499136,
				"bits_per_second":	99994685.319583043,
				"packets":	8632,
				"omitted":	false,
				"sender":	true
			}
		}, {
			"streams":	[{
					"socket":	5,
					"start":	14.000149,
					"end":	15.000177,
					"seconds":	1.0000280141830444,
					"bytes":	12502032,
					"bits_per_second":	100013454.204787,
					"packets":	8634,
					"omitted":	false,
					"sender":	true
				}],