{
	"start":	{
		"connected":	[{
				"socket":	5,
				"local_host":	"172.20.171.186",
				"local_port":	38011,
				"remote_host":	"54.227.41.78",
				"remote_port":	5201
			}],
		"version":	"iperf 3.16",
		"system_info":	"Linux DESKTOP-OR35M89 6.18.33.1-microsoft-standard-WSL2 #1 SMP PREEMPT_DYNAMIC Fri Jun  5 01:12:21 UTC 2026 x86_64",
		"timestamp":	{
			"time":	"Thu, 25 Jun 2026 22:03:13 GMT",
			"timesecs":	1782424993
		},
		"connecting_to":	{
			"host":	"54.227.41.78",
			"port":	5201
		},
		"cookie":	"vboexzeihsa7hfbffeklbxpepuwxknr24xcu",
		"target_bitrate":	100000000,
		"fq_rate":	0,
		"sock_bufsize":	0,
		"sndbuf_actual":	212992,
		"rcvbuf_actual":	212992,
		"test_start":	{
			"protocol":	"UDP",
			"num_streams":	1,
			"blksize":	1448,
			"omit":	0,
			"duration":	30,
			"bytes":	0,
			"blocks":	0,
			"reverse":	0,
			"tos":	0,
			"target_bitrate":	100000000,
			"bidir":	0,
			"fqrate":	0
		}
	},
	"intervals":	[{
			"streams":	[{
					"socket":	5,
					"start":	0,
					"end":	1.000138,
					"seconds":	1.0001380443573,
					"bytes":	12489000,
					"bits_per_second":	99898209.6158582,
					"packets":	8625,
					"omitted":	false,
					"sender":	true
				}],
			"sum":	{
				"start":	0,
				"end":	1.000138,
				"seconds":	1.0001380443573,
				"bytes":	12489000,
				"bits_per_second":	99898209.6158582,
				"packets":	8625,
				"omitted":	false,
				"sender":	true
			}
		}, {
			"streams":	[{
					"socket":	5,
					"start":	1.000138,
					"end":	2.000089,
					"seconds":	0.99995100498199463,
					"bytes":	12500584,
					"bits_per_second":	100009571.97077942,
					"packets":	8633,
					"omitted":	false,
					"sender":	true
				}],
			"sum":	{
				"start":	1.000138,
				"end":	2.000089,
				"seconds":	0.99995100498199463,
				"bytes":	12500584,
				"bits_per_second":	100009571.97077942,
				"packets":	8633,
				"omitted":	false,
				"sender":	true
			}
		}, {
			"streams":	[{
					"socket":	5,
					"start":	2.000089,
					"end":	3.000159,
					"seconds":	1.0000699758529663,
					"bytes":	12500584,
					"bits_per_second":	99997674.5774268,
					"packets":	8633,
					"omitted":	false,
					"sender":	true
				}],
			"sum":	{
				"start":	2.000089,
				"end":	3.000159,
				"seconds":	1.0000699758529663,
				"bytes":	12500584,
				"bits_per_second":	99997674.5774268,
				"packets":	8633,
				"omitted":	false,
				"sender":	true
			}
		}, {
			"streams":	[{
					"socket":	5,
					"start":	3.000159,
					"end":	4.000087,
					"seconds":	0.99992799758911133,
					"bytes":	12499136,
					"bits_per_second":	100000288.26184441,
					"packets":	8632,
					"omitted":	false,
					"sender":	true
				}],
			"sum":	{
				"start":	3.000159,
				"end":	4.000087,
				"seconds":	0.99992799758911133,
				"bytes":	12499136,
				"bits_per_second":	100000288.26184441,
				"packets":	8632,
				"omitted":	false,
				"sender":	true
			}
		}, {
			"streams":	[{
					"socket":	5,
					"start":	4.000087,
					"end":	5.000158,
					"seconds":	1.0000710487365723,
					"bytes":	12502032,
					"bits_per_second":	100009150.476213,
					"packets":	8634,
					"omitted":	false,
					"sender":	true
				}],
			"sum":	{
				"start":	4.000087,
				"end":	5.000158,
				"seconds":	1.0000710487365723,
				"bytes":	12502032,
				"bits_per_second":	100009150.476213,
				"packets":	8634,
				"omitted":	false,
				"sender":	true
			}
		}, {
			"streams":	[{
					"socket":	5,
					"start":	5.000158,
					"end":	6.000143,
					"seconds":	0.9999849796295166,
					"bytes":	12497688,
					"bits_per_second":	99983005.7817889,
					"packets":	8631,
					"omitted":	false,
					"sender":	true
				}],
			"sum":	{
				"start":	5.000158,
				"end":	6.000143,
				"seconds":	0.9999849796295166,
				"bytes":	12497688,
				"bits_per_second":	99983005.7817889,
				"packets":	8631,
				"omitted":	false,
				"sender":	true
			}
		}, {
			"streams":	[{
					"socket":	5,
					"start":	6.000143,
					"end":	7.000134,
					"seconds":	0.999990999698639,
					"bytes":	12502032,
					"bits_per_second":	100017156.18454693,
					"packets":	8634,
					"omitted":	false,
					"sender":	true
				}],
			"sum":	{
				"start":	6.000143,
				"end":	7.000134,
				"seconds":	0.999990999698639,
				"bytes":	12502032,
				"bits_per_second":	100017156.18454693,
				"packets":	8634,
				"omitted":	false,
				"sender":	true
			}
		}, {
			"streams":	[{
					"socket":	5,
					"start":	7.000134,
					"end":	8.000147,
					"seconds":	1.000012993812561,
					"bytes":	12499136,
					"bits_per_second":	99991788.725439653,
					"packets":	8632,
					"omitted":	false,
					"sender":	true
				}],
			"sum":	{
				"start":	7.000134,
				"end":	8.000147,
				"seconds":	1.000012993812561,
				"bytes":	12499136,
				"bits_per_second":	99991788.725439653,
				"packets":	8632,
				"omitted":	false,
				"sender":	true
			}
		}, {
			"streams":	[{
					"socket":	5,
					"start":	8.000147,
					"end":	9.00009,
					"seconds":	0.99994301795959473,
					"bytes":	12499136,
					"bits_per_second":	99998786.134872,
					"packets":	8632,
					"omitted":	false,
					"sender":	true
				}],
			"sum":	{
				"start":	8.000147,
				"end":	9.00009,
				"seconds":	0.99994301795959473,
				"bytes":	12499136,
				"bits_per_second":	99998786.134872,
				"packets":	8632,
				"omitted":	false,
				"sender":	true
			}
		}, {
			"streams":	[{
					"socket":	5,
					"start":	9.00009,
					"end":	10.000134,
					"seconds":	1.0000439882278442,
					"bytes":	12500584,
					"bits_per_second":	100000273.16519952,
					"packets":	8633,
					"omitted":	false,
					"sender":	true
				}],
			"sum":	{
				"start":	9.00009,
				"end":	10.000134,
				"seconds":	1.0000439882278442,
				"bytes":	12500584,
				"bits_per_second":	100000273.16519952,
				"packets":	8633,
				"omitted":	false,
				"sender":	true
			}
		}, {
			"streams":	[{
					"socket":	5,
					"start":	10.000134,
					"end":	11.000138,
					"seconds":	1.0000040531158447,
					"bytes":	12500584,
					"bits_per_second":	100004266.67112221,
					"packets":	8633,
					"omitted":	false,
					"sender":	true
				}],
			"sum":	{
				"start":	10.000134,
				"end":	11.000138,
				"seconds":	1.0000040531158447,
				"bytes":	12500584,
				"bits_per_second":	100004266.67112221,
				"packets":	8633,
				"omitted":	false,
				"sender":	true
			}
		}, {
			"streams":	[{
					"socket":	5,
					"start":	11.000138,
					"end":	12.00009,
					"seconds":	0.99995201826095581,
					"bytes":	12499136,
					"bits_per_second":	99997886.0724745,
					"packets":	8632,
					"omitted":	false,
					"sender":	true
				}],
			"sum":	{
				"start":	11.000138,
				"end":	12.00009,
				"seconds":	0.99995201826095581,
				"bytes":	12499136,
				"bits_per_second":	99997886.0724745,
				"packets":	8632,
				"omitted":	false,
				"sender":	true
			}
		}, {
			"streams":	[{
					"socket":	5,
					"start":	12.00009,
					"end":	13.000134,
					"seconds":	1.0000439882278442,
					"bytes":	12500584,
					"bits_per_second":	100000273.16519952,
					"packets":	8633,
					"omitted":	false,
					"sender":	true
				}],
			"sum":	{
				"start":	12.00009,
				"end":	13.000134,
				"seconds":	1.0000439882278442,
				"bytes":	12500584,
				"bits_per_second":	100000273.16519952,
				"packets":	8633,
				"omitted":	false,
				"sender":	true
			}
		}, {
			"streams":	[{
					"socket":	5,
					"start":	13.000134,
					"end":	14.000128,
					"seconds":	0.99999397993087769,
					"bytes":	12500584,
					"bits_per_second":	100005274.03866231,
					"packets":	8633,
					"omitted":	false,
					"sender":	true
				}],
			"sum":	{
				"start":	13.000134,
				"end":	14.000128,
				"seconds":	0.99999397993087769,
				"bytes":	12500584,
				"bits_per_second":	100005274.03866231,
				"packets":	8633,
				"omitted":	false,
				"sender":	true
			}
		}, {
			"streams":	[{
					"socket":	5,
					"start":	14.000128,
					"end":	15.00013,
					"seconds":	1.0000020265579224,
					"bytes":	12500584,
					"bits_per_second":	100004469.33515039,
					"packets":	8633,
					"omitted":	false,