{
	"start":	{
		"connected":	[{
				"socket":	5,
				"local_host":	"172.20.171.186",
				"local_port":	52726,
				"remote_host":	"54.227.41.78",
				"remote_port":	5201
			}],
		"version":	"iperf 3.16",
		"system_info":	"Linux DESKTOP-OR35M89 6.18.33.1-microsoft-standard-WSL2 #1 SMP PREEMPT_DYNAMIC Fri Jun  5 01:12:21 UTC 2026 x86_64",
		"timestamp":	{
			"time":	"Thu, 25 Jun 2026 23:50:05 GMT",
			"timesecs":	1782431405
		},
		"connecting_to":	{
			"host":	"54.227.41.78",
			"port":	5201
		},
		"cookie":	"lqqybw7loell2odfcmqktbozu7ojk4e3ezc2",
		"target_bitrate":	100000000,
		"fq_rate":	0,
		"sock_bufsize":	0,
		"sndbuf_actual":	212992,
		"rcvbuf_actual":	212992,
		"test_start":	{
			"protocol":	"UDP",
			"num_streams":	1,
			"blksize":	1448,
			"omit":	0,
			"duration":	30,
			"bytes":	0,
			"blocks":	0,
			"reverse":	0,
			"tos":	0,
			"target_bitrate":	100000000,
			"bidir":	0,
			"fqrate":	0
		}
	},
	"intervals":	[{
			"streams":	[{
					"socket":	5,
					"start":	0,
					"end":	1.000139,
					"seconds":	1.0001389980316162,
					"bytes":	12490448,
					"bits_per_second":	99909696.748812541,
					"packets":	8626,
					"omitted":	false,
					"sender":	true
				}],
			"sum":	{
				"start":	0,
				"end":	1.000139,
				"seconds":	1.0001389980316162,
				"bytes":	12490448,
				"bits_per_second":	99909696.748812541,
				"packets":	8626,
				"omitted":	false,
				"sender":	true
			}
		}, {
			"streams":	[{
					"socket":	5,
					"start":	1.000139,
					"end":	2.000114,
					"seconds":	0.999975025653839,
					"bytes":	12499136,
					"bits_per_second":	99995585.324362457,
					"packets":	8632,
					"omitted":	false,
					"sender":	true
				}],
			"sum":	{
				"start":	1.000139,
				"end":	2.000114,
				"seconds":	0.999975025653839,
				"bytes":	12499136,
				"bits_per_second":	99995585.324362457,
				"packets":	8632,
				"omitted":	false,
				"sender":	true
			}
		}, {
			"streams":	[{
					"socket":	5,
					"start":	2.000114,
					"end":	3.000107,
					"seconds":	0.99999302625656128,
					"bytes":	12500584,
					"bits_per_second":	100005369.41178878,
					"packets":	8633,
					"omitted":	false,
					"sender":	true
				}],
			"sum":	{
				"start":	2.000114,
				"end":	3.000107,
				"seconds":	0.99999302625656128,
				"bytes":	12500584,
				"bits_per_second":	100005369.41178878,
				"packets":	8633,
				"omitted":	false,
				"sender":	true
			}
		}, {
			"streams":	[{
					"socket":	5,
					"start":	3.000107,
					"end":	4.00015,
					"seconds":	1.0000430345535278,
					"bytes":	12500584,
					"bits_per_second":	100000368.52878775,
					"packets":	8633,
					"omitted":	false,
					"sender":	true
				}],
			"sum":	{
				"start":	3.000107,
				"end":	4.00015,
				"seconds":	1.0000430345535278,
				"bytes":	12500584,
				"bits_per_second":	100000368.52878775,
				"packets":	8633,
				"omitted":	false,
				"sender":	true
			}
		}, {
			"streams":	[{
					"socket":	5,
					"start":	4.00015,
					"end":	5.000135,
					"seconds":	0.9999849796295166,
					"bytes":	12499136,
					"bits_per_second":	99994589.955787465,
					"packets":	8632,
					"omitted":	false,
					"sender":	true
				}],
			"sum":	{
				"start":	4.00015,
				"end":	5.000135,
				"seconds":	0.9999849796295166,
				"bytes":	12499136,
				"bits_per_second":	99994589.955787465,
				"packets":	8632,
				"omitted":	false,
				"sender":	true
			}
		}, {
			"streams":	[{
					"socket":	5,
					"start":	5.000135,
					"end":	6.000149,
					"seconds":	1.0000139474868774,
					"bytes":	12500584,
					"bits_per_second":	100003277.20560348,
					"packets":	8633,
					"omitted":	false,
					"sender":	true
				}],
			"sum":	{
				"start":	5.000135,
				"end":	6.000149,
				"seconds":	1.0000139474868774,
				"bytes":	12500584,
				"bits_per_second":	100003277.20560348,
				"packets":	8633,
				"omitted":	false,
				"sender":	true
			}
		}, {
			"streams":	[{
					"socket":	5,
					"start":	6.000149,
					"end":	7.000135,
					"seconds":	0.99998599290847778,
					"bytes":	12500584,
					"bits_per_second":	100006072.79421441,
					"packets":	8633,
					"omitted":	false,
					"sender":	true
				}],
			"sum":	{
				"start":	6.000149,
				"end":	7.000135,
				"seconds":	0.99998599290847778,
				"bytes":	12500584,
				"bits_per_second":	100006072.79421441,
				"packets":	8633,
				"omitted":	false,
				"sender":	true
			}
		}, {
			"streams":	[{
					"socket":	5,
					"start":	7.000135,
					"end":	8.000146,
					"seconds":	1.0000109672546387,
					"bytes":	12499136,
					"bits_per_second":	99991991.3623689,
					"packets":	8632,
					"omitted":	false,
					"sender":	true
				}],
			"sum":	{
				"start":	7.000135,
				"end":	8.000146,
				"seconds":	1.0000109672546387,
				"bytes":	12499136,
				"bits_per_second":	99991991.3623689,
				"packets":	8632,
				"omitted":	false,
				"sender":	true
			}
		}, {
			"streams":	[{
					"socket":	5,
					"start":	8.000146,
					"end":	9.000178,
					"seconds":	1.0000319480895996,
					"bytes":	12500584,
					"bits_per_second":	100001477.14384812,
					"packets":	8633,
					"omitted":	false,
					"sender":	true
				}],
			"sum":	{
				"start":	8.000146,
				"end":	9.000178,
				"seconds":	1.0000319480895996,
				"bytes":	12500584,
				"bits_per_second":	100001477.14384812,
				"packets":	8633,
				"omitted":	false,
				"sender":	true
			}
		}, {
			"streams":	[{
					"socket":	5,
					"start":	9.000178,
					"end":	10.000161,
					"seconds":	0.999983012676239,
					"bytes":	12499136,
					"bits_per_second":	99994786.64381513,
					"packets":	8632,
					"omitted":	false,
					"sender":	true
				}],
			"sum":	{
				"start":	9.000178,
				"end":	10.000161,
				"seconds":	0.999983012676239,
				"bytes":	12499136,
				"bits_per_second":	99994786.64381513,
				"packets":	8632,
				"omitted":	false,
				"sender":	true
			}
		}, {
			"streams":	[{
					"socket":	5,
					"start":	10.000161,
					"end":	11.000107,
					"seconds":	0.9999459981918335,
					"bytes":	12500584,
					"bits_per_second":	100010072.724762,
					"packets":	8633,
					"omitted":	false,
					"sender":	true
				}],
			"sum":	{
				"start":	10.000161,
				"end":	11.000107,
				"seconds":	0.9999459981918335,
				"bytes":	12500584,
				"bits_per_second":	100010072.724762,
				"packets":	8633,
				"omitted":	false,
				"sender":	true
			}
		}, {
			"streams":	[{
					"socket":	5,
					"start":	11.000107,
					"end":	12.000137,
					"seconds":	1.0000300407409668,
					"bytes":	12499136,
					"bits_per_second":	99990084.2237806,
					"packets":	8632,
					"omitted":	false,
					"sender":	true
				}],
			"sum":	{
				"start":	11.000107,
				"end":	12.000137,
				"seconds":	1.0000300407409668,
				"bytes":	12499136,
				"bits_per_second":	99990084.2237806,
				"packets":	8632,
				"omitted":	false,
				"sender":	true
			}
		}, {
			"streams":	[{
					"socket":	5,
					"start":	12.000137,
					"end":	13.000112,
					"seconds":	0.999975025653839,
					"bytes":	12500584,
					"bits_per_second":	100007169.61367251,
					"packets":	8633,
					"omitted":	false,
					"sender":	true
				}],
			"sum":	{
				"start":	12.000137,
				"end":	13.000112,
				"seconds":	0.999975025653839,
				"bytes":	12500584,
				"bits_per_second":	100007169.61367251,
				"packets":	8633,
				"omitted":	false,
				"sender":	true
			}
		}, {
			"streams":	[{
					"socket":	5,
					"start":	13.000112,
					"end":	14.000166,
					"seconds":	1.0000540018081665,
					"bytes":	12500584,
					"bits_per_second":	99999271.8585043,
					"packets":	8633,
					"omitted":	false,
					"sender":	true
				}],
			"sum":	{
				"start":	13.000112,
				"end":	14.000166,
				"seconds":	1.0000540018081665,
				"bytes":	12500584,
				"bits_per_second":	99999271.8585043,
				"packets":	8633,
				"omitted":	false,
				"sender":	true
			}
		}, {
			"streams":	[{
					"socket":	5,
					"start":	14.000166,
					"end":	15.000132,
					"seconds":	0.999966025352478,
					"bytes":	12500584,
					"bits_per_second":	100008069.73891874,
					"packets":	8633,
					"omitted":	false,