{
	"start":	{
		"connected":	[{
				"socket":	5,
				"local_host":	"172.20.171.186",
				"local_port":	46362,
				"remote_host":	"54.227.41.78",
				"remote_port":	5201
			}],
		"version":	"iperf 3.16",
		"system_info":	"Linux DESKTOP-OR35M89 6.18.33.1-microsoft-standard-WSL2 #1 SMP PREEMPT_DYNAMIC Fri Jun  5 01:12:21 UTC 2026 x86_64",
		"timestamp":	{
			"time":	"Thu, 25 Jun 2026 22:13:00 GMT",
			"timesecs":	1782425580
		},
		"connecting_to":	{
			"host":	"54.227.41.78",
			"port":	5201
		},
		"cookie":	"5v6ercn74lm4q5sq5a3lrosvomzoup7njtrf",
		"target_bitrate":	100000000,
		"fq_rate":	0,
		"sock_bufsize":	0,
		"sndbuf_actual":	212992,
		"rcvbuf_actual":	212992,
		"test_start":	{
			"protocol":	"UDP",
			"num_streams":	1,
			"blksize":	1448,
			"omit":	0,
			"duration":	30,
			"bytes":	0,
			"blocks":	0,
			"reverse":	0,
			"tos":	0,
			"target_bitrate":	100000000,
			"bidir":	0,
			"fqrate":	0
		}
	},
	"intervals":	[{
			"streams":	[{
					"socket":	5,
					"start":	0,
					"end":	1.000114,
					"seconds":	1.0001139640808105,
					"bytes":	12490448,
					"bits_per_second":	99912197.59823896,
					"packets":	8626,
					"omitted":	false,
					"sender":	true
				}],
			"sum":	{
				"start":	0,
				"end":	1.000114,
				"seconds":	1.0001139640808105,
				"bytes":	12490448,
				"bits_per_second":	99912197.59823896,
				"packets":	8626,
				"omitted":	false,
				"sender":	true
			}
		}, {
			"streams":	[{
					"socket":	5,
					"start":	1.000114,
					"end":	2.000228,
					"seconds":	1.0001139640808105,
					"bytes":	12500584,
					"bits_per_second":	99993276.3581726,
					"packets":	8633,
					"omitted":	false,
					"sender":	true
				}],
			"sum":	{
				"start":	1.000114,
				"end":	2.000228,
				"seconds":	1.0001139640808105,
				"bytes":	12500584,
				"bits_per_second":	99993276.3581726,
				"packets":	8633,
				"omitted":	false,
				"sender":	true
			}
		}, {
			"streams":	[{
					"socket":	5,
					"start":	2.000228,
					"end":	3.000174,
					"seconds":	0.9999459981918335,
					"bytes":	12500584,
					"bits_per_second":	100010072.724762,
					"packets":	8633,
					"omitted":	false,
					"sender":	true
				}],
			"sum":	{
				"start":	2.000228,
				"end":	3.000174,
				"seconds":	0.9999459981918335,
				"bytes":	12500584,
				"bits_per_second":	100010072.724762,
				"packets":	8633,
				"omitted":	false,
				"sender":	true
			}
		}, {
			"streams":	[{
					"socket":	5,
					"start":	3.000174,
					"end":	4.000136,
					"seconds":	0.9999619722366333,
					"bytes":	12499136,
					"bits_per_second":	99996890.658095345,
					"packets":	8632,
					"omitted":	false,
					"sender":	true
				}],
			"sum":	{
				"start":	3.000174,
				"end":	4.000136,
				"seconds":	0.9999619722366333,
				"bytes":	12499136,
				"bits_per_second":	99996890.658095345,
				"packets":	8632,
				"omitted":	false,
				"sender":	true
			}
		}, {
			"streams":	[{
					"socket":	5,
					"start":	4.000136,
					"end":	5.000146,
					"seconds":	1.0000100135803223,
					"bytes":	12500584,
					"bits_per_second":	100003670.60521187,
					"packets":	8633,
					"omitted":	false,
					"sender":	true
				}],
			"sum":	{
				"start":	4.000136,
				"end":	5.000146,
				"seconds":	1.0000100135803223,
				"bytes":	12500584,
				"bits_per_second":	100003670.60521187,
				"packets":	8633,
				"omitted":	false,
				"sender":	true
			}
		}, {
			"streams":	[{
					"socket":	5,
					"start":	5.000146,
					"end":	6.000135,
					"seconds":	0.99998897314071655,
					"bytes":	12499136,
					"bits_per_second":	99994190.621869147,
					"packets":	8632,
					"omitted":	false,
					"sender":	true
				}],
			"sum":	{
				"start":	5.000146,
				"end":	6.000135,
				"seconds":	0.99998897314071655,
				"bytes":	12499136,
				"bits_per_second":	99994190.621869147,
				"packets":	8632,
				"omitted":	false,
				"sender":	true
			}
		}, {
			"streams":	[{
					"socket":	5,
					"start":	6.000135,
					"end":	7.000094,
					"seconds":	0.99995899200439453,
					"bytes":	12500584,
					"bits_per_second":	100008773.15933022,
					"packets":	8633,
					"omitted":	false,
					"sender":	true
				}],
			"sum":	{
				"start":	6.000135,
				"end":	7.000094,
				"seconds":	0.99995899200439453,
				"bytes":	12500584,
				"bits_per_second":	100008773.15933022,
				"packets":	8633,
				"omitted":	false,
				"sender":	true
			}
		}, {
			"streams":	[{
					"socket":	5,
					"start":	7.000094,
					"end":	8.00012,
					"seconds":	1.0000259876251221,
					"bytes":	12502032,
					"bits_per_second":	100013656.88257785,
					"packets":	8634,
					"omitted":	false,
					"sender":	true
				}],
			"sum":	{
				"start":	7.000094,
				"end":	8.00012,
				"seconds":	1.0000259876251221,
				"bytes":	12502032,
				"bits_per_second":	100013656.88257785,
				"packets":	8634,
				"omitted":	false,
				"sender":	true
			}
		}, {
			"streams":	[{
					"socket":	5,
					"start":	8.00012,
					"end":	9.000126,
					"seconds":	1.0000059604644775,
					"bytes":	12497688,
					"bits_per_second":	99980908.067349032,
					"packets":	8631,
					"omitted":	false,
					"sender":	true
				}],
			"sum":	{
				"start":	8.00012,
				"end":	9.000126,
				"seconds":	1.0000059604644775,
				"bytes":	12497688,
				"bits_per_second":	99980908.067349032,
				"packets":	8631,
				"omitted":	false,
				"sender":	true
			}
		}, {
			"streams":	[{
					"socket":	5,
					"start":	9.000126,
					"end":	10.00018,
					"seconds":	1.0000540018081665,
					"bytes":	12500584,
					"bits_per_second":	99999271.8585043,
					"packets":	8633,
					"omitted":	false,
					"sender":	true
				}],
			"sum":	{
				"start":	9.000126,
				"end":	10.00018,
				"seconds":	1.0000540018081665,
				"bytes":	12500584,
				"bits_per_second":	99999271.8585043,
				"packets":	8633,
				"omitted":	false,
				"sender":	true
			}
		}, {
			"streams":	[{
					"socket":	5,
					"start":	10.00018,
					"end":	11.000143,
					"seconds":	0.99996298551559448,
					"bytes":	12499136,
					"bits_per_second":	99996789.329599246,
					"packets":	8632,
					"omitted":	false,
					"sender":	true
				}],
			"sum":	{
				"start":	10.00018,
				"end":	11.000143,
				"seconds":	0.99996298551559448,
				"bytes":	12499136,
				"bits_per_second":	99996789.329599246,
				"packets":	8632,
				"omitted":	false,
				"sender":	true
			}
		}, {
			"streams":	[{
					"socket":	5,
					"start":	11.000143,
					"end":	12.000152,
					"seconds":	1.0000089406967163,
					"bytes":	12500584,
					"bits_per_second":	100003777.89655134,
					"packets":	8633,
					"omitted":	false,
					"sender":	true
				}],
			"sum":	{
				"start":	11.000143,
				"end":	12.000152,
				"seconds":	1.0000089406967163,
				"bytes":	12500584,
				"bits_per_second":	100003777.89655134,
				"packets":	8633,
				"omitted":	false,
				"sender":	true
			}
		}, {
			"streams":	[{
					"socket":	5,
					"start":	12.000152,
					"end":	13.000145,
					"seconds":	0.99999302625656128,
					"bytes":	12499136,
					"bits_per_second":	99993785.331004366,
					"packets":	8632,
					"omitted":	false,
					"sender":	true
				}],
			"sum":	{
				"start":	12.000152,
				"end":	13.000145,
				"seconds":	0.99999302625656128,
				"bytes":	12499136,
				"bits_per_second":	99993785.331004366,
				"packets":	8632,
				"omitted":	false,
				"sender":	true
			}
		}, {
			"streams":	[{
					"socket":	5,
					"start":	13.000145,
					"end":	14.000135,
					"seconds":	0.99998998641967773,
					"bytes":	12502032,
					"bits_per_second":	100017257.5308419,
					"packets":	8634,
					"omitted":	false,
					"sender":	true
				}],
			"sum":	{
				"start":	13.000145,
				"end":	14.000135,
				"seconds":	0.99998998641967773,
				"bytes":	12502032,
				"bits_per_second":	100017257.5308419,
				"packets":	8634,
				"omitted":	false,
				"sender":	true
			}
		}, {
			"streams":	[{
					"socket":	5,
					"start":	14.000135,
					"end":	15.000173,
					"seconds":	1.0000380277633667,
					"bytes":	12499136,
					"bits_per_second":	99989285.6311068,
					"packets":	8632,
					"omitted":	false,