{
	"start":	{
		"connected":	[{
				"socket":	5,
				"local_host":	"172.20.171.186",
				"local_port":	37096,
				"remote_host":	"54.227.41.78",
				"remote_port":	5201
			}],
		"version":	"iperf 3.16",
		"system_info":	"Linux DESKTOP-OR35M89 6.18.33.1-microsoft-standard-WSL2 #1 SMP PREEMPT_DYNAMIC Fri Jun  5 01:12:21 UTC 2026 x86_64",
		"timestamp":	{
			"time":	"Thu, 25 Jun 2026 22:41:22 GMT",
			"timesecs":	1782427282
		},
		"connecting_to":	{
			"host":	"54.227.41.78",
			"port":	5201
		},
		"cookie":	"gtr24ugm7qfqpje3k2kl4mwyrcktzjh6kv2e",
		"target_bitrate":	100000000,
		"fq_rate":	0,
		"sock_bufsize":	0,
		"sndbuf_actual":	212992,
		"rcvbuf_actual":	212992,
		"test_start":	{
			"protocol":	"UDP",
			"num_streams":	1,
			"blksize":	1448,
			"omit":	0,
			"duration":	30,
			"bytes":	0,
			"blocks":	0,
			"reverse":	0,
			"tos":	0,
			"target_bitrate":	100000000,
			"bidir":	0,
			"fqrate":	0
		}
	},
	"intervals":	[{
			"streams":	[{
					"socket":	5,
					"start":	0,
					"end":	1.000088,
					"seconds":	1.0000879764556885,
					"bytes":	12489000,
					"bits_per_second":	99903210.8695958,
					"packets":	8625,
					"omitted":	false,
					"sender":	true
				}],
			"sum":	{
				"start":	0,
				"end":	1.000088,
				"seconds":	1.0000879764556885,
				"bytes":	12489000,
				"bits_per_second":	99903210.8695958,
				"packets":	8625,
				"omitted":	false,
				"sender":	true
			}
		}, {
			"streams":	[{
					"socket":	5,
					"start":	1.000088,
					"end":	2.000084,
					"seconds":	0.9999960064888,
					"bytes":	12500584,
					"bits_per_second":	100005071.37137258,
					"packets":	8633,
					"omitted":	false,
					"sender":	true
				}],
			"sum":	{
				"start":	1.000088,
				"end":	2.000084,
				"seconds":	0.9999960064888,
				"bytes":	12500584,
				"bits_per_second":	100005071.37137258,
				"packets":	8633,
				"omitted":	false,
				"sender":	true
			}
		}, {
			"streams":	[{
					"socket":	5,
					"start":	2.000084,
					"end":	3.000126,
					"seconds":	1.0000419616699219,
					"bytes":	12500584,
					"bits_per_second":	100000475.8130419,
					"packets":	8633,
					"omitted":	false,
					"sender":	true
				}],
			"sum":	{
				"start":	2.000084,
				"end":	3.000126,
				"seconds":	1.0000419616699219,
				"bytes":	12500584,
				"bits_per_second":	100000475.8130419,
				"packets":	8633,
				"omitted":	false,
				"sender":	true
			}
		}, {
			"streams":	[{
					"socket":	5,
					"start":	3.000126,
					"end":	4.000088,
					"seconds":	0.9999619722366333,
					"bytes":	12499136,
					"bits_per_second":	99996890.658095345,
					"packets":	8632,
					"omitted":	false,
					"sender":	true
				}],
			"sum":	{
				"start":	3.000126,
				"end":	4.000088,
				"seconds":	0.9999619722366333,
				"bytes":	12499136,
				"bits_per_second":	99996890.658095345,
				"packets":	8632,
				"omitted":	false,
				"sender":	true
			}
		}, {
			"streams":	[{
					"socket":	5,
					"start":	4.000088,
					"end":	5.000154,
					"seconds":	1.0000660419464111,
					"bytes":	12500584,
					"bits_per_second":	99998067.932956353,
					"packets":	8633,
					"omitted":	false,
					"sender":	true
				}],
			"sum":	{
				"start":	4.000088,
				"end":	5.000154,
				"seconds":	1.0000660419464111,
				"bytes":	12500584,
				"bits_per_second":	99998067.932956353,
				"packets":	8633,
				"omitted":	false,
				"sender":	true
			}
		}, {
			"streams":	[{
					"socket":	5,
					"start":	5.000154,
					"end":	6.000083,
					"seconds":	0.99992901086807251,
					"bytes":	12499136,
					"bits_per_second":	100000186.9264625,
					"packets":	8632,
					"omitted":	false,
					"sender":	true
				}],
			"sum":	{
				"start":	5.000154,
				"end":	6.000083,
				"seconds":	0.99992901086807251,
				"bytes":	12499136,
				"bits_per_second":	100000186.9264625,
				"packets":	8632,
				"omitted":	false,
				"sender":	true
			}
		}, {
			"streams":	[{
					"socket":	5,
					"start":	6.000083,
					"end":	7.000134,
					"seconds":	1.0000510215759277,
					"bytes":	12503480,
					"bits_per_second":	100022736.68234587,
					"packets":	8635,
					"omitted":	false,
					"sender":	true
				}],
			"sum":	{
				"start":	6.000083,
				"end":	7.000134,
				"seconds":	1.0000510215759277,
				"bytes":	12503480,
				"bits_per_second":	100022736.68234587,
				"packets":	8635,
				"omitted":	false,
				"sender":	true
			}
		}, {
			"streams":	[{
					"socket":	5,
					"start":	7.000134,
					"end":	8.000185,
					"seconds":	1.0000510215759277,
					"bytes":	12497688,
					"bits_per_second":	99976403.046361,
					"packets":	8631,
					"omitted":	false,
					"sender":	true
				}],
			"sum":	{
				"start":	7.000134,
				"end":	8.000185,
				"seconds":	1.0000510215759277,
				"bytes":	12497688,
				"bits_per_second":	99976403.046361,
				"packets":	8631,
				"omitted":	false,
				"sender":	true
			}
		}, {
			"streams":	[{
					"socket":	5,
					"start":	8.000185,
					"end":	9.000119,
					"seconds":	0.99993401765823364,
					"bytes":	12500584,
					"bits_per_second":	100011270.97786215,
					"packets":	8633,
					"omitted":	false,
					"sender":	true
				}],
			"sum":	{
				"start":	8.000185,
				"end":	9.000119,
				"seconds":	0.99993401765823364,
				"bytes":	12500584,
				"bits_per_second":	100011270.97786215,
				"packets":	8633,
				"omitted":	false,
				"sender":	true
			}
		}, {
			"streams":	[{
					"socket":	5,
					"start":	9.000119,
					"end":	10.000173,
					"seconds":	1.0000540018081665,
					"bytes":	12502032,
					"bits_per_second":	100010855.23298115,
					"packets":	8634,
					"omitted":	false,
					"sender":	true
				}],
			"sum":	{
				"start":	9.000119,
				"end":	10.000173,
				"seconds":	1.0000540018081665,
				"bytes":	12502032,
				"bits_per_second":	100010855.23298115,
				"packets":	8634,
				"omitted":	false,
				"sender":	true
			}
		}, {
			"streams":	[{
					"socket":	5,
					"start":	10.000173,
					"end":	11.000096,
					"seconds":	0.9999229907989502,
					"bytes":	12499136,
					"bits_per_second":	100000788.98086376,
					"packets":	8632,
					"omitted":	false,
					"sender":	true
				}],
			"sum":	{
				"start":	10.000173,
				"end":	11.000096,
				"seconds":	0.9999229907989502,
				"bytes":	12499136,
				"bits_per_second":	100000788.98086376,
				"packets":	8632,
				"omitted":	false,
				"sender":	true
			}
		}, {
			"streams":	[{
					"socket":	5,
					"start":	11.000096,
					"end":	12.000093,
					"seconds":	0.99999701976776123,
					"bytes":	12499136,
					"bits_per_second":	99993386.003512636,
					"packets":	8632,
					"omitted":	false,
					"sender":	true
				}],
			"sum":	{
				"start":	11.000096,
				"end":	12.000093,
				"seconds":	0.99999701976776123,
				"bytes":	12499136,
				"bits_per_second":	99993386.003512636,
				"packets":	8632,
				"omitted":	false,
				"sender":	true
			}
		}, {
			"streams":	[{
					"socket":	5,
					"start":	12.000093,
					"end":	13.000161,
					"seconds":	1.0000679492950439,
					"bytes":	12500584,
					"bits_per_second":	99997877.214737371,
					"packets":	8633,
					"omitted":	false,
					"sender":	true
				}],
			"sum":	{
				"start":	12.000093,
				"end":	13.000161,
				"seconds":	1.0000679492950439,
				"bytes":	12500584,
				"bits_per_second":	99997877.214737371,
				"packets":	8633,
				"omitted":	false,
				"sender":	true
			}
		}, {
			"streams":	[{
					"socket":	5,
					"start":	13.000161,
					"end":	14.0001,
					"seconds":	0.99993902444839478,
					"bytes":	12497688,
					"bits_per_second":	99987600.7991124,
					"packets":	8631,
					"omitted":	false,
					"sender":	true
				}],
			"sum":	{
				"start":	13.000161,
				"end":	14.0001,
				"seconds":	0.99993902444839478,
				"bytes":	12497688,
				"bits_per_second":	99987600.7991124,
				"packets":	8631,
				"omitted":	false,
				"sender":	true
			}
		}, {
			"streams":	[{
					"socket":	5,
					"start":	14.0001,
					"end":	15.000096,
					"seconds":	0.9999960064888,
					"bytes":	12500584,
					"bits_per_second":	100005071.37137258,
					"packets":	8633,
					"omitted":	false,