{
	"start":	{
		"connected":	[{
				"socket":	5,
				"local_host":	"172.20.171.186",
				"local_port":	55095,
				"remote_host":	"54.227.41.78",
				"remote_port":	5201
			}],
		"version":	"iperf 3.16",
		"system_info":	"Linux DESKTOP-OR35M89 6.18.33.1-microsoft-standard-WSL2 #1 SMP PREEMPT_DYNAMIC Fri Jun  5 01:12:21 UTC 2026 x86_64",
		"timestamp":	{
			"time":	"Thu, 25 Jun 2026 21:41:26 GMT",
			"timesecs":	1782423686
		},
		"connecting_to":	{
			"host":	"54.227.41.78",
			"port":	5201
		},
		"cookie":	"jsfkh75frlx2yahlfyrithqbl6vrvdjn3bd2",
		"target_bitrate":	100000000,
		"fq_rate":	0,
		"sock_bufsize":	0,
		"sndbuf_actual":	212992,
		"rcvbuf_actual":	212992,
		"test_start":	{
			"protocol":	"UDP",
			"num_streams":	1,
			"blksize":	1448,
			"omit":	0,
			"duration":	30,
			"bytes":	0,
			"blocks":	0,
			"reverse":	0,
			"tos":	0,
			"target_bitrate":	100000000,
			"bidir":	0,
			"fqrate":	0
		}
	},
	"intervals":	[{
			"streams":	[{
					"socket":	5,
					"start":	0,
					"end":	1.000112,
					"seconds":	1.0001120567321777,
					"bytes":	12490448,
					"bits_per_second":	99912388.1442805,
					"packets":	8626,
					"omitted":	false,
					"sender":	true
				}],
			"sum":	{
				"start":	0,
				"end":	1.000112,
				"seconds":	1.0001120567321777,
				"bytes":	12490448,
				"bits_per_second":	99912388.1442805,
				"packets":	8626,
				"omitted":	false,
				"sender":	true
			}
		}, {
			"streams":	[{
					"socket":	5,
					"start":	1.000112,
					"end":	2.000104,
					"seconds":	0.9999920129776,
					"bytes":	12499136,
					"bits_per_second":	99993886.653412551,
					"packets":	8632,
					"omitted":	false,
					"sender":	true
				}],
			"sum":	{
				"start":	1.000112,
				"end":	2.000104,
				"seconds":	0.9999920129776,
				"bytes":	12499136,
				"bits_per_second":	99993886.653412551,
				"packets":	8632,
				"omitted":	false,
				"sender":	true
			}
		}, {
			"streams":	[{
					"socket":	5,
					"start":	2.000104,
					"end":	3.000535,
					"seconds":	1.0004309415817261,
					"bytes":	12503480,
					"bits_per_second":	99984752.4126468,
					"packets":	8635,
					"omitted":	false,
					"sender":	true
				}],
			"sum":	{
				"start":	2.000104,
				"end":	3.000535,
				"seconds":	1.0004309415817261,
				"bytes":	12503480,
				"bits_per_second":	99984752.4126468,
				"packets":	8635,
				"omitted":	false,
				"sender":	true
			}
		}, {
			"streams":	[{
					"socket":	5,
					"start":	3.000535,
					"end":	4.000235,
					"seconds":	0.99970000982284546,
					"bytes":	12497688,
					"bits_per_second":	100011506.46954329,
					"packets":	8631,
					"omitted":	false,
					"sender":	true
				}],
			"sum":	{
				"start":	3.000535,
				"end":	4.000235,
				"seconds":	0.99970000982284546,
				"bytes":	12497688,
				"bits_per_second":	100011506.46954329,
				"packets":	8631,
				"omitted":	false,
				"sender":	true
			}
		}, {
			"streams":	[{
					"socket":	5,
					"start":	4.000235,
					"end":	5.00013,
					"seconds":	0.99989497661590576,
					"bytes":	12500584,
					"bits_per_second":	100015175.93223718,
					"packets":	8633,
					"omitted":	false,
					"sender":	true
				}],
			"sum":	{
				"start":	4.000235,
				"end":	5.00013,
				"seconds":	0.99989497661590576,
				"bytes":	12500584,
				"bits_per_second":	100015175.93223718,
				"packets":	8633,
				"omitted":	false,
				"sender":	true
			}
		}, {
			"streams":	[{
					"socket":	5,
					"start":	5.00013,
					"end":	6.000135,
					"seconds":	1.0000050067901611,
					"bytes":	12499136,
					"bits_per_second":	99992587.358097434,
					"packets":	8632,
					"omitted":	false,
					"sender":	true
				}],
			"sum":	{
				"start":	5.00013,
				"end":	6.000135,
				"seconds":	1.0000050067901611,
				"bytes":	12499136,
				"bits_per_second":	99992587.358097434,
				"packets":	8632,
				"omitted":	false,
				"sender":	true
			}
		}, {
			"streams":	[{
					"socket":	5,
					"start":	6.000135,
					"end":	7.00018,
					"seconds":	1.0000449419021606,
					"bytes":	12500584,
					"bits_per_second":	100000177.80179319,
					"packets":	8633,
					"omitted":	false,
					"sender":	true
				}],
			"sum":	{
				"start":	6.000135,
				"end":	7.00018,
				"seconds":	1.0000449419021606,
				"bytes":	12500584,
				"bits_per_second":	100000177.80179319,
				"packets":	8633,
				"omitted":	false,
				"sender":	true
			}
		}, {
			"streams":	[{
					"socket":	5,
					"start":	7.00018,
					"end":	8.00016,
					"seconds":	0.99997997283935547,
					"bytes":	12502032,
					"bits_per_second":	100018259.081742,
					"packets":	8634,
					"omitted":	false,
					"sender":	true
				}],
			"sum":	{
				"start":	7.00018,
				"end":	8.00016,
				"seconds":	0.99997997283935547,
				"bytes":	12502032,
				"bits_per_second":	100018259.081742,
				"packets":	8634,
				"omitted":	false,
				"sender":	true
			}
		}, {
			"streams":	[{
					"socket":	5,
					"start":	8.00016,
					"end":	9.000157,
					"seconds":	0.99999701976776123,
					"bytes":	12497688,
					"bits_per_second":	99981801.9689895,
					"packets":	8631,
					"omitted":	false,
					"sender":	true
				}],
			"sum":	{
				"start":	8.00016,
				"end":	9.000157,
				"seconds":	0.99999701976776123,
				"bytes":	12497688,
				"bits_per_second":	99981801.9689895,
				"packets":	8631,
				"omitted":	false,
				"sender":	true
			}
		}, {
			"streams":	[{
					"socket":	5,
					"start":	9.000157,
					"end":	10.0002,
					"seconds":	1.0000430345535278,
					"bytes":	12500584,
					"bits_per_second":	100000368.52878775,
					"packets":	8633,
					"omitted":	false,
					"sender":	true
				}],
			"sum":	{
				"start":	9.000157,
				"end":	10.0002,
				"seconds":	1.0000430345535278,
				"bytes":	12500584,
				"bits_per_second":	100000368.52878775,
				"packets":	8633,
				"omitted":	false,
				"sender":	true
			}
		}, {
			"streams":	[{
					"socket":	5,
					"start":	10.0002,
					"end":	11.000097,
					"seconds":	0.999897003173828,
					"bytes":	12499136,
					"bits_per_second":	100003388.03157368,
					"packets":	8632,
					"omitted":	false,
					"sender":	true
				}],
			"sum":	{
				"start":	10.0002,
				"end":	11.000097,
				"seconds":	0.999897003173828,
				"bytes":	12499136,
				"bits_per_second":	100003388.03157368,
				"packets":	8632,
				"omitted":	false,
				"sender":	true
			}
		}, {
			"streams":	[{
					"socket":	5,
					"start":	11.000097,
					"end":	12.000183,
					"seconds":	1.0000859498977661,
					"bytes":	12502032,
					"bits_per_second":	100007660.35181694,
					"packets":	8634,
					"omitted":	false,
					"sender":	true
				}],
			"sum":	{
				"start":	11.000097,
				"end":	12.000183,
				"seconds":	1.0000859498977661,
				"bytes":	12502032,
				"bits_per_second":	100007660.35181694,
				"packets":	8634,
				"omitted":	false,
				"sender":	true
			}
		}, {
			"streams":	[{
					"socket":	5,
					"start":	12.000183,
					"end":	13.000119,
					"seconds":	0.99993598461151123,
					"bytes":	12497688,
					"bits_per_second":	99987904.7645677,
					"packets":	8631,
					"omitted":	false,
					"sender":	true
				}],
			"sum":	{
				"start":	12.000183,
				"end":	13.000119,
				"seconds":	0.99993598461151123,
				"bytes":	12497688,
				"bits_per_second":	99987904.7645677,
				"packets":	8631,
				"omitted":	false,
				"sender":	true
			}
		}, {
			"streams":	[{
					"socket":	5,
					"start":	13.000119,
					"end":	14.000115,
					"seconds":	0.9999960064888,
					"bytes":	12500584,
					"bits_per_second":	100005071.37137258,
					"packets":	8633,
					"omitted":	false,
					"sender":	true
				}],
			"sum":	{
				"start":	13.000119,
				"end":	14.000115,
				"seconds":	0.9999960064888,
				"bytes":	12500584,
				"bits_per_second":	100005071.37137258,
				"packets":	8633,
				"omitted":	false,
				"sender":	true
			}
		}, {
			"streams":	[{
					"socket":	5,
					"start":	14.000115,
					"end":	15.000173,
					"seconds":	1.0000580549240112,
					"bytes":	12500584,
					"bits_per_second":	99998866.573399872,
					"packets":	8633,
					"omitted":	false,
					"sender":	true
				}],