{
	"start":	{
		"connected":	[{
				"socket":	5,
				"local_host":	"172.20.171.186",
				"local_port":	48015,
				"remote_host":	"54.227.41.78",
				"remote_port":	5201
			}],
		"version":	"iperf 3.16",
		"system_info":	"Linux DESKTOP-OR35M89 6.18.33.1-microsoft-standard-WSL2 #1 SMP PREEMPT_DYNAMIC Fri Jun  5 01:12:21 UTC 2026 x86_64",
		"timestamp":	{
			"time":	"Thu, 25 Jun 2026 21:45:14 GMT",
			"timesecs":	1782423914
		},
		"connecting_to":	{
			"host":	"54.227.41.78",
			"port":	5201
		},
		"cookie":	"lifkhxir5vrml6j5mxf3mgspj4k6ixzkgqem",
		"target_bitrate":	100000000,
		"fq_rate":	0,
		"sock_bufsize":	0,
		"sndbuf_actual":	212992,
		"rcvbuf_actual":	212992,
		"test_start":	{
			"protocol":	"UDP",
			"num_streams":	1,
			"blksize":	1448,
			"omit":	0,
			"duration":	30,
			"bytes":	0,
			"blocks":	0,
			"reverse":	0,
			"tos":	0,
			"target_bitrate":	100000000,
			"bidir":	0,
			"fqrate":	0
		}
	},
	"intervals":	[{
			"streams":	[{
					"socket":	5,
					"start":	0,
					"end":	1.00016,
					"seconds":	1.0001599788665771,
					"bytes":	12490448,
					"bits_per_second":	99907600.895246342,
					"packets":	8626,
					"omitted":	false,
					"sender":	true
				}],
			"sum":	{
				"start":	0,
				"end":	1.00016,
				"seconds":	1.0001599788665771,
				"bytes":	12490448,
				"bits_per_second":	99907600.895246342,
				"packets":	8626,
				"omitted":	false,
				"sender":	true
			}
		}, {
			"streams":	[{
					"socket":	5,
					"start":	1.00016,
					"end":	2.000079,
					"seconds":	0.99991899728775024,
					"bytes":	12499136,
					"bits_per_second":	100001188.36748597,
					"packets":	8632,
					"omitted":	false,
					"sender":	true
				}],
			"sum":	{
				"start":	1.00016,
				"end":	2.000079,
				"seconds":	0.99991899728775024,
				"bytes":	12499136,
				"bits_per_second":	100001188.36748597,
				"packets":	8632,
				"omitted":	false,
				"sender":	true
			}
		}, {
			"streams":	[{
					"socket":	5,
					"start":	2.000079,
					"end":	3.00018,
					"seconds":	1.0001009702682495,
					"bytes":	12502032,
					"bits_per_second":	100006158.35136466,
					"packets":	8634,
					"omitted":	false,
					"sender":	true
				}],
			"sum":	{
				"start":	2.000079,
				"end":	3.00018,
				"seconds":	1.0001009702682495,
				"bytes":	12502032,
				"bits_per_second":	100006158.35136466,
				"packets":	8634,
				"omitted":	false,
				"sender":	true
			}
		}, {
			"streams":	[{
					"socket":	5,
					"start":	3.00018,
					"end":	4.000149,
					"seconds":	0.9999690055847168,
					"bytes":	12499136,
					"bits_per_second":	99996187.323356643,
					"packets":	8632,
					"omitted":	false,
					"sender":	true
				}],
			"sum":	{
				"start":	3.00018,
				"end":	4.000149,
				"seconds":	0.9999690055847168,
				"bytes":	12499136,
				"bits_per_second":	99996187.323356643,
				"packets":	8632,
				"omitted":	false,
				"sender":	true
			}
		}, {
			"streams":	[{
					"socket":	5,
					"start":	4.000149,
					"end":	5.000096,
					"seconds":	0.99994701147079468,
					"bytes":	12499136,
					"bits_per_second":	99998386.7674377,
					"packets":	8632,
					"omitted":	false,
					"sender":	true
				}],
			"sum":	{
				"start":	4.000149,
				"end":	5.000096,
				"seconds":	0.99994701147079468,
				"bytes":	12499136,
				"bits_per_second":	99998386.7674377,
				"packets":	8632,
				"omitted":	false,
				"sender":	true
			}
		}, {
			"streams":	[{
					"socket":	5,
					"start":	5.000096,
					"end":	6.000148,
					"seconds":	1.0000519752502441,
					"bytes":	12500584,
					"bits_per_second":	99999474.502288461,
					"packets":	8633,
					"omitted":	false,
					"sender":	true
				}],
			"sum":	{
				"start":	5.000096,
				"end":	6.000148,
				"seconds":	1.0000519752502441,
				"bytes":	12500584,
				"bits_per_second":	99999474.502288461,
				"packets":	8633,
				"omitted":	false,
				"sender":	true
			}
		}, {
			"streams":	[{
					"socket":	5,
					"start":	6.000148,
					"end":	7.000089,
					"seconds":	0.99994099140167236,
					"bytes":	12499136,
					"bits_per_second":	99998988.8001633,
					"packets":	8632,
					"omitted":	false,
					"sender":	true
				}],
			"sum":	{
				"start":	6.000148,
				"end":	7.000089,
				"seconds":	0.99994099140167236,
				"bytes":	12499136,
				"bits_per_second":	99998988.8001633,
				"packets":	8632,
				"omitted":	false,
				"sender":	true
			}
		}, {
			"streams":	[{
					"socket":	5,
					"start":	7.000089,
					"end":	8.000151,
					"seconds":	1.0000619888305664,
					"bytes":	12502032,
					"bits_per_second":	100010056.49355309,
					"packets":	8634,
					"omitted":	false,
					"sender":	true
				}],
			"sum":	{
				"start":	7.000089,
				"end":	8.000151,
				"seconds":	1.0000619888305664,
				"bytes":	12502032,
				"bits_per_second":	100010056.49355309,
				"packets":	8634,
				"omitted":	false,
				"sender":	true
			}
		}, {
			"streams":	[{
					"socket":	5,
					"start":	8.000151,
					"end":	9.000101,
					"seconds":	0.99994999170303345,
					"bytes":	12499136,
					"bits_per_second":	99998088.7341175,
					"packets":	8632,
					"omitted":	false,
					"sender":	true
				}],
			"sum":	{
				"start":	8.000151,
				"end":	9.000101,
				"seconds":	0.99994999170303345,
				"bytes":	12499136,
				"bits_per_second":	99998088.7341175,
				"packets":	8632,
				"omitted":	false,
				"sender":	true
			}
		}, {
			"streams":	[{
					"socket":	5,
					"start":	9.000101,
					"end":	10.000144,
					"seconds":	1.0000430345535278,
					"bytes":	12499136,
					"bits_per_second":	99988785.027278557,
					"packets":	8632,
					"omitted":	false,
					"sender":	true
				}],
			"sum":	{
				"start":	9.000101,
				"end":	10.000144,
				"seconds":	1.0000430345535278,
				"bytes":	12499136,
				"bits_per_second":	99988785.027278557,
				"packets":	8632,
				"omitted":	false,
				"sender":	true
			}
		}, {
			"streams":	[{
					"socket":	5,
					"start":	10.000144,
					"end":	11.00013,
					"seconds":	0.99998599290847778,
					"bytes":	12500584,
					"bits_per_second":	100006072.79421441,
					"packets":	8633,
					"omitted":	false,
					"sender":	true
				}],
			"sum":	{
				"start":	10.000144,
				"end":	11.00013,
				"seconds":	0.99998599290847778,
				"bytes":	12500584,
				"bits_per_second":	100006072.79421441,
				"packets":	8633,
				"omitted":	false,
				"sender":	true
			}
		}, {
			"streams":	[{
					"socket":	5,
					"start":	11.00013,
					"end":	12.000206,
					"seconds":	1.0000760555267334,
					"bytes":	12500584,
					"bits_per_second":	99997066.6704226,
					"packets":	8633,
					"omitted":	false,
					"sender":	true
				}],
			"sum":	{
				"start":	11.00013,
				"end":	12.000206,
				"seconds":	1.0000760555267334,
				"bytes":	12500584,
				"bits_per_second":	99997066.6704226,
				"packets":	8633,
				"omitted":	false,
				"sender":	true
			}
		}, {
			"streams":	[{
					"socket":	5,
					"start":	12.000206,
					"end":	13.000137,
					"seconds":	0.99993097782135,
					"bytes":	12499136,
					"bits_per_second":	99999990.217189759,
					"packets":	8632,
					"omitted":	false,
					"sender":	true
				}],
			"sum":	{
				"start":	12.000206,
				"end":	13.000137,
				"seconds":	0.99993097782135,
				"bytes":	12499136,
				"bits_per_second":	99999990.217189759,
				"packets":	8632,
				"omitted":	false,
				"sender":	true
			}
		}, {
			"streams":	[{
					"socket":	5,
					"start":	13.000137,
					"end":	14.000135,
					"seconds":	0.99999797344207764,
					"bytes":	12500584,
					"bits_per_second":	100004874.66567104,
					"packets":	8633,
					"omitted":	false,
					"sender":	true
				}],
			"sum":	{
				"start":	13.000137,
				"end":	14.000135,
				"seconds":	0.99999797344207764,
				"bytes":	12500584,
				"bits_per_second":	100004874.66567104,
				"packets":	8633,
				"omitted":	false,
				"sender":	true
			}
		}, {
			"streams":	[{
					"socket":	5,
					"start":	14.000135,
					"end":	15.00013,
					"seconds":	0.999994993209839,
					"bytes":	12499136,
					"bits_per_second":	99993588.6469158,
					"packets":	8632,
					"omitted":	false,