{
	"start":	{
		"connected":	[{
				"socket":	5,
				"local_host":	"172.20.171.186",
				"local_port":	47616,
				"remote_host":	"54.227.41.78",
				"remote_port":	5201
			}],
		"version":	"iperf 3.16",
		"system_info":	"Linux DESKTOP-OR35M89 6.18.33.1-microsoft-standard-WSL2 #1 SMP PREEMPT_DYNAMIC Fri Jun  5 01:12:21 UTC 2026 x86_64",
		"timestamp":	{
			"time":	"Thu, 25 Jun 2026 23:08:59 GMT",
			"timesecs":	1782428939
		},
		"connecting_to":	{
			"host":	"54.227.41.78",
			"port":	5201
		},
		"cookie":	"vyenh2xz3ytqrbt7cdq5kimhcnlcrd3xs757",
		"target_bitrate":	100000000,
		"fq_rate":	0,
		"sock_bufsize":	0,
		"sndbuf_actual":	212992,
		"rcvbuf_actual":	212992,
		"test_start":	{
			"protocol":	"UDP",
			"num_streams":	1,
			"blksize":	1448,
			"omit":	0,
			"duration":	30,
			"bytes":	0,
			"blocks":	0,
			"reverse":	0,
			"tos":	0,
			"target_bitrate":	100000000,
			"bidir":	0,
			"fqrate":	0
		}
	},
	"intervals":	[{
			"streams":	[{
					"socket":	5,
					"start":	0,
					"end":	1.000144,
					"seconds":	1.0001440048217773,
					"bytes":	12490448,
					"bits_per_second":	99909196.59395057,
					"packets":	8626,
					"omitted":	false,
					"sender":	true
				}],
			"sum":	{
				"start":	0,
				"end":	1.000144,
				"seconds":	1.0001440048217773,
				"bytes":	12490448,
				"bits_per_second":	99909196.59395057,
				"packets":	8626,
				"omitted":	false,
				"sender":	true
			}
		}, {
			"streams":	[{
					"socket":	5,
					"start":	1.000144,
					"end":	2.000143,
					"seconds":	0.99999898672103882,
					"bytes":	12499136,
					"bits_per_second":	99993189.320995,
					"packets":	8632,
					"omitted":	false,
					"sender":	true
				}],
			"sum":	{
				"start":	1.000144,
				"end":	2.000143,
				"seconds":	0.99999898672103882,
				"bytes":	12499136,
				"bits_per_second":	99993189.320995,
				"packets":	8632,
				"omitted":	false,
				"sender":	true
			}
		}, {
			"streams":	[{
					"socket":	5,
					"start":	2.000143,
					"end":	3.000242,
					"seconds":	1.0000989437103271,
					"bytes":	12503480,
					"bits_per_second":	100017943.85353585,
					"packets":	8635,
					"omitted":	false,
					"sender":	true
				}],
			"sum":	{
				"start":	2.000143,
				"end":	3.000242,
				"seconds":	1.0000989437103271,
				"bytes":	12503480,
				"bits_per_second":	100017943.85353585,
				"packets":	8635,
				"omitted":	false,
				"sender":	true
			}
		}, {
			"streams":	[{
					"socket":	5,
					"start":	3.000242,
					"end":	4.000088,
					"seconds":	0.99984598159790039,
					"bytes":	12496240,
					"bits_per_second":	99985319.579155,
					"packets":	8630,
					"omitted":	false,
					"sender":	true
				}],
			"sum":	{
				"start":	3.000242,
				"end":	4.000088,
				"seconds":	0.99984598159790039,
				"bytes":	12496240,
				"bits_per_second":	99985319.579155,
				"packets":	8630,
				"omitted":	false,
				"sender":	true
			}
		}, {
			"streams":	[{
					"socket":	5,
					"start":	4.000088,
					"end":	5.000144,
					"seconds":	1.0000560283660889,
					"bytes":	12500584,
					"bits_per_second":	99999069.215541452,
					"packets":	8633,
					"omitted":	false,
					"sender":	true
				}],
			"sum":	{
				"start":	4.000088,
				"end":	5.000144,
				"seconds":	1.0000560283660889,
				"bytes":	12500584,
				"bits_per_second":	99999069.215541452,
				"packets":	8633,
				"omitted":	false,
				"sender":	true
			}
		}, {
			"streams":	[{
					"socket":	5,
					"start":	5.000144,
					"end":	6.000151,
					"seconds":	1.0000070333480835,
					"bytes":	12500584,
					"bits_per_second":	100003968.63727884,
					"packets":	8633,
					"omitted":	false,
					"sender":	true
				}],
			"sum":	{
				"start":	5.000144,
				"end":	6.000151,
				"seconds":	1.0000070333480835,
				"bytes":	12500584,
				"bits_per_second":	100003968.63727884,
				"packets":	8633,
				"omitted":	false,
				"sender":	true
			}
		}, {
			"streams":	[{
					"socket":	5,
					"start":	6.000151,
					"end":	7.000214,
					"seconds":	1.0000629425048828,
					"bytes":	12502032,
					"bits_per_second":	100009961.12253371,
					"packets":	8634,
					"omitted":	false,
					"sender":	true
				}],
			"sum":	{
				"start":	6.000151,
				"end":	7.000214,
				"seconds":	1.0000629425048828,
				"bytes":	12502032,
				"bits_per_second":	100009961.12253371,
				"packets":	8634,
				"omitted":	false,
				"sender":	true
			}
		}, {
			"streams":	[{
					"socket":	5,
					"start":	7.000214,
					"end":	8.000088,
					"seconds":	0.99987399578094482,
					"bytes":	12497688,
					"bits_per_second":	99994103.6789442,
					"packets":	8631,
					"omitted":	false,
					"sender":	true
				}],
			"sum":	{
				"start":	7.000214,
				"end":	8.000088,
				"seconds":	0.99987399578094482,
				"bytes":	12497688,
				"bits_per_second":	99994103.6789442,
				"packets":	8631,
				"omitted":	false,
				"sender":	true
			}
		}, {
			"streams":	[{
					"socket":	5,
					"start":	8.000088,
					"end":	9.000148,
					"seconds":	1.000059962272644,
					"bytes":	12500584,
					"bits_per_second":	99998675.8521345,
					"packets":	8633,
					"omitted":	false,
					"sender":	true
				}],
			"sum":	{
				"start":	8.000088,
				"end":	9.000148,
				"seconds":	1.000059962272644,
				"bytes":	12500584,
				"bits_per_second":	99998675.8521345,
				"packets":	8633,
				"omitted":	false,
				"sender":	true
			}
		}, {
			"streams":	[{
					"socket":	5,
					"start":	9.000148,
					"end":	10.000148,
					"seconds":	1,
					"bytes":	12499136,
					"bits_per_second":	99993088,
					"packets":	8632,
					"omitted":	false,
					"sender":	true
				}],
			"sum":	{
				"start":	9.000148,
				"end":	10.000148,
				"seconds":	1,
				"bytes":	12499136,
				"bits_per_second":	99993088,
				"packets":	8632,
				"omitted":	false,
				"sender":	true
			}
		}, {
			"streams":	[{
					"socket":	5,
					"start":	10.000148,
					"end":	11.000137,
					"seconds":	0.99998897314071655,
					"bytes":	12499136,
					"bits_per_second":	99994190.621869147,
					"packets":	8632,
					"omitted":	false,
					"sender":	true
				}],
			"sum":	{
				"start":	10.000148,
				"end":	11.000137,
				"seconds":	0.99998897314071655,
				"bytes":	12499136,
				"bits_per_second":	99994190.621869147,
				"packets":	8632,
				"omitted":	false,
				"sender":	true
			}
		}, {
			"streams":	[{
					"socket":	5,
					"start":	11.000137,
					"end":	12.000148,
					"seconds":	1.0000109672546387,
					"bytes":	12500584,
					"bits_per_second":	100003575.23532562,
					"packets":	8633,
					"omitted":	false,
					"sender":	true
				}],
			"sum":	{
				"start":	11.000137,
				"end":	12.000148,
				"seconds":	1.0000109672546387,
				"bytes":	12500584,
				"bits_per_second":	100003575.23532562,
				"packets":	8633,
				"omitted":	false,
				"sender":	true
			}
		}, {
			"streams":	[{
					"socket":	5,
					"start":	12.000148,
					"end":	13.000217,
					"seconds":	1.00006902217865,
					"bytes":	12500584,
					"bits_per_second":	99997769.9360589,
					"packets":	8633,
					"omitted":	false,
					"sender":	true
				}],
			"sum":	{
				"start":	12.000148,
				"end":	13.000217,
				"seconds":	1.00006902217865,
				"bytes":	12500584,
				"bits_per_second":	99997769.9360589,
				"packets":	8633,
				"omitted":	false,
				"sender":	true
			}
		}, {
			"streams":	[{
					"socket":	5,
					"start":	13.000217,
					"end":	14.000174,
					"seconds":	0.999957025051117,
					"bytes":	12500584,
					"bits_per_second":	100008969.88036846,
					"packets":	8633,
					"omitted":	false,
					"sender":	true
				}],
			"sum":	{
				"start":	13.000217,
				"end":	14.000174,
				"seconds":	0.999957025051117,
				"bytes":	12500584,
				"bits_per_second":	100008969.88036846,
				"packets":	8633,
				"omitted":	false,
				"sender":	true
			}
		}, {
			"streams":	[{
					"socket":	5,
					"start":	14.000174,
					"end":	15.000135,
					"seconds":	0.999961018562317,
					"bytes":	12499136,
					"bits_per_second":	99996986.0262793,
					"packets":	8632,
					"omitted":	false,
					"sender":	true
				}],
			"sum":	{
				"start":	14.000174,