{
	"start":	{
		"connected":	[{
				"socket":	5,
				"local_host":	"172.20.171.186",
				"local_port":	36971,
				"remote_host":	"54.227.41.78",
				"remote_port":	5201
			}],
		"version":	"iperf 3.16",
		"system_info":	"Linux DESKTOP-OR35M89 6.18.33.1-microsoft-standard-WSL2 #1 SMP PREEMPT_DYNAMIC Fri Jun  5 01:12:21 UTC 2026 x86_64",
		"timestamp":	{
			"time":	"Thu, 25 Jun 2026 23:18:26 GMT",
			"timesecs":	1782429506
		},
		"connecting_to":	{
			"host":	"54.227.41.78",
			"port":	5201
		},
		"cookie":	"7oquq5hu7haqxvhxditxj2yb3katnuxxw65u",
		"target_bitrate":	100000000,
		"fq_rate":	0,
		"sock_bufsize":	0,
		"sndbuf_actual":	212992,
		"rcvbuf_actual":	212992,
		"test_start":	{
			"protocol":	"UDP",
			"num_streams":	1,
			"blksize":	1448,
			"omit":	0,
			"duration":	30,
			"bytes":	0,
			"blocks":	0,
			"reverse":	0,
			"tos":	0,
			"target_bitrate":	100000000,
			"bidir":	0,
			"fqrate":	0
		}
	},
	"intervals":	[{
			"streams":	[{
					"socket":	5,
					"start":	0,
					"end":	1.00013,
					"seconds":	1.0001300573349,
					"bytes":	12490448,
					"bits_per_second":	99910589.89495,
					"packets":	8626,
					"omitted":	false,
					"sender":	true
				}],
			"sum":	{
				"start":	0,
				"end":	1.00013,
				"seconds":	1.0001300573349,
				"bytes":	12490448,
				"bits_per_second":	99910589.89495,
				"packets":	8626,
				"omitted":	false,
				"sender":	true
			}
		}, {
			"streams":	[{
					"socket":	5,
					"start":	1.00013,
					"end":	2.000136,
					"seconds":	1.0000059604644775,
					"bytes":	12499136,
					"bits_per_second":	99992491.998303428,
					"packets":	8632,
					"omitted":	false,
					"sender":	true
				}],
			"sum":	{
				"start":	1.00013,
				"end":	2.000136,
				"seconds":	1.0000059604644775,
				"bytes":	12499136,
				"bits_per_second":	99992491.998303428,
				"packets":	8632,
				"omitted":	false,
				"sender":	true
			}
		}, {
			"streams":	[{
					"socket":	5,
					"start":	2.000136,
					"end":	3.000104,
					"seconds":	0.99996799230575562,
					"bytes":	12500584,
					"bits_per_second":	100007873.0214217,
					"packets":	8633,
					"omitted":	false,
					"sender":	true
				}],
			"sum":	{
				"start":	2.000136,
				"end":	3.000104,
				"seconds":	0.99996799230575562,
				"bytes":	12500584,
				"bits_per_second":	100007873.0214217,
				"packets":	8633,
				"omitted":	false,
				"sender":	true
			}
		}, {
			"streams":	[{
					"socket":	5,
					"start":	3.000104,
					"end":	4.000103,
					"seconds":	0.99999898672103882,
					"bytes":	12499136,
					"bits_per_second":	99993189.320995,
					"packets":	8632,
					"omitted":	false,
					"sender":	true
				}],
			"sum":	{
				"start":	3.000104,
				"end":	4.000103,
				"seconds":	0.99999898672103882,
				"bytes":	12499136,
				"bits_per_second":	99993189.320995,
				"packets":	8632,
				"omitted":	false,
				"sender":	true
			}
		}, {
			"streams":	[{
					"socket":	5,
					"start":	4.000103,
					"end":	5.000192,
					"seconds":	1.0000890493392944,
					"bytes":	12500584,
					"bits_per_second":	99995767.442976967,
					"packets":	8633,
					"omitted":	false,
					"sender":	true
				}],
			"sum":	{
				"start":	4.000103,
				"end":	5.000192,
				"seconds":	1.0000890493392944,
				"bytes":	12500584,
				"bits_per_second":	99995767.442976967,
				"packets":	8633,
				"omitted":	false,
				"sender":	true
			}
		}, {
			"streams":	[{
					"socket":	5,
					"start":	5.000192,
					"end":	6.0001,
					"seconds":	0.9999079704284668,
					"bytes":	12502032,
					"bits_per_second":	100025461.30034588,
					"packets":	8634,
					"omitted":	false,
					"sender":	true
				}],
			"sum":	{
				"start":	5.000192,
				"end":	6.0001,
				"seconds":	0.9999079704284668,
				"bytes":	12502032,
				"bits_per_second":	100025461.30034588,
				"packets":	8634,
				"omitted":	false,
				"sender":	true
			}
		}, {
			"streams":	[{
					"socket":	5,
					"start":	6.0001,
					"end":	7.000096,
					"seconds":	0.9999960064888,
					"bytes":	12497688,
					"bits_per_second":	99981903.278850541,
					"packets":	8631,
					"omitted":	false,
					"sender":	true
				}],
			"sum":	{
				"start":	6.0001,
				"end":	7.000096,
				"seconds":	0.9999960064888,
				"bytes":	12497688,
				"bits_per_second":	99981903.278850541,
				"packets":	8631,
				"omitted":	false,
				"sender":	true
			}
		}, {
			"streams":	[{
					"socket":	5,
					"start":	7.000096,
					"end":	8.000156,
					"seconds":	1.000059962272644,
					"bytes":	12500584,
					"bits_per_second":	99998675.8521345,
					"packets":	8633,
					"omitted":	false,
					"sender":	true
				}],
			"sum":	{
				"start":	7.000096,
				"end":	8.000156,
				"seconds":	1.000059962272644,
				"bytes":	12500584,
				"bits_per_second":	99998675.8521345,
				"packets":	8633,
				"omitted":	false,
				"sender":	true
			}
		}, {
			"streams":	[{
					"socket":	5,
					"start":	8.000156,
					"end":	9.000099,
					"seconds":	0.99994301795959473,
					"bytes":	12500584,
					"bits_per_second":	100010370.79498959,
					"packets":	8633,
					"omitted":	false,
					"sender":	true
				}],
			"sum":	{
				"start":	8.000156,
				"end":	9.000099,
				"seconds":	0.99994301795959473,
				"bytes":	12500584,
				"bits_per_second":	100010370.79498959,
				"packets":	8633,
				"omitted":	false,
				"sender":	true
			}
		}, {
			"streams":	[{
					"socket":	5,
					"start":	9.000099,
					"end":	10.00019,
					"seconds":	1.0000909566879272,
					"bytes":	12500584,
					"bits_per_second":	99995576.73353295,
					"packets":	8633,
					"omitted":	false,
					"sender":	true
				}],
			"sum":	{
				"start":	9.000099,
				"end":	10.00019,
				"seconds":	1.0000909566879272,
				"bytes":	12500584,
				"bits_per_second":	99995576.73353295,
				"packets":	8633,
				"omitted":	false,
				"sender":	true
			}
		}, {
			"streams":	[{
					"socket":	5,
					"start":	10.00019,
					"end":	11.000175,
					"seconds":	0.9999849796295166,
					"bytes":	12499136,
					"bits_per_second":	99994589.955787465,
					"packets":	8632,
					"omitted":	false,
					"sender":	true
				}],
			"sum":	{
				"start":	10.00019,
				"end":	11.000175,
				"seconds":	0.9999849796295166,
				"bytes":	12499136,
				"bits_per_second":	99994589.955787465,
				"packets":	8632,
				"omitted":	false,
				"sender":	true
			}
		}, {
			"streams":	[{
					"socket":	5,
					"start":	11.000175,
					"end":	12.000098,
					"seconds":	0.9999229907989502,
					"bytes":	12499136,
					"bits_per_second":	100000788.98086376,
					"packets":	8632,
					"omitted":	false,
					"sender":	true
				}],
			"sum":	{
				"start":	11.000175,
				"end":	12.000098,
				"seconds":	0.9999229907989502,
				"bytes":	12499136,
				"bits_per_second":	100000788.98086376,
				"packets":	8632,
				"omitted":	false,
				"sender":	true
			}
		}, {
			"streams":	[{
					"socket":	5,
					"start":	12.000098,
					"end":	13.000143,
					"seconds":	1.0000449419021606,
					"bytes":	12500584,
					"bits_per_second":	100000177.80179319,
					"packets":	8633,
					"omitted":	false,
					"sender":	true
				}],
			"sum":	{
				"start":	12.000098,
				"end":	13.000143,
				"seconds":	1.0000449419021606,
				"bytes":	12500584,
				"bits_per_second":	100000177.80179319,
				"packets":	8633,
				"omitted":	false,
				"sender":	true
			}
		}, {
			"streams":	[{
					"socket":	5,
					"start":	13.000143,
					"end":	14.000152,
					"seconds":	1.0000089406967163,
					"bytes":	12499136,
					"bits_per_second":	99992194.000119448,
					"packets":	8632,
					"omitted":	false,
					"sender":	true
				}],
			"sum":	{
				"start":	13.000143,
				"end":	14.000152,
				"seconds":	1.0000089406967163,
				"bytes":	12499136,
				"bits_per_second":	99992194.000119448,
				"packets":	8632,
				"omitted":	false,
				"sender":	true
			}
		}, {
			"streams":	[{
					"socket":	5,
					"start":	14.000152,
					"end":	15.000086,
					"seconds":	0.99993401765823364,
					"bytes":	12502032,
					"bits_per_second":	100022855.74225204,
					"packets":	8634,
					"omitted":	false,
					"sender":	true
				}],