{
	"start":	{
		"connected":	[{
				"socket":	5,
				"local_host":	"172.20.171.186",
				"local_port":	58359,
				"remote_host":	"54.227.41.78",
				"remote_port":	5201
			}],
		"version":	"iperf 3.16",
		"system_info":	"Linux DESKTOP-OR35M89 6.18.33.1-microsoft-standard-WSL2 #1 SMP PREEMPT_DYNAMIC Fri Jun  5 01:12:21 UTC 2026 x86_64",
		"timestamp":	{
			"time":	"Fri, 26 Jun 2026 00:25:16 GMT",
			"timesecs":	1782433516
		},
		"connecting_to":	{
			"host":	"54.227.41.78",
			"port":	5201
		},
		"cookie":	"l2vxisecqfblziaky2mfga52pofqysacimkl",
		"target_bitrate":	100000000,
		"fq_rate":	0,
		"sock_bufsize":	0,
		"sndbuf_actual":	212992,
		"rcvbuf_actual":	212992,
		"test_start":	{
			"protocol":	"UDP",
			"num_streams":	1,
			"blksize":	1448,
			"omit":	0,
			"duration":	30,
			"bytes":	0,
			"blocks":	0,
			"reverse":	0,
			"tos":	0,
			"target_bitrate":	100000000,
			"bidir":	0,
			"fqrate":	0
		}
	},
	"intervals":	[{
			"streams":	[{
					"socket":	5,
					"start":	0,
					"end":	1.000133,
					"seconds":	1.0001330375671387,
					"bytes":	12489000,
					"bits_per_second":	99898709.718698725,
					"packets":	8625,
					"omitted":	false,
					"sender":	true
				}],
			"sum":	{
				"start":	0,
				"end":	1.000133,
				"seconds":	1.0001330375671387,
				"bytes":	12489000,
				"bits_per_second":	99898709.718698725,
				"packets":	8625,
				"omitted":	false,
				"sender":	true
			}
		}, {
			"streams":	[{
					"socket":	5,
					"start":	1.000133,
					"end":	2.00011,
					"seconds":	0.9999769926071167,
					"bytes":	12500584,
					"bits_per_second":	100006972.89971657,
					"packets":	8633,
					"omitted":	false,
					"sender":	true
				}],
			"sum":	{
				"start":	1.000133,
				"end":	2.00011,
				"seconds":	0.9999769926071167,
				"bytes":	12500584,
				"bits_per_second":	100006972.89971657,
				"packets":	8633,
				"omitted":	false,
				"sender":	true
			}
		}, {
			"streams":	[{
					"socket":	5,
					"start":	2.00011,
					"end":	3.000124,
					"seconds":	1.0000139474868774,
					"bytes":	12500584,
					"bits_per_second":	100003277.20560348,
					"packets":	8633,
					"omitted":	false,
					"sender":	true
				}],
			"sum":	{
				"start":	2.00011,
				"end":	3.000124,
				"seconds":	1.0000139474868774,
				"bytes":	12500584,
				"bits_per_second":	100003277.20560348,
				"packets":	8633,
				"omitted":	false,
				"sender":	true
			}
		}, {
			"streams":	[{
					"socket":	5,
					"start":	3.000124,
					"end":	4.000101,
					"seconds":	0.9999769926071167,
					"bytes":	12499136,
					"bits_per_second":	99995388.6331928,
					"packets":	8632,
					"omitted":	false,
					"sender":	true
				}],
			"sum":	{
				"start":	3.000124,
				"end":	4.000101,
				"seconds":	0.9999769926071167,
				"bytes":	12499136,
				"bits_per_second":	99995388.6331928,
				"packets":	8632,
				"omitted":	false,
				"sender":	true
			}
		}, {
			"streams":	[{
					"socket":	5,
					"start":	4.000101,
					"end":	5.000095,
					"seconds":	0.99999397993087769,
					"bytes":	12500584,
					"bits_per_second":	100005274.03866231,
					"packets":	8633,
					"omitted":	false,
					"sender":	true
				}],
			"sum":	{
				"start":	4.000101,
				"end":	5.000095,
				"seconds":	0.99999397993087769,
				"bytes":	12500584,
				"bits_per_second":	100005274.03866231,
				"packets":	8633,
				"omitted":	false,
				"sender":	true
			}
		}, {
			"streams":	[{
					"socket":	5,
					"start":	5.000095,
					"end":	6.000126,
					"seconds":	1.0000309944152832,
					"bytes":	12500584,
					"bits_per_second":	100001572.50973266,
					"packets":	8633,
					"omitted":	false,
					"sender":	true
				}],
			"sum":	{
				"start":	5.000095,
				"end":	6.000126,
				"seconds":	1.0000309944152832,
				"bytes":	12500584,
				"bits_per_second":	100001572.50973266,
				"packets":	8633,
				"omitted":	false,
				"sender":	true
			}
		}, {
			"streams":	[{
					"socket":	5,
					"start":	6.000126,
					"end":	7.000149,
					"seconds":	1.0000230073928833,
					"bytes":	12499136,
					"bits_per_second":	99990787.4726679,
					"packets":	8632,
					"omitted":	false,
					"sender":	true
				}],
			"sum":	{
				"start":	6.000126,
				"end":	7.000149,
				"seconds":	1.0000230073928833,
				"bytes":	12499136,
				"bits_per_second":	99990787.4726679,
				"packets":	8632,
				"omitted":	false,
				"sender":	true
			}
		}, {
			"streams":	[{
					"socket":	5,
					"start":	7.000149,
					"end":	8.000136,
					"seconds":	0.999987006187439,
					"bytes":	12500584,
					"bits_per_second":	100005971.45884812,
					"packets":	8633,
					"omitted":	false,
					"sender":	true
				}],
			"sum":	{
				"start":	7.000149,
				"end":	8.000136,
				"seconds":	0.999987006187439,
				"bytes":	12500584,
				"bits_per_second":	100005971.45884812,
				"packets":	8633,
				"omitted":	false,
				"sender":	true
			}
		}, {
			"streams":	[{
					"socket":	5,
					"start":	8.000136,
					"end":	9.000123,
					"seconds":	0.999987006187439,
					"bytes":	12499136,
					"bits_per_second":	99994387.308325842,
					"packets":	8632,
					"omitted":	false,
					"sender":	true
				}],
			"sum":	{
				"start":	8.000136,
				"end":	9.000123,
				"seconds":	0.999987006187439,
				"bytes":	12499136,
				"bits_per_second":	99994387.308325842,
				"packets":	8632,
				"omitted":	false,
				"sender":	true
			}
		}, {
			"streams":	[{
					"socket":	5,
					"start":	9.000123,
					"end":	10.000107,
					"seconds":	0.9999840259552002,
					"bytes":	12500584,
					"bits_per_second":	100006269.50462933,
					"packets":	8633,
					"omitted":	false,
					"sender":	true
				}],
			"sum":	{
				"start":	9.000123,
				"end":	10.000107,
				"seconds":	0.9999840259552002,
				"bytes":	12500584,
				"bits_per_second":	100006269.50462933,
				"packets":	8633,
				"omitted":	false,
				"sender":	true
			}
		}, {
			"streams":	[{
					"socket":	5,
					"start":	10.000107,
					"end":	11.000196,
					"seconds":	1.0000890493392944,
					"bytes":	12499136,
					"bits_per_second":	99984184.474432662,
					"packets":	8632,
					"omitted":	false,
					"sender":	true
				}],
			"sum":	{
				"start":	10.000107,
				"end":	11.000196,
				"seconds":	1.0000890493392944,
				"bytes":	12499136,
				"bits_per_second":	99984184.474432662,
				"packets":	8632,
				"omitted":	false,
				"sender":	true
			}
		}, {
			"streams":	[{
					"socket":	5,
					"start":	11.000196,
					"end":	12.000111,
					"seconds":	0.99991500377655029,
					"bytes":	12500584,
					"bits_per_second":	100013172.74197829,
					"packets":	8633,
					"omitted":	false,
					"sender":	true
				}],
			"sum":	{
				"start":	11.000196,
				"end":	12.000111,
				"seconds":	0.99991500377655029,
				"bytes":	12500584,
				"bits_per_second":	100013172.74197829,
				"packets":	8633,
				"omitted":	false,
				"sender":	true
			}
		}, {
			"streams":	[{
					"socket":	5,
					"start":	12.000111,
					"end":	13.000146,
					"seconds":	1.0000350475311279,
					"bytes":	12500584,
					"bits_per_second":	100001167.20597953,
					"packets":	8633,
					"omitted":	false,
					"sender":	true
				}],
			"sum":	{
				"start":	12.000111,
				"end":	13.000146,
				"seconds":	1.0000350475311279,
				"bytes":	12500584,
				"bits_per_second":	100001167.20597953,
				"packets":	8633,
				"omitted":	false,
				"sender":	true
			}
		}, {
			"streams":	[{
					"socket":	5,
					"start":	13.000146,
					"end":	14.000149,
					"seconds":	1.0000029802322388,
					"bytes":	12499136,
					"bits_per_second":	99992789.9982636,
					"packets":	8632,
					"omitted":	false,
					"sender":	true
				}],
			"sum":	{
				"start":	13.000146,
				"end":	14.000149,
				"seconds":	1.0000029802322388,
				"bytes":	12499136,
				"bits_per_second":	99992789.9982636,
				"packets":	8632,
				"omitted":	false,
				"sender":	true
			}
		}, {
			"streams":	[{
					"socket":	5,
					"start":	14.000149,
					"end":	15.000094,
					"seconds":	0.99994498491287231,
					"bytes":	12500584,
					"bits_per_second":	100010174.06844003,
					"packets":	8633,