{
	"start":	{
		"connected":	[{
				"socket":	5,
				"local_host":	"172.20.171.186",
				"local_port":	46147,
				"remote_host":	"54.227.41.78",
				"remote_port":	5201
			}],
		"version":	"iperf 3.16",
		"system_info":	"Linux DESKTOP-OR35M89 6.18.33.1-microsoft-standard-WSL2 #1 SMP PREEMPT_DYNAMIC Fri Jun  5 01:12:21 UTC 2026 x86_64",
		"timestamp":	{
			"time":	"Thu, 25 Jun 2026 21:33:50 GMT",
			"timesecs":	1782423230
		},
		"connecting_to":	{
			"host":	"54.227.41.78",
			"port":	5201
		},
		"cookie":	"o32rumkm5arxpwetnqvhk3gqemtaifv5kqjv",
		"target_bitrate":	100000000,
		"fq_rate":	0,
		"sock_bufsize":	0,
		"sndbuf_actual":	212992,
		"rcvbuf_actual":	212992,
		"test_start":	{
			"protocol":	"UDP",
			"num_streams":	1,
			"blksize":	1448,
			"omit":	0,
			"duration":	30,
			"bytes":	0,
			"blocks":	0,
			"reverse":	0,
			"tos":	0,
			"target_bitrate":	100000000,
			"bidir":	0,
			"fqrate":	0
		}
	},
	"intervals":	[{
			"streams":	[{
					"socket":	5,
					"start":	0,
					"end":	1.000145,
					"seconds":	1.0001449584960938,
					"bytes":	12490448,
					"bits_per_second":	99909101.326925576,
					"packets":	8626,
					"omitted":	false,
					"sender":	true
				}],
			"sum":	{
				"start":	0,
				"end":	1.000145,
				"seconds":	1.0001449584960938,
				"bytes":	12490448,
				"bits_per_second":	99909101.326925576,
				"packets":	8626,
				"omitted":	false,
				"sender":	true
			}
		}, {
			"streams":	[{
					"socket":	5,
					"start":	1.000145,
					"end":	2.000088,
					"seconds":	0.99994301795959473,
					"bytes":	12499136,
					"bits_per_second":	99998786.134872,
					"packets":	8632,
					"omitted":	false,
					"sender":	true
				}],
			"sum":	{
				"start":	1.000145,
				"end":	2.000088,
				"seconds":	0.99994301795959473,
				"bytes":	12499136,
				"bits_per_second":	99998786.134872,
				"packets":	8632,
				"omitted":	false,
				"sender":	true
			}
		}, {
			"streams":	[{
					"socket":	5,
					"start":	2.000088,
					"end":	3.000125,
					"seconds":	1.0000369548797607,
					"bytes":	12502032,
					"bits_per_second":	100012560.04786886,
					"packets":	8634,
					"omitted":	false,
					"sender":	true
				}],
			"sum":	{
				"start":	2.000088,
				"end":	3.000125,
				"seconds":	1.0000369548797607,
				"bytes":	12502032,
				"bits_per_second":	100012560.04786886,
				"packets":	8634,
				"omitted":	false,
				"sender":	true
			}
		}, {
			"streams":	[{
					"socket":	5,
					"start":	3.000125,
					"end":	4.000085,
					"seconds":	0.99996000528335571,
					"bytes":	12497688,
					"bits_per_second":	99985502.8918567,
					"packets":	8631,
					"omitted":	false,
					"sender":	true
				}],
			"sum":	{
				"start":	3.000125,
				"end":	4.000085,
				"seconds":	0.99996000528335571,
				"bytes":	12497688,
				"bits_per_second":	99985502.8918567,
				"packets":	8631,
				"omitted":	false,
				"sender":	true
			}
		}, {
			"streams":	[{
					"socket":	5,
					"start":	4.000085,
					"end":	5.000152,
					"seconds":	1.0000669956207275,
					"bytes":	12500584,
					"bits_per_second":	99997972.5737559,
					"packets":	8633,
					"omitted":	false,
					"sender":	true
				}],
			"sum":	{
				"start":	4.000085,
				"end":	5.000152,
				"seconds":	1.0000669956207275,
				"bytes":	12500584,
				"bits_per_second":	99997972.5737559,
				"packets":	8633,
				"omitted":	false,
				"sender":	true
			}
		}, {
			"streams":	[{
					"socket":	5,
					"start":	5.000152,
					"end":	6.000088,
					"seconds":	0.99993598461151123,
					"bytes":	12500584,
					"bits_per_second":	100011074.24777114,
					"packets":	8633,
					"omitted":	false,
					"sender":	true
				}],
			"sum":	{
				"start":	5.000152,
				"end":	6.000088,
				"seconds":	0.99993598461151123,
				"bytes":	12500584,
				"bits_per_second":	100011074.24777114,
				"packets":	8633,
				"omitted":	false,
				"sender":	true
			}
		}, {
			"streams":	[{
					"socket":	5,
					"start":	6.000088,
					"end":	7.000145,
					"seconds":	1.0000569820404053,
					"bytes":	12499136,
					"bits_per_second":	99987390.5144737,
					"packets":	8632,
					"omitted":	false,
					"sender":	true
				}],
			"sum":	{
				"start":	6.000088,
				"end":	7.000145,
				"seconds":	1.0000569820404053,
				"bytes":	12499136,
				"bits_per_second":	99987390.5144737,
				"packets":	8632,
				"omitted":	false,
				"sender":	true
			}
		}, {
			"streams":	[{
					"socket":	5,
					"start":	7.000145,
					"end":	8.000141,
					"seconds":	0.9999960064888,
					"bytes":	12502032,
					"bits_per_second":	100016655.41763359,
					"packets":	8634,
					"omitted":	false,
					"sender":	true
				}],
			"sum":	{
				"start":	7.000145,
				"end":	8.000141,
				"seconds":	0.9999960064888,
				"bytes":	12502032,
				"bits_per_second":	100016655.41763359,
				"packets":	8634,
				"omitted":	false,
				"sender":	true
			}
		}, {
			"streams":	[{
					"socket":	5,
					"start":	8.000141,
					"end":	9.000144,
					"seconds":	1.0000029802322388,
					"bytes":	12499136,
					"bits_per_second":	99992789.9982636,
					"packets":	8632,
					"omitted":	false,
					"sender":	true
				}],
			"sum":	{
				"start":	8.000141,
				"end":	9.000144,
				"seconds":	1.0000029802322388,
				"bytes":	12499136,
				"bits_per_second":	99992789.9982636,
				"packets":	8632,
				"omitted":	false,
				"sender":	true
			}
		}, {
			"streams":	[{
					"socket":	5,
					"start":	9.000144,
					"end":	10.000099,
					"seconds":	0.99995499849319458,
					"bytes":	12499136,
					"bits_per_second":	99997588.0421388,
					"packets":	8632,
					"omitted":	false,
					"sender":	true
				}],
			"sum":	{
				"start":	9.000144,
				"end":	10.000099,
				"seconds":	0.99995499849319458,
				"bytes":	12499136,
				"bits_per_second":	99997588.0421388,
				"packets":	8632,
				"omitted":	false,
				"sender":	true
			}
		}, {
			"streams":	[{
					"socket":	5,
					"start":	10.000099,
					"end":	11.000145,
					"seconds":	1.0000460147857666,
					"bytes":	12499136,
					"bits_per_second":	99988487.0511892,
					"packets":	8632,
					"omitted":	false,
					"sender":	true
				}],
			"sum":	{
				"start":	10.000099,
				"end":	11.000145,
				"seconds":	1.0000460147857666,
				"bytes":	12499136,
				"bits_per_second":	99988487.0511892,
				"packets":	8632,
				"omitted":	false,
				"sender":	true
			}
		}, {
			"streams":	[{
					"socket":	5,
					"start":	11.000145,
					"end":	12.000176,
					"seconds":	1.0000309944152832,
					"bytes":	12502032,
					"bits_per_second":	100013156.15070449,
					"packets":	8634,
					"omitted":	false,
					"sender":	true
				}],
			"sum":	{
				"start":	11.000145,
				"end":	12.000176,
				"seconds":	1.0000309944152832,
				"bytes":	12502032,
				"bits_per_second":	100013156.15070449,
				"packets":	8634,
				"omitted":	false,
				"sender":	true
			}
		}, {
			"streams":	[{
					"socket":	5,
					"start":	12.000176,
					"end":	13.000132,
					"seconds":	0.99995601177215576,
					"bytes":	12499136,
					"bits_per_second":	99997486.712229356,
					"packets":	8632,
					"omitted":	false,
					"sender":	true
				}],
			"sum":	{
				"start":	12.000176,
				"end":	13.000132,
				"seconds":	0.99995601177215576,
				"bytes":	12499136,
				"bits_per_second":	99997486.712229356,
				"packets":	8632,
				"omitted":	false,
				"sender":	true
			}
		}, {
			"streams":	[{
					"socket":	5,
					"start":	13.000132,
					"end":	14.000133,
					"seconds":	1.0000009536743164,
					"bytes":	12500584,
					"bits_per_second":	100004576.62820375,
					"packets":	8633,
					"omitted":	false,
					"sender":	true
				}],
			"sum":	{
				"start":	13.000132,
				"end":	14.000133,
				"seconds":	1.0000009536743164,
				"bytes":	12500584,
				"bits_per_second":	100004576.62820375,
				"packets":	8633,
				"omitted":	false,
				"sender":	true
			}
		}, {
			"streams":	[{
					"socket":	5,
					"start":	14.000133,
					"end":	15.000147,
					"seconds":	1.0000139474868774,
					"bytes":	12499136,
					"bits_per_second":	99991693.3671689,
					"packets":	8632,
					"omitted":	false,