{
	"start":	{
		"connected":	[{
				"socket":	5,
				"local_host":	"172.20.171.186",
				"local_port":	33797,
				"remote_host":	"54.227.41.78",
				"remote_port":	5201
			}],
		"version":	"iperf 3.16",
		"system_info":	"Linux DESKTOP-OR35M89 6.18.33.1-microsoft-standard-WSL2 #1 SMP PREEMPT_DYNAMIC Fri Jun  5 01:12:21 UTC 2026 x86_64",
		"timestamp":	{
			"time":	"Fri, 26 Jun 2026 00:19:08 GMT",
			"timesecs":	1782433148
		},
		"connecting_to":	{
			"host":	"54.227.41.78",
			"port":	5201
		},
		"cookie":	"jopekomaefw2kky4izsufv5e36k7hbqhpn6b",
		"target_bitrate":	100000000,
		"fq_rate":	0,
		"sock_bufsize":	0,
		"sndbuf_actual":	212992,
		"rcvbuf_actual":	212992,
		"test_start":	{
			"protocol":	"UDP",
			"num_streams":	1,
			"blksize":	1448,
			"omit":	0,
			"duration":	30,
			"bytes":	0,
			"blocks":	0,
			"reverse":	0,
			"tos":	0,
			"target_bitrate":	100000000,
			"bidir":	0,
			"fqrate":	0
		}
	},
	"intervals":	[{
			"streams":	[{
					"socket":	5,
					"start":	0,
					"end":	1.000136,
					"seconds":	1.0001360177993774,
					"bytes":	12490448,
					"bits_per_second":	99909994.4624174,
					"packets":	8626,
					"omitted":	false,
					"sender":	true
				}],
			"sum":	{
				"start":	0,
				"end":	1.000136,
				"seconds":	1.0001360177993774,
				"bytes":	12490448,
				"bits_per_second":	99909994.4624174,
				"packets":	8626,
				"omitted":	false,
				"sender":	true
			}
		}, {
			"streams":	[{
					"socket":	5,
					"start":	1.000136,
					"end":	2.000149,
					"seconds":	1.000012993812561,
					"bytes":	12500584,
					"bits_per_second":	100003372.5749213,
					"packets":	8633,
					"omitted":	false,
					"sender":	true
				}],
			"sum":	{
				"start":	1.000136,
				"end":	2.000149,
				"seconds":	1.000012993812561,
				"bytes":	12500584,
				"bits_per_second":	100003372.5749213,
				"packets":	8633,
				"omitted":	false,
				"sender":	true
			}
		}, {
			"streams":	[{
					"socket":	5,
					"start":	2.000149,
					"end":	3.000088,
					"seconds":	0.99993902444839478,
					"bytes":	12499136,
					"bits_per_second":	99999185.505496264,
					"packets":	8632,
					"omitted":	false,
					"sender":	true
				}],
			"sum":	{
				"start":	2.000149,
				"end":	3.000088,
				"seconds":	0.99993902444839478,
				"bytes":	12499136,
				"bits_per_second":	99999185.505496264,
				"packets":	8632,
				"omitted":	false,
				"sender":	true
			}
		}, {
			"streams":	[{
					"socket":	5,
					"start":	3.000088,
					"end":	4.000146,
					"seconds":	1.0000580549240112,
					"bytes":	12500584,
					"bits_per_second":	99998866.573399872,
					"packets":	8633,
					"omitted":	false,
					"sender":	true
				}],
			"sum":	{
				"start":	3.000088,
				"end":	4.000146,
				"seconds":	1.0000580549240112,
				"bytes":	12500584,
				"bits_per_second":	99998866.573399872,
				"packets":	8633,
				"omitted":	false,
				"sender":	true
			}
		}, {
			"streams":	[{
					"socket":	5,
					"start":	4.000146,
					"end":	5.000086,
					"seconds":	0.99993997812271118,
					"bytes":	12499136,
					"bits_per_second":	99999090.133116961,
					"packets":	8632,
					"omitted":	false,
					"sender":	true
				}],
			"sum":	{
				"start":	4.000146,
				"end":	5.000086,
				"seconds":	0.99993997812271118,
				"bytes":	12499136,
				"bits_per_second":	99999090.133116961,
				"packets":	8632,
				"omitted":	false,
				"sender":	true
			}
		}, {
			"streams":	[{
					"socket":	5,
					"start":	5.000086,
					"end":	6.000132,
					"seconds":	1.0000460147857666,
					"bytes":	12500584,
					"bits_per_second":	100000070.51817846,
					"packets":	8633,
					"omitted":	false,
					"sender":	true
				}],
			"sum":	{
				"start":	5.000086,
				"end":	6.000132,
				"seconds":	1.0000460147857666,
				"bytes":	12500584,
				"bits_per_second":	100000070.51817846,
				"packets":	8633,
				"omitted":	false,
				"sender":	true
			}
		}, {
			"streams":	[{
					"socket":	5,
					"start":	6.000132,
					"end":	7.000086,
					"seconds":	0.9999539852142334,
					"bytes":	12499136,
					"bits_per_second":	99997689.372253627,
					"packets":	8632,
					"omitted":	false,
					"sender":	true
				}],
			"sum":	{
				"start":	6.000132,
				"end":	7.000086,
				"seconds":	0.9999539852142334,
				"bytes":	12499136,
				"bits_per_second":	99997689.372253627,
				"packets":	8632,
				"omitted":	false,
				"sender":	true
			}
		}, {
			"streams":	[{
					"socket":	5,
					"start":	7.000086,
					"end":	8.000137,
					"seconds":	1.0000510215759277,
					"bytes":	12500584,
					"bits_per_second":	99999569.8643534,
					"packets":	8633,
					"omitted":	false,
					"sender":	true
				}],
			"sum":	{
				"start":	7.000086,
				"end":	8.000137,
				"seconds":	1.0000510215759277,
				"bytes":	12500584,
				"bits_per_second":	99999569.8643534,
				"packets":	8633,
				"omitted":	false,
				"sender":	true
			}
		}, {
			"streams":	[{
					"socket":	5,
					"start":	8.000137,
					"end":	9.000088,
					"seconds":	0.99995100498199463,
					"bytes":	12499136,
					"bits_per_second":	99997987.403193325,
					"packets":	8632,
					"omitted":	false,
					"sender":	true
				}],
			"sum":	{
				"start":	8.000137,
				"end":	9.000088,
				"seconds":	0.99995100498199463,
				"bytes":	12499136,
				"bits_per_second":	99997987.403193325,
				"packets":	8632,
				"omitted":	false,
				"sender":	true
			}
		}, {
			"streams":	[{
					"socket":	5,
					"start":	9.000088,
					"end":	10.00011,
					"seconds":	1.0000220537185669,
					"bytes":	12500584,
					"bits_per_second":	100002466.57374619,
					"packets":	8633,
					"omitted":	false,
					"sender":	true
				}],
			"sum":	{
				"start":	9.000088,
				"end":	10.00011,
				"seconds":	1.0000220537185669,
				"bytes":	12500584,
				"bits_per_second":	100002466.57374619,
				"packets":	8633,
				"omitted":	false,
				"sender":	true
			}
		}, {
			"streams":	[{
					"socket":	5,
					"start":	10.00011,
					"end":	11.000142,
					"seconds":	1.0000319480895996,
					"bytes":	12500584,
					"bits_per_second":	100001477.14384812,
					"packets":	8633,
					"omitted":	false,
					"sender":	true
				}],
			"sum":	{
				"start":	10.00011,
				"end":	11.000142,
				"seconds":	1.0000319480895996,
				"bytes":	12500584,
				"bits_per_second":	100001477.14384812,
				"packets":	8633,
				"omitted":	false,
				"sender":	true
			}
		}, {
			"streams":	[{
					"socket":	5,
					"start":	11.000142,
					"end":	12.000145,
					"seconds":	1.0000029802322388,
					"bytes":	12499136,
					"bits_per_second":	99992789.9982636,
					"packets":	8632,
					"omitted":	false,
					"sender":	true
				}],
			"sum":	{
				"start":	11.000142,
				"end":	12.000145,
				"seconds":	1.0000029802322388,
				"bytes":	12499136,
				"bits_per_second":	99992789.9982636,
				"packets":	8632,
				"omitted":	false,
				"sender":	true
			}
		}, {
			"streams":	[{
					"socket":	5,
					"start":	12.000145,
					"end":	13.000202,
					"seconds":	1.0000569820404053,
					"bytes":	12500584,
					"bits_per_second":	99998973.854431346,
					"packets":	8633,
					"omitted":	false,
					"sender":	true
				}],
			"sum":	{
				"start":	12.000145,
				"end":	13.000202,
				"seconds":	1.0000569820404053,
				"bytes":	12500584,
				"bits_per_second":	99998973.854431346,
				"packets":	8633,
				"omitted":	false,
				"sender":	true
			}
		}, {
			"streams":	[{
					"socket":	5,
					"start":	13.000202,
					"end":	14.000088,
					"seconds":	0.99988597631454468,
					"bytes":	12499136,
					"bits_per_second":	100004490.88061228,
					"packets":	8632,
					"omitted":	false,
					"sender":	true
				}],
			"sum":	{
				"start":	13.000202,
				"end":	14.000088,
				"seconds":	0.99988597631454468,
				"bytes":	12499136,
				"bits_per_second":	100004490.88061228,
				"packets":	8632,
				"omitted":	false,
				"sender":	true
			}
		}, {
			"streams":	[{
					"socket":	5,
					"start":	14.000088,
					"end":	15.000105,
					"seconds":	1.0000170469284058,
					"bytes":	12500584,
					"bits_per_second":	100002967.25657681,
					"packets":	8633,