{
	"start":	{
		"connected":	[{
				"socket":	5,
				"local_host":	"172.20.171.186",
				"local_port":	44937,
				"remote_host":	"54.227.41.78",
				"remote_port":	5201
			}],
		"version":	"iperf 3.16",
		"system_info":	"Linux DESKTOP-OR35M89 6.18.33.1-microsoft-standard-WSL2 #1 SMP PREEMPT_DYNAMIC Fri Jun  5 01:12:21 UTC 2026 x86_64",
		"timestamp":	{
			"time":	"Thu, 25 Jun 2026 23:56:39 GMT",
			"timesecs":	1782431799
		},
		"connecting_to":	{
			"host":	"54.227.41.78",
			"port":	5201
		},
		"cookie":	"jyuzmvddi25etjaf66mu35ace5gtcx52zl3u",
		"target_bitrate":	100000000,
		"fq_rate":	0,
		"sock_bufsize":	0,
		"sndbuf_actual":	212992,
		"rcvbuf_actual":	212992,
		"test_start":	{
			"protocol":	"UDP",
			"num_streams":	1,
			"blksize":	1448,
			"omit":	0,
			"duration":	30,
			"bytes":	0,
			"blocks":	0,
			"reverse":	0,
			"tos":	0,
			"target_bitrate":	100000000,
			"bidir":	0,
			"fqrate":	0
		}
	},
	"intervals":	[{
			"streams":	[{
					"socket":	5,
					"start":	0,
					"end":	1.000114,
					"seconds":	1.0001139640808105,
					"bytes":	12490448,
					"bits_per_second":	99912197.59823896,
					"packets":	8626,
					"omitted":	false,
					"sender":	true
				}],
			"sum":	{
				"start":	0,
				"end":	1.000114,
				"seconds":	1.0001139640808105,
				"bytes":	12490448,
				"bits_per_second":	99912197.59823896,
				"packets":	8626,
				"omitted":	false,
				"sender":	true
			}
		}, {
			"streams":	[{
					"socket":	5,
					"start":	1.000114,
					"end":	2.000156,
					"seconds":	1.0000419616699219,
					"bytes":	12500584,
					"bits_per_second":	100000475.8130419,
					"packets":	8633,
					"omitted":	false,
					"sender":	true
				}],
			"sum":	{
				"start":	1.000114,
				"end":	2.000156,
				"seconds":	1.0000419616699219,
				"bytes":	12500584,
				"bits_per_second":	100000475.8130419,
				"packets":	8633,
				"omitted":	false,
				"sender":	true
			}
		}, {
			"streams":	[{
					"socket":	5,
					"start":	2.000156,
					"end":	3.000187,
					"seconds":	1.0000309944152832,
					"bytes":	12499136,
					"bits_per_second":	99989988.868760839,
					"packets":	8632,
					"omitted":	false,
					"sender":	true
				}],
			"sum":	{
				"start":	2.000156,
				"end":	3.000187,
				"seconds":	1.0000309944152832,
				"bytes":	12499136,
				"bits_per_second":	99989988.868760839,
				"packets":	8632,
				"omitted":	false,
				"sender":	true
			}
		}, {
			"streams":	[{
					"socket":	5,
					"start":	3.000187,
					"end":	4.00022,
					"seconds":	1.0000330209732056,
					"bytes":	12500584,
					"bits_per_second":	100001369.85744542,
					"packets":	8633,
					"omitted":	false,
					"sender":	true
				}],
			"sum":	{
				"start":	3.000187,
				"end":	4.00022,
				"seconds":	1.0000330209732056,
				"bytes":	12500584,
				"bits_per_second":	100001369.85744542,
				"packets":	8633,
				"omitted":	false,
				"sender":	true
			}
		}, {
			"streams":	[{
					"socket":	5,
					"start":	4.00022,
					"end":	5.000147,
					"seconds":	0.99992698431015,
					"bytes":	12499136,
					"bits_per_second":	100000389.5974317,
					"packets":	8632,
					"omitted":	false,
					"sender":	true
				}],
			"sum":	{
				"start":	4.00022,
				"end":	5.000147,
				"seconds":	0.99992698431015,
				"bytes":	12499136,
				"bits_per_second":	100000389.5974317,
				"packets":	8632,
				"omitted":	false,
				"sender":	true
			}
		}, {
			"streams":	[{
					"socket":	5,
					"start":	5.000147,
					"end":	6.000148,
					"seconds":	1.0000009536743164,
					"bytes":	12500584,
					"bits_per_second":	100004576.62820375,
					"packets":	8633,
					"omitted":	false,
					"sender":	true
				}],
			"sum":	{
				"start":	5.000147,
				"end":	6.000148,
				"seconds":	1.0000009536743164,
				"bytes":	12500584,
				"bits_per_second":	100004576.62820375,
				"packets":	8633,
				"omitted":	false,
				"sender":	true
			}
		}, {
			"streams":	[{
					"socket":	5,
					"start":	6.000148,
					"end":	7.000152,
					"seconds":	1.0000040531158447,
					"bytes":	12502032,
					"bits_per_second":	100015850.62417111,
					"packets":	8634,
					"omitted":	false,
					"sender":	true
				}],
			"sum":	{
				"start":	6.000148,
				"end":	7.000152,
				"seconds":	1.0000040531158447,
				"bytes":	12502032,
				"bits_per_second":	100015850.62417111,
				"packets":	8634,
				"omitted":	false,
				"sender":	true
			}
		}, {
			"streams":	[{
					"socket":	5,
					"start":	7.000152,
					"end":	8.00045,
					"seconds":	1.000298023223877,
					"bytes":	12499136,
					"bits_per_second":	99963296.6160731,
					"packets":	8632,
					"omitted":	false,
					"sender":	true
				}],
			"sum":	{
				"start":	7.000152,
				"end":	8.00045,
				"seconds":	1.000298023223877,
				"bytes":	12499136,
				"bits_per_second":	99963296.6160731,
				"packets":	8632,
				"omitted":	false,
				"sender":	true
			}
		}, {
			"streams":	[{
					"socket":	5,
					"start":	8.00045,
					"end":	9.000142,
					"seconds":	0.99969202280044556,
					"bytes":	12499136,
					"bits_per_second":	100023893.07847884,
					"packets":	8632,
					"omitted":	false,
					"sender":	true
				}],
			"sum":	{
				"start":	8.00045,
				"end":	9.000142,
				"seconds":	0.99969202280044556,
				"bytes":	12499136,
				"bits_per_second":	100023893.07847884,
				"packets":	8632,
				"omitted":	false,
				"sender":	true
			}
		}, {
			"streams":	[{
					"socket":	5,
					"start":	9.000142,
					"end":	10.000126,
					"seconds":	0.9999840259552002,
					"bytes":	12499136,
					"bits_per_second":	99994685.319583043,
					"packets":	8632,
					"omitted":	false,
					"sender":	true
				}],
			"sum":	{
				"start":	9.000142,
				"end":	10.000126,
				"seconds":	0.9999840259552002,
				"bytes":	12499136,
				"bits_per_second":	99994685.319583043,
				"packets":	8632,
				"omitted":	false,
				"sender":	true
			}
		}, {
			"streams":	[{
					"socket":	5,
					"start":	10.000126,
					"end":	11.000277,
					"seconds":	1.0001510381698608,
					"bytes":	12502032,
					"bits_per_second":	100001152.00901659,
					"packets":	8634,
					"omitted":	false,
					"sender":	true
				}],
			"sum":	{
				"start":	10.000126,
				"end":	11.000277,
				"seconds":	1.0001510381698608,
				"bytes":	12502032,
				"bits_per_second":	100001152.00901659,
				"packets":	8634,
				"omitted":	false,
				"sender":	true
			}
		}, {
			"streams":	[{
					"socket":	5,
					"start":	11.000277,
					"end":	12.000215,
					"seconds":	0.99993801116943359,
					"bytes":	12499136,
					"bits_per_second":	99999286.8388486,
					"packets":	8632,
					"omitted":	false,
					"sender":	true
				}],
			"sum":	{
				"start":	11.000277,
				"end":	12.000215,
				"seconds":	0.99993801116943359,
				"bytes":	12499136,
				"bits_per_second":	99999286.8388486,
				"packets":	8632,
				"omitted":	false,
				"sender":	true
			}
		}, {
			"streams":	[{
					"socket":	5,
					"start":	12.000215,
					"end":	13.000188,
					"seconds":	0.99997299909591675,
					"bytes":	12500584,
					"bits_per_second":	100007372.28946681,
					"packets":	8633,
					"omitted":	false,
					"sender":	true
				}],
			"sum":	{
				"start":	12.000215,
				"end":	13.000188,
				"seconds":	0.99997299909591675,
				"bytes":	12500584,
				"bits_per_second":	100007372.28946681,
				"packets":	8633,
				"omitted":	false,
				"sender":	true
			}
		}, {
			"streams":	[{
					"socket":	5,
					"start":	13.000188,
					"end":	14.000124,
					"seconds":	0.99993598461151123,
					"bytes":	12497688,
					"bits_per_second":	99987904.7645677,
					"packets":	8631,
					"omitted":	false,
					"sender":	true
				}],
			"sum":	{
				"start":	13.000188,
				"end":	14.000124,
				"seconds":	0.99993598461151123,
				"bytes":	12497688,
				"bits_per_second":	99987904.7645677,
				"packets":	8631,
				"omitted":	false,
				"sender":	true
			}
		}, {
			"streams":	[{
					"socket":	5,
					"start":	14.000124,
					"end":	15.0003,
					"seconds":	1.000175952911377,
					"bytes":	12502032,
					"bits_per_second":	99998660.944473028,
					"packets":	8634,
					"omitted":	false,