{
	"start":	{
		"connected":	[{
				"socket":	5,
				"local_host":	"172.20.171.186",
				"local_port":	44631,
				"remote_host":	"54.227.41.78",
				"remote_port":	5201
			}],
		"version":	"iperf 3.16",
		"system_info":	"Linux DESKTOP-OR35M89 6.18.33.1-microsoft-standard-WSL2 #1 SMP PREEMPT_DYNAMIC Fri Jun  5 01:12:21 UTC 2026 x86_64",
		"timestamp":	{
			"time":	"Fri, 26 Jun 2026 00:26:55 GMT",
			"timesecs":	1782433615
		},
		"connecting_to":	{
			"host":	"54.227.41.78",
			"port":	5201
		},
		"cookie":	"lwhfqlfv7hzy3nybyr7kfwvdjexwr6gcv44o",
		"target_bitrate":	100000000,
		"fq_rate":	0,
		"sock_bufsize":	0,
		"sndbuf_actual":	212992,
		"rcvbuf_actual":	212992,
		"test_start":	{
			"protocol":	"UDP",
			"num_streams":	1,
			"blksize":	1448,
			"omit":	0,
			"duration":	30,
			"bytes":	0,
			"blocks":	0,
			"reverse":	0,
			"tos":	0,
			"target_bitrate":	100000000,
			"bidir":	0,
			"fqrate":	0
		}
	},
	"intervals":	[{
			"streams":	[{
					"socket":	5,
					"start":	0,
					"end":	1.000089,
					"seconds":	1.0000890493392944,
					"bytes":	12490448,
					"bits_per_second":	99914686.663166836,
					"packets":	8626,
					"omitted":	false,
					"sender":	true
				}],
			"sum":	{
				"start":	0,
				"end":	1.000089,
				"seconds":	1.0000890493392944,
				"bytes":	12490448,
				"bits_per_second":	99914686.663166836,
				"packets":	8626,
				"omitted":	false,
				"sender":	true
			}
		}, {
			"streams":	[{
					"socket":	5,
					"start":	1.000089,
					"end":	2.000068,
					"seconds":	0.999979019165039,
					"bytes":	12500584,
					"bits_per_second":	100006770.22554109,
					"packets":	8633,
					"omitted":	false,
					"sender":	true
				}],
			"sum":	{
				"start":	1.000089,
				"end":	2.000068,
				"seconds":	0.999979019165039,
				"bytes":	12500584,
				"bits_per_second":	100006770.22554109,
				"packets":	8633,
				"omitted":	false,
				"sender":	true
			}
		}, {
			"streams":	[{
					"socket":	5,
					"start":	2.000068,
					"end":	3.000088,
					"seconds":	1.0000200271606445,
					"bytes":	12499136,
					"bits_per_second":	99991085.4624684,
					"packets":	8632,
					"omitted":	false,
					"sender":	true
				}],
			"sum":	{
				"start":	2.000068,
				"end":	3.000088,
				"seconds":	1.0000200271606445,
				"bytes":	12499136,
				"bits_per_second":	99991085.4624684,
				"packets":	8632,
				"omitted":	false,
				"sender":	true
			}
		}, {
			"streams":	[{
					"socket":	5,
					"start":	3.000088,
					"end":	4.000083,
					"seconds":	0.999994993209839,
					"bytes":	12500584,
					"bits_per_second":	100005172.70491476,
					"packets":	8633,
					"omitted":	false,
					"sender":	true
				}],
			"sum":	{
				"start":	3.000088,
				"end":	4.000083,
				"seconds":	0.999994993209839,
				"bytes":	12500584,
				"bits_per_second":	100005172.70491476,
				"packets":	8633,
				"omitted":	false,
				"sender":	true
			}
		}, {
			"streams":	[{
					"socket":	5,
					"start":	4.000083,
					"end":	5.00014,
					"seconds":	1.0000569820404053,
					"bytes":	12500584,
					"bits_per_second":	99998973.854431346,
					"packets":	8633,
					"omitted":	false,
					"sender":	true
				}],
			"sum":	{
				"start":	4.000083,
				"end":	5.00014,
				"seconds":	1.0000569820404053,
				"bytes":	12500584,
				"bits_per_second":	99998973.854431346,
				"packets":	8633,
				"omitted":	false,
				"sender":	true
			}
		}, {
			"streams":	[{
					"socket":	5,
					"start":	5.00014,
					"end":	6.000101,
					"seconds":	0.999961018562317,
					"bytes":	12499136,
					"bits_per_second":	99996986.0262793,
					"packets":	8632,
					"omitted":	false,
					"sender":	true
				}],
			"sum":	{
				"start":	5.00014,
				"end":	6.000101,
				"seconds":	0.999961018562317,
				"bytes":	12499136,
				"bits_per_second":	99996986.0262793,
				"packets":	8632,
				"omitted":	false,
				"sender":	true
			}
		}, {
			"streams":	[{
					"socket":	5,
					"start":	6.000101,
					"end":	7.000097,
					"seconds":	0.9999960064888,
					"bytes":	12499136,
					"bits_per_second":	99993487.325111553,
					"packets":	8632,
					"omitted":	false,
					"sender":	true
				}],
			"sum":	{
				"start":	6.000101,
				"end":	7.000097,
				"seconds":	0.9999960064888,
				"bytes":	12499136,
				"bits_per_second":	99993487.325111553,
				"packets":	8632,
				"omitted":	false,
				"sender":	true
			}
		}, {
			"streams":	[{
					"socket":	5,
					"start":	7.000097,
					"end":	8.000058,
					"seconds":	0.999961018562317,
					"bytes":	12500584,
					"bits_per_second":	100008570.47785786,
					"packets":	8633,
					"omitted":	false,
					"sender":	true
				}],
			"sum":	{
				"start":	7.000097,
				"end":	8.000058,
				"seconds":	0.999961018562317,
				"bytes":	12500584,
				"bits_per_second":	100008570.47785786,
				"packets":	8633,
				"omitted":	false,
				"sender":	true
			}
		}, {
			"streams":	[{
					"socket":	5,
					"start":	8.000058,
					"end":	9.000112,
					"seconds":	1.0000540018081665,
					"bytes":	12500584,
					"bits_per_second":	99999271.8585043,
					"packets":	8633,
					"omitted":	false,
					"sender":	true
				}],
			"sum":	{
				"start":	8.000058,
				"end":	9.000112,
				"seconds":	1.0000540018081665,
				"bytes":	12500584,
				"bits_per_second":	99999271.8585043,
				"packets":	8633,
				"omitted":	false,
				"sender":	true
			}
		}, {
			"streams":	[{
					"socket":	5,
					"start":	9.000112,
					"end":	10.000052,
					"seconds":	0.99993997812271118,
					"bytes":	12499136,
					"bits_per_second":	99999090.133116961,
					"packets":	8632,
					"omitted":	false,
					"sender":	true
				}],
			"sum":	{
				"start":	9.000112,
				"end":	10.000052,
				"seconds":	0.99993997812271118,
				"bytes":	12499136,
				"bits_per_second":	99999090.133116961,
				"packets":	8632,
				"omitted":	false,
				"sender":	true
			}
		}, {
			"streams":	[{
					"socket":	5,
					"start":	10.000052,
					"end":	11.000103,
					"seconds":	1.0000510215759277,
					"bytes":	12500584,
					"bits_per_second":	99999569.8643534,
					"packets":	8633,
					"omitted":	false,
					"sender":	true
				}],
			"sum":	{
				"start":	10.000052,
				"end":	11.000103,
				"seconds":	1.0000510215759277,
				"bytes":	12500584,
				"bits_per_second":	99999569.8643534,
				"packets":	8633,
				"omitted":	false,
				"sender":	true
			}
		}, {
			"streams":	[{
					"socket":	5,
					"start":	11.000103,
					"end":	12.000088,
					"seconds":	0.9999849796295166,
					"bytes":	12499136,
					"bits_per_second":	99994589.955787465,
					"packets":	8632,
					"omitted":	false,
					"sender":	true
				}],
			"sum":	{
				"start":	11.000103,
				"end":	12.000088,
				"seconds":	0.9999849796295166,
				"bytes":	12499136,
				"bits_per_second":	99994589.955787465,
				"packets":	8632,
				"omitted":	false,
				"sender":	true
			}
		}, {
			"streams":	[{
					"socket":	5,
					"start":	12.000088,
					"end":	13.000057,
					"seconds":	0.9999690055847168,
					"bytes":	12500584,
					"bits_per_second":	100007771.68240707,
					"packets":	8633,
					"omitted":	false,
					"sender":	true
				}],
			"sum":	{
				"start":	12.000088,
				"end":	13.000057,
				"seconds":	0.9999690055847168,
				"bytes":	12500584,
				"bits_per_second":	100007771.68240707,
				"packets":	8633,
				"omitted":	false,
				"sender":	true
			}
		}, {
			"streams":	[{
					"socket":	5,
					"start":	13.000057,
					"end":	14.000068,
					"seconds":	1.0000109672546387,
					"bytes":	12500584,
					"bits_per_second":	100003575.23532562,
					"packets":	8633,
					"omitted":	false,
					"sender":	true
				}],
			"sum":	{
				"start":	13.000057,
				"end":	14.000068,
				"seconds":	1.0000109672546387,
				"bytes":	12500584,
				"bits_per_second":	100003575.23532562,
				"packets":	8633,
				"omitted":	false,
				"sender":	true
			}
		}, {
			"streams":	[{
					"socket":	5,
					"start":	14.000068,
					"end":	15.000088,
					"seconds":	1.0000200271606445,
					"bytes":	12499136,
					"bits_per_second":	99991085.4624684,
					"packets":	8632,
					"omitted":	false,