{
	"start":	{
		"connected":	[{
				"socket":	5,
				"local_host":	"172.20.171.186",
				"local_port":	56227,
				"remote_host":	"54.227.41.78",
				"remote_port":	5201
			}],
		"version":	"iperf 3.16",
		"system_info":	"Linux DESKTOP-OR35M89 6.18.33.1-microsoft-standard-WSL2 #1 SMP PREEMPT_DYNAMIC Fri Jun  5 01:12:21 UTC 2026 x86_64",
		"timestamp":	{
			"time":	"Thu, 25 Jun 2026 22:16:16 GMT",
			"timesecs":	1782425776
		},
		"connecting_to":	{
			"host":	"54.227.41.78",
			"port":	5201
		},
		"cookie":	"2pzhlsse2g7yf7chq4dxreuz243l7tomhayq",
		"target_bitrate":	100000000,
		"fq_rate":	0,
		"sock_bufsize":	0,
		"sndbuf_actual":	212992,
		"rcvbuf_actual":	212992,
		"test_start":	{
			"protocol":	"UDP",
			"num_streams":	1,
			"blksize":	1448,
			"omit":	0,
			"duration":	30,
			"bytes":	0,
			"blocks":	0,
			"reverse":	0,
			"tos":	0,
			"target_bitrate":	100000000,
			"bidir":	0,
			"fqrate":	0
		}
	},
	"intervals":	[{
			"streams":	[{
					"socket":	5,
					"start":	0,
					"end":	1.000096,
					"seconds":	1.0000959634780884,
					"bytes":	12489000,
					"bits_per_second":	99902413.016977474,
					"packets":	8625,
					"omitted":	false,
					"sender":	true
				}],
			"sum":	{
				"start":	0,
				"end":	1.000096,
				"seconds":	1.0000959634780884,
				"bytes":	12489000,
				"bits_per_second":	99902413.016977474,
				"packets":	8625,
				"omitted":	false,
				"sender":	true
			}
		}, {
			"streams":	[{
					"socket":	5,
					"start":	1.000096,
					"end":	2.000095,
					"seconds":	0.99999898672103882,
					"bytes":	12500584,
					"bits_per_second":	100004773.33273284,
					"packets":	8633,
					"omitted":	false,
					"sender":	true
				}],
			"sum":	{
				"start":	1.000096,
				"end":	2.000095,
				"seconds":	0.99999898672103882,
				"bytes":	12500584,
				"bits_per_second":	100004773.33273284,
				"packets":	8633,
				"omitted":	false,
				"sender":	true
			}
		}, {
			"streams":	[{
					"socket":	5,
					"start":	2.000095,
					"end":	3.000089,
					"seconds":	0.99999397993087769,
					"bytes":	12500584,
					"bits_per_second":	100005274.03866231,
					"packets":	8633,
					"omitted":	false,
					"sender":	true
				}],
			"sum":	{
				"start":	2.000095,
				"end":	3.000089,
				"seconds":	0.99999397993087769,
				"bytes":	12500584,
				"bits_per_second":	100005274.03866231,
				"packets":	8633,
				"omitted":	false,
				"sender":	true
			}
		}, {
			"streams":	[{
					"socket":	5,
					"start":	3.000089,
					"end":	4.000152,
					"seconds":	1.0000629425048828,
					"bytes":	12499136,
					"bits_per_second":	99986794.5806939,
					"packets":	8632,
					"omitted":	false,
					"sender":	true
				}],
			"sum":	{
				"start":	3.000089,
				"end":	4.000152,
				"seconds":	1.0000629425048828,
				"bytes":	12499136,
				"bits_per_second":	99986794.5806939,
				"packets":	8632,
				"omitted":	false,
				"sender":	true
			}
		}, {
			"streams":	[{
					"socket":	5,
					"start":	4.000152,
					"end":	5.000139,
					"seconds":	0.999987006187439,
					"bytes":	12500584,
					"bits_per_second":	100005971.45884812,
					"packets":	8633,
					"omitted":	false,
					"sender":	true
				}],
			"sum":	{
				"start":	4.000152,
				"end":	5.000139,
				"seconds":	0.999987006187439,
				"bytes":	12500584,
				"bits_per_second":	100005971.45884812,
				"packets":	8633,
				"omitted":	false,
				"sender":	true
			}
		}, {
			"streams":	[{
					"socket":	5,
					"start":	5.000139,
					"end":	6.000155,
					"seconds":	1.0000159740448,
					"bytes":	12500584,
					"bits_per_second":	100003074.54640707,
					"packets":	8633,
					"omitted":	false,
					"sender":	true
				}],
			"sum":	{
				"start":	5.000139,
				"end":	6.000155,
				"seconds":	1.0000159740448,
				"bytes":	12500584,
				"bits_per_second":	100003074.54640707,
				"packets":	8633,
				"omitted":	false,
				"sender":	true
			}
		}, {
			"streams":	[{
					"socket":	5,
					"start":	6.000155,
					"end":	7.000086,
					"seconds":	0.99993097782135,
					"bytes":	12499136,
					"bits_per_second":	99999990.217189759,
					"packets":	8632,
					"omitted":	false,
					"sender":	true
				}],
			"sum":	{
				"start":	6.000155,
				"end":	7.000086,
				"seconds":	0.99993097782135,
				"bytes":	12499136,
				"bits_per_second":	99999990.217189759,
				"packets":	8632,
				"omitted":	false,
				"sender":	true
			}
		}, {
			"streams":	[{
					"socket":	5,
					"start":	7.000086,
					"end":	8.000108,
					"seconds":	1.0000220537185669,
					"bytes":	12500584,
					"bits_per_second":	100002466.57374619,
					"packets":	8633,
					"omitted":	false,
					"sender":	true
				}],
			"sum":	{
				"start":	7.000086,
				"end":	8.000108,
				"seconds":	1.0000220537185669,
				"bytes":	12500584,
				"bits_per_second":	100002466.57374619,
				"packets":	8633,
				"omitted":	false,
				"sender":	true
			}
		}, {
			"streams":	[{
					"socket":	5,
					"start":	8.000108,
					"end":	9.000143,
					"seconds":	1.0000350475311279,
					"bytes":	12499136,
					"bits_per_second":	99989583.6119559,
					"packets":	8632,
					"omitted":	false,
					"sender":	true
				}],
			"sum":	{
				"start":	8.000108,
				"end":	9.000143,
				"seconds":	1.0000350475311279,
				"bytes":	12499136,
				"bits_per_second":	99989583.6119559,
				"packets":	8632,
				"omitted":	false,
				"sender":	true
			}
		}, {
			"streams":	[{
					"socket":	5,
					"start":	9.000143,
					"end":	10.000129,
					"seconds":	0.99998599290847778,
					"bytes":	12500584,
					"bits_per_second":	100006072.79421441,
					"packets":	8633,
					"omitted":	false,
					"sender":	true
				}],
			"sum":	{
				"start":	9.000143,
				"end":	10.000129,
				"seconds":	0.99998599290847778,
				"bytes":	12500584,
				"bits_per_second":	100006072.79421441,
				"packets":	8633,
				"omitted":	false,
				"sender":	true
			}
		}, {
			"streams":	[{
					"socket":	5,
					"start":	10.000129,
					"end":	11.000148,
					"seconds":	1.0000189542770386,
					"bytes":	12499136,
					"bits_per_second":	99991192.7392314,
					"packets":	8632,
					"omitted":	false,
					"sender":	true
				}],
			"sum":	{
				"start":	10.000129,
				"end":	11.000148,
				"seconds":	1.0000189542770386,
				"bytes":	12499136,
				"bits_per_second":	99991192.7392314,
				"packets":	8632,
				"omitted":	false,
				"sender":	true
			}
		}, {
			"streams":	[{
					"socket":	5,
					"start":	11.000148,
					"end":	12.000175,
					"seconds":	1.0000269412994385,
					"bytes":	12502032,
					"bits_per_second":	100013561.5046916,
					"packets":	8634,
					"omitted":	false,
					"sender":	true
				}],
			"sum":	{
				"start":	11.000148,
				"end":	12.000175,
				"seconds":	1.0000269412994385,
				"bytes":	12502032,
				"bits_per_second":	100013561.5046916,
				"packets":	8634,
				"omitted":	false,
				"sender":	true
			}
		}, {
			"streams":	[{
					"socket":	5,
					"start":	12.000175,
					"end":	13.000147,
					"seconds":	0.99997198581695557,
					"bytes":	12499136,
					"bits_per_second":	99995889.303146631,
					"packets":	8632,
					"omitted":	false,
					"sender":	true
				}],
			"sum":	{
				"start":	12.000175,
				"end":	13.000147,
				"seconds":	0.99997198581695557,
				"bytes":	12499136,
				"bits_per_second":	99995889.303146631,
				"packets":	8632,
				"omitted":	false,
				"sender":	true
			}
		}, {
			"streams":	[{
					"socket":	5,
					"start":	13.000147,
					"end":	14.00014,
					"seconds":	0.99999302625656128,
					"bytes":	12499136,
					"bits_per_second":	99993785.331004366,
					"packets":	8632,
					"omitted":	false,
					"sender":	true
				}],
			"sum":	{
				"start":	13.000147,
				"end":	14.00014,
				"seconds":	0.99999302625656128,
				"bytes":	12499136,
				"bits_per_second":	99993785.331004366,
				"packets":	8632,
				"omitted":	false,
				"sender":	true
			}
		}, {
			"streams":	[{
					"socket":	5,
					"start":	14.00014,
					"end":	15.00015,
					"seconds":	1.0000100135803223,
					"bytes":	12500584,
					"bits_per_second":	100003670.60521187,
					"packets":	8633,
					"omitted":	false,