{
	"start":	{
		"connected":	[{
				"socket":	5,
				"local_host":	"172.20.171.186",
				"local_port":	60755,
				"remote_host":	"54.227.41.78",
				"remote_port":	5201
			}],
		"version":	"iperf 3.16",
		"system_info":	"Linux DESKTOP-OR35M89 6.18.33.1-microsoft-standard-WSL2 #1 SMP PREEMPT_DYNAMIC Fri Jun  5 01:12:21 UTC 2026 x86_64",
		"timestamp":	{
			"time":	"Thu, 25 Jun 2026 21:43:04 GMT",
			"timesecs":	1782423784
		},
		"connecting_to":	{
			"host":	"54.227.41.78",
			"port":	5201
		},
		"cookie":	"cqerja6a5unvpthswre7tu2i6vpesbwx4ut3",
		"target_bitrate":	100000000,
		"fq_rate":	0,
		"sock_bufsize":	0,
		"sndbuf_actual":	212992,
		"rcvbuf_actual":	212992,
		"test_start":	{
			"protocol":	"UDP",
			"num_streams":	1,
			"blksize":	1448,
			"omit":	0,
			"duration":	30,
			"bytes":	0,
			"blocks":	0,
			"reverse":	0,
			"tos":	0,
			"target_bitrate":	100000000,
			"bidir":	0,
			"fqrate":	0
		}
	},
	"intervals":	[{
			"streams":	[{
					"socket":	5,
					"start":	0,
					"end":	1.000094,
					"seconds":	1.0000940561294556,
					"bytes":	12490448,
					"bits_per_second":	99914186.458344027,
					"packets":	8626,
					"omitted":	false,
					"sender":	true
				}],
			"sum":	{
				"start":	0,
				"end":	1.000094,
				"seconds":	1.0000940561294556,
				"bytes":	12490448,
				"bits_per_second":	99914186.458344027,
				"packets":	8626,
				"omitted":	false,
				"sender":	true
			}
		}, {
			"streams":	[{
					"socket":	5,
					"start":	1.000094,
					"end":	2.000133,
					"seconds":	1.0000389814376831,
					"bytes":	12499136,
					"bits_per_second":	99989190.2776102,
					"packets":	8632,
					"omitted":	false,
					"sender":	true
				}],
			"sum":	{
				"start":	1.000094,
				"end":	2.000133,
				"seconds":	1.0000389814376831,
				"bytes":	12499136,
				"bits_per_second":	99989190.2776102,
				"packets":	8632,
				"omitted":	false,
				"sender":	true
			}
		}, {
			"streams":	[{
					"socket":	5,
					"start":	2.000133,
					"end":	3.000105,
					"seconds":	0.99997198581695557,
					"bytes":	12500584,
					"bits_per_second":	100007473.627672,
					"packets":	8633,
					"omitted":	false,
					"sender":	true
				}],
			"sum":	{
				"start":	2.000133,
				"end":	3.000105,
				"seconds":	0.99997198581695557,
				"bytes":	12500584,
				"bits_per_second":	100007473.627672,
				"packets":	8633,
				"omitted":	false,
				"sender":	true
			}
		}, {
			"streams":	[{
					"socket":	5,
					"start":	3.000105,
					"end":	4.00022,
					"seconds":	1.0001150369644165,
					"bytes":	12500584,
					"bits_per_second":	99993169.089365572,
					"packets":	8633,
					"omitted":	false,
					"sender":	true
				}],
			"sum":	{
				"start":	3.000105,
				"end":	4.00022,
				"seconds":	1.0001150369644165,
				"bytes":	12500584,
				"bits_per_second":	99993169.089365572,
				"packets":	8633,
				"omitted":	false,
				"sender":	true
			}
		}, {
			"streams":	[{
					"socket":	5,
					"start":	4.00022,
					"end":	5.000115,
					"seconds":	0.99989497661590576,
					"bytes":	12499136,
					"bits_per_second":	100003590.71551852,
					"packets":	8632,
					"omitted":	false,
					"sender":	true
				}],
			"sum":	{
				"start":	4.00022,
				"end":	5.000115,
				"seconds":	0.99989497661590576,
				"bytes":	12499136,
				"bits_per_second":	100003590.71551852,
				"packets":	8632,
				"omitted":	false,
				"sender":	true
			}
		}, {
			"streams":	[{
					"socket":	5,
					"start":	5.000115,
					"end":	6.000133,
					"seconds":	1.0000180006027222,
					"bytes":	12500584,
					"bits_per_second":	100002871.88803206,
					"packets":	8633,
					"omitted":	false,
					"sender":	true
				}],
			"sum":	{
				"start":	5.000115,
				"end":	6.000133,
				"seconds":	1.0000180006027222,
				"bytes":	12500584,
				"bits_per_second":	100002871.88803206,
				"packets":	8633,
				"omitted":	false,
				"sender":	true
			}
		}, {
			"streams":	[{
					"socket":	5,
					"start":	6.000133,
					"end":	7.000092,
					"seconds":	0.99995899200439453,
					"bytes":	12499136,
					"bits_per_second":	99997188.6842741,
					"packets":	8632,
					"omitted":	false,
					"sender":	true
				}],
			"sum":	{
				"start":	6.000133,
				"end":	7.000092,
				"seconds":	0.99995899200439453,
				"bytes":	12499136,
				"bits_per_second":	99997188.6842741,
				"packets":	8632,
				"omitted":	false,
				"sender":	true
			}
		}, {
			"streams":	[{
					"socket":	5,
					"start":	7.000092,
					"end":	8.000192,
					"seconds":	1.0001000165939331,
					"bytes":	12500584,
					"bits_per_second":	99994670.873607755,
					"packets":	8633,
					"omitted":	false,
					"sender":	true
				}],
			"sum":	{
				"start":	7.000092,
				"end":	8.000192,
				"seconds":	1.0001000165939331,
				"bytes":	12500584,
				"bits_per_second":	99994670.873607755,
				"packets":	8633,
				"omitted":	false,
				"sender":	true
			}
		}, {
			"streams":	[{
					"socket":	5,
					"start":	8.000192,
					"end":	9.000089,
					"seconds":	0.999897003173828,
					"bytes":	12499136,
					"bits_per_second":	100003388.03157368,
					"packets":	8632,
					"omitted":	false,
					"sender":	true
				}],
			"sum":	{
				"start":	8.000192,
				"end":	9.000089,
				"seconds":	0.999897003173828,
				"bytes":	12499136,
				"bits_per_second":	100003388.03157368,
				"packets":	8632,
				"omitted":	false,
				"sender":	true
			}
		}, {
			"streams":	[{
					"socket":	5,
					"start":	9.000089,
					"end":	10.000137,
					"seconds":	1.000048041343689,
					"bytes":	12500584,
					"bits_per_second":	99999867.8719787,
					"packets":	8633,
					"omitted":	false,
					"sender":	true
				}],
			"sum":	{
				"start":	9.000089,
				"end":	10.000137,
				"seconds":	1.000048041343689,
				"bytes":	12500584,
				"bits_per_second":	99999867.8719787,
				"packets":	8633,
				"omitted":	false,
				"sender":	true
			}
		}, {
			"streams":	[{
					"socket":	5,
					"start":	10.000137,
					"end":	11.000132,
					"seconds":	0.999994993209839,
					"bytes":	12500584,
					"bits_per_second":	100005172.70491476,
					"packets":	8633,
					"omitted":	false,
					"sender":	true
				}],
			"sum":	{
				"start":	10.000137,
				"end":	11.000132,
				"seconds":	0.999994993209839,
				"bytes":	12500584,
				"bits_per_second":	100005172.70491476,
				"packets":	8633,
				"omitted":	false,
				"sender":	true
			}
		}, {
			"streams":	[{
					"socket":	5,
					"start":	11.000132,
					"end":	12.000114,
					"seconds":	0.99998199939727783,
					"bytes":	12499136,
					"bits_per_second":	99994887.968252569,
					"packets":	8632,
					"omitted":	false,
					"sender":	true
				}],
			"sum":	{
				"start":	11.000132,
				"end":	12.000114,
				"seconds":	0.99998199939727783,
				"bytes":	12499136,
				"bits_per_second":	99994887.968252569,
				"packets":	8632,
				"omitted":	false,
				"sender":	true
			}
		}, {
			"streams":	[{
					"socket":	5,
					"start":	12.000114,
					"end":	13.000135,
					"seconds":	1.0000209808349609,
					"bytes":	12500584,
					"bits_per_second":	100002573.86250213,
					"packets":	8633,
					"omitted":	false,
					"sender":	true
				}],
			"sum":	{
				"start":	12.000114,
				"end":	13.000135,
				"seconds":	1.0000209808349609,
				"bytes":	12500584,
				"bits_per_second":	100002573.86250213,
				"packets":	8633,
				"omitted":	false,
				"sender":	true
			}
		}, {
			"streams":	[{
					"socket":	5,
					"start":	13.000135,
					"end":	14.000134,
					"seconds":	0.99999898672103882,
					"bytes":	12500584,
					"bits_per_second":	100004773.33273284,
					"packets":	8633,
					"omitted":	false,
					"sender":	true
				}],
			"sum":	{
				"start":	13.000135,
				"end":	14.000134,
				"seconds":	0.99999898672103882,
				"bytes":	12500584,
				"bits_per_second":	100004773.33273284,
				"packets":	8633,
				"omitted":	false,
				"sender":	true
			}
		}, {
			"streams":	[{
					"socket":	5,
					"start":	14.000134,
					"end":	15.000111,
					"seconds":	0.9999769926071167,
					"bytes":	12499136,
					"bits_per_second":	99995388.6331928,
					"packets":	8632,
					"omitted":	false,