{
	"start":	{
		"connected":	[{
				"socket":	5,
				"local_host":	"172.20.171.186",
				"local_port":	42964,
				"remote_host":	"54.227.41.78",
				"remote_port":	5201
			}],
		"version":	"iperf 3.16",
		"system_info":	"Linux DESKTOP-OR35M89 6.18.33.1-microsoft-standard-WSL2 #1 SMP PREEMPT_DYNAMIC Fri Jun  5 01:12:21 UTC 2026 x86_64",
		"timestamp":	{
			"time":	"Thu, 25 Jun 2026 22:39:12 GMT",
			"timesecs":	1782427152
		},
		"connecting_to":	{
			"host":	"54.227.41.78",
			"port":	5201
		},
		"cookie":	"c4otmuarwv4lmahum75zsbgnfs7xn424yysx",
		"target_bitrate":	100000000,
		"fq_rate":	0,
		"sock_bufsize":	0,
		"sndbuf_actual":	212992,
		"rcvbuf_actual":	212992,
		"test_start":	{
			"protocol":	"UDP",
			"num_streams":	1,
			"blksize":	1448,
			"omit":	0,
			"duration":	30,
			"bytes":	0,
			"blocks":	0,
			"reverse":	0,
			"tos":	0,
			"target_bitrate":	100000000,
			"bidir":	0,
			"fqrate":	0
		}
	},
	"intervals":	[{
			"streams":	[{
					"socket":	5,
					"start":	0,
					"end":	1.000091,
					"seconds":	1.0000909566879272,
					"bytes":	12490448,
					"bits_per_second":	99914496.10835807,
					"packets":	8626,
					"omitted":	false,
					"sender":	true
				}],
			"sum":	{
				"start":	0,
				"end":	1.000091,
				"seconds":	1.0000909566879272,
				"bytes":	12490448,
				"bits_per_second":	99914496.10835807,
				"packets":	8626,
				"omitted":	false,
				"sender":	true
			}
		}, {
			"streams":	[{
					"socket":	5,
					"start":	1.000091,
					"end":	2.00015,
					"seconds":	1.0000590085983276,
					"bytes":	12500584,
					"bits_per_second":	99998771.212676257,
					"packets":	8633,
					"omitted":	false,
					"sender":	true
				}],
			"sum":	{
				"start":	1.000091,
				"end":	2.00015,
				"seconds":	1.0000590085983276,
				"bytes":	12500584,
				"bits_per_second":	99998771.212676257,
				"packets":	8633,
				"omitted":	false,
				"sender":	true
			}
		}, {
			"streams":	[{
					"socket":	5,
					"start":	2.00015,
					"end":	3.000214,
					"seconds":	1.0000640153884888,
					"bytes":	12499136,
					"bits_per_second":	99986687.313367933,
					"packets":	8632,
					"omitted":	false,
					"sender":	true
				}],
			"sum":	{
				"start":	2.00015,
				"end":	3.000214,
				"seconds":	1.0000640153884888,
				"bytes":	12499136,
				"bits_per_second":	99986687.313367933,
				"packets":	8632,
				"omitted":	false,
				"sender":	true
			}
		}, {
			"streams":	[{
					"socket":	5,
					"start":	3.000214,
					"end":	4.00019,
					"seconds":	0.99997597932815552,
					"bytes":	12451352,
					"bits_per_second":	99613208.7761994,
					"packets":	8599,
					"omitted":	false,
					"sender":	true
				}],
			"sum":	{
				"start":	3.000214,
				"end":	4.00019,
				"seconds":	0.99997597932815552,
				"bytes":	12451352,
				"bits_per_second":	99613208.7761994,
				"packets":	8599,
				"omitted":	false,
				"sender":	true
			}
		}, {
			"streams":	[{
					"socket":	5,
					"start":	4.00019,
					"end":	5.000088,
					"seconds":	0.99989801645278931,
					"bytes":	12548368,
					"bits_per_second":	100397182.86083812,
					"packets":	8666,
					"omitted":	false,
					"sender":	true
				}],
			"sum":	{
				"start":	4.00019,
				"end":	5.000088,
				"seconds":	0.99989801645278931,
				"bytes":	12548368,
				"bits_per_second":	100397182.86083812,
				"packets":	8666,
				"omitted":	false,
				"sender":	true
			}
		}, {
			"streams":	[{
					"socket":	5,
					"start":	5.000088,
					"end":	6.000103,
					"seconds":	1.0000150203704834,
					"bytes":	12500584,
					"bits_per_second":	100003169.91533835,
					"packets":	8633,
					"omitted":	false,
					"sender":	true
				}],
			"sum":	{
				"start":	5.000088,
				"end":	6.000103,
				"seconds":	1.0000150203704834,
				"bytes":	12500584,
				"bits_per_second":	100003169.91533835,
				"packets":	8633,
				"omitted":	false,
				"sender":	true
			}
		}, {
			"streams":	[{
					"socket":	5,
					"start":	6.000103,
					"end":	7.000161,
					"seconds":	1.0000580549240112,
					"bytes":	12499136,
					"bits_per_second":	99987283.24586907,
					"packets":	8632,
					"omitted":	false,
					"sender":	true
				}],
			"sum":	{
				"start":	6.000103,
				"end":	7.000161,
				"seconds":	1.0000580549240112,
				"bytes":	12499136,
				"bits_per_second":	99987283.24586907,
				"packets":	8632,
				"omitted":	false,
				"sender":	true
			}
		}, {
			"streams":	[{
					"socket":	5,
					"start":	7.000161,
					"end":	8.00021,
					"seconds":	1.0000489950180054,
					"bytes":	12502032,
					"bits_per_second":	100011355.94181488,
					"packets":	8634,
					"omitted":	false,
					"sender":	true
				}],
			"sum":	{
				"start":	7.000161,
				"end":	8.00021,
				"seconds":	1.0000489950180054,
				"bytes":	12502032,
				"bits_per_second":	100011355.94181488,
				"packets":	8634,
				"omitted":	false,
				"sender":	true
			}
		}, {
			"streams":	[{
					"socket":	5,
					"start":	8.00021,
					"end":	9.000202,
					"seconds":	0.9999920129776,
					"bytes":	12499136,
					"bits_per_second":	99993886.653412551,
					"packets":	8632,
					"omitted":	false,
					"sender":	true
				}],
			"sum":	{
				"start":	8.00021,
				"end":	9.000202,
				"seconds":	0.9999920129776,
				"bytes":	12499136,
				"bits_per_second":	99993886.653412551,
				"packets":	8632,
				"omitted":	false,
				"sender":	true
			}
		}, {
			"streams":	[{
					"socket":	5,
					"start":	9.000202,
					"end":	10.000182,
					"seconds":	0.99997997283935547,
					"bytes":	12500584,
					"bits_per_second":	100006674.84974274,
					"packets":	8633,
					"omitted":	false,
					"sender":	true
				}],
			"sum":	{
				"start":	9.000202,
				"end":	10.000182,
				"seconds":	0.99997997283935547,
				"bytes":	12500584,
				"bits_per_second":	100006674.84974274,
				"packets":	8633,
				"omitted":	false,
				"sender":	true
			}
		}, {
			"streams":	[{
					"socket":	5,
					"start":	10.000182,
					"end":	11.000108,
					"seconds":	0.999925971031189,
					"bytes":	12497688,
					"bits_per_second":	99988906.075609326,
					"packets":	8631,
					"omitted":	false,
					"sender":	true
				}],
			"sum":	{
				"start":	10.000182,
				"end":	11.000108,
				"seconds":	0.999925971031189,
				"bytes":	12497688,
				"bits_per_second":	99988906.075609326,
				"packets":	8631,
				"omitted":	false,
				"sender":	true
			}
		}, {
			"streams":	[{
					"socket":	5,
					"start":	11.000108,
					"end":	12.00009,
					"seconds":	0.99998199939727783,
					"bytes":	12500584,
					"bits_per_second":	100006472.17677531,
					"packets":	8633,
					"omitted":	false,
					"sender":	true
				}],
			"sum":	{
				"start":	11.000108,
				"end":	12.00009,
				"seconds":	0.99998199939727783,
				"bytes":	12500584,
				"bits_per_second":	100006472.17677531,
				"packets":	8633,
				"omitted":	false,
				"sender":	true
			}
		}, {
			"streams":	[{
					"socket":	5,
					"start":	12.00009,
					"end":	13.000105,
					"seconds":	1.0000150203704834,
					"bytes":	12500584,
					"bits_per_second":	100003169.91533835,
					"packets":	8633,
					"omitted":	false,
					"sender":	true
				}],
			"sum":	{
				"start":	12.00009,
				"end":	13.000105,
				"seconds":	1.0000150203704834,
				"bytes":	12500584,
				"bits_per_second":	100003169.91533835,
				"packets":	8633,
				"omitted":	false,
				"sender":	true
			}
		}, {
			"streams":	[{
					"socket":	5,
					"start":	13.000105,
					"end":	14.000155,
					"seconds":	1.0000499486923218,
					"bytes":	12500584,
					"bits_per_second":	99999677.1468939,
					"packets":	8633,
					"omitted":	false,
					"sender":	true
				}],
			"sum":	{
				"start":	13.000105,
				"end":	14.000155,
				"seconds":	1.0000499486923218,
				"bytes":	12500584,
				"bits_per_second":	99999677.1468939,
				"packets":	8633,
				"omitted":	false,
				"sender":	true
			}
		}, {
			"streams":	[{
					"socket":	5,
					"start":	14.000155,
					"end":	15.00009,
					"seconds":	0.99993497133255,
					"bytes":	12499136,
					"bits_per_second":	99999590.840137869,
					"packets":	8632,
					"omitted":	false,