{
	"start":	{
		"connected":	[{
				"socket":	5,
				"local_host":	"172.20.171.186",
				"local_port":	43236,
				"remote_host":	"54.227.41.78",
				"remote_port":	5201
			}],
		"version":	"iperf 3.16",
		"system_info":	"Linux DESKTOP-OR35M89 6.18.33.1-microsoft-standard-WSL2 #1 SMP PREEMPT_DYNAMIC Fri Jun  5 01:12:21 UTC 2026 x86_64",
		"timestamp":	{
			"time":	"Thu, 25 Jun 2026 23:16:16 GMT",
			"timesecs":	1782429376
		},
		"connecting_to":	{
			"host":	"54.227.41.78",
			"port":	5201
		},
		"cookie":	"ke7k3mhqkdy4nuzddktujouprsl4ekxnya7i",
		"target_bitrate":	100000000,
		"fq_rate":	0,
		"sock_bufsize":	0,
		"sndbuf_actual":	212992,
		"rcvbuf_actual":	212992,
		"test_start":	{
			"protocol":	"UDP",
			"num_streams":	1,
			"blksize":	1448,
			"omit":	0,
			"duration":	30,
			"bytes":	0,
			"blocks":	0,
			"reverse":	0,
			"tos":	0,
			"target_bitrate":	100000000,
			"bidir":	0,
			"fqrate":	0
		}
	},
	"intervals":	[{
			"streams":	[{
					"socket":	5,
					"start":	0,
					"end":	1.000109,
					"seconds":	1.0001089572906494,
					"bytes":	12490448,
					"bits_per_second":	99912697.7831481,
					"packets":	8626,
					"omitted":	false,
					"sender":	true
				}],
			"sum":	{
				"start":	0,
				"end":	1.000109,
				"seconds":	1.0001089572906494,
				"bytes":	12490448,
				"bits_per_second":	99912697.7831481,
				"packets":	8626,
				"omitted":	false,
				"sender":	true
			}
		}, {
			"streams":	[{
					"socket":	5,
					"start":	1.000109,
					"end":	2.000099,
					"seconds":	0.99998998641967773,
					"bytes":	12500584,
					"bits_per_second":	100005673.41484343,
					"packets":	8633,
					"omitted":	false,
					"sender":	true
				}],
			"sum":	{
				"start":	1.000109,
				"end":	2.000099,
				"seconds":	0.99998998641967773,
				"bytes":	12500584,
				"bits_per_second":	100005673.41484343,
				"packets":	8633,
				"omitted":	false,
				"sender":	true
			}
		}, {
			"streams":	[{
					"socket":	5,
					"start":	2.000099,
					"end":	3.000121,
					"seconds":	1.0000220537185669,
					"bytes":	12499136,
					"bits_per_second":	99990882.829210833,
					"packets":	8632,
					"omitted":	false,
					"sender":	true
				}],
			"sum":	{
				"start":	2.000099,
				"end":	3.000121,
				"seconds":	1.0000220537185669,
				"bytes":	12499136,
				"bits_per_second":	99990882.829210833,
				"packets":	8632,
				"omitted":	false,
				"sender":	true
			}
		}, {
			"streams":	[{
					"socket":	5,
					"start":	3.000121,
					"end":	4.00017,
					"seconds":	1.0000489950180054,
					"bytes":	12499136,
					"bits_per_second":	99988189.076875851,
					"packets":	8632,
					"omitted":	false,
					"sender":	true
				}],
			"sum":	{
				"start":	3.000121,
				"end":	4.00017,
				"seconds":	1.0000489950180054,
				"bytes":	12499136,
				"bits_per_second":	99988189.076875851,
				"packets":	8632,
				"omitted":	false,
				"sender":	true
			}
		}, {
			"streams":	[{
					"socket":	5,
					"start":	4.00017,
					"end":	5.000116,
					"seconds":	0.9999459981918335,
					"bytes":	12502032,
					"bits_per_second":	100021657.35035273,
					"packets":	8634,
					"omitted":	false,
					"sender":	true
				}],
			"sum":	{
				"start":	4.00017,
				"end":	5.000116,
				"seconds":	0.9999459981918335,
				"bytes":	12502032,
				"bits_per_second":	100021657.35035273,
				"packets":	8634,
				"omitted":	false,
				"sender":	true
			}
		}, {
			"streams":	[{
					"socket":	5,
					"start":	5.000116,
					"end":	6.000105,
					"seconds":	0.99998897314071655,
					"bytes":	12499136,
					"bits_per_second":	99994190.621869147,
					"packets":	8632,
					"omitted":	false,
					"sender":	true
				}],
			"sum":	{
				"start":	5.000116,
				"end":	6.000105,
				"seconds":	0.99998897314071655,
				"bytes":	12499136,
				"bits_per_second":	99994190.621869147,
				"packets":	8632,
				"omitted":	false,
				"sender":	true
			}
		}, {
			"streams":	[{
					"socket":	5,
					"start":	6.000105,
					"end":	7.000118,
					"seconds":	1.000012993812561,
					"bytes":	12499136,
					"bits_per_second":	99991788.725439653,
					"packets":	8632,
					"omitted":	false,
					"sender":	true
				}],
			"sum":	{
				"start":	6.000105,
				"end":	7.000118,
				"seconds":	1.000012993812561,
				"bytes":	12499136,
				"bits_per_second":	99991788.725439653,
				"packets":	8632,
				"omitted":	false,
				"sender":	true
			}
		}, {
			"streams":	[{
					"socket":	5,
					"start":	7.000118,
					"end":	8.000109,
					"seconds":	0.999990999698639,
					"bytes":	12500584,
					"bits_per_second":	100005572.0802865,
					"packets":	8633,
					"omitted":	false,
					"sender":	true
				}],
			"sum":	{
				"start":	7.000118,
				"end":	8.000109,
				"seconds":	0.999990999698639,
				"bytes":	12500584,
				"bits_per_second":	100005572.0802865,
				"packets":	8633,
				"omitted":	false,
				"sender":	true
			}
		}, {
			"streams":	[{
					"socket":	5,
					"start":	8.000109,
					"end":	9.000124,
					"seconds":	1.0000150203704834,
					"bytes":	12502032,
					"bits_per_second":	100014753.741345,
					"packets":	8634,
					"omitted":	false,
					"sender":	true
				}],
			"sum":	{
				"start":	8.000109,
				"end":	9.000124,
				"seconds":	1.0000150203704834,
				"bytes":	12502032,
				"bits_per_second":	100014753.741345,
				"packets":	8634,
				"omitted":	false,
				"sender":	true
			}
		}, {
			"streams":	[{
					"socket":	5,
					"start":	9.000124,
					"end":	10.0001,
					"seconds":	0.99997597932815552,
					"bytes":	12499136,
					"bits_per_second":	99995489.958850235,
					"packets":	8632,
					"omitted":	false,
					"sender":	true
				}],
			"sum":	{
				"start":	9.000124,
				"end":	10.0001,
				"seconds":	0.99997597932815552,
				"bytes":	12499136,
				"bits_per_second":	99995489.958850235,
				"packets":	8632,
				"omitted":	false,
				"sender":	true
			}
		}, {
			"streams":	[{
					"socket":	5,
					"start":	10.0001,
					"end":	11.000199,
					"seconds":	1.0000989437103271,
					"bytes":	12499136,
					"bits_per_second":	99983195.291687474,
					"packets":	8632,
					"omitted":	false,
					"sender":	true
				}],
			"sum":	{
				"start":	10.0001,
				"end":	11.000199,
				"seconds":	1.0000989437103271,
				"bytes":	12499136,
				"bits_per_second":	99983195.291687474,
				"packets":	8632,
				"omitted":	false,
				"sender":	true
			}
		}, {
			"streams":	[{
					"socket":	5,
					"start":	11.000199,
					"end":	12.000148,
					"seconds":	0.99994897842407227,
					"bytes":	12500584,
					"bits_per_second":	100009774.65631114,
					"packets":	8633,
					"omitted":	false,
					"sender":	true
				}],
			"sum":	{
				"start":	11.000199,
				"end":	12.000148,
				"seconds":	0.99994897842407227,
				"bytes":	12500584,
				"bits_per_second":	100009774.65631114,
				"packets":	8633,
				"omitted":	false,
				"sender":	true
			}
		}, {
			"streams":	[{
					"socket":	5,
					"start":	12.000148,
					"end":	13.000152,
					"seconds":	1.0000040531158447,
					"bytes":	12499136,
					"bits_per_second":	99992682.718073323,
					"packets":	8632,
					"omitted":	false,
					"sender":	true
				}],
			"sum":	{
				"start":	12.000148,
				"end":	13.000152,
				"seconds":	1.0000040531158447,
				"bytes":	12499136,
				"bits_per_second":	99992682.718073323,
				"packets":	8632,
				"omitted":	false,
				"sender":	true
			}
		}, {
			"streams":	[{
					"socket":	5,
					"start":	13.000152,
					"end":	14.000181,
					"seconds":	1.0000289678573608,
					"bytes":	12500584,
					"bits_per_second":	100001775.16284125,
					"packets":	8633,
					"omitted":	false,
					"sender":	true
				}],
			"sum":	{
				"start":	13.000152,
				"end":	14.000181,
				"seconds":	1.0000289678573608,
				"bytes":	12500584,
				"bits_per_second":	100001775.16284125,
				"packets":	8633,
				"omitted":	false,
				"sender":	true
			}
		}, {
			"streams":	[{
					"socket":	5,
					"start":	14.000181,
					"end":	15.000096,
					"seconds":	0.99991500377655029,
					"bytes":	12499136,
					"bits_per_second":	100001587.75729835,
					"packets":	8632,
					"omitted":	false,