{
	"start":	{
		"connected":	[{
				"socket":	5,
				"local_host":	"172.20.171.186",
				"local_port":	42864,
				"remote_host":	"54.227.41.78",
				"remote_port":	5201
			}],
		"version":	"iperf 3.16",
		"system_info":	"Linux DESKTOP-OR35M89 6.18.33.1-microsoft-standard-WSL2 #1 SMP PREEMPT_DYNAMIC Fri Jun  5 01:12:21 UTC 2026 x86_64",
		"timestamp":	{
			"time":	"Thu, 25 Jun 2026 22:09:12 GMT",
			"timesecs":	1782425352
		},
		"connecting_to":	{
			"host":	"54.227.41.78",
			"port":	5201
		},
		"cookie":	"fobp4r6bx6n5i2nfn6mwhlrxzreu3eigxxsk",
		"target_bitrate":	100000000,
		"fq_rate":	0,
		"sock_bufsize":	0,
		"sndbuf_actual":	212992,
		"rcvbuf_actual":	212992,
		"test_start":	{
			"protocol":	"UDP",
			"num_streams":	1,
			"blksize":	1448,
			"omit":	0,
			"duration":	30,
			"bytes":	0,
			"blocks":	0,
			"reverse":	0,
			"tos":	0,
			"target_bitrate":	100000000,
			"bidir":	0,
			"fqrate":	0
		}
	},
	"intervals":	[{
			"streams":	[{
					"socket":	5,
					"start":	0,
					"end":	1.000131,
					"seconds":	1.0001310110092163,
					"bytes":	12490448,
					"bits_per_second":	99910494.625267848,
					"packets":	8626,
					"omitted":	false,
					"sender":	true
				}],
			"sum":	{
				"start":	0,
				"end":	1.000131,
				"seconds":	1.0001310110092163,
				"bytes":	12490448,
				"bits_per_second":	99910494.625267848,
				"packets":	8626,
				"omitted":	false,
				"sender":	true
			}
		}, {
			"streams":	[{
					"socket":	5,
					"start":	1.000131,
					"end":	2.000131,
					"seconds":	1,
					"bytes":	12500584,
					"bits_per_second":	100004672,
					"packets":	8633,
					"omitted":	false,
					"sender":	true
				}],
			"sum":	{
				"start":	1.000131,
				"end":	2.000131,
				"seconds":	1,
				"bytes":	12500584,
				"bits_per_second":	100004672,
				"packets":	8633,
				"omitted":	false,
				"sender":	true
			}
		}, {
			"streams":	[{
					"socket":	5,
					"start":	2.000131,
					"end":	3.00019,
					"seconds":	1.0000590085983276,
					"bytes":	12500584,
					"bits_per_second":	99998771.212676257,
					"packets":	8633,
					"omitted":	false,
					"sender":	true
				}],
			"sum":	{
				"start":	2.000131,
				"end":	3.00019,
				"seconds":	1.0000590085983276,
				"bytes":	12500584,
				"bits_per_second":	99998771.212676257,
				"packets":	8633,
				"omitted":	false,
				"sender":	true
			}
		}, {
			"streams":	[{
					"socket":	5,
					"start":	3.00019,
					"end":	4.000155,
					"seconds":	0.999965012073517,
					"bytes":	12499136,
					"bits_per_second":	99996586.6732231,
					"packets":	8632,
					"omitted":	false,
					"sender":	true
				}],
			"sum":	{
				"start":	3.00019,
				"end":	4.000155,
				"seconds":	0.999965012073517,
				"bytes":	12499136,
				"bits_per_second":	99996586.6732231,
				"packets":	8632,
				"omitted":	false,
				"sender":	true
			}
		}, {
			"streams":	[{
					"socket":	5,
					"start":	4.000155,
					"end":	5.000143,
					"seconds":	0.9999880194664,
					"bytes":	12499136,
					"bits_per_second":	99994285.984903038,
					"packets":	8632,
					"omitted":	false,
					"sender":	true
				}],
			"sum":	{
				"start":	4.000155,
				"end":	5.000143,
				"seconds":	0.9999880194664,
				"bytes":	12499136,
				"bits_per_second":	99994285.984903038,
				"packets":	8632,
				"omitted":	false,
				"sender":	true
			}
		}, {
			"streams":	[{
					"socket":	5,
					"start":	5.000143,
					"end":	6.00009,
					"seconds":	0.99994701147079468,
					"bytes":	12502032,
					"bits_per_second":	100021555.995141,
					"packets":	8634,
					"omitted":	false,
					"sender":	true
				}],
			"sum":	{
				"start":	5.000143,
				"end":	6.00009,
				"seconds":	0.99994701147079468,
				"bytes":	12502032,
				"bits_per_second":	100021555.995141,
				"packets":	8634,
				"omitted":	false,
				"sender":	true
			}
		}, {
			"streams":	[{
					"socket":	5,
					"start":	6.00009,
					"end":	7.000296,
					"seconds":	1.0002059936523438,
					"bytes":	12499136,
					"bits_per_second":	99972494.300765067,
					"packets":	8632,
					"omitted":	false,
					"sender":	true
				}],
			"sum":	{
				"start":	6.00009,
				"end":	7.000296,
				"seconds":	1.0002059936523438,
				"bytes":	12499136,
				"bits_per_second":	99972494.300765067,
				"packets":	8632,
				"omitted":	false,
				"sender":	true
			}
		}, {
			"streams":	[{
					"socket":	5,
					"start":	7.000296,
					"end":	8.000284,
					"seconds":	0.9999880194664,
					"bytes":	12499136,
					"bits_per_second":	99994285.984903038,
					"packets":	8632,
					"omitted":	false,
					"sender":	true
				}],
			"sum":	{
				"start":	7.000296,
				"end":	8.000284,
				"seconds":	0.9999880194664,
				"bytes":	12499136,
				"bits_per_second":	99994285.984903038,
				"packets":	8632,
				"omitted":	false,
				"sender":	true
			}
		}, {
			"streams":	[{
					"socket":	5,
					"start":	8.000284,
					"end":	9.000134,
					"seconds":	0.99984997510910034,
					"bytes":	12500584,
					"bits_per_second":	100019677.44119594,
					"packets":	8633,
					"omitted":	false,
					"sender":	true
				}],
			"sum":	{
				"start":	8.000284,
				"end":	9.000134,
				"seconds":	0.99984997510910034,
				"bytes":	12500584,
				"bits_per_second":	100019677.44119594,
				"packets":	8633,
				"omitted":	false,
				"sender":	true
			}
		}, {
			"streams":	[{
					"socket":	5,
					"start":	9.000134,
					"end":	10.000152,
					"seconds":	1.0000180006027222,
					"bytes":	12499136,
					"bits_per_second":	99991288.0965473,
					"packets":	8632,
					"omitted":	false,
					"sender":	true
				}],
			"sum":	{
				"start":	9.000134,
				"end":	10.000152,
				"seconds":	1.0000180006027222,
				"bytes":	12499136,
				"bits_per_second":	99991288.0965473,
				"packets":	8632,
				"omitted":	false,
				"sender":	true
			}
		}, {
			"streams":	[{
					"socket":	5,
					"start":	10.000152,
					"end":	11.000133,
					"seconds":	0.99998098611831665,
					"bytes":	12500584,
					"bits_per_second":	100006573.51315634,
					"packets":	8633,
					"omitted":	false,
					"sender":	true
				}],
			"sum":	{
				"start":	10.000152,
				"end":	11.000133,
				"seconds":	0.99998098611831665,
				"bytes":	12500584,
				"bits_per_second":	100006573.51315634,
				"packets":	8633,
				"omitted":	false,
				"sender":	true
			}
		}, {
			"streams":	[{
					"socket":	5,
					"start":	11.000133,
					"end":	12.000161,
					"seconds":	1.0000280141830444,
					"bytes":	12500584,
					"bits_per_second":	100001870.52929421,
					"packets":	8633,
					"omitted":	false,
					"sender":	true
				}],
			"sum":	{
				"start":	11.000133,
				"end":	12.000161,
				"seconds":	1.0000280141830444,
				"bytes":	12500584,
				"bits_per_second":	100001870.52929421,
				"packets":	8633,
				"omitted":	false,
				"sender":	true
			}
		}, {
			"streams":	[{
					"socket":	5,
					"start":	12.000161,
					"end":	13.000144,
					"seconds":	0.999983012676239,
					"bytes":	12499136,
					"bits_per_second":	99994786.64381513,
					"packets":	8632,
					"omitted":	false,
					"sender":	true
				}],
			"sum":	{
				"start":	12.000161,
				"end":	13.000144,
				"seconds":	0.999983012676239,
				"bytes":	12499136,
				"bits_per_second":	99994786.64381513,
				"packets":	8632,
				"omitted":	false,
				"sender":	true
			}
		}, {
			"streams":	[{
					"socket":	5,
					"start":	13.000144,
					"end":	14.000097,
					"seconds":	0.99995297193527222,
					"bytes":	12499136,
					"bits_per_second":	99997790.7025738,
					"packets":	8632,
					"omitted":	false,
					"sender":	true
				}],
			"sum":	{
				"start":	13.000144,
				"end":	14.000097,
				"seconds":	0.99995297193527222,
				"bytes":	12499136,
				"bits_per_second":	99997790.7025738,
				"packets":	8632,
				"omitted":	false,
				"sender":	true
			}
		}, {
			"streams":	[{
					"socket":	5,
					"start":	14.000097,
					"end":	15.000133,
					"seconds":	1.0000360012054443,
					"bytes":	12500584,
					"bits_per_second":	100001071.840868,
					"packets":	8633,
					"omitted":	false,
					"sender":	true
				}],
			"sum":	{
				"start":	14.000097,