{
	"start":	{
		"connected":	[{
				"socket":	5,
				"local_host":	"172.20.171.186",
				"local_port":	44226,
				"remote_host":	"54.227.41.78",
				"remote_port":	5201
			}],
		"version":	"iperf 3.16",
		"system_info":	"Linux DESKTOP-OR35M89 6.18.33.1-microsoft-standard-WSL2 #1 SMP PREEMPT_DYNAMIC Fri Jun  5 01:12:21 UTC 2026 x86_64",
		"timestamp":	{
			"time":	"Thu, 25 Jun 2026 22:50:06 GMT",
			"timesecs":	1782427806
		},
		"connecting_to":	{
			"host":	"54.227.41.78",
			"port":	5201
		},
		"cookie":	"xm33epyb6zpl7jgaar2qyganywg7m4bd5363",
		"target_bitrate":	100000000,
		"fq_rate":	0,
		"sock_bufsize":	0,
		"sndbuf_actual":	212992,
		"rcvbuf_actual":	212992,
		"test_start":	{
			"protocol":	"UDP",
			"num_streams":	1,
			"blksize":	1448,
			"omit":	0,
			"duration":	30,
			"bytes":	0,
			"blocks":	0,
			"reverse":	0,
			"tos":	0,
			"target_bitrate":	100000000,
			"bidir":	0,
			"fqrate":	0
		}
	},
	"intervals":	[{
			"streams":	[{
					"socket":	5,
					"start":	0,
					"end":	1.000094,
					"seconds":	1.0000940561294556,
					"bytes":	12490448,
					"bits_per_second":	99914186.458344027,
					"packets":	8626,
					"omitted":	false,
					"sender":	true
				}],
			"sum":	{
				"start":	0,
				"end":	1.000094,
				"seconds":	1.0000940561294556,
				"bytes":	12490448,
				"bits_per_second":	99914186.458344027,
				"packets":	8626,
				"omitted":	false,
				"sender":	true
			}
		}, {
			"streams":	[{
					"socket":	5,
					"start":	1.000094,
					"end":	2.000175,
					"seconds":	1.000080943107605,
					"bytes":	12500584,
					"bits_per_second":	99996577.966229543,
					"packets":	8633,
					"omitted":	false,
					"sender":	true
				}],
			"sum":	{
				"start":	1.000094,
				"end":	2.000175,
				"seconds":	1.000080943107605,
				"bytes":	12500584,
				"bits_per_second":	99996577.966229543,
				"packets":	8633,
				"omitted":	false,
				"sender":	true
			}
		}, {
			"streams":	[{
					"socket":	5,
					"start":	2.000175,
					"end":	3.000167,
					"seconds":	0.9999920129776,
					"bytes":	12500584,
					"bits_per_second":	100005470.74593496,
					"packets":	8633,
					"omitted":	false,
					"sender":	true
				}],
			"sum":	{
				"start":	2.000175,
				"end":	3.000167,
				"seconds":	0.9999920129776,
				"bytes":	12500584,
				"bits_per_second":	100005470.74593496,
				"packets":	8633,
				"omitted":	false,
				"sender":	true
			}
		}, {
			"streams":	[{
					"socket":	5,
					"start":	3.000167,
					"end":	4.000209,
					"seconds":	1.0000419616699219,
					"bytes":	12500584,
					"bits_per_second":	100000475.8130419,
					"packets":	8633,
					"omitted":	false,
					"sender":	true
				}],
			"sum":	{
				"start":	3.000167,
				"end":	4.000209,
				"seconds":	1.0000419616699219,
				"bytes":	12500584,
				"bits_per_second":	100000475.8130419,
				"packets":	8633,
				"omitted":	false,
				"sender":	true
			}
		}, {
			"streams":	[{
					"socket":	5,
					"start":	4.000209,
					"end":	5.000938,
					"seconds":	1.000728964805603,
					"bytes":	12499136,
					"bits_per_second":	99920249.6546347,
					"packets":	8632,
					"omitted":	false,
					"sender":	true
				}],
			"sum":	{
				"start":	4.000209,
				"end":	5.000938,
				"seconds":	1.000728964805603,
				"bytes":	12499136,
				"bits_per_second":	99920249.6546347,
				"packets":	8632,
				"omitted":	false,
				"sender":	true
			}
		}, {
			"streams":	[{
					"socket":	5,
					"start":	5.000938,
					"end":	6.000114,
					"seconds":	0.999176025390625,
					"bytes":	12499136,
					"bits_per_second":	100075547.71033262,
					"packets":	8632,
					"omitted":	false,
					"sender":	true
				}],
			"sum":	{
				"start":	5.000938,
				"end":	6.000114,
				"seconds":	0.999176025390625,
				"bytes":	12499136,
				"bits_per_second":	100075547.71033262,
				"packets":	8632,
				"omitted":	false,
				"sender":	true
			}
		}, {
			"streams":	[{
					"socket":	5,
					"start":	6.000114,
					"end":	7.000101,
					"seconds":	0.999987006187439,
					"bytes":	12500584,
					"bits_per_second":	100005971.45884812,
					"packets":	8633,
					"omitted":	false,
					"sender":	true
				}],
			"sum":	{
				"start":	6.000114,
				"end":	7.000101,
				"seconds":	0.999987006187439,
				"bytes":	12500584,
				"bits_per_second":	100005971.45884812,
				"packets":	8633,
				"omitted":	false,
				"sender":	true
			}
		}, {
			"streams":	[{
					"socket":	5,
					"start":	7.000101,
					"end":	8.000153,
					"seconds":	1.0000519752502441,
					"bytes":	12500584,
					"bits_per_second":	99999474.502288461,
					"packets":	8633,
					"omitted":	false,
					"sender":	true
				}],
			"sum":	{
				"start":	7.000101,
				"end":	8.000153,
				"seconds":	1.0000519752502441,
				"bytes":	12500584,
				"bits_per_second":	99999474.502288461,
				"packets":	8633,
				"omitted":	false,
				"sender":	true
			}
		}, {
			"streams":	[{
					"socket":	5,
					"start":	8.000153,
					"end":	9.000134,
					"seconds":	0.99998098611831665,
					"bytes":	12500584,
					"bits_per_second":	100006573.51315634,
					"packets":	8633,
					"omitted":	false,
					"sender":	true
				}],
			"sum":	{
				"start":	8.000153,
				"end":	9.000134,
				"seconds":	0.99998098611831665,
				"bytes":	12500584,
				"bits_per_second":	100006573.51315634,
				"packets":	8633,
				"omitted":	false,
				"sender":	true
			}
		}, {
			"streams":	[{
					"socket":	5,
					"start":	9.000134,
					"end":	10.000561,
					"seconds":	1.0004270076751709,
					"bytes":	12499136,
					"bits_per_second":	99950408.4084731,
					"packets":	8632,
					"omitted":	false,
					"sender":	true
				}],
			"sum":	{
				"start":	9.000134,
				"end":	10.000561,
				"seconds":	1.0004270076751709,
				"bytes":	12499136,
				"bits_per_second":	99950408.4084731,
				"packets":	8632,
				"omitted":	false,
				"sender":	true
			}
		}, {
			"streams":	[{
					"socket":	5,
					"start":	10.000561,
					"end":	11.000171,
					"seconds":	0.99961000680923462,
					"bytes":	12497688,
					"bits_per_second":	100020511.31835103,
					"packets":	8631,
					"omitted":	false,
					"sender":	true
				}],
			"sum":	{
				"start":	10.000561,
				"end":	11.000171,
				"seconds":	0.99961000680923462,
				"bytes":	12497688,
				"bits_per_second":	100020511.31835103,
				"packets":	8631,
				"omitted":	false,
				"sender":	true
			}
		}, {
			"streams":	[{
					"socket":	5,
					"start":	11.000171,
					"end":	12.000087,
					"seconds":	0.99991601705551147,
					"bytes":	12500584,
					"bits_per_second":	100013071.39222287,
					"packets":	8633,
					"omitted":	false,
					"sender":	true
				}],
			"sum":	{
				"start":	11.000171,
				"end":	12.000087,
				"seconds":	0.99991601705551147,
				"bytes":	12500584,
				"bits_per_second":	100013071.39222287,
				"packets":	8633,
				"omitted":	false,
				"sender":	true
			}
		}, {
			"streams":	[{
					"socket":	5,
					"start":	12.000087,
					"end":	13.00015,
					"seconds":	1.0000629425048828,
					"bytes":	12500584,
					"bits_per_second":	99998377.8516138,
					"packets":	8633,
					"omitted":	false,
					"sender":	true
				}],
			"sum":	{
				"start":	12.000087,
				"end":	13.00015,
				"seconds":	1.0000629425048828,
				"bytes":	12500584,
				"bits_per_second":	99998377.8516138,
				"packets":	8633,
				"omitted":	false,
				"sender":	true
			}
		}, {
			"streams":	[{
					"socket":	5,
					"start":	13.00015,
					"end":	14.00014,
					"seconds":	0.99998998641967773,
					"bytes":	12500584,
					"bits_per_second":	100005673.41484343,
					"packets":	8633,
					"omitted":	false,
					"sender":	true
				}],
			"sum":	{
				"start":	13.00015,
				"end":	14.00014,
				"seconds":	0.99998998641967773,
				"bytes":	12500584,
				"bits_per_second":	100005673.41484343,
				"packets":	8633,
				"omitted":	false,
				"sender":	true
			}
		}, {
			"streams":	[{
					"socket":	5,
					"start":	14.00014,
					"end":	15.000252,
					"seconds":	1.0001120567321777,
					"bytes":	12500584,
					"bits_per_second":	99993467.058842272,
					"packets":	8633,
					"omitted":	false,