{
	"start":	{
		"connected":	[{
				"socket":	5,
				"local_host":	"172.20.171.186",
				"local_port":	58077,
				"remote_host":	"54.227.41.78",
				"remote_port":	5201
			}],
		"version":	"iperf 3.16",
		"system_info":	"Linux DESKTOP-OR35M89 6.18.33.1-microsoft-standard-WSL2 #1 SMP PREEMPT_DYNAMIC Fri Jun  5 01:12:21 UTC 2026 x86_64",
		"timestamp":	{
			"time":	"Thu, 25 Jun 2026 22:49:01 GMT",
			"timesecs":	1782427741
		},
		"connecting_to":	{
			"host":	"54.227.41.78",
			"port":	5201
		},
		"cookie":	"w77nqepi4p3n6gmdw7phx3tu5vipskdyckwi",
		"target_bitrate":	100000000,
		"fq_rate":	0,
		"sock_bufsize":	0,
		"sndbuf_actual":	212992,
		"rcvbuf_actual":	212992,
		"test_start":	{
			"protocol":	"UDP",
			"num_streams":	1,
			"blksize":	1448,
			"omit":	0,
			"duration":	30,
			"bytes":	0,
			"blocks":	0,
			"reverse":	0,
			"tos":	0,
			"target_bitrate":	100000000,
			"bidir":	0,
			"fqrate":	0
		}
	},
	"intervals":	[{
			"streams":	[{
					"socket":	5,
					"start":	0,
					"end":	1.000133,
					"seconds":	1.0001330375671387,
					"bytes":	12490448,
					"bits_per_second":	99910292.177796558,
					"packets":	8626,
					"omitted":	false,
					"sender":	true
				}],
			"sum":	{
				"start":	0,
				"end":	1.000133,
				"seconds":	1.0001330375671387,
				"bytes":	12490448,
				"bits_per_second":	99910292.177796558,
				"packets":	8626,
				"omitted":	false,
				"sender":	true
			}
		}, {
			"streams":	[{
					"socket":	5,
					"start":	1.000133,
					"end":	2.000144,
					"seconds":	1.0000109672546387,
					"bytes":	12499136,
					"bits_per_second":	99991991.3623689,
					"packets":	8632,
					"omitted":	false,
					"sender":	true
				}],
			"sum":	{
				"start":	1.000133,
				"end":	2.000144,
				"seconds":	1.0000109672546387,
				"bytes":	12499136,
				"bits_per_second":	99991991.3623689,
				"packets":	8632,
				"omitted":	false,
				"sender":	true
			}
		}, {
			"streams":	[{
					"socket":	5,
					"start":	2.000144,
					"end":	3.000172,
					"seconds":	1.0000280141830444,
					"bytes":	12502032,
					"bits_per_second":	100013454.204787,
					"packets":	8634,
					"omitted":	false,
					"sender":	true
				}],
			"sum":	{
				"start":	2.000144,
				"end":	3.000172,
				"seconds":	1.0000280141830444,
				"bytes":	12502032,
				"bits_per_second":	100013454.204787,
				"packets":	8634,
				"omitted":	false,
				"sender":	true
			}
		}, {
			"streams":	[{
					"socket":	5,
					"start":	3.000172,
					"end":	4.000145,
					"seconds":	0.99997299909591675,
					"bytes":	12499136,
					"bits_per_second":	99995787.9766799,
					"packets":	8632,
					"omitted":	false,
					"sender":	true
				}],
			"sum":	{
				"start":	3.000172,
				"end":	4.000145,
				"seconds":	0.99997299909591675,
				"bytes":	12499136,
				"bits_per_second":	99995787.9766799,
				"packets":	8632,
				"omitted":	false,
				"sender":	true
			}
		}, {
			"streams":	[{
					"socket":	5,
					"start":	4.000145,
					"end":	5.0001,
					"seconds":	0.99995499849319458,
					"bytes":	12499136,
					"bits_per_second":	99997588.0421388,
					"packets":	8632,
					"omitted":	false,
					"sender":	true
				}],
			"sum":	{
				"start":	4.000145,
				"end":	5.0001,
				"seconds":	0.99995499849319458,
				"bytes":	12499136,
				"bits_per_second":	99997588.0421388,
				"packets":	8632,
				"omitted":	false,
				"sender":	true
			}
		}, {
			"streams":	[{
					"socket":	5,
					"start":	5.0001,
					"end":	6.000118,
					"seconds":	1.0000180006027222,
					"bytes":	12500584,
					"bits_per_second":	100002871.88803206,
					"packets":	8633,
					"omitted":	false,
					"sender":	true
				}],
			"sum":	{
				"start":	5.0001,
				"end":	6.000118,
				"seconds":	1.0000180006027222,
				"bytes":	12500584,
				"bits_per_second":	100002871.88803206,
				"packets":	8633,
				"omitted":	false,
				"sender":	true
			}
		}, {
			"streams":	[{
					"socket":	5,
					"start":	6.000118,
					"end":	7.000143,
					"seconds":	1.0000250339508057,
					"bytes":	12499136,
					"bits_per_second":	99990584.840618074,
					"packets":	8632,
					"omitted":	false,
					"sender":	true
				}],
			"sum":	{
				"start":	6.000118,
				"end":	7.000143,
				"seconds":	1.0000250339508057,
				"bytes":	12499136,
				"bits_per_second":	99990584.840618074,
				"packets":	8632,
				"omitted":	false,
				"sender":	true
			}
		}, {
			"streams":	[{
					"socket":	5,
					"start":	7.000143,
					"end":	8.000271,
					"seconds":	1.0001280307769775,
					"bytes":	12502032,
					"bits_per_second":	100003452.48027851,
					"packets":	8634,
					"omitted":	false,
					"sender":	true
				}],
			"sum":	{
				"start":	7.000143,
				"end":	8.000271,
				"seconds":	1.0001280307769775,
				"bytes":	12502032,
				"bits_per_second":	100003452.48027851,
				"packets":	8634,
				"omitted":	false,
				"sender":	true
			}
		}, {
			"streams":	[{
					"socket":	5,
					"start":	8.000271,
					"end":	9.000176,
					"seconds":	0.999904990196228,
					"bytes":	12499136,
					"bits_per_second":	100002589.22637908,
					"packets":	8632,
					"omitted":	false,
					"sender":	true
				}],
			"sum":	{
				"start":	8.000271,
				"end":	9.000176,
				"seconds":	0.999904990196228,
				"bytes":	12499136,
				"bits_per_second":	100002589.22637908,
				"packets":	8632,
				"omitted":	false,
				"sender":	true
			}
		}, {
			"streams":	[{
					"socket":	5,
					"start":	9.000176,
					"end":	10.000089,
					"seconds":	0.999912977218628,
					"bytes":	12499136,
					"bits_per_second":	100001790.43394575,
					"packets":	8632,
					"omitted":	false,
					"sender":	true
				}],
			"sum":	{
				"start":	9.000176,
				"end":	10.000089,
				"seconds":	0.999912977218628,
				"bytes":	12499136,
				"bits_per_second":	100001790.43394575,
				"packets":	8632,
				"omitted":	false,
				"sender":	true
			}
		}, {
			"streams":	[{
					"socket":	5,
					"start":	10.000089,
					"end":	11.000085,
					"seconds":	0.9999960064888,
					"bytes":	12500584,
					"bits_per_second":	100005071.37137258,
					"packets":	8633,
					"omitted":	false,
					"sender":	true
				}],
			"sum":	{
				"start":	10.000089,
				"end":	11.000085,
				"seconds":	0.9999960064888,
				"bytes":	12500584,
				"bits_per_second":	100005071.37137258,
				"packets":	8633,
				"omitted":	false,
				"sender":	true
			}
		}, {
			"streams":	[{
					"socket":	5,
					"start":	11.000085,
					"end":	12.000122,
					"seconds":	1.0000369548797607,
					"bytes":	12500584,
					"bits_per_second":	100000976.47593838,
					"packets":	8633,
					"omitted":	false,
					"sender":	true
				}],
			"sum":	{
				"start":	11.000085,
				"end":	12.000122,
				"seconds":	1.0000369548797607,
				"bytes":	12500584,
				"bits_per_second":	100000976.47593838,
				"packets":	8633,
				"omitted":	false,
				"sender":	true
			}
		}, {
			"streams":	[{
					"socket":	5,
					"start":	12.000122,
					"end":	13.00018,
					"seconds":	1.0000580549240112,
					"bytes":	12500584,
					"bits_per_second":	99998866.573399872,
					"packets":	8633,
					"omitted":	false,
					"sender":	true
				}],
			"sum":	{
				"start":	12.000122,
				"end":	13.00018,
				"seconds":	1.0000580549240112,
				"bytes":	12500584,
				"bits_per_second":	99998866.573399872,
				"packets":	8633,
				"omitted":	false,
				"sender":	true
			}
		}, {
			"streams":	[{
					"socket":	5,
					"start":	13.00018,
					"end":	14.0002,
					"seconds":	1.0000200271606445,
					"bytes":	12499136,
					"bits_per_second":	99991085.4624684,
					"packets":	8632,
					"omitted":	false,
					"sender":	true
				}],
			"sum":	{
				"start":	13.00018,
				"end":	14.0002,
				"seconds":	1.0000200271606445,
				"bytes":	12499136,
				"bits_per_second":	99991085.4624684,
				"packets":	8632,
				"omitted":	false,
				"sender":	true
			}
		}, {
			"streams":	[{
					"socket":	5,
					"start":	14.0002,
					"end":	15.000112,
					"seconds":	0.99991202354431152,
					"bytes":	12499136,
					"bits_per_second":	100001885.81147586,
					"packets":	8632,
					"omitted":	false,