{
	"start":	{
		"connected":	[{
				"socket":	5,
				"local_host":	"172.20.171.186",
				"local_port":	49252,
				"remote_host":	"54.227.41.78",
				"remote_port":	5201
			}],
		"version":	"iperf 3.16",
		"system_info":	"Linux DESKTOP-OR35M89 6.18.33.1-microsoft-standard-WSL2 #1 SMP PREEMPT_DYNAMIC Fri Jun  5 01:12:21 UTC 2026 x86_64",
		"timestamp":	{
			"time":	"Thu, 25 Jun 2026 21:44:42 GMT",
			"timesecs":	1782423882
		},
		"connecting_to":	{
			"host":	"54.227.41.78",
			"port":	5201
		},
		"cookie":	"jrixv2mgopzjnhleuqrqjtiwgq7wpclwdkdp",
		"target_bitrate":	100000000,
		"fq_rate":	0,
		"sock_bufsize":	0,
		"sndbuf_actual":	212992,
		"rcvbuf_actual":	212992,
		"test_start":	{
			"protocol":	"UDP",
			"num_streams":	1,
			"blksize":	1448,
			"omit":	0,
			"duration":	30,
			"bytes":	0,
			"blocks":	0,
			"reverse":	0,
			"tos":	0,
			"target_bitrate":	100000000,
			"bidir":	0,
			"fqrate":	0
		}
	},
	"intervals":	[{
			"streams":	[{
					"socket":	5,
					"start":	0,
					"end":	1.000135,
					"seconds":	1.0001349449157715,
					"bytes":	12490448,
					"bits_per_second":	99910101.6397495,
					"packets":	8626,
					"omitted":	false,
					"sender":	true
				}],
			"sum":	{
				"start":	0,
				"end":	1.000135,
				"seconds":	1.0001349449157715,
				"bytes":	12490448,
				"bits_per_second":	99910101.6397495,
				"packets":	8626,
				"omitted":	false,
				"sender":	true
			}
		}, {
			"streams":	[{
					"socket":	5,
					"start":	1.000135,
					"end":	2.000133,
					"seconds":	0.99999797344207764,
					"bytes":	12499136,
					"bits_per_second":	99993290.642195329,
					"packets":	8632,
					"omitted":	false,
					"sender":	true
				}],
			"sum":	{
				"start":	1.000135,
				"end":	2.000133,
				"seconds":	0.99999797344207764,
				"bytes":	12499136,
				"bits_per_second":	99993290.642195329,
				"packets":	8632,
				"omitted":	false,
				"sender":	true
			}
		}, {
			"streams":	[{
					"socket":	5,
					"start":	2.000133,
					"end":	3.000153,
					"seconds":	1.0000200271606445,
					"bytes":	12500584,
					"bits_per_second":	100002669.23047844,
					"packets":	8633,
					"omitted":	false,
					"sender":	true
				}],
			"sum":	{
				"start":	2.000133,
				"end":	3.000153,
				"seconds":	1.0000200271606445,
				"bytes":	12500584,
				"bits_per_second":	100002669.23047844,
				"packets":	8633,
				"omitted":	false,
				"sender":	true
			}
		}, {
			"streams":	[{
					"socket":	5,
					"start":	3.000153,
					"end":	4.000187,
					"seconds":	1.000033974647522,
					"bytes":	12500584,
					"bits_per_second":	100001274.49194738,
					"packets":	8633,
					"omitted":	false,
					"sender":	true
				}],
			"sum":	{
				"start":	3.000153,
				"end":	4.000187,
				"seconds":	1.000033974647522,
				"bytes":	12500584,
				"bits_per_second":	100001274.49194738,
				"packets":	8633,
				"omitted":	false,
				"sender":	true
			}
		}, {
			"streams":	[{
					"socket":	5,
					"start":	4.000187,
					"end":	5.000083,
					"seconds":	0.999895989894867,
					"bytes":	12500584,
					"bits_per_second":	100015074.57842179,
					"packets":	8633,
					"omitted":	false,
					"sender":	true
				}],
			"sum":	{
				"start":	4.000187,
				"end":	5.000083,
				"seconds":	0.999895989894867,
				"bytes":	12500584,
				"bits_per_second":	100015074.57842179,
				"packets":	8633,
				"omitted":	false,
				"sender":	true
			}
		}, {
			"streams":	[{
					"socket":	5,
					"start":	5.000083,
					"end":	6.000132,
					"seconds":	1.0000489950180054,
					"bytes":	12499136,
					"bits_per_second":	99988189.076875851,
					"packets":	8632,
					"omitted":	false,
					"sender":	true
				}],
			"sum":	{
				"start":	5.000083,
				"end":	6.000132,
				"seconds":	1.0000489950180054,
				"bytes":	12499136,
				"bits_per_second":	99988189.076875851,
				"packets":	8632,
				"omitted":	false,
				"sender":	true
			}
		}, {
			"streams":	[{
					"socket":	5,
					"start":	6.000132,
					"end":	7.000134,
					"seconds":	1.0000020265579224,
					"bytes":	12500584,
					"bits_per_second":	100004469.33515039,
					"packets":	8633,
					"omitted":	false,
					"sender":	true
				}],
			"sum":	{
				"start":	6.000132,
				"end":	7.000134,
				"seconds":	1.0000020265579224,
				"bytes":	12500584,
				"bits_per_second":	100004469.33515039,
				"packets":	8633,
				"omitted":	false,
				"sender":	true
			}
		}, {
			"streams":	[{
					"socket":	5,
					"start":	7.000134,
					"end":	8.000147,
					"seconds":	1.000012993812561,
					"bytes":	12499136,
					"bits_per_second":	99991788.725439653,
					"packets":	8632,
					"omitted":	false,
					"sender":	true
				}],
			"sum":	{
				"start":	7.000134,
				"end":	8.000147,
				"seconds":	1.000012993812561,
				"bytes":	12499136,
				"bits_per_second":	99991788.725439653,
				"packets":	8632,
				"omitted":	false,
				"sender":	true
			}
		}, {
			"streams":	[{
					"socket":	5,
					"start":	8.000147,
					"end":	9.0002,
					"seconds":	1.00005304813385,
					"bytes":	12500584,
					"bits_per_second":	99999367.220182776,
					"packets":	8633,
					"omitted":	false,
					"sender":	true
				}],
			"sum":	{
				"start":	8.000147,
				"end":	9.0002,
				"seconds":	1.00005304813385,
				"bytes":	12500584,
				"bits_per_second":	99999367.220182776,
				"packets":	8633,
				"omitted":	false,
				"sender":	true
			}
		}, {
			"streams":	[{
					"socket":	5,
					"start":	9.0002,
					"end":	10.000134,
					"seconds":	0.99993401765823364,
					"bytes":	12499136,
					"bits_per_second":	99999686.213472262,
					"packets":	8632,
					"omitted":	false,
					"sender":	true
				}],
			"sum":	{
				"start":	9.0002,
				"end":	10.000134,
				"seconds":	0.99993401765823364,
				"bytes":	12499136,
				"bits_per_second":	99999686.213472262,
				"packets":	8632,
				"omitted":	false,
				"sender":	true
			}
		}, {
			"streams":	[{
					"socket":	5,
					"start":	10.000134,
					"end":	11.000155,
					"seconds":	1.0000209808349609,
					"bytes":	12500584,
					"bits_per_second":	100002573.86250213,
					"packets":	8633,
					"omitted":	false,
					"sender":	true
				}],
			"sum":	{
				"start":	10.000134,
				"end":	11.000155,
				"seconds":	1.0000209808349609,
				"bytes":	12500584,
				"bits_per_second":	100002573.86250213,
				"packets":	8633,
				"omitted":	false,
				"sender":	true
			}
		}, {
			"streams":	[{
					"socket":	5,
					"start":	11.000155,
					"end":	12.000101,
					"seconds":	0.9999459981918335,
					"bytes":	12499136,
					"bits_per_second":	99998488.099171266,
					"packets":	8632,
					"omitted":	false,
					"sender":	true
				}],
			"sum":	{
				"start":	11.000155,
				"end":	12.000101,
				"seconds":	0.9999459981918335,
				"bytes":	12499136,
				"bits_per_second":	99998488.099171266,
				"packets":	8632,
				"omitted":	false,
				"sender":	true
			}
		}, {
			"streams":	[{
					"socket":	5,
					"start":	12.000101,
					"end":	13.000202,
					"seconds":	1.0001009702682495,
					"bytes":	12502032,
					"bits_per_second":	100006158.35136466,
					"packets":	8634,
					"omitted":	false,
					"sender":	true
				}],
			"sum":	{
				"start":	12.000101,
				"end":	13.000202,
				"seconds":	1.0001009702682495,
				"bytes":	12502032,
				"bits_per_second":	100006158.35136466,
				"packets":	8634,
				"omitted":	false,
				"sender":	true
			}
		}, {
			"streams":	[{
					"socket":	5,
					"start":	13.000202,
					"end":	14.000218,
					"seconds":	1.0000159740448,
					"bytes":	12499136,
					"bits_per_second":	99991490.731447458,
					"packets":	8632,
					"omitted":	false,
					"sender":	true
				}],
			"sum":	{
				"start":	13.000202,
				"end":	14.000218,
				"seconds":	1.0000159740448,
				"bytes":	12499136,
				"bits_per_second":	99991490.731447458,
				"packets":	8632,
				"omitted":	false,
				"sender":	true
			}
		}, {
			"streams":	[{
					"socket":	5,
					"start":	14.000218,
					"end":	15.000154,
					"seconds":	0.99993598461151123,
					"bytes":	12499136,
					"bits_per_second":	99999489.506169423,
					"packets":	8632,
					"omitted":	false,