{
	"start":	{
		"connected":	[{
				"socket":	5,
				"local_host":	"172.20.171.186",
				"local_port":	35829,
				"remote_host":	"54.227.41.78",
				"remote_port":	5201
			}],
		"version":	"iperf 3.16",
		"system_info":	"Linux DESKTOP-OR35M89 6.18.33.1-microsoft-standard-WSL2 #1 SMP PREEMPT_DYNAMIC Fri Jun  5 01:12:21 UTC 2026 x86_64",
		"timestamp":	{
			"time":	"Thu, 25 Jun 2026 23:10:58 GMT",
			"timesecs":	1782429058
		},
		"connecting_to":	{
			"host":	"54.227.41.78",
			"port":	5201
		},
		"cookie":	"7k5dy3xk73gqaqfskicimcq3krmykltxlxjc",
		"target_bitrate":	100000000,
		"fq_rate":	0,
		"sock_bufsize":	0,
		"sndbuf_actual":	212992,
		"rcvbuf_actual":	212992,
		"test_start":	{
			"protocol":	"UDP",
			"num_streams":	1,
			"blksize":	1448,
			"omit":	0,
			"duration":	30,
			"bytes":	0,
			"blocks":	0,
			"reverse":	0,
			"tos":	0,
			"target_bitrate":	100000000,
			"bidir":	0,
			"fqrate":	0
		}
	},
	"intervals":	[{
			"streams":	[{
					"socket":	5,
					"start":	0,
					"end":	1.000179,
					"seconds":	1.0001790523529053,
					"bytes":	12490448,
					"bits_per_second":	99905695.6501252,
					"packets":	8626,
					"omitted":	false,
					"sender":	true
				}],
			"sum":	{
				"start":	0,
				"end":	1.000179,
				"seconds":	1.0001790523529053,
				"bytes":	12490448,
				"bits_per_second":	99905695.6501252,
				"packets":	8626,
				"omitted":	false,
				"sender":	true
			}
		}, {
			"streams":	[{
					"socket":	5,
					"start":	1.000179,
					"end":	2.000258,
					"seconds":	1.0000790357589722,
					"bytes":	12502032,
					"bits_per_second":	100008351.76401478,
					"packets":	8634,
					"omitted":	false,
					"sender":	true
				}],
			"sum":	{
				"start":	1.000179,
				"end":	2.000258,
				"seconds":	1.0000790357589722,
				"bytes":	12502032,
				"bits_per_second":	100008351.76401478,
				"packets":	8634,
				"omitted":	false,
				"sender":	true
			}
		}, {
			"streams":	[{
					"socket":	5,
					"start":	2.000258,
					"end":	3.000089,
					"seconds":	0.99983102083206177,
					"bytes":	12497688,
					"bits_per_second":	99998401.6467054,
					"packets":	8631,
					"omitted":	false,
					"sender":	true
				}],
			"sum":	{
				"start":	2.000258,
				"end":	3.000089,
				"seconds":	0.99983102083206177,
				"bytes":	12497688,
				"bits_per_second":	99998401.6467054,
				"packets":	8631,
				"omitted":	false,
				"sender":	true
			}
		}, {
			"streams":	[{
					"socket":	5,
					"start":	3.000089,
					"end":	4.00038,
					"seconds":	1.0002909898757935,
					"bytes":	12500584,
					"bits_per_second":	99975580.118359,
					"packets":	8633,
					"omitted":	false,
					"sender":	true
				}],
			"sum":	{
				"start":	3.000089,
				"end":	4.00038,
				"seconds":	1.0002909898757935,
				"bytes":	12500584,
				"bits_per_second":	99975580.118359,
				"packets":	8633,
				"omitted":	false,
				"sender":	true
			}
		}, {
			"streams":	[{
					"socket":	5,
					"start":	4.00038,
					"end":	5.000119,
					"seconds":	0.99973899126052856,
					"bytes":	12499136,
					"bits_per_second":	100019193.88371854,
					"packets":	8632,
					"omitted":	false,
					"sender":	true
				}],
			"sum":	{
				"start":	4.00038,
				"end":	5.000119,
				"seconds":	0.99973899126052856,
				"bytes":	12499136,
				"bits_per_second":	100019193.88371854,
				"packets":	8632,
				"omitted":	false,
				"sender":	true
			}
		}, {
			"streams":	[{
					"socket":	5,
					"start":	5.000119,
					"end":	6.000148,
					"seconds":	1.0000289678573608,
					"bytes":	12500584,
					"bits_per_second":	100001775.16284125,
					"packets":	8633,
					"omitted":	false,
					"sender":	true
				}],
			"sum":	{
				"start":	5.000119,
				"end":	6.000148,
				"seconds":	1.0000289678573608,
				"bytes":	12500584,
				"bits_per_second":	100001775.16284125,
				"packets":	8633,
				"omitted":	false,
				"sender":	true
			}
		}, {
			"streams":	[{
					"socket":	5,
					"start":	6.000148,
					"end":	7.000145,
					"seconds":	0.99999701976776123,
					"bytes":	12499136,
					"bits_per_second":	99993386.003512636,
					"packets":	8632,
					"omitted":	false,
					"sender":	true
				}],
			"sum":	{
				"start":	6.000148,
				"end":	7.000145,
				"seconds":	0.99999701976776123,
				"bytes":	12499136,
				"bits_per_second":	99993386.003512636,
				"packets":	8632,
				"omitted":	false,
				"sender":	true
			}
		}, {
			"streams":	[{
					"socket":	5,
					"start":	7.000145,
					"end":	8.000143,
					"seconds":	0.99999797344207764,
					"bytes":	12500584,
					"bits_per_second":	100004874.66567104,
					"packets":	8633,
					"omitted":	false,
					"sender":	true
				}],
			"sum":	{
				"start":	7.000145,
				"end":	8.000143,
				"seconds":	0.99999797344207764,
				"bytes":	12500584,
				"bits_per_second":	100004874.66567104,
				"packets":	8633,
				"omitted":	false,
				"sender":	true
			}
		}, {
			"streams":	[{
					"socket":	5,
					"start":	8.000143,
					"end":	9.000111,
					"seconds":	0.99996799230575562,
					"bytes":	12500584,
					"bits_per_second":	100007873.0214217,
					"packets":	8633,
					"omitted":	false,
					"sender":	true
				}],
			"sum":	{
				"start":	8.000143,
				"end":	9.000111,
				"seconds":	0.99996799230575562,
				"bytes":	12500584,
				"bits_per_second":	100007873.0214217,
				"packets":	8633,
				"omitted":	false,
				"sender":	true
			}
		}, {
			"streams":	[{
					"socket":	5,
					"start":	9.000111,
					"end":	10.000116,
					"seconds":	1.0000050067901611,
					"bytes":	12499136,
					"bits_per_second":	99992587.358097434,
					"packets":	8632,
					"omitted":	false,
					"sender":	true
				}],
			"sum":	{
				"start":	9.000111,
				"end":	10.000116,
				"seconds":	1.0000050067901611,
				"bytes":	12499136,
				"bits_per_second":	99992587.358097434,
				"packets":	8632,
				"omitted":	false,
				"sender":	true
			}
		}, {
			"streams":	[{
					"socket":	5,
					"start":	10.000116,
					"end":	11.000202,
					"seconds":	1.0000859498977661,
					"bytes":	12500584,
					"bits_per_second":	99996077.347374976,
					"packets":	8633,
					"omitted":	false,
					"sender":	true
				}],
			"sum":	{
				"start":	10.000116,
				"end":	11.000202,
				"seconds":	1.0000859498977661,
				"bytes":	12500584,
				"bits_per_second":	99996077.347374976,
				"packets":	8633,
				"omitted":	false,
				"sender":	true
			}
		}, {
			"streams":	[{
					"socket":	5,
					"start":	11.000202,
					"end":	12.000148,
					"seconds":	0.9999459981918335,
					"bytes":	12500584,
					"bits_per_second":	100010072.724762,
					"packets":	8633,
					"omitted":	false,
					"sender":	true
				}],
			"sum":	{
				"start":	11.000202,
				"end":	12.000148,
				"seconds":	0.9999459981918335,
				"bytes":	12500584,
				"bits_per_second":	100010072.724762,
				"packets":	8633,
				"omitted":	false,
				"sender":	true
			}
		}, {
			"streams":	[{
					"socket":	5,
					"start":	12.000148,
					"end":	13.000167,
					"seconds":	1.0000189542770386,
					"bytes":	12499136,
					"bits_per_second":	99991192.7392314,
					"packets":	8632,
					"omitted":	false,
					"sender":	true
				}],
			"sum":	{
				"start":	12.000148,
				"end":	13.000167,
				"seconds":	1.0000189542770386,
				"bytes":	12499136,
				"bits_per_second":	99991192.7392314,
				"packets":	8632,
				"omitted":	false,
				"sender":	true
			}
		}, {
			"streams":	[{
					"socket":	5,
					"start":	13.000167,
					"end":	14.000205,
					"seconds":	1.0000380277633667,
					"bytes":	12500584,
					"bits_per_second":	100000869.19060996,
					"packets":	8633,
					"omitted":	false,
					"sender":	true
				}],
			"sum":	{
				"start":	13.000167,
				"end":	14.000205,
				"seconds":	1.0000380277633667,
				"bytes":	12500584,
				"bits_per_second":	100000869.19060996,
				"packets":	8633,
				"omitted":	false,
				"sender":	true
			}
		}, {
			"streams":	[{
					"socket":	5,
					"start":	14.000205,
					"end":	15.000155,
					"seconds":	0.99994999170303345,
					"bytes":	12499136,
					"bits_per_second":	99998088.7341175,
					"packets":	8632,
					"omitted":	false,